{
  "event": "kaikoura_earthquake_2016",
  "budget": 10,
  "seed_set": 1,
  "test_error_rate": 24.827586206896555,
  "test_macro_f1": 0.6706660301791633,
  "test_ece": 0.12203284690434907,
  "test_per_class_f1": [
    0.7386363636363636,
    0.7368421052631579,
    0.8,
    0.9130434782608695,
    0.5714285714285714,
    0.4576271186440678,
    0.0,
    0.898876404494382,
    0.9195402298850575
  ],
  "dev_error_rate": 28.125,
  "dev_macro_f1": 0.655009590534351,
  "dev_ece": 0.12231657068644253,
  "stopping_strategy": "baseline",
  "phase1_seed_strategy": "last",
  "phase1_best_epoch": null,
  "lambda1_mean": 0.9337654300884886,
  "lambda1_std": 0.25951626863639127,
  "lambda2_mean": 0.3811747382657721,
  "lambda2_std": 0.15723135686893797
}