{
  "event": "california_wildfires_2018",
  "budget": 5,
  "seed_set": 3,
  "test_error_rate": 70.91033538672143,
  "test_macro_f1": 0.2320999378433386,
  "test_ece": 0.14922353540643446,
  "test_per_class_f1": [
    0.09009009009009009,
    0.10480349344978165,
    0.24358974358974358,
    0.441400304414003,
    0.08256880733944955,
    0.5247933884297521,
    0.0,
    0.0670391061452514,
    0.16231884057971013,
    0.6043956043956044
  ],
  "dev_error_rate": 69.28191489361701,
  "dev_macro_f1": 0.24696506140445332,
  "dev_ece": 0.11964893208301447,
  "stopping_strategy": "baseline",
  "phase1_seed_strategy": "last",
  "phase1_best_epoch": null,
  "lambda1_mean": 0.4176712116502346,
  "lambda1_std": 0.15396095057074705,
  "lambda2_mean": 0.13089018942544617,
  "lambda2_std": 0.046488294480876415
}