{
  "event": "hurricane_dorian_2019",
  "budget": 5,
  "seed_set": 1,
  "test_error_rate": 35.742705570291776,
  "test_macro_f1": 0.49717896463702815,
  "test_ece": 0.28821003340204454,
  "test_per_class_f1": [
    0.6520376175548589,
    0.8620689655172413,
    0.56973293768546,
    0.0,
    0.6244541484716157,
    0.12727272727272726,
    0.0,
    0.8309178743961353,
    0.8081264108352144
  ],
  "dev_error_rate": 37.24226804123711,
  "dev_macro_f1": 0.4818468902418717,
  "dev_ece": 0.2950366207004822,
  "stopping_strategy": "baseline",
  "phase1_seed_strategy": "last",
  "phase1_best_epoch": null,
  "lambda1_mean": 1.0283360184645634,
  "lambda1_std": 0.28184438126213085,
  "lambda2_mean": 0.517908583208591,
  "lambda2_std": 0.18291071020113214
}