{
  "event": "hurricane_maria_2017",
  "budget": 25,
  "seed_set": 3,
  "test_error_rate": 29.819694868238557,
  "test_macro_f1": 0.6771073779263239,
  "test_ece": 0.17259352031097996,
  "test_per_class_f1": [
    0.693069306930693,
    0.6419753086419753,
    0.8486842105263158,
    0.9491525423728814,
    0.4028776978417266,
    0.4489795918367347,
    0.6378737541528239,
    0.7990135635018496,
    0.6723404255319149
  ],
  "dev_error_rate": 28.706199460916437,
  "dev_macro_f1": 0.6804912492652302,
  "dev_ece": 0.1771501654161597,
  "stopping_strategy": "baseline",
  "phase1_seed_strategy": "last",
  "phase1_best_epoch": null,
  "lambda1_mean": 1.0277101113940843,
  "lambda1_std": 0.23740801570574646,
  "lambda2_mean": 0.49460707511176905,
  "lambda2_std": 0.18279010663998524
}