{
  "event": "kaikoura_earthquake_2016",
  "budget": 10,
  "seed_set": 2,
  "test_error_rate": 47.58620689655172,
  "test_macro_f1": 0.39778906135043646,
  "test_ece": 0.09193116888917724,
  "test_per_class_f1": [
    0.4645161290322581,
    0.18181818181818182,
    0.5838509316770186,
    0.391304347826087,
    0.4778761061946903,
    0.0,
    0.0,
    0.5970149253731343,
    0.8837209302325582
  ],
  "dev_error_rate": 40.17857142857143,
  "dev_macro_f1": 0.47007401283717076,
  "dev_ece": 0.09117294794746808,
  "stopping_strategy": "baseline",
  "phase1_seed_strategy": "last",
  "phase1_best_epoch": null,
  "lambda1_mean": 0.5327421235592862,
  "lambda1_std": 0.16138349176041597,
  "lambda2_mean": 0.1420194289374818,
  "lambda2_std": 0.04684121686455441
}