{
  "event": "hurricane_maria_2017",
  "budget": 10,
  "seed_set": 2,
  "test_error_rate": 30.02773925104022,
  "test_macro_f1": 0.6733155997791528,
  "test_ece": 0.1954260123751531,
  "test_per_class_f1": [
    0.6666666666666666,
    0.6944444444444444,
    0.8495867768595041,
    0.9032258064516129,
    0.38028169014084506,
    0.42171189979123175,
    0.664756446991404,
    0.8125,
    0.6666666666666666
  ],
  "dev_error_rate": 29.78436657681941,
  "dev_macro_f1": 0.678530537335948,
  "dev_ece": 0.20484951070216142,
  "stopping_strategy": "baseline",
  "phase1_seed_strategy": "last",
  "phase1_best_epoch": null,
  "lambda1_mean": 1.0420761028386352,
  "lambda1_std": 0.22236029685200603,
  "lambda2_mean": 0.49870897468902764,
  "lambda2_std": 0.1710261369862211
}