{
  "event": "kaikoura_earthquake_2016",
  "budget": 10,
  "seed_set": 2,
  "status": "done",
  "best_params": {
    "lr": 5.9860230638374616e-05,
    "batch_size": 32,
    "cotrain_epochs": 8,
    "finetune_patience": 10,
    "weight_decay": 0.011582213595778813,
    "warmup_ratio": 0.16662310011716372
  },
  "best_value": 0.673794,
  "best_full_metrics": {
    "event": "kaikoura_earthquake_2016",
    "budget": 10,
    "seed_set": 2,
    "test_error_rate": 27.356321839080454,
    "test_macro_f1": 0.7059559737042435,
    "test_ece": 0.1085037920666837,
    "test_per_class_f1": [
      0.7085714285714285,
      0.9142857142857143,
      0.7703703703703704,
      0.8936170212765957,
      0.5,
      0.4580152671755725,
      0.36363636363636365,
      0.8433734939759037,
      0.9017341040462428
    ],
    "dev_error_rate": 27.23214285714286,
    "dev_macro_f1": 0.67379381520436,
    "dev_ece": 0.15710844645010574,
    "stopping_strategy": "baseline",
    "phase1_seed_strategy": "last",
    "phase1_best_epoch": null,
    "lambda1_mean": 0.9634481039844144,
    "lambda1_std": 0.25469740572994604,
    "lambda2_mean": 0.37112799246121075,
    "lambda2_std": 0.1622031711229518
  },
  "n_trials": 10,
  "continued_from": null,
  "trials": [
    {
      "number": 0,
      "state": "COMPLETE",
      "params": {
        "lr": 6.74986054070536e-05,
        "batch_size": 64,
        "cotrain_epochs": 12,
        "finetune_patience": 5,
        "weight_decay": 0.08949727897434068,
        "warmup_ratio": 0.036594732972243825
      },
      "dev_macro_f1": 0.63036,
      "duration_seconds": 127.0,
      "full_metrics": {
        "event": "kaikoura_earthquake_2016",
        "budget": 10,
        "seed_set": 2,
        "test_error_rate": 28.505747126436788,
        "test_macro_f1": 0.6362259378512688,
        "test_ece": 0.17873710626843328,
        "test_per_class_f1": [
          0.6941176470588235,
          0.6857142857142857,
          0.7702702702702703,
          0.8695652173913043,
          0.49411764705882355,
          0.47619047619047616,
          0.0,
          0.8395061728395061,
          0.896551724137931
        ],
        "dev_error_rate": 30.35714285714286,
        "dev_macro_f1": 0.6303602877175332,
        "dev_ece": 0.18890166362481453,
        "stopping_strategy": "baseline",
        "phase1_seed_strategy": "last",
        "phase1_best_epoch": null,
        "lambda1_mean": 1.0093656164881395,
        "lambda1_std": 0.27013605371342664,
        "lambda2_mean": 0.48564916438532785,
        "lambda2_std": 0.17286614129562625
      }
    },
    {
      "number": 1,
      "state": "COMPLETE",
      "params": {
        "lr": 0.00016387615825469776,
        "batch_size": 8,
        "cotrain_epochs": 11,
        "finetune_patience": 8,
        "weight_decay": 0.06541995341889155,
        "warmup_ratio": 0.24880998061247472
      },
      "dev_macro_f1": 0.036484,
      "duration_seconds": 213.4,
      "full_metrics": {
        "event": "kaikoura_earthquake_2016",
        "budget": 10,
        "seed_set": 2,
        "test_error_rate": 80.22988505747126,
        "test_macro_f1": 0.03668159522286202,
        "test_ece": 0.1226325951773545,
        "test_per_class_f1": [
          0.0,
          0.0,
          0.0,
          0.0,
          0.0,
          0.0,
          0.0,
          0.0,
          0.33013435700575816
        ],
        "dev_error_rate": 80.35714285714286,
        "dev_macro_f1": 0.03648424543946932,
        "dev_ece": 0.12390517190630948,
        "stopping_strategy": "baseline",
        "phase1_seed_strategy": "last",
        "phase1_best_epoch": null,
        "lambda1_mean": 0.4447734288677917,
        "lambda1_std": 0.24280849978962515,
        "lambda2_mean": 0.08547856873251157,
        "lambda2_std": 0.08007293832201703
      }
    },
    {
      "number": 2,
      "state": "COMPLETE",
      "params": {
        "lr": 1.722916047163123e-05,
        "batch_size": 32,
        "cotrain_epochs": 12,
        "finetune_patience": 10,
        "weight_decay": 0.03499061507803707,
        "warmup_ratio": 0.22348217614872193
      },
      "dev_macro_f1": 0.668639,
      "duration_seconds": 141.6,
      "full_metrics": {
        "event": "kaikoura_earthquake_2016",
        "budget": 10,
        "seed_set": 2,
        "test_error_rate": 23.448275862068968,
        "test_macro_f1": 0.7008146669252079,
        "test_ece": 0.14666389137849042,
        "test_per_class_f1": [
          0.7167630057803468,
          0.9142857142857143,
          0.8137931034482758,
          0.9545454545454546,
          0.6,
          0.512,
          0.0,
          0.8764044943820225,
          0.9195402298850575
        ],
        "dev_error_rate": 26.339285714285708,
        "dev_macro_f1": 0.6686387794599087,
        "dev_ece": 0.17242912761867046,
        "stopping_strategy": "baseline",
        "phase1_seed_strategy": "last",
        "phase1_best_epoch": null,
        "lambda1_mean": 0.9126949298835003,
        "lambda1_std": 0.21043122965662125,
        "lambda2_mean": 0.3144063087215771,
        "lambda2_std": 0.12454923558757242
      }
    },
    {
      "number": 3,
      "state": "COMPLETE",
      "params": {
        "lr": 0.0001957335211787214,
        "batch_size": 32,
        "cotrain_epochs": 6,
        "finetune_patience": 9,
        "weight_decay": 0.0794344375244678,
        "warmup_ratio": 0.26364231619398504
      },
      "dev_macro_f1": 0.660181,
      "duration_seconds": 92.6,
      "full_metrics": {
        "event": "kaikoura_earthquake_2016",
        "budget": 10,
        "seed_set": 2,
        "test_error_rate": 30.114942528735632,
        "test_macro_f1": 0.6932006401598377,
        "test_ece": 0.09624496513399584,
        "test_per_class_f1": [
          0.659217877094972,
          0.8333333333333334,
          0.7567567567567568,
          0.9090909090909091,
          0.36923076923076925,
          0.4806201550387597,
          0.5714285714285714,
          0.8051948051948052,
          0.8539325842696629
        ],
        "dev_error_rate": 30.35714285714286,
        "dev_macro_f1": 0.6601811432211089,
        "dev_ece": 0.127607832263623,
        "stopping_strategy": "baseline",
        "phase1_seed_strategy": "last",
        "phase1_best_epoch": null,
        "lambda1_mean": 0.8660987692735002,
        "lambda1_std": 0.28417922309066157,
        "lambda2_mean": 0.3759164894498498,
        "lambda2_std": 0.2390376957186782
      }
    },
    {
      "number": 4,
      "state": "COMPLETE",
      "params": {
        "lr": 1.086638677624999e-05,
        "batch_size": 64,
        "cotrain_epochs": 17,
        "finetune_patience": 5,
        "weight_decay": 0.041341995113114094,
        "warmup_ratio": 0.1890460928666463
      },
      "dev_macro_f1": 0.60685,
      "duration_seconds": 168.7,
      "full_metrics": {
        "event": "kaikoura_earthquake_2016",
        "budget": 10,
        "seed_set": 2,
        "test_error_rate": 30.114942528735632,
        "test_macro_f1": 0.5681714067564289,
        "test_ece": 0.10022121219114324,
        "test_per_class_f1": [
          0.6706586826347305,
          0.10526315789473684,
          0.7567567567567568,
          0.8936170212765957,
          0.5185185185185185,
          0.4566929133858268,
          0.0,
          0.8080808080808081,
          0.903954802259887
        ],
        "dev_error_rate": 29.01785714285714,
        "dev_macro_f1": 0.6068504573161059,
        "dev_ece": 0.12990658663745439,
        "stopping_strategy": "baseline",
        "phase1_seed_strategy": "last",
        "phase1_best_epoch": null,
        "lambda1_mean": 0.7930408241316288,
        "lambda1_std": 0.23080317522211333,
        "lambda2_mean": 0.262340419779203,
        "lambda2_std": 0.1182184009436702
      }
    },
    {
      "number": 5,
      "state": "COMPLETE",
      "params": {
        "lr": 0.0004284282396777229,
        "batch_size": 32,
        "cotrain_epochs": 17,