{
  "event": "kerala_floods_2018",
  "budget": 10,
  "seed_set": 1,
  "status": "done",
  "best_params": {
    "lr": 3.0558795112645884e-05,
    "batch_size": 32,
    "cotrain_epochs": 20,
    "finetune_patience": 5,
    "weight_decay": 0.09485916718659036,
    "warmup_ratio": 0.19230391841783784
  },
  "best_value": 0.597456,
  "best_full_metrics": {
    "event": "kerala_floods_2018",
    "budget": 10,
    "seed_set": 1,
    "test_error_rate": 30.4677623261694,
    "test_macro_f1": 0.5531723914851235,
    "test_ece": 0.20690934320466708,
    "test_per_class_f1": [
      0.45454545454545453,
      0.21621621621621623,
      0.5112781954887218,
      0.8493150684931506,
      0.3825136612021858,
      0.42077922077922075,
      0.6615969581749049,
      0.832,
      0.6503067484662577
    ],
    "dev_error_rate": 28.501228501228503,
    "dev_macro_f1": 0.5974562508886444,
    "dev_ece": 0.19854953072287823,
    "stopping_strategy": "baseline",
    "phase1_seed_strategy": "last",
    "phase1_best_epoch": null,
    "lambda1_mean": 1.0614292459362717,
    "lambda1_std": 0.22460623146337996,
    "lambda2_mean": 0.5997343496782852,
    "lambda2_std": 0.17951422072170722
  },
  "n_trials": 10,
  "continued_from": null,
  "trials": [
    {
      "number": 0,
      "state": "COMPLETE",
      "params": {
        "lr": 0.0002357204549087167,
        "batch_size": 64,
        "cotrain_epochs": 20,
        "finetune_patience": 7,
        "weight_decay": 0.013044861075792391,
        "warmup_ratio": 0.2503187532002992
      },
      "dev_macro_f1": 0.490638,
      "duration_seconds": 731.9,
      "full_metrics": {
        "event": "kerala_floods_2018",
        "budget": 10,
        "seed_set": 1,
        "test_error_rate": 40.83438685208597,
        "test_macro_f1": 0.43946018538493753,
        "test_ece": 0.10694286221574742,
        "test_per_class_f1": [
          0.24161073825503357,
          0.24,
          0.41509433962264153,
          0.7936507936507936,
          0.2926829268292683,
          0.09900990099009901,
          0.5947955390334573,
          0.7476851851851852,
          0.5306122448979592
        ],
        "dev_error_rate": 37.22358722358723,
        "dev_macro_f1": 0.49063750281193513,
        "dev_ece": 0.15343732791392167,
        "stopping_strategy": "baseline",
        "phase1_seed_strategy": "last",
        "phase1_best_epoch": null,
        "lambda1_mean": 0.9603939472442067,
        "lambda1_std": 0.2796587552540368,
        "lambda2_mean": 0.27325149578774977,
        "lambda2_std": 0.2475094147936444
      }
    },
    {
      "number": 1,
      "state": "COMPLETE",
      "params": {
        "lr": 3.0558795112645884e-05,
        "batch_size": 32,
        "cotrain_epochs": 20,
        "finetune_patience": 5,
        "weight_decay": 0.09485916718659036,
        "warmup_ratio": 0.19230391841783784
      },
      "dev_macro_f1": 0.597456,
      "duration_seconds": 795.1,
      "full_metrics": {
        "event": "kerala_floods_2018",
        "budget": 10,
        "seed_set": 1,
        "test_error_rate": 30.4677623261694,
        "test_macro_f1": 0.5531723914851235,
        "test_ece": 0.20690934320466708,
        "test_per_class_f1": [
          0.45454545454545453,
          0.21621621621621623,
          0.5112781954887218,
          0.8493150684931506,
          0.3825136612021858,
          0.42077922077922075,
          0.6615969581749049,
          0.832,
          0.6503067484662577
        ],
        "dev_error_rate": 28.501228501228503,
        "dev_macro_f1": 0.5974562508886444,
        "dev_ece": 0.19854953072287823,
        "stopping_strategy": "baseline",
        "phase1_seed_strategy": "last",
        "phase1_best_epoch": null,
        "lambda1_mean": 1.0614292459362717,
        "lambda1_std": 0.22460623146337996,
        "lambda2_mean": 0.5997343496782852,
        "lambda2_std": 0.17951422072170722
      }
    },
    {
      "number": 2,
      "state": "COMPLETE",
      "params": {
        "lr": 7.563218679317507e-05,
        "batch_size": 8,
        "cotrain_epochs": 17,
        "finetune_patience": 7,
        "weight_decay": 0.044005233652498116,
        "warmup_ratio": 0.18265094686600822
      },
      "dev_macro_f1": 0.591687,
      "duration_seconds": 1149.9,
      "full_metrics": {
        "event": "kerala_floods_2018",
        "budget": 10,
        "seed_set": 1,
        "test_error_rate": 28.255372945638435,
        "test_macro_f1": 0.5653318008101667,
        "test_ece": 0.07765823045060243,
        "test_per_class_f1": [
          0.5614035087719298,
          0.2777777777777778,
          0.48333333333333334,
          0.8,
          0.4690265486725664,
          0.3501683501683502,
          0.639269406392694,
          0.8522030117122141,
          0.6548042704626335
        ],
        "dev_error_rate": 26.535626535626534,
        "dev_macro_f1": 0.5916865072301621,
        "dev_ece": 0.08960820159689505,
        "stopping_strategy": "baseline",
        "phase1_seed_strategy": "last",
        "phase1_best_epoch": null,
        "lambda1_mean": 1.0490137112270428,
        "lambda1_std": 0.2423866488506395,
        "lambda2_mean": 0.3217011661172002,
        "lambda2_std": 0.2458974974870732
      }
    },
    {
      "number": 3,
      "state": "COMPLETE",
      "params": {
        "lr": 6.354064076406334e-05,
        "batch_size": 64,
        "cotrain_epochs": 11,
        "finetune_patience": 5,
        "weight_decay": 0.025884786010726846,
        "warmup_ratio": 0.18745968100926907
      },
      "dev_macro_f1": 0.59087,
      "duration_seconds": 440.4,
      "full_metrics": {
        "event": "kerala_floods_2018",
        "budget": 10,
        "seed_set": 1,
        "test_error_rate": 31.289506953223768,
        "test_macro_f1": 0.5532848463488484,
        "test_ece": 0.19942543652808173,
        "test_per_class_f1": [
          0.47058823529411764,
          0.23809523809523808,
          0.5470085470085471,
          0.8591549295774648,
          0.30952380952380953,
          0.43601895734597157,
          0.6241610738255033,
          0.8240450845335003,
          0.6709677419354839
        ],
        "dev_error_rate": 29.60687960687961,
        "dev_macro_f1": 0.5908699196555792,
        "dev_ece": 0.19028831663237156,
        "stopping_strategy": "baseline",
        "phase1_seed_strategy": "last",
        "phase1_best_epoch": null,
        "lambda1_mean": 1.060075487425357,
        "lambda1_std": 0.2217178664340837,
        "lambda2_mean": 0.518116125833856,
        "lambda2_std": 0.18225734329710816
      }
    },
    {
      "number": 4,
      "state": "COMPLETE",
      "params": {
        "lr": 7.126976909397511e-05,
        "batch_size": 32,
        "cotrain_epochs": 14,
        "finetune_patience": 10,
        "weight_decay": 0.08355007907495164,
        "warmup_ratio": 0.26103122334115836
      },
      "dev_macro_f1": 0.590833,
      "duration_seconds": 586.9,
      "full_metrics": {
        "event": "kerala_floods_2018",
        "budget": 10,
        "seed_set": 1,
        "test_error_rate": 29.70922882427307,
        "test_macro_f1": 0.5641327234759915,
        "test_ece": 0.21663170808033763,
        "test_per_class_f1": [
          0.5172413793103449,
          0.2564102564102564,
          0.5,
          0.8613138686131386,
          0.4019138755980861,
          0.37209302325581395,
          0.6746031746031746,
          0.8436189334931097,
          0.65
        ],
        "dev_error_rate": 28.869778869778873,
        "dev_macro_f1": 0.5908332114947078,
        "dev_ece": 0.2106245523661887,
        "stopping_strategy": "baseline",
        "phase1_seed_strategy": "last",
        "phase1_best_epoch": null,
        "lambda1_mean": 1.0624522546921304,
        "lambda1_std": 0.2144666146698969,
        "lambda2_mean": 0.578029607799982,
        "lambda2_std": 0.18389072080733818
      }
    },
    {
      "number": 5,
      "state": "COMPLETE",