{
  "event": "canada_wildfires_2016",
  "budget": 25,
  "seed_set": 2,
  "test_error_rate": 29.8876404494382,
  "test_macro_f1": 0.5774464422735586,
  "test_ece": 0.05030014180065542,
  "test_per_class_f1": [
    0.48484848484848486,
    0.7544910179640718,
    0.7747747747747747,
    0.375,
    0.36893203883495146,
    0.2857142857142857,
    0.8373493975903614,
    0.7384615384615385
  ],
  "dev_error_rate": 26.315789473684216,
  "dev_macro_f1": 0.6486625306882159,
  "dev_ece": 0.08317893508233522,
  "stopping_strategy": "baseline",
  "phase1_seed_strategy": "last",
  "phase1_best_epoch": null,
  "lambda1_mean": 0.5478596490709897,
  "lambda1_std": 0.12781226425032124,
  "lambda2_mean": 0.14961052230573574,
  "lambda2_std": 0.03652796885455216
}