{
  "event": "kerala_floods_2018",
  "budget": 50,
  "seed_set": 2,
  "test_error_rate": 30.404551201011376,
  "test_macro_f1": 0.5519573918811207,
  "test_ece": 0.07200600380165083,
  "test_per_class_f1": [
    0.40404040404040403,
    0.23529411764705882,
    0.544,
    0.8375,
    0.37037037037037035,
    0.40310077519379844,
    0.676923076923077,
    0.8405612244897959,
    0.6558265582655827
  ],
  "dev_error_rate": 27.88697788697788,
  "dev_macro_f1": 0.6230656556050604,
  "dev_ece": 0.06031812277121391,
  "stopping_strategy": "baseline",
  "phase1_seed_strategy": "last",
  "phase1_best_epoch": null,
  "lambda1_mean": 1.026517284707243,
  "lambda1_std": 0.23682739279394724,
  "lambda2_mean": 0.6853104408809378,
  "lambda2_std": 0.2321228552160747
}