{
  "event": "hurricane_dorian_2019",
  "budget": 5,
  "seed_set": 2,
  "test_error_rate": 35.87533156498674,
  "test_macro_f1": 0.5516624433975692,
  "test_ece": 0.15499107822262004,
  "test_per_class_f1": [
    0.596745027124774,
    0.856338028169014,
    0.5942492012779552,
    0.35294117647058826,
    0.6091370558375635,
    0.35095137420718814,
    0.0,
    0.8036951501154734,
    0.8009049773755657
  ],
  "dev_error_rate": 35.824742268041234,
  "dev_macro_f1": 0.6007285558800515,
  "dev_ece": 0.13902267729191436,
  "stopping_strategy": "baseline",
  "phase1_seed_strategy": "last",
  "phase1_best_epoch": null,
  "lambda1_mean": 1.004352432778137,
  "lambda1_std": 0.28125216871705383,
  "lambda2_mean": 0.4349403464759608,
  "lambda2_std": 0.15571891343489175
}