{
  "event": "cyclone_idai_2019",
  "budget": 50,
  "seed_set": 1,
  "test_error_rate": 31.322207958921698,
  "test_macro_f1": 0.49394608692353553,
  "test_ece": 0.10821228358650695,
  "test_per_class_f1": [
    0.42857142857142855,
    0.20689655172413793,
    0.7763157894736842,
    0.896551724137931,
    0.0,
    0.3582089552238806,
    0.2564102564102564,
    0.4036697247706422,
    0.7795031055900621,
    0.8333333333333334
  ],
  "dev_error_rate": 33.16708229426434,
  "dev_macro_f1": 0.4829110310886192,
  "dev_ece": 0.1162640765272174,
  "stopping_strategy": "baseline",
  "phase1_seed_strategy": "last",
  "phase1_best_epoch": null,
  "lambda1_mean": 0.9438113549260541,
  "lambda1_std": 0.26135040979024604,
  "lambda2_mean": 0.3879732865430019,
  "lambda2_std": 0.1675053030783388
}