{
  "event": "hurricane_dorian_2019",
  "budget": 10,
  "seed_set": 2,
  "test_error_rate": 35.27851458885941,
  "test_macro_f1": 0.5238084297689113,
  "test_ece": 0.2034431948704492,
  "test_per_class_f1": [
    0.631578947368421,
    0.8629737609329446,
    0.610738255033557,
    0.0,
    0.6214099216710183,
    0.37401574803149606,
    0.0,
    0.7914438502673797,
    0.8221153846153846
  ],
  "dev_error_rate": 38.27319587628865,
  "dev_macro_f1": 0.4938960856790982,
  "dev_ece": 0.22051952913710754,
  "stopping_strategy": "baseline",
  "phase1_seed_strategy": "last",
  "phase1_best_epoch": null,
  "lambda1_mean": 1.0293166524868838,
  "lambda1_std": 0.27974919702636886,
  "lambda2_mean": 0.5139570945897983,
  "lambda2_std": 0.17815665608881412
}