{
  "event": "california_wildfires_2018",
  "budget": 50,
  "seed_set": 2,
  "test_error_rate": 27.58384668035592,
  "test_macro_f1": 0.6529805284451411,
  "test_ece": 0.1254971564468825,
  "test_per_class_f1": [
    0.4722222222222222,
    0.7428571428571429,
    0.6217616580310881,
    0.9029649595687331,
    0.6813186813186813,
    0.648068669527897,
    0.44274809160305345,
    0.45454545454545453,
    0.8522072936660269,
    0.7111111111111111
  ],
  "dev_error_rate": 28.98936170212766,
  "dev_macro_f1": 0.636717595340006,
  "dev_ece": 0.13637800538476474,
  "stopping_strategy": "baseline",
  "phase1_seed_strategy": "last",
  "phase1_best_epoch": null,
  "lambda1_mean": 0.9984705135809041,
  "lambda1_std": 0.2909990992827961,
  "lambda2_mean": 0.5719038499445877,
  "lambda2_std": 0.2253633820610301
}