{
  "event": "hurricane_maria_2017",
  "budget": 10,
  "seed_set": 1,
  "test_error_rate": 56.93481276005548,
  "test_macro_f1": 0.38929920566660126,
  "test_ece": 0.14075931352815088,
  "test_per_class_f1": [
    0.44285714285714284,
    0.1073170731707317,
    0.23848238482384823,
    0.6068965517241379,
    0.21862348178137653,
    0.1618798955613577,
    0.44776119402985076,
    0.7164948453608248,
    0.5633802816901409
  ],
  "dev_error_rate": 55.525606469002696,
  "dev_macro_f1": 0.39191973566964766,
  "dev_ece": 0.11377660140917306,
  "stopping_strategy": "baseline",
  "phase1_seed_strategy": "last",
  "phase1_best_epoch": null,
  "lambda1_mean": 0.5271841490164718,
  "lambda1_std": 0.09672471169231076,
  "lambda2_mean": 0.13593505397289288,
  "lambda2_std": 0.041532564216922536
}