{
  "event": "california_wildfires_2018",
  "budget": 50,
  "seed_set": 2,
  "status": "done",
  "best_params": {
    "lr": 1.6709260505187736e-05,
    "batch_size": 16,
    "cotrain_epochs": 17,
    "finetune_patience": 10,
    "weight_decay": 0.044435173130352904,
    "warmup_ratio": 0.16426406587780704
  },
  "best_value": 0.636718,
  "best_full_metrics": {
    "event": "california_wildfires_2018",
    "budget": 50,
    "seed_set": 2,
    "test_error_rate": 27.58384668035592,
    "test_macro_f1": 0.6529805284451411,
    "test_ece": 0.1254971564468825,
    "test_per_class_f1": [
      0.4722222222222222,
      0.7428571428571429,
      0.6217616580310881,
      0.9029649595687331,
      0.6813186813186813,
      0.648068669527897,
      0.44274809160305345,
      0.45454545454545453,
      0.8522072936660269,
      0.7111111111111111
    ],
    "dev_error_rate": 28.98936170212766,
    "dev_macro_f1": 0.636717595340006,
    "dev_ece": 0.13637800538476474,
    "stopping_strategy": "baseline",
    "phase1_seed_strategy": "last",
    "phase1_best_epoch": null,
    "lambda1_mean": 0.9984705135809041,
    "lambda1_std": 0.2909990992827961,
    "lambda2_mean": 0.5719038499445877,
    "lambda2_std": 0.2253633820610301
  },
  "n_trials": 10,
  "continued_from": null,
  "trials": [
    {
      "number": 0,
      "state": "COMPLETE",
      "params": {
        "lr": 2.1554775670131933e-05,
        "batch_size": 16,
        "cotrain_epochs": 20,
        "finetune_patience": 8,
        "weight_decay": 0.02807731872589081,
        "warmup_ratio": 0.07808343983220607
      },
      "dev_macro_f1": 0.627485,
      "duration_seconds": 801.9,
      "full_metrics": {
        "event": "california_wildfires_2018",
        "budget": 50,
        "seed_set": 2,
        "test_error_rate": 27.173169062286107,
        "test_macro_f1": 0.6572472885970041,
        "test_ece": 0.10982207542898559,
        "test_per_class_f1": [
          0.5428571428571428,
          0.7262569832402235,
          0.65625,
          0.8943758573388203,
          0.6888888888888889,
          0.6734279918864098,
          0.4856396866840731,
          0.37037037037037035,
          0.837573385518591,
          0.6968325791855203
        ],
        "dev_error_rate": 29.78723404255319,
        "dev_macro_f1": 0.6274854800780952,
        "dev_ece": 0.14232220643378318,
        "stopping_strategy": "baseline",
        "phase1_seed_strategy": "last",
        "phase1_best_epoch": null,
        "lambda1_mean": 1.0313138784266034,
        "lambda1_std": 0.2302387272631994,
        "lambda2_mean": 0.6725965860430501,
        "lambda2_std": 0.21405630183090021
      }
    },
    {
      "number": 1,
      "state": "COMPLETE",
      "params": {
        "lr": 1.1939155568262586e-05,
        "batch_size": 16,
        "cotrain_epochs": 19,
        "finetune_patience": 5,
        "weight_decay": 0.022036327691905423,
        "warmup_ratio": 0.12306339109338699
      },
      "dev_macro_f1": 0.598996,
      "duration_seconds": 743.0,
      "full_metrics": {
        "event": "california_wildfires_2018",
        "budget": 50,
        "seed_set": 2,
        "test_error_rate": 27.173169062286107,
        "test_macro_f1": 0.6511489104078135,
        "test_ece": 0.07973129448623059,
        "test_per_class_f1": [
          0.5454545454545454,
          0.7674418604651163,
          0.5882352941176471,
          0.903663500678426,
          0.673469387755102,
          0.6963562753036437,
          0.45077720207253885,
          0.34285714285714286,
          0.8210116731517509,
          0.7222222222222222
        ],
        "dev_error_rate": 29.521276595744684,
        "dev_macro_f1": 0.598996466820158,
        "dev_ece": 0.08921636411167205,
        "stopping_strategy": "baseline",
        "phase1_seed_strategy": "last",
        "phase1_best_epoch": null,
        "lambda1_mean": 1.0193648746742354,
        "lambda1_std": 0.2689185866416642,
        "lambda2_mean": 0.5763353642948286,
        "lambda2_std": 0.21160760889495214
      }
    },
    {
      "number": 2,
      "state": "COMPLETE",
      "params": {
        "lr": 1.2618991184274926e-05,
        "batch_size": 32,
        "cotrain_epochs": 16,
        "finetune_patience": 6,
        "weight_decay": 0.027309252885689028,
        "warmup_ratio": 0.1363459595583995
      },
      "dev_macro_f1": 0.615953,
      "duration_seconds": 613.3,
      "full_metrics": {
        "event": "california_wildfires_2018",
        "budget": 50,
        "seed_set": 2,
        "test_error_rate": 26.488706365503077,
        "test_macro_f1": 0.6563012274372266,
        "test_ece": 0.10002566422198753,
        "test_per_class_f1": [
          0.5970149253731343,
          0.7950310559006211,
          0.62,
          0.9115281501340483,
          0.6534653465346535,
          0.6734279918864098,
          0.4594594594594595,
          0.28,
          0.8406909788867563,
          0.7323943661971831
        ],
        "dev_error_rate": 28.98936170212766,
        "dev_macro_f1": 0.6159532622873989,
        "dev_ece": 0.11599764259571727,
        "stopping_strategy": "baseline",
        "phase1_seed_strategy": "last",
        "phase1_best_epoch": null,
        "lambda1_mean": 0.98459672847512,
        "lambda1_std": 0.314769648093518,
        "lambda2_mean": 0.4955651123154966,
        "lambda2_std": 0.2063079845803479
      }
    },
    {
      "number": 3,
      "state": "COMPLETE",
      "params": {
        "lr": 0.0002317420761379987,
        "batch_size": 32,
        "cotrain_epochs": 9,
        "finetune_patience": 9,
        "weight_decay": 0.016517021929708043,
        "warmup_ratio": 0.041492483126758406
      },
      "dev_macro_f1": 0.024709,
      "duration_seconds": 365.3,
      "full_metrics": {
        "event": "california_wildfires_2018",
        "budget": 50,
        "seed_set": 2,
        "test_error_rate": 85.96851471594798,
        "test_macro_f1": 0.02460984393757503,
        "test_ece": 0.009985370812638006,
        "test_per_class_f1": [
          0.0,
          0.0,
          0.0,
          0.0,
          0.0,
          0.0,
          0.2460984393757503,
          0.0,
          0.0,
          0.0
        ],
        "dev_error_rate": 85.90425531914893,
        "dev_macro_f1": 0.024708624708624706,
        "dev_ece": 0.009342770845173515,
        "stopping_strategy": "baseline",
        "phase1_seed_strategy": "last",
        "phase1_best_epoch": null,
        "lambda1_mean": 0.7646775895089546,
        "lambda1_std": 0.31610881554299536,
        "lambda2_mean": 0.11592096531924524,
        "lambda2_std": 0.07961177763154413
      }
    },
    {
      "number": 4,
      "state": "COMPLETE",
      "params": {
        "lr": 0.00025845837139251026,
        "batch_size": 8,
        "cotrain_epochs": 13,
        "finetune_patience": 6,
        "weight_decay": 0.08483857540513517,
        "warmup_ratio": 0.18313953514277317
      },
      "dev_macro_f1": 0.041851,
      "duration_seconds": 817.5,
      "full_metrics": {
        "event": "california_wildfires_2018",
        "budget": 50,
        "seed_set": 2,
        "test_error_rate": 73.64818617385353,
        "test_macro_f1": 0.04171180931744312,
        "test_ece": 0.12963122768935725,
        "test_per_class_f1": [
          0.0,
          0.0,
          0.0,
          0.4171180931744312,
          0.0,
          0.0,
          0.0,
          0.0,
          0.0,
          0.0
        ],
        "dev_error_rate": 73.5372340425532,
        "dev_macro_f1": 0.04185068349106204,
        "dev_ece": 0.13074074840133496,
        "stopping_strategy": "baseline",
        "phase1_seed_strategy": "last",
        "phase1_best_epoch": null,
        "lambda1_mean": 0.476310740458709,
        "lambda1_std": 0.2664753045222608,
        "lambda2_mean": 0.11177159933266374,
        "lambda2_std": 0.11269971284606446
      }
    },
    {
      "number": 5,
      "state": "COMPLETE",