{
  "event": "kaikoura_earthquake_2016",
  "budget": 25,
  "seed_set": 2,
  "test_error_rate": 25.287356321839084,
  "test_macro_f1": 0.6997873131739386,
  "test_ece": 0.12384616479106332,
  "test_per_class_f1": [
    0.7272727272727273,
    0.8421052631578947,
    0.835820895522388,
    0.9333333333333333,
    0.5116279069767442,
    0.47540983606557374,
    0.18181818181818182,
    0.8837209302325582,
    0.9069767441860465
  ],
  "dev_error_rate": 25.0,
  "dev_macro_f1": 0.6790718744830142,
  "dev_ece": 0.1368866405848946,
  "stopping_strategy": "baseline",
  "phase1_seed_strategy": "last",
  "phase1_best_epoch": null,
  "lambda1_mean": 0.9010766431957709,
  "lambda1_std": 0.24074288007235506,
  "lambda2_mean": 0.32353438545795143,
  "lambda2_std": 0.14179841027576043
}