{
  "event": "hurricane_maria_2017",
  "budget": 10,
  "seed_set": 3,
  "test_error_rate": 60.124826629680996,
  "test_macro_f1": 0.3075657407194352,
  "test_ece": 0.48942507121417467,
  "test_per_class_f1": [
    0.27755102040816326,
    0.0,
    0.3942307692307692,
    0.3284671532846715,
    0.19753086419753085,
    0.0,
    0.3778501628664495,
    0.609547123623011,
    0.5829145728643216
  ],
  "dev_error_rate": 59.703504043126685,
  "dev_macro_f1": 0.3055972236173864,
  "dev_ece": 0.48009351409991796,
  "stopping_strategy": "baseline",
  "phase1_seed_strategy": "last",
  "phase1_best_epoch": null,
  "lambda1_mean": 0.9585862418306174,
  "lambda1_std": 0.2884372198600252,
  "lambda2_mean": 0.41911743823870146,
  "lambda2_std": 0.17628875069752306
}