{
  "event": "hurricane_maria_2017",
  "budget": 10,
  "seed_set": 1,
  "test_error_rate": 31.414701803051315,
  "test_macro_f1": 0.6492197104108239,
  "test_ece": 0.24292360084976136,
  "test_per_class_f1": [
    0.64,
    0.6666666666666666,
    0.8122977346278317,
    0.9243697478991597,
    0.3918918918918919,
    0.3240506329113924,
    0.6129032258064516,
    0.819634703196347,
    0.6511627906976745
  ],
  "dev_error_rate": 31.266846361185983,
  "dev_macro_f1": 0.6550015128963796,
  "dev_ece": 0.25462540931939437,
  "stopping_strategy": "baseline",
  "phase1_seed_strategy": "last",
  "phase1_best_epoch": null,
  "lambda1_mean": 1.037085904886051,
  "lambda1_std": 0.23203319890213955,
  "lambda2_mean": 0.5044275884826701,
  "lambda2_std": 0.17450517832591236
}