{
  "event": "hurricane_florence_2018",
  "budget": 5,
  "seed_set": 2,
  "test_error_rate": 60.83803384367445,
  "test_macro_f1": 0.20847339119163502,
  "test_ece": 0.21442542948567228,
  "test_per_class_f1": [
    0.46153846153846156,
    0.0,
    0.0,
    0.0,
    0.3506944444444444,
    0.0,
    0.0,
    0.5460420032310178,
    0.5179856115107914
  ],
  "dev_error_rate": 63.22378716744914,
  "dev_macro_f1": 0.19786861246556237,
  "dev_ece": 0.24660965296584117,
  "stopping_strategy": "baseline",
  "phase1_seed_strategy": "last",
  "phase1_best_epoch": null,
  "lambda1_mean": 0.9450201957935462,
  "lambda1_std": 0.3793423174684712,
  "lambda2_mean": 0.45187680424258714,
  "lambda2_std": 0.22188689641155715
}