{
  "event": "hurricane_dorian_2019",
  "budget": 5,
  "seed_set": 3,
  "test_error_rate": 35.809018567639264,
  "test_macro_f1": 0.5748644600198041,
  "test_ece": 0.1772764986603266,
  "test_per_class_f1": [
    0.5981981981981982,
    0.8672566371681416,
    0.5581395348837209,
    0.43478260869565216,
    0.6244131455399061,
    0.37662337662337664,
    0.11320754716981132,
    0.8113207547169812,
    0.789838337182448
  ],
  "dev_error_rate": 37.371134020618555,
  "dev_macro_f1": 0.5895431463042556,
  "dev_ece": 0.20794526844755892,
  "stopping_strategy": "baseline",
  "phase1_seed_strategy": "last",
  "phase1_best_epoch": null,
  "lambda1_mean": 1.0486478477146257,
  "lambda1_std": 0.2520400138351863,
  "lambda2_mean": 0.5959209035265105,
  "lambda2_std": 0.1970444927285825
}