{
  "event": "california_wildfires_2018",
  "budget": 10,
  "seed_set": 2,
  "test_error_rate": 88.22724161533196,
  "test_macro_f1": 0.0871857806922616,
  "test_ece": 0.02627061912248103,
  "test_per_class_f1": [
    0.0,
    0.08021390374331551,
    0.08985507246376812,
    0.0,
    0.0,
    0.24345549738219896,
    0.0,
    0.0,
    0.0,
    0.4583333333333333
  ],
  "dev_error_rate": 88.29787234042553,
  "dev_macro_f1": 0.08784028478801316,
  "dev_ece": 0.027021413451021017
}