{
  "event": "canada_wildfires_2016",
  "budget": 10,
  "seed_set": 2,
  "test_error_rate": 24.269662921348313,
  "test_macro_f1": 0.5439218119169112,
  "test_ece": 0.08824847708927114,
  "test_per_class_f1": [
    0.21428571428571427,
    0.8662420382165605,
    0.8245614035087719,
    0.2,
    0.5074626865671642,
    0.0,
    0.8863636363636364,
    0.8524590163934426
  ],
  "dev_error_rate": 20.614035087719294,
  "dev_macro_f1": 0.689129527341696,
  "dev_ece": 0.12179973891429736,
  "stopping_strategy": "baseline",
  "phase1_seed_strategy": "last",
  "phase1_best_epoch": null,
  "lambda1_mean": 1.035417181249847,
  "lambda1_std": 0.2476560218199783,
  "lambda2_mean": 0.591714405905273,
  "lambda2_std": 0.20963144888531274
}