{
  "event": "hurricane_irma_2017",
  "budget": 25,
  "seed_set": 3,
  "test_error_rate": 31.149301825993557,
  "test_macro_f1": 0.6592886480434782,
  "test_ece": 0.14976498540630914,
  "test_per_class_f1": [
    0.6832740213523132,
    0.8470588235294118,
    0.8313725490196079,
    0.9205479452054794,
    0.5631067961165048,
    0.39104477611940297,
    0.2857142857142857,
    0.7366818873668188,
    0.6747967479674797
  ],
  "dev_error_rate": 31.21085594989561,
  "dev_macro_f1": 0.6700843281531568,
  "dev_ece": 0.15367662601779544,
  "stopping_strategy": "baseline",
  "phase1_seed_strategy": "last",
  "phase1_best_epoch": null,
  "lambda1_mean": 0.9918459442812061,
  "lambda1_std": 0.27656288090695313,
  "lambda2_mean": 0.4179161990350073,
  "lambda2_std": 0.17201263163747127
}