{
  "event": "hurricane_florence_2018",
  "budget": 10,
  "seed_set": 2,
  "test_error_rate": 54.31103948428686,
  "test_macro_f1": 0.3964793353453859,
  "test_ece": 0.34374321333157454,
  "test_per_class_f1": [
    0.3190883190883191,
    0.4838709677419355,
    0.26426426426426425,
    0.6262626262626263,
    0.512280701754386,
    0.0,
    0.1,
    0.66890756302521,
    0.5936395759717314
  ],
  "dev_error_rate": 52.895148669796555,
  "dev_macro_f1": 0.4034998338895752,
  "dev_ece": 0.34765108626959657,
  "stopping_strategy": "baseline",
  "phase1_seed_strategy": "last",
  "phase1_best_epoch": null,
  "lambda1_mean": 0.9668172352920615,
  "lambda1_std": 0.274018069872378,
  "lambda2_mean": 0.4316668585612114,
  "lambda2_std": 0.1781818574209794
}