{
  "event": "hurricane_irma_2017",
  "budget": 25,
  "seed_set": 2,
  "test_error_rate": 32.008592910848556,
  "test_macro_f1": 0.6552950067871793,
  "test_ece": 0.17259435264431702,
  "test_per_class_f1": [
    0.6618705035971223,
    0.8470588235294118,
    0.8045112781954887,
    0.9444444444444444,
    0.5591397849462365,
    0.4319775596072931,
    0.2644628099173554,
    0.7035175879396985,
    0.680672268907563
  ],
  "dev_error_rate": 31.732776617954073,
  "dev_macro_f1": 0.6610243365262028,
  "dev_ece": 0.17867194305879835,
  "stopping_strategy": "baseline",
  "phase1_seed_strategy": "last",
  "phase1_best_epoch": null,
  "lambda1_mean": 1.02405028194282,
  "lambda1_std": 0.2810246120486617,
  "lambda2_mean": 0.5168572772632016,
  "lambda2_std": 0.18745075107444575
}