{
  "event": "kerala_floods_2018",
  "budget": 25,
  "seed_set": 2,
  "test_error_rate": 43.99494310998736,
  "test_macro_f1": 0.44028256336249344,
  "test_ece": 0.19660026117612983,
  "test_per_class_f1": [
    0.2556390977443609,
    0.1206896551724138,
    0.39361702127659576,
    0.7534246575342466,
    0.4020618556701031,
    0.2902208201892745,
    0.5036496350364964,
    0.7294281729428173,
    0.5138121546961326
  ],
  "dev_error_rate": 42.75184275184275,
  "dev_macro_f1": 0.4803686704847152,
  "dev_ece": 0.20365458657319774,
  "stopping_strategy": "baseline",
  "phase1_seed_strategy": "last",
  "phase1_best_epoch": null,
  "lambda1_mean": 0.9784738020571364,
  "lambda1_std": 0.29348170432065895,
  "lambda2_mean": 0.44979464266542785,
  "lambda2_std": 0.21260701408750898
}