{
  "event": "canada_wildfires_2016",
  "budget": 25,
  "seed_set": 2,
  "test_error_rate": 33.258426966292134,
  "test_macro_f1": 0.47776443991964684,
  "test_ece": 0.07983041285129078,
  "test_per_class_f1": [
    0.32727272727272727,
    0.7757575757575758,
    0.6666666666666666,
    0.2962962962962963,
    0.21686746987951808,
    0.0,
    0.8459214501510574,
    0.6933333333333334
  ],
  "dev_error_rate": 29.824561403508774,
  "dev_macro_f1": 0.5310012792674511,
  "dev_ece": 0.05259577315627479,
  "stopping_strategy": "baseline",
  "phase1_seed_strategy": "last",
  "phase1_best_epoch": null,
  "lambda1_mean": 0.942713631828936,
  "lambda1_std": 0.2678677840873903,
  "lambda2_mean": 0.41693993170404187,
  "lambda2_std": 0.177452197732193
}