{
  "event": "kaikoura_earthquake_2016",
  "budget": 25,
  "seed_set": 3,
  "test_error_rate": 33.793103448275865,
  "test_macro_f1": 0.6042718543695166,
  "test_ece": 0.100768700207787,
  "test_per_class_f1": [
    0.6395348837209303,
    0.5454545454545454,
    0.6086956521739131,
    0.7555555555555555,
    0.5,
    0.4566929133858268,
    0.25,
    0.7912087912087912,
    0.8913043478260869
  ],
  "dev_error_rate": 33.48214285714286,
  "dev_macro_f1": 0.5766094804307653,
  "dev_ece": 0.10956365029726708,
  "stopping_strategy": "baseline",
  "phase1_seed_strategy": "last",
  "phase1_best_epoch": null,
  "lambda1_mean": 0.8707334335668256,
  "lambda1_std": 0.262725318663368,
  "lambda2_mean": 0.32627558863300093,
  "lambda2_std": 0.15760956701662443
}