{
  "event": "kerala_floods_2018",
  "budget": 10,
  "seed_set": 3,
  "test_error_rate": 31.22629582806574,
  "test_macro_f1": 0.5535998720903239,
  "test_ece": 0.17957671804238207,
  "test_per_class_f1": [
    0.5084745762711864,
    0.18867924528301888,
    0.5161290322580645,
    0.8609271523178808,
    0.3756906077348066,
    0.39572192513368987,
    0.6199261992619927,
    0.8240396530359355,
    0.6928104575163399
  ],
  "dev_error_rate": 28.00982800982801,
  "dev_macro_f1": 0.6202161148254139,
  "dev_ece": 0.15652252038075828,
  "stopping_strategy": "baseline",
  "phase1_seed_strategy": "last",
  "phase1_best_epoch": null,
  "lambda1_mean": 1.0466430433432512,
  "lambda1_std": 0.23980537726389406,
  "lambda2_mean": 0.5060666253933312,
  "lambda2_std": 0.17746754586872607
}