{
  "event": "hurricane_florence_2018",
  "budget": 50,
  "seed_set": 2,
  "test_error_rate": 23.045930701047546,
  "test_macro_f1": 0.6850121913417242,
  "test_ece": 0.09194741200574649,
  "test_per_class_f1": [
    0.7714285714285715,
    0.8206896551724138,
    0.6973684210526315,
    0.9421487603305785,
    0.8530120481927711,
    0.3883495145631068,
    0.043478260869565216,
    0.8525179856115108,
    0.7961165048543689
  ],
  "dev_error_rate": 22.22222222222222,
  "dev_macro_f1": 0.6868315743129924,
  "dev_ece": 0.07715095698553635,
  "stopping_strategy": "baseline",
  "phase1_seed_strategy": "last",
  "phase1_best_epoch": null,
  "lambda1_mean": 1.0096514726888242,
  "lambda1_std": 0.2670812969015364,
  "lambda2_mean": 0.4954776611981225,
  "lambda2_std": 0.17029334441332009
}