{
  "event": "cyclone_idai_2019",
  "budget": 5,
  "seed_set": 1,
  "status": "done",
  "best_params": {
    "lr": 7.725346333783816e-05,
    "batch_size": 8,
    "cotrain_epochs": 20,
    "finetune_patience": 5,
    "weight_decay": 0.07090419761178891,
    "warmup_ratio": 0.1457260129226164
  },
  "best_value": 0.537014,
  "best_full_metrics": {
    "event": "cyclone_idai_2019",
    "budget": 5,
    "seed_set": 1,
    "test_error_rate": 22.84980744544287,
    "test_macro_f1": 0.6335724919076643,
    "test_ece": 0.1441161850986187,
    "test_per_class_f1": [
      0.5517241379310345,
      0.4117647058823529,
      0.7786259541984732,
      0.8695652173913043,
      0.6666666666666666,
      0.4666666666666667,
      0.48717948717948717,
      0.45614035087719296,
      0.8661417322834646,
      0.78125
    ],
    "dev_error_rate": 26.43391521197007,
    "dev_macro_f1": 0.5370141749773005,
    "dev_ece": 0.10742529988883437,
    "stopping_strategy": "baseline",
    "phase1_seed_strategy": "last",
    "phase1_best_epoch": null,
    "lambda1_mean": 0.5026950124831387,
    "lambda1_std": 0.280730636381271,
    "lambda2_mean": 0.6184198396044316,
    "lambda2_std": 0.20501438112666923
  },
  "n_trials": 10,
  "continued_from": null,
  "trials": [
    {
      "number": 0,
      "state": "COMPLETE",
      "params": {
        "lr": 7.725346333783816e-05,
        "batch_size": 8,
        "cotrain_epochs": 20,
        "finetune_patience": 5,
        "weight_decay": 0.07090419761178891,
        "warmup_ratio": 0.1457260129226164
      },
      "dev_macro_f1": 0.537014,
      "duration_seconds": 672.5,
      "full_metrics": {
        "event": "cyclone_idai_2019",
        "budget": 5,
        "seed_set": 1,
        "test_error_rate": 22.84980744544287,
        "test_macro_f1": 0.6335724919076643,
        "test_ece": 0.1441161850986187,
        "test_per_class_f1": [
          0.5517241379310345,
          0.4117647058823529,
          0.7786259541984732,
          0.8695652173913043,
          0.6666666666666666,
          0.4666666666666667,
          0.48717948717948717,
          0.45614035087719296,
          0.8661417322834646,
          0.78125
        ],
        "dev_error_rate": 26.43391521197007,
        "dev_macro_f1": 0.5370141749773005,
        "dev_ece": 0.10742529988883437,
        "stopping_strategy": "baseline",
        "phase1_seed_strategy": "last",
        "phase1_best_epoch": null,
        "lambda1_mean": 0.5026950124831387,
        "lambda1_std": 0.280730636381271,
        "lambda2_mean": 0.6184198396044316,
        "lambda2_std": 0.20501438112666923
      }
    },
    {
      "number": 1,
      "state": "COMPLETE",
      "params": {
        "lr": 0.0005971514529599808,
        "batch_size": 8,
        "cotrain_epochs": 20,
        "finetune_patience": 8,
        "weight_decay": 0.03320983259861726,
        "warmup_ratio": 0.15267542771683787
      },
      "dev_macro_f1": 0.064527,
      "duration_seconds": 674.6,
      "full_metrics": {
        "event": "cyclone_idai_2019",
        "budget": 5,
        "seed_set": 1,
        "test_error_rate": 52.503209242618745,
        "test_macro_f1": 0.06440382941688425,
        "test_ece": 0.4798052800635165,
        "test_per_class_f1": [
          0.0,
          0.0,
          0.0,
          0.0,
          0.0,
          0.0,
          0.0,
          0.0,
          0.6440382941688425,
          0.0
        ],
        "dev_error_rate": 52.36907730673317,
        "dev_macro_f1": 0.06452702702702703,
        "dev_ece": 0.4784639607046608,
        "stopping_strategy": "baseline",
        "phase1_seed_strategy": "last",
        "phase1_best_epoch": null,
        "lambda1_mean": 0.5668999836953927,
        "lambda1_std": 0.5182373244221204,
        "lambda2_mean": 0.3142818465028389,
        "lambda2_std": 0.3150761422360792
      }
    },
    {
      "number": 2,
      "state": "COMPLETE",
      "params": {
        "lr": 1.006691917803456e-05,
        "batch_size": 16,
        "cotrain_epochs": 7,
        "finetune_patience": 5,
        "weight_decay": 0.08288886759882048,
        "warmup_ratio": 0.18631783989367331
      },
      "dev_macro_f1": 0.349823,
      "duration_seconds": 195.2,
      "full_metrics": {
        "event": "cyclone_idai_2019",
        "budget": 5,
        "seed_set": 1,
        "test_error_rate": 26.18741976893453,
        "test_macro_f1": 0.37072265982764047,
        "test_ece": 0.061940792015489486,
        "test_per_class_f1": [
          0.0,
          0.0,
          0.7611940298507462,
          0.8617021276595744,
          0.0,
          0.0,
          0.40540540540540543,
          0.0,
          0.8571428571428571,
          0.8217821782178217
        ],
        "dev_error_rate": 29.177057356608483,
        "dev_macro_f1": 0.3498233343060929,
        "dev_ece": 0.07600847146754847,
        "stopping_strategy": "baseline",
        "phase1_seed_strategy": "last",
        "phase1_best_epoch": null,
        "lambda1_mean": 0.8268027696560001,
        "lambda1_std": 0.37152315612918996,
        "lambda2_mean": 0.321692171765123,
        "lambda2_std": 0.19818006001880473
      }
    },
    {
      "number": 3,
      "state": "COMPLETE",
      "params": {
        "lr": 5.2378634149715005e-05,
        "batch_size": 16,
        "cotrain_epochs": 7,
        "finetune_patience": 7,
        "weight_decay": 0.087891168656319,
        "warmup_ratio": 0.06958972075872523
      },
      "dev_macro_f1": 0.46839,
      "duration_seconds": 193.5,
      "full_metrics": {
        "event": "cyclone_idai_2019",
        "budget": 5,
        "seed_set": 1,
        "test_error_rate": 22.079589216944807,
        "test_macro_f1": 0.5192787216556317,
        "test_ece": 0.14190271018558354,
        "test_per_class_f1": [
          0.36363636363636365,
          0.5555555555555556,
          0.7692307692307693,
          0.9005847953216374,
          0.0,
          0.0,
          0.5,
          0.4166666666666667,
          0.8790322580645161,
          0.8080808080808081
        ],
        "dev_error_rate": 26.932668329177055,
        "dev_macro_f1": 0.4683895546214386,
        "dev_ece": 0.180874028705302,
        "stopping_strategy": "baseline",
        "phase1_seed_strategy": "last",
        "phase1_best_epoch": null,
        "lambda1_mean": 1.0167118493170393,
        "lambda1_std": 0.294227253886363,
        "lambda2_mean": 0.46648048871510644,
        "lambda2_std": 0.19167589331207788
      }
    },
    {
      "number": 4,
      "state": "COMPLETE",
      "params": {
        "lr": 5.0999770771019096e-05,
        "batch_size": 32,
        "cotrain_epochs": 7,
        "finetune_patience": 10,
        "weight_decay": 0.09899151755163613,
        "warmup_ratio": 0.06782468584126473
      },
      "dev_macro_f1": 0.498525,
      "duration_seconds": 176.2,
      "full_metrics": {
        "event": "cyclone_idai_2019",
        "budget": 5,
        "seed_set": 1,
        "test_error_rate": 22.20795892169448,
        "test_macro_f1": 0.49378638493353294,
        "test_ece": 0.13219600416652966,
        "test_per_class_f1": [
          0.18181818181818182,
          0.3870967741935484,
          0.7659574468085106,
          0.9122807017543859,
          0.0,
          0.0,
          0.4943820224719101,
          0.49056603773584906,
          0.8798920377867746,
          0.8258706467661692
        ],
        "dev_error_rate": 26.43391521197007,
        "dev_macro_f1": 0.49852511961668944,
        "dev_ece": 0.15992824328213265,
        "stopping_strategy": "baseline",
        "phase1_seed_strategy": "last",
        "phase1_best_epoch": null,
        "lambda1_mean": 0.9834291530099054,
        "lambda1_std": 0.32665286450823566,
        "lambda2_mean": 0.431916016536991,
        "lambda2_std": 0.19773456675059975
      }
    },
    {
      "number": 5,
      "state": "COMPLETE",
      "params": {
        "lr": 5.224444392323636e-05,
        "batch_size": 32,
        "cotrain_epochs": 7,