{
  "event": "hurricane_irma_2017",
  "budget": 10,
  "seed_set": 3,
  "test_error_rate": 53.114930182599366,
  "test_macro_f1": 0.4493455927819113,
  "test_ece": 0.09420011658321518,
  "test_per_class_f1": [
    0.42585551330798477,
    0.4213075060532688,
    0.5714285714285714,
    0.7326732673267327,
    0.41830065359477125,
    0.06336633663366337,
    0.1893491124260355,
    0.5780525502318392,
    0.6437768240343348
  ],
  "dev_error_rate": 52.29645093945721,
  "dev_macro_f1": 0.4656272099088872,
  "dev_ece": 0.08572506403748824,
  "stopping_strategy": "baseline",
  "phase1_seed_strategy": "last",
  "phase1_best_epoch": null,
  "lambda1_mean": 0.5757977493951741,
  "lambda1_std": 0.12178253365313287,
  "lambda2_mean": 0.14877759104309085,
  "lambda2_std": 0.04579828177679906
}