{
  "event": "hurricane_dorian_2019",
  "budget": 25,
  "seed_set": 3,
  "test_error_rate": 35.27851458885941,
  "test_macro_f1": 0.5904543307423259,
  "test_ece": 0.19185553479257877,
  "test_per_class_f1": [
    0.6011560693641619,
    0.8522727272727273,
    0.6196319018404908,
    0.4,
    0.6157407407407407,
    0.39166666666666666,
    0.23529411764705882,
    0.8020304568527918,
    0.7962962962962963
  ],
  "dev_error_rate": 36.72680412371135,
  "dev_macro_f1": 0.6131956703840615,
  "dev_ece": 0.21907322957497283,
  "stopping_strategy": "baseline",
  "phase1_seed_strategy": "last",
  "phase1_best_epoch": null,
  "lambda1_mean": 0.9956194717549078,
  "lambda1_std": 0.2892523143685629,
  "lambda2_mean": 0.6268715406858114,
  "lambda2_std": 0.2462875931671179
}