{
  "event": "cyclone_idai_2019",
  "budget": 5,
  "seed_set": 3,
  "test_error_rate": 24.646983311938385,
  "test_macro_f1": 0.4993670394458293,
  "test_ece": 0.1490438254944626,
  "test_per_class_f1": [
    0.3076923076923077,
    0.48484848484848486,
    0.7552447552447552,
    0.8862275449101796,
    0.0,
    0.1,
    0.4444444444444444,
    0.36363636363636365,
    0.863697705802969,
    0.7878787878787878
  ],
  "dev_error_rate": 25.935162094763086,
  "dev_macro_f1": 0.5226370951180055,
  "dev_ece": 0.1783957976355517,
  "stopping_strategy": "baseline",
  "phase1_seed_strategy": "last",
  "phase1_best_epoch": null,
  "lambda1_mean": 0.9951680345689385,
  "lambda1_std": 0.31969279307387405,
  "lambda2_mean": 0.5305675296150216,
  "lambda2_std": 0.21273769795618963
}