{
  "event": "kerala_floods_2018",
  "budget": 10,
  "seed_set": 2,
  "test_error_rate": 56.1314791403287,
  "test_macro_f1": 0.327900713268398,
  "test_ece": 0.06989352238351568,
  "test_per_class_f1": [
    0.06060606060606061,
    0.039473684210526314,
    0.19494584837545126,
    0.6711409395973155,
    0.3769633507853403,
    0.0,
    0.39846743295019155,
    0.622478386167147,
    0.5870307167235495
  ],
  "dev_error_rate": 56.63390663390664,
  "dev_macro_f1": 0.34138851540881404,
  "dev_ece": 0.08478843091234237,
  "stopping_strategy": "baseline",
  "phase1_seed_strategy": "last",
  "phase1_best_epoch": null,
  "lambda1_mean": 0.5932374044462816,
  "lambda1_std": 0.12695340049385262,
  "lambda2_mean": 0.1499077746420817,
  "lambda2_std": 0.04655685355088725
}