{
  "event": "hurricane_irma_2017",
  "budget": 50,
  "seed_set": 1,
  "test_error_rate": 30.827067669172937,
  "test_macro_f1": 0.6752388544399258,
  "test_ece": 0.1478595218744237,
  "test_per_class_f1": [
    0.6567164179104478,
    0.8373493975903614,
    0.8276729559748428,
    0.9307479224376731,
    0.5460122699386503,
    0.4346629986244842,
    0.42424242424242425,
    0.7184466019417476,
    0.7012987012987013
  ],
  "dev_error_rate": 32.776617954070986,
  "dev_macro_f1": 0.6602924225052897,
  "dev_ece": 0.15781254459771332,
  "stopping_strategy": "baseline",
  "phase1_seed_strategy": "last",
  "phase1_best_epoch": null,
  "lambda1_mean": 1.0022441759106773,
  "lambda1_std": 0.29810042905018846,
  "lambda2_mean": 0.5047073474746979,
  "lambda2_std": 0.19801518911715416
}