{
  "event": "hurricane_maria_2017",
  "budget": 5,
  "seed_set": 2,
  "test_error_rate": 77.25381414701803,
  "test_macro_f1": 0.14626627336304754,
  "test_ece": 0.6545616425315485,
  "test_per_class_f1": [
    0.10256410256410256,
    0.0,
    0.0,
    0.0,
    0.23387096774193547,
    0.0,
    0.0,
    0.5542857142857143,
    0.42567567567567566
  ],
  "dev_error_rate": 75.87601078167116,
  "dev_macro_f1": 0.15328820634562831,
  "dev_ece": 0.6449491153107177,
  "stopping_strategy": "baseline",
  "phase1_seed_strategy": "last",
  "phase1_best_epoch": null,
  "lambda1_mean": 1.0270143116771266,
  "lambda1_std": 0.25786150563939864,
  "lambda2_mean": 0.4897363022185573,
  "lambda2_std": 0.18167338310002998
}