{
  "event": "kerala_floods_2018",
  "budget": 10,
  "seed_set": 2,
  "status": "done",
  "best_params": {
    "lr": 1.5223806262552004e-05,
    "batch_size": 16,
    "cotrain_epochs": 17,
    "finetune_patience": 6,
    "weight_decay": 0.03885532304660715,
    "warmup_ratio": 0.024013809309148704
  },
  "best_value": 0.601027,
  "best_full_metrics": {
    "event": "kerala_floods_2018",
    "budget": 10,
    "seed_set": 2,
    "test_error_rate": 30.08849557522124,
    "test_macro_f1": 0.5589191357810559,
    "test_ece": 0.22916284785635402,
    "test_per_class_f1": [
      0.509090909090909,
      0.20689655172413793,
      0.5692307692307692,
      0.8148148148148148,
      0.3645320197044335,
      0.3726027397260274,
      0.6787330316742082,
      0.8412322274881516,
      0.6731391585760518
    ],
    "dev_error_rate": 28.132678132678134,
    "dev_macro_f1": 0.6010265822184735,
    "dev_ece": 0.2213863239827261,
    "stopping_strategy": "baseline",
    "phase1_seed_strategy": "last",
    "phase1_best_epoch": null,
    "lambda1_mean": 1.0969173110401285,
    "lambda1_std": 0.17347277585470894,
    "lambda2_mean": 0.6463982547952576,
    "lambda2_std": 0.15453630254497133
  },
  "n_trials": 10,
  "continued_from": null,
  "trials": [
    {
      "number": 0,
      "state": "COMPLETE",
      "params": {
        "lr": 3.739308531981928e-05,
        "batch_size": 32,
        "cotrain_epochs": 12,
        "finetune_patience": 5,
        "weight_decay": 0.08579931838581133,
        "warmup_ratio": 0.24824433014279873
      },
      "dev_macro_f1": 0.587258,
      "duration_seconds": 519.3,
      "full_metrics": {
        "event": "kerala_floods_2018",
        "budget": 10,
        "seed_set": 2,
        "test_error_rate": 32.99620733249052,
        "test_macro_f1": 0.5342881492560398,
        "test_ece": 0.19132450322812483,
        "test_per_class_f1": [
          0.37209302325581395,
          0.11764705882352941,
          0.5441176470588235,
          0.8591549295774648,
          0.3508771929824561,
          0.4152542372881356,
          0.6887966804979253,
          0.8083228247162674,
          0.6523297491039427
        ],
        "dev_error_rate": 31.818181818181824,
        "dev_macro_f1": 0.5872577628931646,
        "dev_ece": 0.1759269687115999,
        "stopping_strategy": "baseline",
        "phase1_seed_strategy": "last",
        "phase1_best_epoch": null,
        "lambda1_mean": 1.0506968936396313,
        "lambda1_std": 0.22496021846679964,
        "lambda2_mean": 0.5177083721398278,
        "lambda2_std": 0.18337580505945061
      }
    },
    {
      "number": 1,
      "state": "COMPLETE",
      "params": {
        "lr": 1.5223806262552004e-05,
        "batch_size": 16,
        "cotrain_epochs": 17,
        "finetune_patience": 6,
        "weight_decay": 0.03885532304660715,
        "warmup_ratio": 0.024013809309148704
      },
      "dev_macro_f1": 0.601027,
      "duration_seconds": 780.2,
      "full_metrics": {
        "event": "kerala_floods_2018",
        "budget": 10,
        "seed_set": 2,
        "test_error_rate": 30.08849557522124,
        "test_macro_f1": 0.5589191357810559,
        "test_ece": 0.22916284785635402,
        "test_per_class_f1": [
          0.509090909090909,
          0.20689655172413793,
          0.5692307692307692,
          0.8148148148148148,
          0.3645320197044335,
          0.3726027397260274,
          0.6787330316742082,
          0.8412322274881516,
          0.6731391585760518
        ],
        "dev_error_rate": 28.132678132678134,
        "dev_macro_f1": 0.6010265822184735,
        "dev_ece": 0.2213863239827261,
        "stopping_strategy": "baseline",
        "phase1_seed_strategy": "last",
        "phase1_best_epoch": null,
        "lambda1_mean": 1.0969173110401285,
        "lambda1_std": 0.17347277585470894,
        "lambda2_mean": 0.6463982547952576,
        "lambda2_std": 0.15453630254497133
      }
    },
    {
      "number": 2,
      "state": "COMPLETE",
      "params": {
        "lr": 1.543816153619059e-05,
        "batch_size": 8,
        "cotrain_epochs": 7,
        "finetune_patience": 10,
        "weight_decay": 0.04495724302981501,
        "warmup_ratio": 0.01475835048328552
      },
      "dev_macro_f1": 0.600722,
      "duration_seconds": 568.3,
      "full_metrics": {
        "event": "kerala_floods_2018",
        "budget": 10,
        "seed_set": 2,
        "test_error_rate": 28.508217446270546,
        "test_macro_f1": 0.5698239336048782,
        "test_ece": 0.21233954718607262,
        "test_per_class_f1": [
          0.5084745762711864,
          0.24,
          0.5294117647058824,
          0.8175182481751825,
          0.4020618556701031,
          0.4228571428571429,
          0.703862660944206,
          0.8507638072855465,
          0.6534653465346535
        ],
        "dev_error_rate": 28.00982800982801,
        "dev_macro_f1": 0.6007216613149496,
        "dev_ece": 0.20730757068943334,
        "stopping_strategy": "baseline",
        "phase1_seed_strategy": "last",
        "phase1_best_epoch": null,
        "lambda1_mean": 1.0794707069232237,
        "lambda1_std": 0.188607505796117,
        "lambda2_mean": 0.49794146577871273,
        "lambda2_std": 0.1470378349536217
      }
    },
    {
      "number": 3,
      "state": "COMPLETE",
      "params": {
        "lr": 4.0980619634320935e-05,
        "batch_size": 32,
        "cotrain_epochs": 17,
        "finetune_patience": 7,
        "weight_decay": 0.0334838857143094,
        "warmup_ratio": 0.298657793234732
      },
      "dev_macro_f1": 0.58476,
      "duration_seconds": 695.0,
      "full_metrics": {
        "event": "kerala_floods_2018",
        "budget": 10,
        "seed_set": 2,
        "test_error_rate": 31.731984829329964,
        "test_macro_f1": 0.5421517733907356,
        "test_ece": 0.21567469528215727,
        "test_per_class_f1": [
          0.5151515151515151,
          0.15384615384615385,
          0.4563758389261745,
          0.8115942028985508,
          0.40404040404040403,
          0.39361702127659576,
          0.6533864541832669,
          0.8292383292383292,
          0.6621160409556314
        ],
        "dev_error_rate": 30.098280098280096,
        "dev_macro_f1": 0.5847603045483244,
        "dev_ece": 0.19761669300771167,
        "stopping_strategy": "baseline",
        "phase1_seed_strategy": "last",
        "phase1_best_epoch": null,
        "lambda1_mean": 1.0558321459993616,
        "lambda1_std": 0.22314889680914624,
        "lambda2_mean": 0.5616204093788961,
        "lambda2_std": 0.18436879645485416
      }
    },
    {
      "number": 4,
      "state": "COMPLETE",
      "params": {
        "lr": 8.059288542947414e-05,
        "batch_size": 8,
        "cotrain_epochs": 20,
        "finetune_patience": 5,
        "weight_decay": 0.02404608187741293,
        "warmup_ratio": 0.057466764122237786
      },
      "dev_macro_f1": 0.077742,
      "duration_seconds": 1341.1,
      "full_metrics": {
        "event": "kerala_floods_2018",
        "budget": 10,
        "seed_set": 2,
        "test_error_rate": 46.207332490518326,
        "test_macro_f1": 0.07772754258574234,
        "test_ece": 0.3524035836290921,
        "test_per_class_f1": [
          0.0,
          0.0,
          0.0,
          0.0,
          0.0,
          0.0,
          0.0,
          0.699547883271681,
          0.0
        ],
        "dev_error_rate": 46.1916461916462,
        "dev_macro_f1": 0.07774227902023428,
        "dev_ece": 0.3522467214147348,
        "stopping_strategy": "baseline",
        "phase1_seed_strategy": "last",
        "phase1_best_epoch": null,
        "lambda1_mean": 0.7715267489480153,
        "lambda1_std": 0.397770414485898,
        "lambda2_mean": 0.2984184382389969,
        "lambda2_std": 0.2779874538744792
      }
    },
    {
      "number": 5,
      "state": "COMPLETE",
      "params": {
        "lr": 0.000209612804493839,
        "batch_size": 16,