{
  "event": "hurricane_dorian_2019",
  "budget": 50,
  "seed_set": 3,
  "test_error_rate": 37.46684350132627,
  "test_macro_f1": 0.5686846077196152,
  "test_ece": 0.08678839671912182,
  "test_per_class_f1": [
    0.5692307692307692,
    0.8959537572254336,
    0.6550724637681159,
    0.29411764705882354,
    0.5389221556886228,
    0.4053452115812918,
    0.1791044776119403,
    0.7896103896103897,
    0.7908045977011494
  ],
  "dev_error_rate": 37.11340206185567,
  "dev_macro_f1": 0.5768537519442613,
  "dev_ece": 0.10969060388652933,
  "stopping_strategy": "baseline",
  "phase1_seed_strategy": "last",
  "phase1_best_epoch": null,
  "lambda1_mean": 0.5152575495953877,
  "lambda1_std": 0.099665309270789,
  "lambda2_mean": 0.11825957689574348,
  "lambda2_std": 0.04257322408121728
}