{
  "event": "canada_wildfires_2016",
  "budget": 5,
  "seed_set": 2,
  "status": "done",
  "best_params": {
    "lr": 0.00015000420752593298,
    "batch_size": 32,
    "cotrain_epochs": 16,
    "finetune_patience": 10,
    "weight_decay": 0.04489819734754479,
    "warmup_ratio": 0.011177068605120499
  },
  "best_value": 0.53535,
  "best_full_metrics": {
    "event": "canada_wildfires_2016",
    "budget": 5,
    "seed_set": 2,
    "test_error_rate": 37.752808988764045,
    "test_macro_f1": 0.45673942882211604,
    "test_ece": 0.25407000023327514,
    "test_per_class_f1": [
      0.0784313725490196,
      0.7674418604651163,
      0.5765765765765766,
      0.2,
      0.18518518518518517,
      0.23529411764705882,
      0.8313253012048193,
      0.7796610169491526
    ],
    "dev_error_rate": 32.45614035087719,
    "dev_macro_f1": 0.5353495349345954,
    "dev_ece": 0.18892972445801684,
    "stopping_strategy": "baseline",
    "phase1_seed_strategy": "last",
    "phase1_best_epoch": null,
    "lambda1_mean": 1.047829615271539,
    "lambda1_std": 0.23584812246931114,
    "lambda2_mean": 0.614590381960184,
    "lambda2_std": 0.1987675603925407
  },
  "n_trials": 10,
  "continued_from": null,
  "trials": [
    {
      "number": 0,
      "state": "COMPLETE",
      "params": {
        "lr": 0.000254474277962515,
        "batch_size": 16,
        "cotrain_epochs": 17,
        "finetune_patience": 8,
        "weight_decay": 0.006258168484585791,
        "warmup_ratio": 0.09882608280829447
      },
      "dev_macro_f1": 0.073529,
      "duration_seconds": 426.1,
      "full_metrics": {
        "event": "canada_wildfires_2016",
        "budget": 5,
        "seed_set": 2,
        "test_error_rate": 58.20224719101124,
        "test_macro_f1": 0.07369255150554675,
        "test_ece": 0.21358880260017477,
        "test_per_class_f1": [
          0.0,
          0.0,
          0.0,
          0.0,
          0.0,
          0.0,
          0.589540412044374,
          0.0
        ],
        "dev_error_rate": 58.33333333333333,
        "dev_macro_f1": 0.07352941176470588,
        "dev_ece": 0.21489893814973665,
        "stopping_strategy": "baseline",
        "phase1_seed_strategy": "last",
        "phase1_best_epoch": null,
        "lambda1_mean": 0.5492516575345532,
        "lambda1_std": 0.3250388167086147,
        "lambda2_mean": 0.15452192452826619,
        "lambda2_std": 0.15770496917520174
      }
    },
    {
      "number": 1,
      "state": "COMPLETE",
      "params": {
        "lr": 0.00015000420752593298,
        "batch_size": 32,
        "cotrain_epochs": 16,
        "finetune_patience": 10,
        "weight_decay": 0.04489819734754479,
        "warmup_ratio": 0.011177068605120499
      },
      "dev_macro_f1": 0.53535,
      "duration_seconds": 358.8,
      "full_metrics": {
        "event": "canada_wildfires_2016",
        "budget": 5,
        "seed_set": 2,
        "test_error_rate": 37.752808988764045,
        "test_macro_f1": 0.45673942882211604,
        "test_ece": 0.25407000023327514,
        "test_per_class_f1": [
          0.0784313725490196,
          0.7674418604651163,
          0.5765765765765766,
          0.2,
          0.18518518518518517,
          0.23529411764705882,
          0.8313253012048193,
          0.7796610169491526
        ],
        "dev_error_rate": 32.45614035087719,
        "dev_macro_f1": 0.5353495349345954,
        "dev_ece": 0.18892972445801684,
        "stopping_strategy": "baseline",
        "phase1_seed_strategy": "last",
        "phase1_best_epoch": null,
        "lambda1_mean": 1.047829615271539,
        "lambda1_std": 0.23584812246931114,
        "lambda2_mean": 0.614590381960184,
        "lambda2_std": 0.1987675603925407
      }
    },
    {
      "number": 2,
      "state": "COMPLETE",
      "params": {
        "lr": 9.745809716248891e-05,
        "batch_size": 8,
        "cotrain_epochs": 18,
        "finetune_patience": 10,
        "weight_decay": 0.07109741784987696,
        "warmup_ratio": 0.1952735946926563
      },
      "dev_macro_f1": 0.484405,
      "duration_seconds": 530.9,
      "full_metrics": {
        "event": "canada_wildfires_2016",
        "budget": 5,
        "seed_set": 2,
        "test_error_rate": 39.10112359550561,
        "test_macro_f1": 0.4435723170005006,
        "test_ece": 0.24100489998131652,
        "test_per_class_f1": [
          0.041666666666666664,
          0.7852760736196319,
          0.584070796460177,
          0.15384615384615385,
          0.20168067226890757,
          0.2222222222222222,
          0.8098159509202454,
          0.75
        ],
        "dev_error_rate": 37.28070175438597,
        "dev_macro_f1": 0.4844046697991008,
        "dev_ece": 0.21378588166676069,
        "stopping_strategy": "baseline",
        "phase1_seed_strategy": "last",
        "phase1_best_epoch": null,
        "lambda1_mean": 0.9993793796908084,
        "lambda1_std": 0.25320456453859913,
        "lambda2_mean": 0.5935397121734625,
        "lambda2_std": 0.21293442524163206
      }
    },
    {
      "number": 3,
      "state": "COMPLETE",
      "params": {
        "lr": 0.00020083804905519215,
        "batch_size": 8,
        "cotrain_epochs": 12,
        "finetune_patience": 6,
        "weight_decay": 0.04091675930344699,
        "warmup_ratio": 0.2208302436257127
      },
      "dev_macro_f1": 0.073529,
      "duration_seconds": 364.5,
      "full_metrics": {
        "event": "canada_wildfires_2016",
        "budget": 5,
        "seed_set": 2,
        "test_error_rate": 58.20224719101124,
        "test_macro_f1": 0.07369255150554675,
        "test_ece": 0.20356996394275284,
        "test_per_class_f1": [
          0.0,
          0.0,
          0.0,
          0.0,
          0.0,
          0.0,
          0.589540412044374,
          0.0
        ],
        "dev_error_rate": 58.33333333333333,
        "dev_macro_f1": 0.07352941176470588,
        "dev_ece": 0.204875645668883,
        "stopping_strategy": "baseline",
        "phase1_seed_strategy": "last",
        "phase1_best_epoch": null,
        "lambda1_mean": 0.4319511652924047,
        "lambda1_std": 0.27667863859116304,
        "lambda2_mean": 0.1585507461881391,
        "lambda2_std": 0.16733445421862644
      }
    },
    {
      "number": 4,
      "state": "COMPLETE",
      "params": {
        "lr": 0.000573345451871829,
        "batch_size": 8,
        "cotrain_epochs": 13,
        "finetune_patience": 9,
        "weight_decay": 0.03965243806267976,
        "warmup_ratio": 0.15242110621868424
      },
      "dev_macro_f1": 0.073529,
      "duration_seconds": 393.7,
      "full_metrics": {
        "event": "canada_wildfires_2016",
        "budget": 5,
        "seed_set": 2,
        "test_error_rate": 58.20224719101124,
        "test_macro_f1": 0.07369255150554675,
        "test_ece": 0.3036062378561899,
        "test_per_class_f1": [
          0.0,
          0.0,
          0.0,
          0.0,
          0.0,
          0.0,
          0.589540412044374,
          0.0
        ],
        "dev_error_rate": 58.33333333333333,
        "dev_macro_f1": 0.07352941176470588,
        "dev_ece": 0.30491710310442405,
        "stopping_strategy": "baseline",
        "phase1_seed_strategy": "last",
        "phase1_best_epoch": null,
        "lambda1_mean": 0.3526762270145226,
        "lambda1_std": 0.3313934095302782,
        "lambda2_mean": 0.180198025022228,
        "lambda2_std": 0.1918578037614313
      }
    },
    {
      "number": 5,
      "state": "COMPLETE",
      "params": {
        "lr": 4.5092995235026675e-05,
        "batch_size": 32,
        "cotrain_epochs": 5,
        "finetune_patience": 10,
        "weight_decay": 0.016629315864289517,
        "warmup_ratio": 0.22013819525535658
      },
      "dev_macro_f1": 0.502023,
      "duration_seconds": 153.0,
      "full_metrics": {
        "event": "canada_wildfires_2016",
        "budget": 5,
        "seed_set": 2,
        "test_error_rate": 37.52808988764045,