{
  "event": "cyclone_idai_2019",
  "budget": 10,
  "seed_set": 1,
  "test_error_rate": 70.60333761232349,
  "test_macro_f1": 0.23048490257817122,
  "test_ece": 0.12567631215507474,
  "test_per_class_f1": [
    0.13675213675213677,
    0.08695652173913043,
    0.02631578947368421,
    0.6331658291457286,
    0.03636363636363636,
    0.21739130434782608,
    0.11864406779661017,
    0.0782122905027933,
    0.3120879120879121,
    0.6589595375722543
  ],
  "dev_error_rate": 69.82543640897757,
  "dev_macro_f1": 0.255757184535583,
  "dev_ece": 0.13424110360573652,
  "stopping_strategy": "baseline",
  "phase1_seed_strategy": "last",
  "phase1_best_epoch": null,
  "lambda1_mean": 0.3304758142349796,
  "lambda1_std": 0.11215632965091883,
  "lambda2_mean": 0.10152011084070164,
  "lambda2_std": 0.01748739015253041
}