{
  "event": "cyclone_idai_2019",
  "budget": 10,
  "seed_set": 3,
  "test_error_rate": 76.50834403080873,
  "test_macro_f1": 0.1730810862587703,
  "test_ece": 0.30203600111148476,
  "test_per_class_f1": [
    0.1,
    0.0,
    0.16326530612244897,
    0.5588235294117647,
    0.0,
    0.0,
    0.20388349514563106,
    0.06976744186046512,
    0.0,
    0.6350710900473934
  ],
  "dev_error_rate": 75.06234413965088,
  "dev_macro_f1": 0.1904426289599968,
  "dev_ece": 0.29032077233393,
  "stopping_strategy": "baseline",
  "phase1_seed_strategy": "last",
  "phase1_best_epoch": null,
  "lambda1_mean": 0.8655356239396711,
  "lambda1_std": 0.3626570106172303,
  "lambda2_mean": 0.3685047466215761,
  "lambda2_std": 0.209905490088379
}