{
  "event": "kerala_floods_2018",
  "budget": 5,
  "seed_set": 2,
  "test_error_rate": 28.82427307206068,
  "test_macro_f1": 0.5653605310519753,
  "test_ece": 0.20781746139342505,
  "test_per_class_f1": [
    0.5098039215686274,
    0.21428571428571427,
    0.5428571428571428,
    0.8428571428571429,
    0.3867924528301887,
    0.40437158469945356,
    0.6666666666666666,
    0.8495575221238938,
    0.6710526315789473
  ],
  "dev_error_rate": 27.88697788697788,
  "dev_macro_f1": 0.6129350021124469,
  "dev_ece": 0.1971206827231063,
  "stopping_strategy": "baseline",
  "phase1_seed_strategy": "last",
  "phase1_best_epoch": null,
  "lambda1_mean": 1.0467213062226068,
  "lambda1_std": 0.23210540317412184,
  "lambda2_mean": 0.49950104240336135,
  "lambda2_std": 0.17588725349782172
}