{
  "event": "cyclone_idai_2019",
  "budget": 25,
  "seed_set": 3,
  "test_error_rate": 37.61232349165597,
  "test_macro_f1": 0.5402259155706334,
  "test_ece": 0.08073331046471699,
  "test_per_class_f1": [
    0.2857142857142857,
    0.4,
    0.7080745341614907,
    0.9122807017543859,
    0.8571428571428571,
    0.17857142857142858,
    0.2956521739130435,
    0.23529411764705882,
    0.7041322314049587,
    0.8253968253968254
  ],
  "dev_error_rate": 38.40399002493765,
  "dev_macro_f1": 0.5145612247957361,
  "dev_ece": 0.09996130218975562,
  "stopping_strategy": "baseline",
  "phase1_seed_strategy": "last",
  "phase1_best_epoch": null,
  "lambda1_mean": 0.9167416046165278,
  "lambda1_std": 0.34700148568669603,
  "lambda2_mean": 0.4321408661970886,
  "lambda2_std": 0.258310432829227
}