{
  "event": "hurricane_maria_2017",
  "budget": 50,
  "seed_set": 1,
  "test_error_rate": 40.499306518724,
  "test_macro_f1": 0.5611824159860529,
  "test_ece": 0.09547539840706837,
  "test_per_class_f1": [
    0.5483870967741935,
    0.23333333333333334,
    0.6401673640167364,
    0.8888888888888888,
    0.2602739726027397,
    0.3946360153256705,
    0.6222222222222222,
    0.773936170212766,
    0.6887966804979253
  ],
  "dev_error_rate": 38.94878706199461,
  "dev_macro_f1": 0.5660673510630364,
  "dev_ece": 0.10073452788302195
}