{
  "event": "kerala_floods_2018",
  "budget": 10,
  "seed_set": 1,
  "test_error_rate": 30.4677623261694,
  "test_macro_f1": 0.5531723914851235,
  "test_ece": 0.20690934320466708,
  "test_per_class_f1": [
    0.45454545454545453,
    0.21621621621621623,
    0.5112781954887218,
    0.8493150684931506,
    0.3825136612021858,
    0.42077922077922075,
    0.6615969581749049,
    0.832,
    0.6503067484662577
  ],
  "dev_error_rate": 28.501228501228503,
  "dev_macro_f1": 0.5974562508886444,
  "dev_ece": 0.19854953072287823,
  "stopping_strategy": "baseline",
  "phase1_seed_strategy": "last",
  "phase1_best_epoch": null,
  "lambda1_mean": 1.0614292459362717,
  "lambda1_std": 0.22460623146337996,
  "lambda2_mean": 0.5997343496782852,
  "lambda2_std": 0.17951422072170722
}