{
  "event": "kerala_floods_2018",
  "budget": 10,
  "seed_set": 2,
  "test_error_rate": 31.41592920353983,
  "test_macro_f1": 0.5435378156920998,
  "test_ece": 0.2122574940078931,
  "test_per_class_f1": [
    0.4594594594594595,
    0.1935483870967742,
    0.4900662251655629,
    0.8591549295774648,
    0.34,
    0.35356200527704484,
    0.6821705426356589,
    0.8298397040690506,
    0.6840390879478827
  ],
  "dev_error_rate": 28.62407862407862,
  "dev_macro_f1": 0.6098890078654319,
  "dev_ece": 0.19101257849237552,
  "stopping_strategy": "baseline",
  "phase1_seed_strategy": "last",
  "phase1_best_epoch": null,
  "lambda1_mean": 1.046639461969732,
  "lambda1_std": 0.23196737748377458,
  "lambda2_mean": 0.49659236880698204,
  "lambda2_std": 0.17890588900797785
}