{
  "event": "hurricane_dorian_2019",
  "budget": 25,
  "seed_set": 3,
  "test_error_rate": 46.41909814323607,
  "test_macro_f1": 0.4796095207821493,
  "test_ece": 0.05339046480722072,
  "test_per_class_f1": [
    0.5579567779960707,
    0.7675070028011205,
    0.3010752688172043,
    0.20224719101123595,
    0.5043478260869565,
    0.34959349593495936,
    0.15584415584415584,
    0.7119565217391305,
    0.7659574468085106
  ],
  "dev_error_rate": 48.84020618556701,
  "dev_macro_f1": 0.46865085851628785,
  "dev_ece": 0.06058484064319086,
  "stopping_strategy": "baseline",
  "phase1_seed_strategy": "last",
  "phase1_best_epoch": null,
  "lambda1_mean": 0.6023702502698498,
  "lambda1_std": 0.0986981140024117,
  "lambda2_mean": 0.14536653336563504,
  "lambda2_std": 0.025158531193964752
}