{
  "event": "hurricane_harvey_2017",
  "budget": 50,
  "seed_set": 1,
  "test_error_rate": 29.639889196675895,
  "test_macro_f1": 0.6595130300164138,
  "test_ece": 0.21746886608673266,
  "test_per_class_f1": [
    0.5703703703703704,
    0.8945454545454545,
    0.8074534161490683,
    0.8873720136518771,
    0.3181818181818182,
    0.49324324324324326,
    0.45652173913043476,
    0.8164794007490637,
    0.6914498141263941
  ],
  "dev_error_rate": 29.063509149623247,
  "dev_macro_f1": 0.6865580179389276,
  "dev_ece": 0.22229183753160406,
  "stopping_strategy": "baseline",
  "phase1_seed_strategy": "last",
  "phase1_best_epoch": null,
  "lambda1_mean": 0.959841661335507,
  "lambda1_std": 0.31034394866849746,
  "lambda2_mean": 0.09613383158884711,
  "lambda2_std": 0.12948830147495627
}