{
  "event": "hurricane_dorian_2019",
  "budget": 5,
  "seed_set": 1,
  "status": "done",
  "best_params": {
    "lr": 1.0059896206875672e-05,
    "batch_size": 16,
    "cotrain_epochs": 10,
    "finetune_patience": 5,
    "weight_decay": 0.05019257165480409,
    "warmup_ratio": 0.0646506439927977
  },
  "best_value": 0.457055,
  "best_full_metrics": {
    "event": "hurricane_dorian_2019",
    "budget": 5,
    "seed_set": 1,
    "test_error_rate": 51.989389920424415,
    "test_macro_f1": 0.45351076775439975,
    "test_ece": 0.4333288005555656,
    "test_per_class_f1": [
      0.40941176470588236,
      0.8538681948424068,
      0.31399317406143346,
      0.21052631578947367,
      0.484149855907781,
      0.3586744639376218,
      0.14814814814814814,
      0.5255972696245734,
      0.7772277227722773
    ],
    "dev_error_rate": 50.644329896907216,
    "dev_macro_f1": 0.4570551533108013,
    "dev_ece": 0.41302609789310046,
    "stopping_strategy": "baseline",
    "phase1_seed_strategy": "last",
    "phase1_best_epoch": null,
    "lambda1_mean": 0.9906575984205082,
    "lambda1_std": 0.246774534646771,
    "lambda2_mean": 0.47344122460480387,
    "lambda2_std": 0.1648108685804514
  },
  "n_trials": 10,
  "continued_from": null,
  "trials": [
    {
      "number": 0,
      "state": "COMPLETE",
      "params": {
        "lr": 0.00038187442829174727,
        "batch_size": 16,
        "cotrain_epochs": 11,
        "finetune_patience": 7,
        "weight_decay": 0.06581474208656654,
        "warmup_ratio": 0.25154854357334466
      },
      "dev_macro_f1": 0.021238,
      "duration_seconds": 539.9,
      "full_metrics": {
        "event": "hurricane_dorian_2019",
        "budget": 5,
        "seed_set": 1,
        "test_error_rate": 89.45623342175067,
        "test_macro_f1": 0.021195760847830435,
        "test_ece": 0.06356662041470605,
        "test_per_class_f1": [
          0.0,
          0.1907618476304739,
          0.0,
          0.0,
          0.0,
          0.0,
          0.0,
          0.0,
          0.0
        ],
        "dev_error_rate": 89.43298969072166,
        "dev_macro_f1": 0.021238021238021237,
        "dev_ece": 0.06333418276890652,
        "stopping_strategy": "baseline",
        "phase1_seed_strategy": "last",
        "phase1_best_epoch": null,
        "lambda1_mean": 0.30354336435229823,
        "lambda1_std": 0.10604626056278973,
        "lambda2_mean": 0.03735778046860719,
        "lambda2_std": 0.03949861996552741
      }
    },
    {
      "number": 1,
      "state": "COMPLETE",
      "params": {
        "lr": 0.0004971523029179051,
        "batch_size": 64,
        "cotrain_epochs": 15,
        "finetune_patience": 4,
        "weight_decay": 0.01060138270502552,
        "warmup_ratio": 0.12177144174516166
      },
      "dev_macro_f1": 0.02759,
      "duration_seconds": 537.1,
      "full_metrics": {
        "event": "hurricane_dorian_2019",
        "budget": 5,
        "seed_set": 1,
        "test_error_rate": 85.74270557029178,
        "test_macro_f1": 0.02772941252337654,
        "test_ece": 0.18043033691711075,
        "test_per_class_f1": [
          0.0,
          0.0,
          0.0,
          0.0,
          0.0,
          0.0,
          0.0,
          0.0,
          0.24956471271038885
        ],
        "dev_error_rate": 85.82474226804125,
        "dev_macro_f1": 0.02758966641585152,
        "dev_ece": 0.18125070493245865,
        "stopping_strategy": "baseline",
        "phase1_seed_strategy": "last",
        "phase1_best_epoch": null,
        "lambda1_mean": 0.2663103921910927,
        "lambda1_std": 0.1582055356321062,
        "lambda2_mean": 0.044305917252410905,
        "lambda2_std": 0.05247885465112203
      }
    },
    {
      "number": 2,
      "state": "COMPLETE",
      "params": {
        "lr": 0.00017818081782492627,
        "batch_size": 16,
        "cotrain_epochs": 6,
        "finetune_patience": 4,
        "weight_decay": 0.019543091891595577,
        "warmup_ratio": 0.06910626571833785
      },
      "dev_macro_f1": 0.434453,
      "duration_seconds": 325.5,
      "full_metrics": {
        "event": "hurricane_dorian_2019",
        "budget": 5,
        "seed_set": 1,
        "test_error_rate": 52.51989389920424,
        "test_macro_f1": 0.4413494161070758,
        "test_ece": 0.1333341656415785,
        "test_per_class_f1": [
          0.42962962962962964,
          0.8498583569405099,
          0.2887323943661972,
          0.14705882352941177,
          0.43023255813953487,
          0.39410681399631675,
          0.16911764705882354,
          0.4714285714285714,
          0.7919799498746867
        ],
        "dev_error_rate": 52.83505154639175,
        "dev_macro_f1": 0.4344528798005427,
        "dev_ece": 0.12809134837355196,
        "stopping_strategy": "baseline",
        "phase1_seed_strategy": "last",
        "phase1_best_epoch": null,
        "lambda1_mean": 0.9589799032192418,
        "lambda1_std": 0.23532184463711897,
        "lambda2_mean": 0.10484821842798206,
        "lambda2_std": 0.14501346453507627
      }
    },
    {
      "number": 3,
      "state": "COMPLETE",
      "params": {
        "lr": 0.00030942206363798025,
        "batch_size": 32,
        "cotrain_epochs": 15,
        "finetune_patience": 4,
        "weight_decay": 0.08312721681202849,
        "warmup_ratio": 0.06213140205629944
      },
      "dev_macro_f1": 0.035392,
      "duration_seconds": 589.1,
      "full_metrics": {
        "event": "hurricane_dorian_2019",
        "budget": 5,
        "seed_set": 1,
        "test_error_rate": 81.03448275862068,
        "test_macro_f1": 0.03542673107890499,
        "test_ece": 0.05443396797744604,
        "test_per_class_f1": [
          0.0,
          0.0,
          0.0,
          0.0,
          0.0,
          0.3188405797101449,
          0.0,
          0.0,
          0.0
        ],
        "dev_error_rate": 81.05670103092784,
        "dev_macro_f1": 0.03539183820873962,
        "dev_ece": 0.05482990780518843,
        "stopping_strategy": "baseline",
        "phase1_seed_strategy": "last",
        "phase1_best_epoch": null,
        "lambda1_mean": 0.4090824832640185,
        "lambda1_std": 0.1874321038913075,
        "lambda2_mean": 0.05643774599089392,
        "lambda2_std": 0.04559087896500642
      }
    },
    {
      "number": 4,
      "state": "COMPLETE",
      "params": {
        "lr": 1.0059896206875672e-05,
        "batch_size": 16,
        "cotrain_epochs": 10,
        "finetune_patience": 5,
        "weight_decay": 0.05019257165480409,
        "warmup_ratio": 0.0646506439927977
      },
      "dev_macro_f1": 0.457055,
      "duration_seconds": 518.7,
      "full_metrics": {
        "event": "hurricane_dorian_2019",
        "budget": 5,
        "seed_set": 1,
        "test_error_rate": 51.989389920424415,
        "test_macro_f1": 0.45351076775439975,
        "test_ece": 0.4333288005555656,
        "test_per_class_f1": [
          0.40941176470588236,
          0.8538681948424068,
          0.31399317406143346,
          0.21052631578947367,
          0.484149855907781,
          0.3586744639376218,
          0.14814814814814814,
          0.5255972696245734,
          0.7772277227722773
        ],
        "dev_error_rate": 50.644329896907216,
        "dev_macro_f1": 0.4570551533108013,
        "dev_ece": 0.41302609789310046,
        "stopping_strategy": "baseline",
        "phase1_seed_strategy": "last",
        "phase1_best_epoch": null,
        "lambda1_mean": 0.9906575984205082,
        "lambda1_std": 0.246774534646771,
        "lambda2_mean": 0.47344122460480387,
        "lambda2_std": 0.1648108685804514
      }
    },
    {
      "number": 5,
      "state": "COMPLETE",
      "params": {
        "lr": 0.00010063983730003281,
        "batch_size": 32,
        "cotrain_epochs": 15,
        "finetune_patience": 9,
        "weight_decay": 0.0011219389382382983,
        "warmup_ratio": 0.2753158432328815
      },
      "dev_macro_f1": 0.452008,