{
  "event": "canada_wildfires_2016",
  "budget": 50,
  "seed_set": 2,
  "test_error_rate": 26.96629213483146,
  "test_macro_f1": 0.5852007034654789,
  "test_ece": 0.12491103417417976,
  "test_per_class_f1": [
    0.4482758620689655,
    0.8481012658227848,
    0.8173913043478261,
    0.35555555555555557,
    0.34,
    0.25,
    0.8647058823529412,
    0.7575757575757576
  ],
  "dev_error_rate": 25.438596491228072,
  "dev_macro_f1": 0.6338280500310791,
  "dev_ece": 0.0765638127923012,
  "stopping_strategy": "baseline",
  "phase1_seed_strategy": "last",
  "phase1_best_epoch": null,
  "lambda1_mean": 0.9031809321088167,
  "lambda1_std": 0.23775418771205548,
  "lambda2_mean": 0.4063150115113591,
  "lambda2_std": 0.17400536484813958
}