{
  "event": "hurricane_irma_2017",
  "budget": 50,
  "seed_set": 2,
  "status": "done",
  "best_params": {
    "lr": 5.448541614399602e-05,
    "batch_size": 16,
    "cotrain_epochs": 6,
    "finetune_patience": 5,
    "weight_decay": 0.0009153170911747389,
    "warmup_ratio": 0.17321777694125914
  },
  "best_value": 0.674468,
  "best_full_metrics": {
    "event": "hurricane_irma_2017",
    "budget": 50,
    "seed_set": 2,
    "test_error_rate": 31.847475832438242,
    "test_macro_f1": 0.6611655077344774,
    "test_ece": 0.12472172277538401,
    "test_per_class_f1": [
      0.6466165413533834,
      0.8537313432835821,
      0.8355437665782494,
      0.9210526315789473,
      0.5185185185185185,
      0.4627450980392157,
      0.3620689655172414,
      0.6700507614213198,
      0.680161943319838
    ],
    "dev_error_rate": 30.167014613778708,
    "dev_macro_f1": 0.6744675461236095,
    "dev_ece": 0.1144335908904703,
    "stopping_strategy": "baseline",
    "phase1_seed_strategy": "last",
    "phase1_best_epoch": null,
    "lambda1_mean": 0.9034329473539593,
    "lambda1_std": 0.3037999961178067,
    "lambda2_mean": 0.5553322330870282,
    "lambda2_std": 0.31333547863085726
  },
  "n_trials": 10,
  "continued_from": null,
  "trials": [
    {
      "number": 0,
      "state": "COMPLETE",
      "params": {
        "lr": 7.351659090142507e-05,
        "batch_size": 8,
        "cotrain_epochs": 6,
        "finetune_patience": 6,
        "weight_decay": 0.07508269059997352,
        "warmup_ratio": 0.03618204738722986
      },
      "dev_macro_f1": 0.667834,
      "duration_seconds": 542.8,
      "full_metrics": {
        "event": "hurricane_irma_2017",
        "budget": 50,
        "seed_set": 2,
        "test_error_rate": 30.773361976369497,
        "test_macro_f1": 0.6584336256374984,
        "test_ece": 0.06111512591644208,
        "test_per_class_f1": [
          0.5355191256830601,
          0.8537313432835821,
          0.8333333333333334,
          0.9473684210526315,
          0.4870848708487085,
          0.49516908212560384,
          0.32967032967032966,
          0.729050279329609,
          0.714975845410628
        ],
        "dev_error_rate": 29.85386221294363,
        "dev_macro_f1": 0.667833612478565,
        "dev_ece": 0.05388944342514666,
        "stopping_strategy": "baseline",
        "phase1_seed_strategy": "last",
        "phase1_best_epoch": null,
        "lambda1_mean": 0.8468318600936766,
        "lambda1_std": 0.3446634902712579,
        "lambda2_mean": 0.5720754061558879,
        "lambda2_std": 0.3675336753217205
      }
    },
    {
      "number": 1,
      "state": "COMPLETE",
      "params": {
        "lr": 1.1769407198907128e-05,
        "batch_size": 32,
        "cotrain_epochs": 12,
        "finetune_patience": 9,
        "weight_decay": 0.06887993453311386,
        "warmup_ratio": 0.22601887751518154
      },
      "dev_macro_f1": 0.659389,
      "duration_seconds": 575.6,
      "full_metrics": {
        "event": "hurricane_irma_2017",
        "budget": 50,
        "seed_set": 2,
        "test_error_rate": 31.310418904403868,
        "test_macro_f1": 0.6523198491913703,
        "test_ece": 0.09006918571433242,
        "test_per_class_f1": [
          0.6544117647058824,
          0.8218390804597702,
          0.8092016238159675,
          0.931129476584022,
          0.5429553264604811,
          0.42473118279569894,
          0.2727272727272727,
          0.7525925925925926,
          0.6612903225806451
        ],
        "dev_error_rate": 31.315240083507312,
        "dev_macro_f1": 0.6593888659943061,
        "dev_ece": 0.10606814920902252,
        "stopping_strategy": "baseline",
        "phase1_seed_strategy": "last",
        "phase1_best_epoch": null,
        "lambda1_mean": 0.980081082263591,
        "lambda1_std": 0.30212262550496677,
        "lambda2_mean": 0.4178827200343008,
        "lambda2_std": 0.1666522487067557
      }
    },
    {
      "number": 2,
      "state": "COMPLETE",
      "params": {
        "lr": 0.00011229390799956457,
        "batch_size": 8,
        "cotrain_epochs": 7,
        "finetune_patience": 10,
        "weight_decay": 0.0381264087625271,
        "warmup_ratio": 0.16974640420894388
      },
      "dev_macro_f1": 0.019278,
      "duration_seconds": 635.8,
      "full_metrics": {
        "event": "hurricane_irma_2017",
        "budget": 50,
        "seed_set": 2,
        "test_error_rate": 90.49409237379163,
        "test_macro_f1": 0.01929050188000654,
        "test_ece": 0.05929071266528231,
        "test_per_class_f1": [
          0.0,
          0.0,
          0.0,
          0.17361451692005886,
          0.0,
          0.0,
          0.0,
          0.0,
          0.0
        ],
        "dev_error_rate": 90.50104384133611,
        "dev_macro_f1": 0.019277618896303358,
        "dev_ece": 0.05936022676791926,
        "stopping_strategy": "baseline",
        "phase1_seed_strategy": "last",
        "phase1_best_epoch": null,
        "lambda1_mean": 0.5356709169489237,
        "lambda1_std": 0.2177142994777296,
        "lambda2_mean": 0.053597645339872775,
        "lambda2_std": 0.05670969564349282
      }
    },
    {
      "number": 3,
      "state": "COMPLETE",
      "params": {
        "lr": 8.829754232905753e-05,
        "batch_size": 64,
        "cotrain_epochs": 9,
        "finetune_patience": 7,
        "weight_decay": 0.04285841677344411,
        "warmup_ratio": 0.2345032951603465
      },
      "dev_macro_f1": 0.674146,
      "duration_seconds": 447.4,
      "full_metrics": {
        "event": "hurricane_irma_2017",
        "budget": 50,
        "seed_set": 2,
        "test_error_rate": 29.215896885069814,
        "test_macro_f1": 0.6858892212809211,
        "test_ece": 0.15802985096848482,
        "test_per_class_f1": [
          0.6446886446886447,
          0.8682634730538922,
          0.8527918781725888,
          0.9326145552560647,
          0.5421245421245421,
          0.45161290322580644,
          0.4507042253521127,
          0.7298136645962733,
          0.7003891050583657
        ],
        "dev_error_rate": 29.436325678496868,
        "dev_macro_f1": 0.6741463362813772,
        "dev_ece": 0.16338663817323074,
        "stopping_strategy": "baseline",
        "phase1_seed_strategy": "last",
        "phase1_best_epoch": null,
        "lambda1_mean": 0.9524325905764642,
        "lambda1_std": 0.2875209220944845,
        "lambda2_mean": 0.5487694703194385,
        "lambda2_std": 0.2533209524820206
      }
    },
    {
      "number": 4,
      "state": "COMPLETE",
      "params": {
        "lr": 0.0002908473323468064,
        "batch_size": 16,
        "cotrain_epochs": 18,
        "finetune_patience": 6,
        "weight_decay": 0.07972427610729783,
        "warmup_ratio": 0.06393439476182104
      },
      "dev_macro_f1": 0.044519,
      "duration_seconds": 893.0,
      "full_metrics": {
        "event": "hurricane_irma_2017",
        "budget": 50,
        "seed_set": 2,
        "test_error_rate": 74.91944146079484,
        "test_macro_f1": 0.0445589427985306,
        "test_ece": 0.11169752873936478,
        "test_per_class_f1": [
          0.0,
          0.0,
          0.0,
          0.0,
          0.0,
          0.4010304851867754,
          0.0,
          0.0,
          0.0
        ],
        "dev_error_rate": 74.94780793319416,
        "dev_macro_f1": 0.044518642181413465,
        "dev_ece": 0.11141386569044037,
        "stopping_strategy": "baseline",
        "phase1_seed_strategy": "last",
        "phase1_best_epoch": null,
        "lambda1_mean": 0.3016813129825036,
        "lambda1_std": 0.18835917077966904,
        "lambda2_mean": 0.12996571750279906,
        "lambda2_std": 0.10392887467042258
      }
    },
    {
      "number": 5,
      "state": "COMPLETE",
      "params": {
        "lr": 5.448541614399602e-05,
        "batch_size": 16,
        "cotrain_epochs": 6,
        "finetune_patience": 5,
        "weight_decay": 0.0009153170911747389,