{
  "event": "cyclone_idai_2019",
  "budget": 50,
  "seed_set": 3,
  "status": "done",
  "best_params": {
    "lr": 3.190683921707532e-05,
    "batch_size": 16,
    "cotrain_epochs": 8,
    "finetune_patience": 10,
    "weight_decay": 0.09150418454968019,
    "warmup_ratio": 0.013775367357947243
  },
  "best_value": 0.550872,
  "best_full_metrics": {
    "event": "cyclone_idai_2019",
    "budget": 50,
    "seed_set": 3,
    "test_error_rate": 29.139922978177147,
    "test_macro_f1": 0.6367288701574002,
    "test_ece": 0.13239973385618647,
    "test_per_class_f1": [
      0.4444444444444444,
      0.5,
      0.7733333333333333,
      0.9239766081871345,
      0.8571428571428571,
      0.4,
      0.4105960264900662,
      0.4631578947368421,
      0.7735849056603774,
      0.8210526315789474
    ],
    "dev_error_rate": 32.418952618453865,
    "dev_macro_f1": 0.5508715274037616,
    "dev_ece": 0.18312335750111322,
    "stopping_strategy": "baseline",
    "phase1_seed_strategy": "last",
    "phase1_best_epoch": null,
    "lambda1_mean": 0.9656946811444805,
    "lambda1_std": 0.3168233322264961,
    "lambda2_mean": 0.5635461344633141,
    "lambda2_std": 0.2573986678978306
  },
  "n_trials": 10,
  "continued_from": null,
  "trials": [
    {
      "number": 0,
      "state": "COMPLETE",
      "params": {
        "lr": 3.190683921707532e-05,
        "batch_size": 16,
        "cotrain_epochs": 8,
        "finetune_patience": 10,
        "weight_decay": 0.09150418454968019,
        "warmup_ratio": 0.013775367357947243
      },
      "dev_macro_f1": 0.550872,
      "duration_seconds": 258.9,
      "full_metrics": {
        "event": "cyclone_idai_2019",
        "budget": 50,
        "seed_set": 3,
        "test_error_rate": 29.139922978177147,
        "test_macro_f1": 0.6367288701574002,
        "test_ece": 0.13239973385618647,
        "test_per_class_f1": [
          0.4444444444444444,
          0.5,
          0.7733333333333333,
          0.9239766081871345,
          0.8571428571428571,
          0.4,
          0.4105960264900662,
          0.4631578947368421,
          0.7735849056603774,
          0.8210526315789474
        ],
        "dev_error_rate": 32.418952618453865,
        "dev_macro_f1": 0.5508715274037616,
        "dev_ece": 0.18312335750111322,
        "stopping_strategy": "baseline",
        "phase1_seed_strategy": "last",
        "phase1_best_epoch": null,
        "lambda1_mean": 0.9656946811444805,
        "lambda1_std": 0.3168233322264961,
        "lambda2_mean": 0.5635461344633141,
        "lambda2_std": 0.2573986678978306
      }
    },
    {
      "number": 1,
      "state": "COMPLETE",
      "params": {
        "lr": 0.0003239102064491468,
        "batch_size": 16,
        "cotrain_epochs": 5,
        "finetune_patience": 5,
        "weight_decay": 0.07167331300579838,
        "warmup_ratio": 0.06514719991436313
      },
      "dev_macro_f1": 0.021778,
      "duration_seconds": 154.9,
      "full_metrics": {
        "event": "cyclone_idai_2019",
        "budget": 50,
        "seed_set": 3,
        "test_error_rate": 87.8048780487805,
        "test_macro_f1": 0.021739130434782608,
        "test_ece": 0.01374034204822755,
        "test_per_class_f1": [
          0.0,
          0.0,
          0.0,
          0.0,
          0.0,
          0.0,
          0.0,
          0.0,
          0.0,
          0.21739130434782608
        ],
        "dev_error_rate": 87.78054862842892,
        "dev_macro_f1": 0.021777777777777778,
        "dev_ece": 0.013497049448793375,
        "stopping_strategy": "baseline",
        "phase1_seed_strategy": "last",
        "phase1_best_epoch": null,
        "lambda1_mean": 0.58161394180239,
        "lambda1_std": 0.4645890666570237,
        "lambda2_mean": 0.244140819314045,
        "lambda2_std": 0.22956991747500372
      }
    },
    {
      "number": 2,
      "state": "COMPLETE",
      "params": {
        "lr": 7.415648897968435e-05,
        "batch_size": 32,
        "cotrain_epochs": 16,
        "finetune_patience": 9,
        "weight_decay": 0.0639878995478682,
        "warmup_ratio": 0.27805389306920103
      },
      "dev_macro_f1": 0.547001,
      "duration_seconds": 329.3,
      "full_metrics": {
        "event": "cyclone_idai_2019",
        "budget": 50,
        "seed_set": 3,
        "test_error_rate": 33.24775353016688,
        "test_macro_f1": 0.5914280413950351,
        "test_ece": 0.1366289335665256,
        "test_per_class_f1": [
          0.42105263157894735,
          0.37209302325581395,
          0.76,
          0.8839779005524862,
          0.8571428571428571,
          0.3673469387755102,
          0.3558282208588957,
          0.35294117647058826,
          0.7395498392282959,
          0.8043478260869565
        ],
        "dev_error_rate": 34.66334164588528,
        "dev_macro_f1": 0.5470012863703304,
        "dev_ece": 0.14814938355859678,
        "stopping_strategy": "baseline",
        "phase1_seed_strategy": "last",
        "phase1_best_epoch": null,
        "lambda1_mean": 0.9659488122701356,
        "lambda1_std": 0.3266104275685975,
        "lambda2_mean": 0.533156978006506,
        "lambda2_std": 0.22649000281455206
      }
    },
    {
      "number": 3,
      "state": "COMPLETE",
      "params": {
        "lr": 1.2114909218031633e-05,
        "batch_size": 32,
        "cotrain_epochs": 13,
        "finetune_patience": 10,
        "weight_decay": 0.007505636864058363,
        "warmup_ratio": 0.29613000946713675
      },
      "dev_macro_f1": 0.524054,
      "duration_seconds": 285.2,
      "full_metrics": {
        "event": "cyclone_idai_2019",
        "budget": 50,
        "seed_set": 3,
        "test_error_rate": 28.754813863928106,
        "test_macro_f1": 0.5821580856821724,
        "test_ece": 0.03667889057212679,
        "test_per_class_f1": [
          0.5416666666666666,
          0.4444444444444444,
          0.782051282051282,
          0.9132947976878613,
          0.4,
          0.35294117647058826,
          0.4,
          0.36363636363636365,
          0.7851622874806801,
          0.8383838383838383
        ],
        "dev_error_rate": 29.675810473815456,
        "dev_macro_f1": 0.5240535535202044,
        "dev_ece": 0.07480903371165219,
        "stopping_strategy": "baseline",
        "phase1_seed_strategy": "last",
        "phase1_best_epoch": null,
        "lambda1_mean": 0.8212817242463591,
        "lambda1_std": 0.36044349087120964,
        "lambda2_mean": 0.321297682325196,
        "lambda2_std": 0.19765665496656423
      }
    },
    {
      "number": 4,
      "state": "COMPLETE",
      "params": {
        "lr": 5.833043716433369e-05,
        "batch_size": 8,
        "cotrain_epochs": 10,
        "finetune_patience": 9,
        "weight_decay": 0.014675374514521767,
        "warmup_ratio": 0.2901527155017903
      },
      "dev_macro_f1": 0.532678,
      "duration_seconds": 368.7,
      "full_metrics": {
        "event": "cyclone_idai_2019",
        "budget": 50,
        "seed_set": 3,
        "test_error_rate": 33.1193838254172,
        "test_macro_f1": 0.5705833350596594,
        "test_ece": 0.0783245020064218,
        "test_per_class_f1": [
          0.3050847457627119,
          0.5142857142857142,
          0.7792207792207793,
          0.8850574712643678,
          0.6666666666666666,
          0.24489795918367346,
          0.3468208092485549,
          0.3958333333333333,
          0.7407407407407407,
          0.8272251308900523
        ],
        "dev_error_rate": 37.65586034912718,
        "dev_macro_f1": 0.5326783952145572,
        "dev_ece": 0.11851573570113523,
        "stopping_strategy": "baseline",
        "phase1_seed_strategy": "last",
        "phase1_best_epoch": null,
        "lambda1_mean": 0.9216320212566168,
        "lambda1_std": 0.3859596576711839,
        "lambda2_mean": 0.5656922975147919,
        "lambda2_std": 0.3076212932667094
      }
    },
    {
      "number": 5,
      "state": "COMPLETE",