{
  "event": "hurricane_irma_2017",
  "budget": 5,
  "seed_set": 1,
  "test_error_rate": 80.02148227712138,
  "test_macro_f1": 0.037003879438973444,
  "test_ece": 0.7953044469323246,
  "test_per_class_f1": [
    0.0,
    0.0,
    0.333034914950761,
    0.0,
    0.0,
    0.0,
    0.0,
    0.0,
    0.0
  ],
  "dev_error_rate": 79.95824634655533,
  "dev_macro_f1": 0.037101449275362325,
  "dev_ece": 0.7952102495509049,
  "stopping_strategy": "baseline",
  "phase1_seed_strategy": "last",
  "phase1_best_epoch": null,
  "lambda1_mean": 1.1400427637912949,
  "lambda1_std": 0.1724619606171525,
  "lambda2_mean": 0.6441301981574483,
  "lambda2_std": 0.10141543102968853
}