{
  "event": "hurricane_dorian_2019",
  "budget": 50,
  "seed_set": 3,
  "test_error_rate": 36.339522546419104,
  "test_macro_f1": 0.5739406064663647,
  "test_ece": 0.15828865367316441,
  "test_per_class_f1": [
    0.5780346820809249,
    0.8642659279778393,
    0.6593406593406593,
    0.35555555555555557,
    0.5860215053763441,
    0.3690205011389522,
    0.13861386138613863,
    0.8062015503875969,
    0.8084112149532711
  ],
  "dev_error_rate": 35.953608247422686,
  "dev_macro_f1": 0.602760268279621,
  "dev_ece": 0.15701419622013252,
  "stopping_strategy": "baseline",
  "phase1_seed_strategy": "last",
  "phase1_best_epoch": null,
  "lambda1_mean": 1.0083183824749062,
  "lambda1_std": 0.2873076806317013,
  "lambda2_mean": 0.5162020660224181,
  "lambda2_std": 0.19061924733729654
}