{
  "event": "kaikoura_earthquake_2016",
  "budget": 50,
  "seed_set": 2,
  "test_error_rate": 25.51724137931034,
  "test_macro_f1": 0.6417379758869486,
  "test_ece": 0.06600307698907523,
  "test_per_class_f1": [
    0.7222222222222222,
    0.45161290322580644,
    0.8405797101449275,
    0.8888888888888888,
    0.5365853658536586,
    0.5196850393700787,
    0.0,
    0.9069767441860465,
    0.9090909090909091
  ],
  "dev_error_rate": 25.89285714285714,
  "dev_macro_f1": 0.6637338583782442,
  "dev_ece": 0.0860992266929575,
  "stopping_strategy": "baseline",
  "phase1_seed_strategy": "last",
  "phase1_best_epoch": null,
  "lambda1_mean": 0.8203024923534384,
  "lambda1_std": 0.24552345940664153,
  "lambda2_mean": 0.277868865026353,
  "lambda2_std": 0.15292622411178441
}