{
  "event": "california_wildfires_2018",
  "budget": 10,
  "seed_set": 1,
  "test_error_rate": 95.00342231348391,
  "test_macro_f1": 0.022654200263666945,
  "test_ece": 0.05704993513412136,
  "test_per_class_f1": [
    0.024475524475524476,
    0.0,
    0.0,
    0.0,
    0.0,
    0.07923497267759563,
    0.0,
    0.0,
    0.10588235294117647,
    0.01694915254237288
  ],
  "dev_error_rate": 93.35106382978724,
  "dev_macro_f1": 0.03216077238057461,
  "dev_ece": 0.040519395298225444
}