{
  "event": "hurricane_irma_2017",
  "budget": 10,
  "seed_set": 1,
  "test_error_rate": 63.05048335123523,
  "test_macro_f1": 0.32606864991621126,
  "test_ece": 0.4273009433238002,
  "test_per_class_f1": [
    0.36619718309859156,
    0.0,
    0.4340659340659341,
    0.5043859649122807,
    0.3509933774834437,
    0.19224806201550387,
    0.1518987341772152,
    0.5316455696202531,
    0.40318302387267907
  ],
  "dev_error_rate": 61.691022964509386,
  "dev_macro_f1": 0.3323477697941113,
  "dev_ece": 0.40078300526968375,
  "stopping_strategy": "baseline",
  "phase1_seed_strategy": "last",
  "phase1_best_epoch": null,
  "lambda1_mean": 0.9572409995648742,
  "lambda1_std": 0.30964624026879767,
  "lambda2_mean": 0.41971719927652323,
  "lambda2_std": 0.1984128086649677
}