{
  "event": "kerala_floods_2018",
  "budget": 5,
  "seed_set": 3,
  "test_error_rate": 82.0480404551201,
  "test_macro_f1": 0.15838595739143427,
  "test_ece": 0.20459806258812566,
  "test_per_class_f1": [
    0.06896551724137931,
    0.0,
    0.20462046204620463,
    0.20634920634920634,
    0.11290322580645161,
    0.2116788321167883,
    0.2685851318944844,
    0.00468384074941452,
    0.34768740031897927
  ],
  "dev_error_rate": 79.60687960687962,
  "dev_macro_f1": 0.1768930683980635,
  "dev_ece": 0.1795954564059981,
  "stopping_strategy": "baseline",
  "phase1_seed_strategy": "last",
  "phase1_best_epoch": null,
  "lambda1_mean": 0.44361297396326493,
  "lambda1_std": 0.10678221373208245,
  "lambda2_mean": 0.14088198662447632,
  "lambda2_std": 0.030456053520714798
}