{
  "event": "hurricane_irma_2017",
  "budget": 50,
  "seed_set": 1,
  "test_error_rate": 38.131041890440386,
  "test_macro_f1": 0.6098535481223953,
  "test_ece": 0.137902725732032,
  "test_per_class_f1": [
    0.5263157894736842,
    0.7859237536656891,
    0.739946380697051,
    0.8954423592493298,
    0.46048109965635736,
    0.3904191616766467,
    0.35294117647058826,
    0.652027027027027,
    0.6851851851851852
  ],
  "dev_error_rate": 38.20459290187892,
  "dev_macro_f1": 0.6125662117211729,
  "dev_ece": 0.14161836945438186
}