{
  "event": "hurricane_irma_2017",
  "budget": 50,
  "seed_set": 2,
  "test_error_rate": 36.30504833512352,
  "test_macro_f1": 0.6191118126389265,
  "test_ece": 0.17688847729330032,
  "test_per_class_f1": [
    0.5504587155963303,
    0.8059701492537313,
    0.8128342245989305,
    0.9164420485175202,
    0.5146579804560261,
    0.311178247734139,
    0.3564356435643564,
    0.6666666666666666,
    0.6373626373626373
  ],
  "dev_error_rate": 35.38622129436325,
  "dev_macro_f1": 0.627327682763164,
  "dev_ece": 0.1743908545667294,
  "stopping_strategy": "baseline",
  "phase1_seed_strategy": "last",
  "phase1_best_epoch": null,
  "lambda1_mean": 1.0740976408727219,
  "lambda1_std": 0.17814838950410755,
  "lambda2_mean": 0.5607399673664466,
  "lambda2_std": 0.14439745418092648
}