{
  "event": "canada_wildfires_2016",
  "budget": 10,
  "seed_set": 1,
  "test_error_rate": 24.71910112359551,
  "test_macro_f1": 0.5617523669704211,
  "test_ece": 0.04112820390904885,
  "test_per_class_f1": [
    0.3508771929824561,
    0.8266666666666667,
    0.8932038834951457,
    0.26666666666666666,
    0.42718446601941745,
    0.0,
    0.8907103825136612,
    0.8387096774193549
  ],
  "dev_error_rate": 21.92982456140351,
  "dev_macro_f1": 0.5631367891657966,
  "dev_ece": 0.05956701489917018,
  "stopping_strategy": "baseline",
  "phase1_seed_strategy": "last",
  "phase1_best_epoch": null,
  "lambda1_mean": 0.9321132551906204,
  "lambda1_std": 0.27590206000294276,
  "lambda2_mean": 0.39209967828974784,
  "lambda2_std": 0.18580054450584668
}