{
  "event": "hurricane_dorian_2019",
  "budget": 5,
  "seed_set": 1,
  "test_error_rate": 37.0026525198939,
  "test_macro_f1": 0.5361102459578465,
  "test_ece": 0.11476154961383628,
  "test_per_class_f1": [
    0.5623762376237624,
    0.8167539267015707,
    0.5819397993311036,
    0.20689655172413793,
    0.5956284153005464,
    0.4332129963898917,
    0.05128205128205128,
    0.7953488372093023,
    0.7815533980582524
  ],
  "dev_error_rate": 37.24226804123711,
  "dev_macro_f1": 0.5999631027227881,
  "dev_ece": 0.13367079242526256,
  "stopping_strategy": "baseline",
  "phase1_seed_strategy": "last",
  "phase1_best_epoch": null,
  "lambda1_mean": 1.0661280978764274,
  "lambda1_std": 0.24047641274870232,
  "lambda2_mean": 0.5464365765186863,
  "lambda2_std": 0.17485907140109924
}