{
  "event": "hurricane_harvey_2017",
  "budget": 5,
  "seed_set": 1,
  "status": "done",
  "best_params": {
    "lr": 4.668674171554467e-05,
    "batch_size": 64,
    "cotrain_epochs": 18,
    "finetune_patience": 9,
    "weight_decay": 0.027713825702124096,
    "warmup_ratio": 0.2561923446087841
  },
  "best_value": 0.434392,
  "best_full_metrics": {
    "event": "hurricane_harvey_2017",
    "budget": 5,
    "seed_set": 1,
    "test_error_rate": 52.07756232686981,
    "test_macro_f1": 0.43210126542749205,
    "test_ece": 0.3710580923220458,
    "test_per_class_f1": [
      0.4536741214057508,
      0.4608501118568233,
      0.44298245614035087,
      0.7034883720930233,
      0.3380281690140845,
      0.09254498714652956,
      0.2833333333333333,
      0.6412825651302605,
      0.4727272727272727
    ],
    "dev_error_rate": 52.09903121636168,
    "dev_macro_f1": 0.4343918984793662,
    "dev_ece": 0.37784514495194654,
    "stopping_strategy": "baseline",
    "phase1_seed_strategy": "last",
    "phase1_best_epoch": null,
    "lambda1_mean": 1.0888162499170937,
    "lambda1_std": 0.17546090820283813,
    "lambda2_mean": 0.5658291425180648,
    "lambda2_std": 0.1388696996372369
  },
  "n_trials": 10,
  "continued_from": null,
  "trials": [
    {
      "number": 0,
      "state": "COMPLETE",
      "params": {
        "lr": 0.00036769081488358487,
        "batch_size": 16,
        "cotrain_epochs": 19,
        "finetune_patience": 7,
        "weight_decay": 0.02270520101335717,
        "warmup_ratio": 0.13231985678530847
      },
      "dev_macro_f1": 0.052588,
      "duration_seconds": 960.1,
      "full_metrics": {
        "event": "hurricane_harvey_2017",
        "budget": 5,
        "seed_set": 1,
        "test_error_rate": 69.03047091412742,
        "test_macro_f1": 0.052547471329197216,
        "test_ece": 0.4011539792750351,
        "test_per_class_f1": [
          0.0,
          0.0,
          0.0,
          0.0,
          0.0,
          0.0,
          0.0,
          0.47292724196277497,
          0.0
        ],
        "dev_error_rate": 68.9989235737352,
        "dev_macro_f1": 0.05258833196384552,
        "dev_ece": 0.400838502834123,
        "stopping_strategy": "baseline",
        "phase1_seed_strategy": "last",
        "phase1_best_epoch": null,
        "lambda1_mean": 0.36125511630873813,
        "lambda1_std": 0.3038711214025024,
        "lambda2_mean": 0.09052370332971839,
        "lambda2_std": 0.13022173154618483
      }
    },
    {
      "number": 1,
      "state": "COMPLETE",
      "params": {
        "lr": 4.668674171554467e-05,
        "batch_size": 64,
        "cotrain_epochs": 18,
        "finetune_patience": 9,
        "weight_decay": 0.027713825702124096,
        "warmup_ratio": 0.2561923446087841
      },
      "dev_macro_f1": 0.434392,
      "duration_seconds": 760.4,
      "full_metrics": {
        "event": "hurricane_harvey_2017",
        "budget": 5,
        "seed_set": 1,
        "test_error_rate": 52.07756232686981,
        "test_macro_f1": 0.43210126542749205,
        "test_ece": 0.3710580923220458,
        "test_per_class_f1": [
          0.4536741214057508,
          0.4608501118568233,
          0.44298245614035087,
          0.7034883720930233,
          0.3380281690140845,
          0.09254498714652956,
          0.2833333333333333,
          0.6412825651302605,
          0.4727272727272727
        ],
        "dev_error_rate": 52.09903121636168,
        "dev_macro_f1": 0.4343918984793662,
        "dev_ece": 0.37784514495194654,
        "stopping_strategy": "baseline",
        "phase1_seed_strategy": "last",
        "phase1_best_epoch": null,
        "lambda1_mean": 1.0888162499170937,
        "lambda1_std": 0.17546090820283813,
        "lambda2_mean": 0.5658291425180648,
        "lambda2_std": 0.1388696996372369
      }
    },
    {
      "number": 2,
      "state": "COMPLETE",
      "params": {
        "lr": 0.0002034385109503087,
        "batch_size": 16,
        "cotrain_epochs": 10,
        "finetune_patience": 6,
        "weight_decay": 0.045863991846685465,
        "warmup_ratio": 0.23301369713820153
      },
      "dev_macro_f1": 0.417408,
      "duration_seconds": 574.6,
      "full_metrics": {
        "event": "hurricane_harvey_2017",
        "budget": 5,
        "seed_set": 1,
        "test_error_rate": 54.681440443213305,
        "test_macro_f1": 0.42877069823498704,
        "test_ece": 0.03783406826597829,
        "test_per_class_f1": [
          0.4066666666666667,
          0.547486033519553,
          0.441747572815534,
          0.6962025316455697,
          0.2898550724637681,
          0.2515463917525773,
          0.22826086956521738,
          0.5714285714285714,
          0.42574257425742573
        ],
        "dev_error_rate": 56.40473627556513,
        "dev_macro_f1": 0.4174082279826564,
        "dev_ece": 0.05987258030921704,
        "stopping_strategy": "baseline",
        "phase1_seed_strategy": "last",
        "phase1_best_epoch": null,
        "lambda1_mean": 0.9983183451612353,
        "lambda1_std": 0.20031807254847636,
        "lambda2_mean": 0.06621612500319983,
        "lambda2_std": 0.06468499868462672
      }
    },
    {
      "number": 3,
      "state": "COMPLETE",
      "params": {
        "lr": 0.00014172674003087496,
        "batch_size": 32,
        "cotrain_epochs": 9,
        "finetune_patience": 6,
        "weight_decay": 0.07627948187660288,
        "warmup_ratio": 0.24438246329218322
      },
      "dev_macro_f1": 0.108866,
      "duration_seconds": 452.6,
      "full_metrics": {
        "event": "hurricane_harvey_2017",
        "budget": 5,
        "seed_set": 1,
        "test_error_rate": 65.59556786703601,
        "test_macro_f1": 0.10867158743011124,
        "test_ece": 0.11505980848275388,
        "test_per_class_f1": [
          0.45390070921985815,
          0.0,
          0.0,
          0.014285714285714285,
          0.0,
          0.0,
          0.0,
          0.5098578633654287,
          0.0
        ],
        "dev_error_rate": 65.2314316469322,
        "dev_macro_f1": 0.10886636602667552,
        "dev_ece": 0.11345644845387648,
        "stopping_strategy": "baseline",
        "phase1_seed_strategy": "last",
        "phase1_best_epoch": null,
        "lambda1_mean": 0.684997076488268,
        "lambda1_std": 0.24458394432235867,
        "lambda2_mean": 0.05521449275037831,
        "lambda2_std": 0.06788761491489972
      }
    },
    {
      "number": 4,
      "state": "COMPLETE",
      "params": {
        "lr": 0.0008529465948345687,
        "batch_size": 16,
        "cotrain_epochs": 15,
        "finetune_patience": 4,
        "weight_decay": 0.09619422871404676,
        "warmup_ratio": 0.09173892796251261
      },
      "dev_macro_f1": 0.052588,
      "duration_seconds": 776.6,
      "full_metrics": {
        "event": "hurricane_harvey_2017",
        "budget": 5,
        "seed_set": 1,
        "test_error_rate": 69.03047091412742,
        "test_macro_f1": 0.052547471329197216,
        "test_ece": 0.3499839980846627,
        "test_per_class_f1": [
          0.0,
          0.0,
          0.0,
          0.0,
          0.0,
          0.0,
          0.0,
          0.47292724196277497,
          0.0
        ],
        "dev_error_rate": 68.9989235737352,
        "dev_macro_f1": 0.05258833196384552,
        "dev_ece": 0.349668524686179,
        "stopping_strategy": "baseline",
        "phase1_seed_strategy": "last",
        "phase1_best_epoch": null,
        "lambda1_mean": 0.2384456973732486,
        "lambda1_std": 0.24207761989683757,
        "lambda2_mean": 0.13546682909884708,
        "lambda2_std": 0.14409921856863228
      }
    },
    {
      "number": 5,
      "state": "COMPLETE",
      "params": {
        "lr": 0.0004920360721731106,
        "batch_size": 8,
        "cotrain_epochs": 11,
        "finetune_patience": 4,
        "weight_decay": 0.06261460749949038,
        "warmup_ratio": 0.05534017562475737
      },
      "dev_macro_f1": 0.052588,