{
  "event": "hurricane_irma_2017",
  "budget": 25,
  "seed_set": 1,
  "test_error_rate": 50.4296455424275,
  "test_macro_f1": 0.49065696527579167,
  "test_ece": 0.1664838116740054,
  "test_per_class_f1": [
    0.4519230769230769,
    0.3275862068965517,
    0.6098081023454158,
    0.8286604361370716,
    0.4753623188405797,
    0.1717171717171717,
    0.3380281690140845,
    0.5962264150943396,
    0.616600790513834
  ],
  "dev_error_rate": 50.31315240083507,
  "dev_macro_f1": 0.495251537338551,
  "dev_ece": 0.16486278596277776
}