{
  "event": "kaikoura_earthquake_2016",
  "budget": 50,
  "seed_set": 1,
  "test_error_rate": 26.89655172413793,
  "test_macro_f1": 0.6981626505797961,
  "test_ece": 0.05724399058983246,
  "test_per_class_f1": [
    0.6547619047619048,
    0.6122448979591837,
    0.8225806451612904,
    0.8695652173913043,
    0.5411764705882353,
    0.528,
    0.4444444444444444,
    0.9156626506024096,
    0.8950276243093923
  ],
  "dev_error_rate": 29.910714285714292,
  "dev_macro_f1": 0.618875525516931,
  "dev_ece": 0.06383040381063307,
  "stopping_strategy": "baseline",
  "phase1_seed_strategy": "last",
  "phase1_best_epoch": null,
  "lambda1_mean": 0.36650409087661956,
  "lambda1_std": 0.09382966573870442,
  "lambda2_mean": 0.10458496998748103,
  "lambda2_std": 0.03460474324287888
}