{
  "event": "california_wildfires_2018",
  "budget": 5,
  "seed_set": 1,
  "test_error_rate": 93.22381930184804,
  "test_macro_f1": 0.03837632436711721,
  "test_ece": 0.038998542711760883,
  "test_per_class_f1": [
    0.0,
    0.010582010582010581,
    0.0,
    0.0,
    0.0,
    0.08457142857142858,
    0.0,
    0.08,
    0.12834224598930483,
    0.0802675585284281
  ],
  "dev_error_rate": 92.81914893617021,
  "dev_macro_f1": 0.031140703540321342,
  "dev_ece": 0.034894434972963434
}