{
  "event": "hurricane_dorian_2019",
  "budget": 50,
  "seed_set": 2,
  "test_error_rate": 34.88063660477454,
  "test_macro_f1": 0.5943890370147178,
  "test_ece": 0.17306794926761315,
  "test_per_class_f1": [
    0.6111111111111112,
    0.9154518950437318,
    0.6363636363636364,
    0.3448275862068966,
    0.6016260162601627,
    0.3916083916083916,
    0.203125,
    0.8174807197943444,
    0.827906976744186
  ],
  "dev_error_rate": 34.02061855670103,
  "dev_macro_f1": 0.6235874643069196,
  "dev_ece": 0.16592661226072258,
  "stopping_strategy": "baseline",
  "phase1_seed_strategy": "last",
  "phase1_best_epoch": null,
  "lambda1_mean": 0.9357830655113951,
  "lambda1_std": 0.3072910659187465,
  "lambda2_mean": 0.6667970902390014,
  "lambda2_std": 0.3015922313391021
}