{
  "event": "hurricane_irma_2017",
  "budget": 10,
  "seed_set": 3,
  "test_error_rate": 34.04940923737916,
  "test_macro_f1": 0.6499931403351045,
  "test_ece": 0.21360183997773968,
  "test_per_class_f1": [
    0.5723905723905723,
    0.8168168168168168,
    0.7586206896551724,
    0.9405099150141643,
    0.5294117647058824,
    0.4481865284974093,
    0.4,
    0.703150912106136,
    0.6808510638297872
  ],
  "dev_error_rate": 34.864300626304804,
  "dev_macro_f1": 0.6470698353955461,
  "dev_ece": 0.23024920120617548,
  "stopping_strategy": "baseline",
  "phase1_seed_strategy": "last",
  "phase1_best_epoch": null,
  "lambda1_mean": 1.0632197294618004,
  "lambda1_std": 0.2170462655600687,
  "lambda2_mean": 0.46497519853614067,
  "lambda2_std": 0.15959813585775257
}