{
  "event": "hurricane_irma_2017",
  "budget": 50,
  "seed_set": 1,
  "test_error_rate": 35.92910848549946,
  "test_macro_f1": 0.617759358669741,
  "test_ece": 0.07628293556314278,
  "test_per_class_f1": [
    0.5789473684210527,
    0.8085106382978723,
    0.8093385214007782,
    0.9187675070028011,
    0.49829351535836175,
    0.35082458770614694,
    0.3434343434343434,
    0.6509572901325479,
    0.6007604562737643
  ],
  "dev_error_rate": 34.34237995824635,
  "dev_macro_f1": 0.6348909839750208,
  "dev_ece": 0.08900751697681145,
  "stopping_strategy": "baseline",
  "phase1_seed_strategy": "last",
  "phase1_best_epoch": null,
  "lambda1_mean": 0.5077355369772811,
  "lambda1_std": 0.0849814803634777,
  "lambda2_mean": 0.10130664888027632,
  "lambda2_std": 0.028075062800283886
}