{
  "event": "canada_wildfires_2016",
  "budget": 25,
  "seed_set": 1,
  "test_error_rate": 33.483146067415724,
  "test_macro_f1": 0.47528071011102735,
  "test_ece": 0.12063970187406861,
  "test_per_class_f1": [
    0.2926829268292683,
    0.7530864197530864,
    0.6428571428571429,
    0.24242424242424243,
    0.3111111111111111,
    0.0,
    0.8495575221238938,
    0.7105263157894737
  ],
  "dev_error_rate": 31.57894736842105,
  "dev_macro_f1": 0.5148072907219248,
  "dev_ece": 0.10308141790722548,
  "stopping_strategy": "baseline",
  "phase1_seed_strategy": "last",
  "phase1_best_epoch": null,
  "lambda1_mean": 0.9301660791251141,
  "lambda1_std": 0.26939827579160563,
  "lambda2_mean": 0.3969770960378977,
  "lambda2_std": 0.17066673208382707
}