{
  "event": "canada_wildfires_2016",
  "budget": 50,
  "seed_set": 1,
  "test_error_rate": 26.96629213483146,
  "test_macro_f1": 0.5816123557594219,
  "test_ece": 0.07751210881083197,
  "test_per_class_f1": [
    0.5185185185185185,
    0.8050314465408805,
    0.7627118644067796,
    0.2857142857142857,
    0.3300970873786408,
    0.25,
    0.8732394366197183,
    0.8275862068965517
  ],
  "dev_error_rate": 25.877192982456144,
  "dev_macro_f1": 0.6780206157161421,
  "dev_ece": 0.07339285588578169,
  "stopping_strategy": "baseline",
  "phase1_seed_strategy": "last",
  "phase1_best_epoch": null,
  "lambda1_mean": 0.4342601649552049,
  "lambda1_std": 0.11722416964918024,
  "lambda2_mean": 0.1230079053960594,
  "lambda2_std": 0.042937416580120916
}