{
  "event": "canada_wildfires_2016",
  "budget": 25,
  "seed_set": 3,
  "test_error_rate": 26.067415730337075,
  "test_macro_f1": 0.550731569562953,
  "test_ece": 0.05054971324593838,
  "test_per_class_f1": [
    0.25396825396825395,
    0.8741721854304636,
    0.8627450980392157,
    0.2857142857142857,
    0.43137254901960786,
    0.0,
    0.8914285714285715,
    0.8064516129032258
  ],
  "dev_error_rate": 25.438596491228072,
  "dev_macro_f1": 0.5388190458732931,
  "dev_ece": 0.07226702649342386,
  "stopping_strategy": "baseline",
  "phase1_seed_strategy": "last",
  "phase1_best_epoch": null,
  "lambda1_mean": 0.9397760112277863,
  "lambda1_std": 0.2566571892097265,
  "lambda2_mean": 0.3898237697577473,
  "lambda2_std": 0.17621689017922934
}