{
  "event": "kerala_floods_2018",
  "budget": 5,
  "seed_set": 2,
  "test_error_rate": 86.28318584070797,
  "test_macro_f1": 0.1332703491357365,
  "test_ece": 0.27898186742882664,
  "test_per_class_f1": [
    0.06557377049180328,
    0.03858520900321544,
    0.18518518518518517,
    0.0,
    0.15736040609137056,
    0.14666666666666667,
    0.211864406779661,
    0.02768166089965398,
    0.3665158371040724
  ],
  "dev_error_rate": 85.87223587223588,
  "dev_macro_f1": 0.14387774311392112,
  "dev_ece": 0.2769735882228071,
  "stopping_strategy": "baseline",
  "phase1_seed_strategy": "last",
  "phase1_best_epoch": null,
  "lambda1_mean": 0.49562173314165586,
  "lambda1_std": 0.13817780331481547,
  "lambda2_mean": 0.15629939612976315,
  "lambda2_std": 0.053384176411048305
}