{
  "event": "canada_wildfires_2016",
  "budget": 25,
  "seed_set": 1,
  "test_error_rate": 35.73033707865169,
  "test_macro_f1": 0.5035938536971998,
  "test_ece": 0.09139858259913626,
  "test_per_class_f1": [
    0.3829787234042553,
    0.6526315789473685,
    0.48936170212765956,
    0.23255813953488372,
    0.15730337078651685,
    0.5,
    0.8710601719197708,
    0.7428571428571429
  ],
  "dev_error_rate": 31.14035087719298,
  "dev_macro_f1": 0.5418559513246688,
  "dev_ece": 0.07883932846680018
}