{
  "event": "hurricane_dorian_2019",
  "budget": 5,
  "seed_set": 2,
  "test_error_rate": 81.29973474801061,
  "test_macro_f1": 0.035424910495571886,
  "test_ece": 0.05390445404347595,
  "test_per_class_f1": [
    0.0,
    0.0,
    0.0,
    0.0,
    0.0,
    0.318824194460147,
    0.0,
    0.0,
    0.0
  ],
  "dev_error_rate": 81.5721649484536,
  "dev_macro_f1": 0.04136547923069154,
  "dev_ece": 0.05137943785599212
}