{
  "event": "canada_wildfires_2016",
  "budget": 5,
  "seed_set": 1,
  "test_error_rate": 22.247191011235955,
  "test_macro_f1": 0.5738269720221958,
  "test_ece": 0.07636447381437499,
  "test_per_class_f1": [
    0.32432432432432434,
    0.8343558282208589,
    0.8785046728971962,
    0.2926829268292683,
    0.5263157894736842,
    0.0,
    0.9010989010989011,
    0.8333333333333334
  ],
  "dev_error_rate": 21.052631578947366,
  "dev_macro_f1": 0.6519292612431611,
  "dev_ece": 0.06601320063335854,
  "stopping_strategy": "baseline",
  "phase1_seed_strategy": "last",
  "phase1_best_epoch": null,
  "lambda1_mean": 1.011659348947468,
  "lambda1_std": 0.2563328897403755,
  "lambda2_mean": 0.41971477518864153,
  "lambda2_std": 0.17559925653534073
}