{
  "event": "hurricane_florence_2018",
  "budget": 50,
  "seed_set": 1,
  "test_error_rate": 32.55439161966156,
  "test_macro_f1": 0.6284166394791537,
  "test_ece": 0.0851620484464693,
  "test_per_class_f1": [
    0.57847533632287,
    0.738255033557047,
    0.5205479452054794,
    0.8925619834710744,
    0.7757255936675461,
    0.292358803986711,
    0.2222222222222222,
    0.8156028368794326,
    0.82
  ],
  "dev_error_rate": 29.733959311424098,
  "dev_macro_f1": 0.623047076362012,
  "dev_ece": 0.06602223093893977
}