{
  "event": "cyclone_idai_2019",
  "budget": 5,
  "seed_set": 3,
  "test_error_rate": 23.87676508344031,
  "test_macro_f1": 0.43685683630523203,
  "test_ece": 0.119636948209672,
  "test_per_class_f1": [
    0.2727272727272727,
    0.0,
    0.7625,
    0.8928571428571429,
    0.0,
    0.0,
    0.4845360824742268,
    0.2608695652173913,
    0.8617449664429531,
    0.8333333333333334
  ],
  "dev_error_rate": 26.932668329177055,
  "dev_macro_f1": 0.4419006531178026,
  "dev_ece": 0.15616503320727262,
  "stopping_strategy": "baseline",
  "phase1_seed_strategy": "last",
  "phase1_best_epoch": null,
  "lambda1_mean": 0.9278670591597362,
  "lambda1_std": 0.36227185276495943,
  "lambda2_mean": 0.4253544686185104,
  "lambda2_std": 0.21211351004332515
}