{
  "event": "california_wildfires_2018",
  "budget": 10,
  "seed_set": 1,
  "test_error_rate": 28.199863107460644,
  "test_macro_f1": 0.5866417069448779,
  "test_ece": 0.20846367810459515,
  "test_per_class_f1": [
    0.5714285714285714,
    0.7415730337078652,
    0.5473684210526316,
    0.9021601016518425,
    0.676056338028169,
    0.6757679180887372,
    0.2188679245283019,
    0.0,
    0.8482632541133455,
    0.684931506849315
  ],
  "dev_error_rate": 26.063829787234038,
  "dev_macro_f1": 0.6034424301459677,
  "dev_ece": 0.1880892692728245,
  "stopping_strategy": "baseline",
  "phase1_seed_strategy": "last",
  "phase1_best_epoch": null,
  "lambda1_mean": 1.0207294087088676,
  "lambda1_std": 0.27171685802945744,
  "lambda2_mean": 0.49588311678123065,
  "lambda2_std": 0.18819654107091774
}