{
  "event": "cyclone_idai_2019",
  "budget": 50,
  "seed_set": 3,
  "test_error_rate": 33.50449293966624,
  "test_macro_f1": 0.5083553227825952,
  "test_ece": 0.060230027592534124,
  "test_per_class_f1": [
    0.5416666666666666,
    0.3111111111111111,
    0.7239263803680982,
    0.8484848484848485,
    0.0,
    0.32432432432432434,
    0.33766233766233766,
    0.42857142857142855,
    0.7419354838709677,
    0.8258706467661692
  ],
  "dev_error_rate": 37.15710723192019,
  "dev_macro_f1": 0.48895274803070343,
  "dev_ece": 0.04464680699636216,
  "stopping_strategy": "baseline",
  "phase1_seed_strategy": "last",
  "phase1_best_epoch": null,
  "lambda1_mean": 0.44029789607136244,
  "lambda1_std": 0.10942550901693766,
  "lambda2_mean": 0.08617468167830315,
  "lambda2_std": 0.03811882522081187
}