{
  "event": "cyclone_idai_2019",
  "budget": 10,
  "seed_set": 2,
  "test_error_rate": 31.707317073170728,
  "test_macro_f1": 0.4146326026826689,
  "test_ece": 0.0791152995342774,
  "test_per_class_f1": [
    0.18181818181818182,
    0.0,
    0.7516778523489933,
    0.8994082840236687,
    0.0,
    0.0,
    0.43820224719101125,
    0.26582278481012656,
    0.7852760736196319,
    0.8241206030150754
  ],
  "dev_error_rate": 36.15960099750624,
  "dev_macro_f1": 0.4247459561144482,
  "dev_ece": 0.08974583186859501,
  "stopping_strategy": "baseline",
  "phase1_seed_strategy": "last",
  "phase1_best_epoch": null,
  "lambda1_mean": 0.9223042817242129,
  "lambda1_std": 0.3632854607038909,
  "lambda2_mean": 0.4182670889771214,
  "lambda2_std": 0.20725260378628274
}