{
  "event": "kaikoura_earthquake_2016",
  "budget": 10,
  "seed_set": 3,
  "test_error_rate": 41.60919540229885,
  "test_macro_f1": 0.47804815074575174,
  "test_ece": 0.09884532792814847,
  "test_per_class_f1": [
    0.6116504854368932,
    0.27586206896551724,
    0.6222222222222222,
    0.47368421052631576,
    0.4691358024691358,
    0.0,
    0.37037037037037035,
    0.5833333333333334,
    0.8961748633879781
  ],
  "dev_error_rate": 41.51785714285714,
  "dev_macro_f1": 0.461829517731945,
  "dev_ece": 0.08714932775391002,
  "stopping_strategy": "baseline",
  "phase1_seed_strategy": "last",
  "phase1_best_epoch": null,
  "lambda1_mean": 0.5369299283855365,
  "lambda1_std": 0.1431969459837695,
  "lambda2_mean": 0.14355680067117993,
  "lambda2_std": 0.05013201570163025
}