{
  "event": "cyclone_idai_2019",
  "budget": 10,
  "seed_set": 2,
  "test_error_rate": 28.626444159178433,
  "test_macro_f1": 0.5149180534227638,
  "test_ece": 0.07904656430340547,
  "test_per_class_f1": [
    0.25,
    0.34782608695652173,
    0.7455621301775148,
    0.872093023255814,
    0.36363636363636365,
    0.25,
    0.3974358974358974,
    0.37735849056603776,
    0.8235294117647058,
    0.7217391304347827
  ],
  "dev_error_rate": 29.675810473815456,
  "dev_macro_f1": 0.4946523864944917,
  "dev_ece": 0.09061445797470741,
  "stopping_strategy": "baseline",
  "phase1_seed_strategy": "last",
  "phase1_best_epoch": null,
  "lambda1_mean": 0.917733284029228,
  "lambda1_std": 0.3849400201852818,
  "lambda2_mean": 0.5094545196762891,
  "lambda2_std": 0.24882193291696808
}