{
  "event": "hurricane_irma_2017",
  "budget": 5,
  "seed_set": 1,
  "status": "done",
  "best_params": {
    "lr": 0.00020430017166801057,
    "batch_size": 16,
    "cotrain_epochs": 5,
    "finetune_patience": 4,
    "weight_decay": 0.07372292177469306,
    "warmup_ratio": 0.18334873155181713
  },
  "best_value": 0.452621,
  "best_full_metrics": {
    "event": "hurricane_irma_2017",
    "budget": 5,
    "seed_set": 1,
    "test_error_rate": 56.015037593984964,
    "test_macro_f1": 0.44102967710440394,
    "test_ece": 0.060401407879738245,
    "test_per_class_f1": [
      0.3983402489626556,
      0.4092664092664093,
      0.46814814814814815,
      0.6428571428571429,
      0.30638297872340425,
      0.21116138763197587,
      0.28205128205128205,
      0.5685950413223141,
      0.6824644549763034
    ],
    "dev_error_rate": 54.27974947807933,
    "dev_macro_f1": 0.45262133660059445,
    "dev_ece": 0.050709836916037566,
    "stopping_strategy": "baseline",
    "phase1_seed_strategy": "last",
    "phase1_best_epoch": null,
    "lambda1_mean": 0.9436910467638773,
    "lambda1_std": 0.26966783205822775,
    "lambda2_mean": 0.10060037286647493,
    "lambda2_std": 0.05824008365189282
  },
  "n_trials": 10,
  "continued_from": null,
  "trials": [
    {
      "number": 0,
      "state": "COMPLETE",
      "params": {
        "lr": 6.121872213009689e-05,
        "batch_size": 32,
        "cotrain_epochs": 13,
        "finetune_patience": 7,
        "weight_decay": 0.07641612949540036,
        "warmup_ratio": 0.2984760965066371
      },
      "dev_macro_f1": 0.428962,
      "duration_seconds": 654.4,
      "full_metrics": {
        "event": "hurricane_irma_2017",
        "budget": 5,
        "seed_set": 1,
        "test_error_rate": 56.17615467239527,
        "test_macro_f1": 0.43453776570365893,
        "test_ece": 0.452031310595708,
        "test_per_class_f1": [
          0.34509803921568627,
          0.38869257950530034,
          0.4787077826725404,
          0.6094069529652352,
          0.3380281690140845,
          0.21035598705501618,
          0.2684563758389262,
          0.5735294117647058,
          0.6985645933014354
        ],
        "dev_error_rate": 57.30688935281838,
        "dev_macro_f1": 0.4289615868561,
        "dev_ece": 0.4662724049579126,
        "stopping_strategy": "baseline",
        "phase1_seed_strategy": "last",
        "phase1_best_epoch": null,
        "lambda1_mean": 1.0745753293911293,
        "lambda1_std": 0.17755432245521732,
        "lambda2_mean": 0.5317818203896905,
        "lambda2_std": 0.16139800050247308
      }
    },
    {
      "number": 1,
      "state": "COMPLETE",
      "params": {
        "lr": 4.696719657698977e-05,
        "batch_size": 64,
        "cotrain_epochs": 5,
        "finetune_patience": 9,
        "weight_decay": 0.07630579138641913,
        "warmup_ratio": 0.15126044755348142
      },
      "dev_macro_f1": 0.439644,
      "duration_seconds": 287.8,
      "full_metrics": {
        "event": "hurricane_irma_2017",
        "budget": 5,
        "seed_set": 1,
        "test_error_rate": 56.06874328678839,
        "test_macro_f1": 0.4326711642486679,
        "test_ece": 0.44719311254044986,
        "test_per_class_f1": [
          0.37992831541218636,
          0.4378698224852071,
          0.4956521739130435,
          0.5810055865921788,
          0.319634703196347,
          0.15851602023608768,
          0.26666666666666666,
          0.5533453887884268,
          0.7014218009478673
        ],
        "dev_error_rate": 55.741127348643005,
        "dev_macro_f1": 0.4396441954507551,
        "dev_ece": 0.44455561617346545,
        "stopping_strategy": "baseline",
        "phase1_seed_strategy": "last",
        "phase1_best_epoch": null,
        "lambda1_mean": 0.9884309932632974,
        "lambda1_std": 0.22821098002162027,
        "lambda2_mean": 0.357791739515924,
        "lambda2_std": 0.15687829756451144
      }
    },
    {
      "number": 2,
      "state": "COMPLETE",
      "params": {
        "lr": 5.207971243618667e-05,
        "batch_size": 32,
        "cotrain_epochs": 17,
        "finetune_patience": 8,
        "weight_decay": 0.06218573821880069,
        "warmup_ratio": 0.08228096006756568
      },
      "dev_macro_f1": 0.438374,
      "duration_seconds": 800.5,
      "full_metrics": {
        "event": "hurricane_irma_2017",
        "budget": 5,
        "seed_set": 1,
        "test_error_rate": 56.659505907626205,
        "test_macro_f1": 0.42218853597437805,
        "test_ece": 0.4693219201073099,
        "test_per_class_f1": [
          0.3557312252964427,
          0.4188911704312115,
          0.46244477172312226,
          0.5789473684210527,
          0.2843601895734597,
          0.18270799347471453,
          0.26573426573426573,
          0.5811965811965812,
          0.669683257918552
        ],
        "dev_error_rate": 55.53235908141963,
        "dev_macro_f1": 0.43837377076136375,
        "dev_ece": 0.4590869992038153,
        "stopping_strategy": "baseline",
        "phase1_seed_strategy": "last",
        "phase1_best_epoch": null,
        "lambda1_mean": 1.1070035517297403,
        "lambda1_std": 0.13685755282070733,
        "lambda2_mean": 0.6390481247711517,
        "lambda2_std": 0.14809884457165595
      }
    },
    {
      "number": 3,
      "state": "COMPLETE",
      "params": {
        "lr": 6.100478700123157e-05,
        "batch_size": 64,
        "cotrain_epochs": 7,
        "finetune_patience": 4,
        "weight_decay": 0.09356185912369848,
        "warmup_ratio": 0.21614132964318866
      },
      "dev_macro_f1": 0.444708,
      "duration_seconds": 384.9,
      "full_metrics": {
        "event": "hurricane_irma_2017",
        "budget": 5,
        "seed_set": 1,
        "test_error_rate": 55.90762620837808,
        "test_macro_f1": 0.4405740035249003,
        "test_ece": 0.41552784469150705,
        "test_per_class_f1": [
          0.36012861736334406,
          0.3905109489051095,
          0.4827586206896552,
          0.6434782608695652,
          0.2972972972972973,
          0.20123839009287925,
          0.3008849557522124,
          0.5888689407540395,
          0.7
        ],
        "dev_error_rate": 56.263048016701454,
        "dev_macro_f1": 0.44470831425529084,
        "dev_ece": 0.4218841710892003,
        "stopping_strategy": "baseline",
        "phase1_seed_strategy": "last",
        "phase1_best_epoch": null,
        "lambda1_mean": 1.018121387898422,
        "lambda1_std": 0.2198021335595248,
        "lambda2_mean": 0.4046484290120839,
        "lambda2_std": 0.16526337500096946
      }
    },
    {
      "number": 4,
      "state": "COMPLETE",
      "params": {
        "lr": 4.251235572373353e-05,
        "batch_size": 8,
        "cotrain_epochs": 7,
        "finetune_patience": 5,
        "weight_decay": 0.07521602384312215,
        "warmup_ratio": 0.2626082673115337
      },
      "dev_macro_f1": 0.437219,
      "duration_seconds": 676.5,
      "full_metrics": {
        "event": "hurricane_irma_2017",
        "budget": 5,
        "seed_set": 1,
        "test_error_rate": 56.60580021482278,
        "test_macro_f1": 0.43230252191068297,
        "test_ece": 0.4455387335106586,
        "test_per_class_f1": [
          0.38596491228070173,
          0.3867403314917127,
          0.45645645645645644,
          0.5841392649903289,
          0.34782608695652173,
          0.18090452261306533,
          0.2982456140350877,
          0.5807622504537205,
          0.669683257918552
        ],
        "dev_error_rate": 56.9937369519833,
        "dev_macro_f1": 0.4372190526803702,
        "dev_ece": 0.4631954307720407,
        "stopping_strategy": "baseline",
        "phase1_seed_strategy": "last",
        "phase1_best_epoch": null,
        "lambda1_mean": 1.0487739092328674,
        "lambda1_std": 0.1913901287451577,
        "lambda2_mean": 0.45046599236094037,
        "lambda2_std": 0.17065566752678674
      }
    },
    {
      "number": 5,