{
  "event": "hurricane_dorian_2019",
  "budget": 50,
  "seed_set": 1,
  "test_error_rate": 33.687002652519894,
  "test_macro_f1": 0.5941103840815675,
  "test_ece": 0.10116018971492506,
  "test_per_class_f1": [
    0.6654991243432574,
    0.8845070422535212,
    0.647887323943662,
    0.3333333333333333,
    0.5905292479108635,
    0.36792452830188677,
    0.21052631578947367,
    0.8292682926829268,
    0.8175182481751825
  ],
  "dev_error_rate": 33.11855670103093,
  "dev_macro_f1": 0.6390539618203724,
  "dev_ece": 0.11467398092457928,
  "stopping_strategy": "baseline",
  "phase1_seed_strategy": "last",
  "phase1_best_epoch": null,
  "lambda1_mean": 1.0031447266158218,
  "lambda1_std": 0.28059275551681706,
  "lambda2_mean": 0.5870884598508522,
  "lambda2_std": 0.22383941252251313
}