{
  "event": "kaikoura_earthquake_2016",
  "budget": 10,
  "seed_set": 1,
  "status": "done",
  "best_params": {
    "lr": 1.0870146926680328e-05,
    "batch_size": 16,
    "cotrain_epochs": 11,
    "finetune_patience": 6,
    "weight_decay": 0.06725461773539378,
    "warmup_ratio": 0.0898068758206269
  },
  "best_value": 0.65501,
  "best_full_metrics": {
    "event": "kaikoura_earthquake_2016",
    "budget": 10,
    "seed_set": 1,
    "test_error_rate": 24.827586206896555,
    "test_macro_f1": 0.6706660301791633,
    "test_ece": 0.12203284690434907,
    "test_per_class_f1": [
      0.7386363636363636,
      0.7368421052631579,
      0.8,
      0.9130434782608695,
      0.5714285714285714,
      0.4576271186440678,
      0.0,
      0.898876404494382,
      0.9195402298850575
    ],
    "dev_error_rate": 28.125,
    "dev_macro_f1": 0.655009590534351,
    "dev_ece": 0.12231657068644253,
    "stopping_strategy": "baseline",
    "phase1_seed_strategy": "last",
    "phase1_best_epoch": null,
    "lambda1_mean": 0.9337654300884886,
    "lambda1_std": 0.25951626863639127,
    "lambda2_mean": 0.3811747382657721,
    "lambda2_std": 0.15723135686893797
  },
  "n_trials": 10,
  "continued_from": null,
  "trials": [
    {
      "number": 0,
      "state": "COMPLETE",
      "params": {
        "lr": 0.00010516422326491715,
        "batch_size": 16,
        "cotrain_epochs": 17,
        "finetune_patience": 5,
        "weight_decay": 0.02164395025533812,
        "warmup_ratio": 0.03425099914333979
      },
      "dev_macro_f1": 0.654224,
      "duration_seconds": 204.9,
      "full_metrics": {
        "event": "kaikoura_earthquake_2016",
        "budget": 10,
        "seed_set": 1,
        "test_error_rate": 25.51724137931034,
        "test_macro_f1": 0.6764216899682011,
        "test_ece": 0.1863960890249274,
        "test_per_class_f1": [
          0.7403314917127072,
          0.8108108108108109,
          0.8148148148148148,
          0.975609756097561,
          0.5274725274725275,
          0.47368421052631576,
          0.0,
          0.8735632183908046,
          0.8715083798882681
        ],
        "dev_error_rate": 28.125,
        "dev_macro_f1": 0.6542244503309098,
        "dev_ece": 0.18747590242752007,
        "stopping_strategy": "baseline",
        "phase1_seed_strategy": "last",
        "phase1_best_epoch": null,
        "lambda1_mean": 1.0341620149006334,
        "lambda1_std": 0.23084561771374398,
        "lambda2_mean": 0.6545318941820989,
        "lambda2_std": 0.21193071487135745
      }
    },
    {
      "number": 1,
      "state": "COMPLETE",
      "params": {
        "lr": 1.0870146926680328e-05,
        "batch_size": 16,
        "cotrain_epochs": 11,
        "finetune_patience": 6,
        "weight_decay": 0.06725461773539378,
        "warmup_ratio": 0.0898068758206269
      },
      "dev_macro_f1": 0.65501,
      "duration_seconds": 153.1,
      "full_metrics": {
        "event": "kaikoura_earthquake_2016",
        "budget": 10,
        "seed_set": 1,
        "test_error_rate": 24.827586206896555,
        "test_macro_f1": 0.6706660301791633,
        "test_ece": 0.12203284690434907,
        "test_per_class_f1": [
          0.7386363636363636,
          0.7368421052631579,
          0.8,
          0.9130434782608695,
          0.5714285714285714,
          0.4576271186440678,
          0.0,
          0.898876404494382,
          0.9195402298850575
        ],
        "dev_error_rate": 28.125,
        "dev_macro_f1": 0.655009590534351,
        "dev_ece": 0.12231657068644253,
        "stopping_strategy": "baseline",
        "phase1_seed_strategy": "last",
        "phase1_best_epoch": null,
        "lambda1_mean": 0.9337654300884886,
        "lambda1_std": 0.25951626863639127,
        "lambda2_mean": 0.3811747382657721,
        "lambda2_std": 0.15723135686893797
      }
    },
    {
      "number": 2,
      "state": "COMPLETE",
      "params": {
        "lr": 2.7251490563144675e-05,
        "batch_size": 32,
        "cotrain_epochs": 6,
        "finetune_patience": 8,
        "weight_decay": 0.053669055638811726,
        "warmup_ratio": 0.01244259599001961
      },
      "dev_macro_f1": 0.648745,
      "duration_seconds": 90.2,
      "full_metrics": {
        "event": "kaikoura_earthquake_2016",
        "budget": 10,
        "seed_set": 1,
        "test_error_rate": 28.27586206896552,
        "test_macro_f1": 0.6298283152752706,
        "test_ece": 0.032031996359770304,
        "test_per_class_f1": [
          0.7103825136612022,
          0.5714285714285714,
          0.7832167832167832,
          0.9130434782608695,
          0.5106382978723404,
          0.43859649122807015,
          0.0,
          0.8387096774193549,
          0.9024390243902439
        ],
        "dev_error_rate": 27.67857142857143,
        "dev_macro_f1": 0.6487451014442936,
        "dev_ece": 0.09667101548984644,
        "stopping_strategy": "baseline",
        "phase1_seed_strategy": "last",
        "phase1_best_epoch": null,
        "lambda1_mean": 0.881443795981972,
        "lambda1_std": 0.26297898920670965,
        "lambda2_mean": 0.32953710061312946,
        "lambda2_std": 0.15336681633060445
      }
    },
    {
      "number": 3,
      "state": "COMPLETE",
      "params": {
        "lr": 6.389264916091729e-05,
        "batch_size": 64,
        "cotrain_epochs": 7,
        "finetune_patience": 10,
        "weight_decay": 0.010847549691540781,
        "warmup_ratio": 0.030226713208005827
      },
      "dev_macro_f1": 0.640819,
      "duration_seconds": 89.6,
      "full_metrics": {
        "event": "kaikoura_earthquake_2016",
        "budget": 10,
        "seed_set": 1,
        "test_error_rate": 28.04597701149425,
        "test_macro_f1": 0.6397209655858251,
        "test_ece": 0.10448003164653122,
        "test_per_class_f1": [
          0.6779661016949152,
          0.6060606060606061,
          0.8217054263565892,
          0.8936170212765957,
          0.5581395348837209,
          0.4696969696969697,
          0.0,
          0.8333333333333334,
          0.896969696969697
        ],
        "dev_error_rate": 29.464285714285708,
        "dev_macro_f1": 0.6408190462029016,
        "dev_ece": 0.1063524160001959,
        "stopping_strategy": "baseline",
        "phase1_seed_strategy": "last",
        "phase1_best_epoch": null,
        "lambda1_mean": 0.9371574620613783,
        "lambda1_std": 0.2710426382485021,
        "lambda2_mean": 0.3648123955522815,
        "lambda2_std": 0.1688544283700265
      }
    },
    {
      "number": 4,
      "state": "COMPLETE",
      "params": {
        "lr": 0.0002223045143957187,
        "batch_size": 8,
        "cotrain_epochs": 18,
        "finetune_patience": 10,
        "weight_decay": 0.01669734928631198,
        "warmup_ratio": 0.28014429742125785
      },
      "dev_macro_f1": 0.113412,
      "duration_seconds": 306.4,
      "full_metrics": {
        "event": "kaikoura_earthquake_2016",
        "budget": 10,
        "seed_set": 1,
        "test_error_rate": 64.82758620689654,
        "test_macro_f1": 0.11396902297584965,
        "test_ece": 0.02823525256124036,
        "test_per_class_f1": [
          0.5941422594142259,
          0.0,
          0.0,
          0.0,
          0.0,
          0.0,
          0.0,
          0.0,
          0.43157894736842106
        ],
        "dev_error_rate": 65.625,
        "dev_macro_f1": 0.11341189674523007,
        "dev_ece": 0.04028663464954922,
        "stopping_strategy": "baseline",
        "phase1_seed_strategy": "last",
        "phase1_best_epoch": null,
        "lambda1_mean": 0.4966967391349467,
        "lambda1_std": 0.2841234221728976,
        "lambda2_mean": 0.08278073682703706,
        "lambda2_std": 0.09097940246585623
      }
    },
    {
      "number": 5,
      "state": "COMPLETE",
      "params": {
        "lr": 3.545282355935282e-05,
        "batch_size": 16,
        "cotrain_epochs": 20,
        "finetune_patience": 6,