{
  "event": "kaikoura_earthquake_2016",
  "budget": 10,
  "seed_set": 3,
  "test_error_rate": 60.0,
  "test_macro_f1": 0.17543634984473694,
  "test_ece": 0.11883784508568115,
  "test_per_class_f1": [
    0.4529616724738676,
    0.0,
    0.0,
    0.0,
    0.0,
    0.26732673267326734,
    0.0,
    0.0,
    0.8586387434554974
  ],
  "dev_error_rate": 56.25,
  "dev_macro_f1": 0.18994726313875251,
  "dev_ece": 0.12641308050868766
}