{
  "event": "cyclone_idai_2019",
  "budget": 10,
  "seed_set": 1,
  "test_error_rate": 89.21694480102695,
  "test_macro_f1": 0.09349238351420924,
  "test_ece": 0.043997953032575005,
  "test_per_class_f1": [
    0.11618257261410789,
    0.0625,
    0.0,
    0.0425531914893617,
    0.0,
    0.09278350515463918,
    0.06015037593984962,
    0.125,
    0.0,
    0.43575418994413406
  ],
  "dev_error_rate": 89.52618453865337,
  "dev_macro_f1": 0.08380505409074616,
  "dev_ece": 0.046686166502591074,
  "stopping_strategy": "baseline",
  "phase1_seed_strategy": "last",
  "phase1_best_epoch": null,
  "lambda1_mean": 1.0515306137362261,
  "lambda1_std": 0.2057689322247446,
  "lambda2_mean": 0.5254952545554513,
  "lambda2_std": 0.1566057770594693
}