{
  "event": "hurricane_harvey_2017",
  "budget": 25,
  "seed_set": 2,
  "test_error_rate": 30.249307479224374,
  "test_macro_f1": 0.6572909499430255,
  "test_ece": 0.15544977777552405,
  "test_per_class_f1": [
    0.6090909090909091,
    0.8098159509202454,
    0.7982456140350878,
    0.9052631578947369,
    0.35555555555555557,
    0.45652173913043476,
    0.46153846153846156,
    0.8207024029574861,
    0.6988847583643123
  ],
  "dev_error_rate": 30.139935414424112,
  "dev_macro_f1": 0.6686808686369532,
  "dev_ece": 0.15694062224117114,
  "stopping_strategy": "baseline",
  "phase1_seed_strategy": "last",
  "phase1_best_epoch": null,
  "lambda1_mean": 1.0366196971952393,
  "lambda1_std": 0.25727638486430254,
  "lambda2_mean": 0.5193168032929206,
  "lambda2_std": 0.17735436585000497
}