{
  "event": "hurricane_irma_2017",
  "budget": 5,
  "seed_set": 3,
  "test_error_rate": 71.1063372717508,
  "test_macro_f1": 0.24834582449282205,
  "test_ece": 0.14466298350746212,
  "test_per_class_f1": [
    0.06306306306306306,
    0.09809264305177112,
    0.4416184971098266,
    0.6648199445983379,
    0.0641025641025641,
    0.24768518518518517,
    0.13333333333333333,
    0.03048780487804878,
    0.4919093851132686
  ],
  "dev_error_rate": 69.72860125260961,
  "dev_macro_f1": 0.2476394469339226,
  "dev_ece": 0.1349491756059432,
  "stopping_strategy": "baseline",
  "phase1_seed_strategy": "last",
  "phase1_best_epoch": null,
  "lambda1_mean": 0.41232899772041237,
  "lambda1_std": 0.15211934619087794,
  "lambda2_mean": 0.13659659956373213,
  "lambda2_std": 0.032683567213604305
}