{
  "event": "hurricane_dorian_2019",
  "budget": 5,
  "seed_set": 1,
  "test_error_rate": 70.09283819628646,
  "test_macro_f1": 0.21654027595661052,
  "test_ece": 0.22455494817277163,
  "test_per_class_f1": [
    0.07523510971786834,
    0.06857142857142857,
    0.012195121951219513,
    0.024539877300613498,
    0.2276923076923077,
    0.3613707165109034,
    0.07042253521126761,
    0.5835189309576837,
    0.5253164556962026
  ],
  "dev_error_rate": 68.68556701030928,
  "dev_macro_f1": 0.2245042937603857,
  "dev_ece": 0.22516756420282974
}