class_label,caution_and_advice,displaced_people_and_evacuations,infrastructure_and_utility_damage,injured_or_dead_people,not_humanitarian,other_relevant_information,requests_or_urgent_needs,rescue_volunteering_or_donation_effort,sympathy_and_support
caution_and_advice,0.564935064935065,0.01948051948051948,0.11688311688311688,0.0,0.045454545454545456,0.16883116883116883,0.025974025974025976,0.05844155844155844,0.0
displaced_people_and_evacuations,0.0,0.967391304347826,0.0,0.0,0.0,0.0,0.010869565217391304,0.010869565217391304,0.010869565217391304
infrastructure_and_utility_damage,0.005005005005005005,0.011011011011011011,0.8398398398398398,0.004004004004004004,0.05405405405405406,0.026026026026026026,0.016016016016016016,0.01901901901901902,0.025025025025025027
injured_or_dead_people,0.004739336492890996,0.009478672985781991,0.04265402843601896,0.8246445497630331,0.05687203791469194,0.009478672985781991,0.02843601895734597,0.004739336492890996,0.018957345971563982
not_humanitarian,0.026455026455026454,0.0,0.037037037037037035,0.005291005291005291,0.6613756613756614,0.08994708994708994,0.1164021164021164,0.015873015873015872,0.047619047619047616
other_relevant_information,0.041932543299908843,0.022789425706472195,0.19234275296262535,0.0027347310847766638,0.22515952597994532,0.21604375569735643,0.10118505013673655,0.14858705560619873,0.049225159525979945
requests_or_urgent_needs,0.002008032128514056,0.0,0.028112449799196786,0.0,0.0321285140562249,0.02208835341365462,0.6485943775100401,0.21887550200803213,0.04819277108433735
rescue_volunteering_or_donation_effort,0.001445086705202312,0.006502890173410405,0.005780346820809248,0.001445086705202312,0.019508670520231215,0.05202312138728324,0.03757225433526012,0.8648843930635838,0.01083815028901734
sympathy_and_support,0.006382978723404255,0.00425531914893617,0.00851063829787234,0.0,0.02553191489361702,0.00425531914893617,0.08297872340425531,0.21914893617021278,0.648936170212766
