label,precision,recall,f1,support,error_rate
caution_and_advice,0.58,0.564935064935065,0.5723684210526315,154,0.43506493506493504
displaced_people_and_evacuations,0.6312056737588653,0.967391304347826,0.7639484978540773,92,0.03260869565217395
infrastructure_and_utility_damage,0.7558558558558559,0.8398398398398398,0.795637743006164,999,0.16016016016016021
injured_or_dead_people,0.9456521739130435,0.8246445497630331,0.8810126582278481,211,0.17535545023696686
not_humanitarian,0.25,0.6613756613756614,0.36284470246734396,189,0.3386243386243386
other_relevant_information,0.6030534351145038,0.21604375569735643,0.3181208053691275,1097,0.7839562443026435
requests_or_urgent_needs,0.5627177700348432,0.6485943775100401,0.6026119402985075,498,0.3514056224899599
rescue_volunteering_or_donation_effort,0.7457943925233644,0.8648843930635838,0.8009367681498829,1384,0.13511560693641622
sympathy_and_support,0.6979405034324943,0.648936170212766,0.6725468577728776,470,0.35106382978723405
