{
  "event": "cyclone_idai_2019",
  "budget": 10,
  "seed_set": 1,
  "test_error_rate": 30.808729139922974,
  "test_macro_f1": 0.4138509751696299,
  "test_ece": 0.08318341071018055,
  "test_per_class_f1": [
    0.19047619047619047,
    0.0,
    0.7712418300653595,
    0.8950276243093923,
    0.0,
    0.0,
    0.36162361623616235,
    0.32558139534883723,
    0.7926267281105991,
    0.8019323671497585
  ],
  "dev_error_rate": 33.91521197007481,
  "dev_macro_f1": 0.4339509345410405,
  "dev_ece": 0.08369825888155703,
  "stopping_strategy": "baseline",
  "phase1_seed_strategy": "last",
  "phase1_best_epoch": null,
  "lambda1_mean": 0.9277518036616553,
  "lambda1_std": 0.36173656234137835,
  "lambda2_mean": 0.4241412333139931,
  "lambda2_std": 0.21385242141674934
}