{
  "event": "canada_wildfires_2016",
  "budget": 10,
  "seed_set": 3,
  "test_error_rate": 24.044943820224717,
  "test_macro_f1": 0.554748054393395,
  "test_ece": 0.13385751957304023,
  "test_per_class_f1": [
    0.27586206896551724,
    0.8727272727272727,
    0.9019607843137255,
    0.27586206896551724,
    0.41509433962264153,
    0.0,
    0.8839779005524862,
    0.8125
  ],
  "dev_error_rate": 23.684210526315784,
  "dev_macro_f1": 0.5371931958045671,
  "dev_ece": 0.12337318847053932,
  "stopping_strategy": "baseline",
  "phase1_seed_strategy": "last",
  "phase1_best_epoch": null,
  "lambda1_mean": 0.9580986291340856,
  "lambda1_std": 0.24463024944649997,
  "lambda2_mean": 0.3994818752476516,
  "lambda2_std": 0.17621933506170706
}