{
  "event": "hurricane_florence_2018",
  "budget": 10,
  "seed_set": 1,
  "test_error_rate": 50.92667203867849,
  "test_macro_f1": 0.4528122562418713,
  "test_ece": 0.13041447279532042,
  "test_per_class_f1": [
    0.5079365079365079,
    0.2222222222222222,
    0.26993865030674846,
    0.7049180327868853,
    0.717948717948718,
    0.21108179419525067,
    0.06451612903225806,
    0.6153846153846154,
    0.7613636363636364
  ],
  "dev_error_rate": 50.70422535211267,
  "dev_macro_f1": 0.46783436110201304,
  "dev_ece": 0.13740911242641007,
  "stopping_strategy": "baseline",
  "phase1_seed_strategy": "last",
  "phase1_best_epoch": null,
  "lambda1_mean": 0.5944470397891506,
  "lambda1_std": 0.15528799396669293,
  "lambda2_mean": 0.1687463100348766,
  "lambda2_std": 0.06922326575129943
}