{
  "event": "hurricane_dorian_2019",
  "budget": 50,
  "seed_set": 3,
  "test_error_rate": 38.660477453580896,
  "test_macro_f1": 0.5735920228765198,
  "test_ece": 0.16886637255114648,
  "test_per_class_f1": [
    0.5646123260437376,
    0.8941176470588236,
    0.6459627329192547,
    0.4,
    0.5744125326370757,
    0.3572984749455338,
    0.10752688172043011,
    0.8010899182561307,
    0.8173076923076923
  ],
  "dev_error_rate": 37.88659793814433,
  "dev_macro_f1": 0.6109213095721763,
  "dev_ece": 0.15668232109128816,
  "stopping_strategy": "baseline",
  "phase1_seed_strategy": "last",
  "phase1_best_epoch": null,
  "lambda1_mean": 1.0163964915592139,
  "lambda1_std": 0.25250629891799176,
  "lambda2_mean": 0.5302508928576734,
  "lambda2_std": 0.18017531550920685
}