{
  "event": "cyclone_idai_2019",
  "budget": 25,
  "seed_set": 2,
  "test_error_rate": 42.49037227214377,
  "test_macro_f1": 0.3622477994987853,
  "test_ece": 0.06327046042688392,
  "test_per_class_f1": [
    0.1,
    0.08421052631578947,
    0.5714285714285714,
    0.7176470588235294,
    0.0,
    0.21212121212121213,
    0.18421052631578946,
    0.24242424242424243,
    0.7309486780715396,
    0.7794871794871795
  ],
  "dev_error_rate": 46.38403990024938,
  "dev_macro_f1": 0.3430407755953297,
  "dev_ece": 0.05027246438059723
}