{
  "event": "kaikoura_earthquake_2016",
  "budget": 5,
  "seed_set": 3,
  "status": "done",
  "best_params": {
    "lr": 8.346362943807864e-05,
    "batch_size": 32,
    "cotrain_epochs": 5,
    "finetune_patience": 6,
    "weight_decay": 0.05678229455210292,
    "warmup_ratio": 0.19849349224964238
  },
  "best_value": 0.66052,
  "best_full_metrics": {
    "event": "kaikoura_earthquake_2016",
    "budget": 5,
    "seed_set": 3,
    "test_error_rate": 26.206896551724135,
    "test_macro_f1": 0.6691272647154838,
    "test_ece": 0.16643381934056334,
    "test_per_class_f1": [
      0.7311827956989247,
      0.8484848484848485,
      0.7466666666666667,
      0.9302325581395349,
      0.5822784810126582,
      0.46017699115044247,
      0.0,
      0.8292682926829268,
      0.8938547486033519
    ],
    "dev_error_rate": 27.23214285714286,
    "dev_macro_f1": 0.6605198879349339,
    "dev_ece": 0.19522465313119544,
    "stopping_strategy": "baseline",
    "phase1_seed_strategy": "last",
    "phase1_best_epoch": null,
    "lambda1_mean": 0.9431811561412172,
    "lambda1_std": 0.23051063869287136,
    "lambda2_mean": 0.30459409806842414,
    "lambda2_std": 0.14771343217466779
  },
  "n_trials": 10,
  "continued_from": null,
  "trials": [
    {
      "number": 0,
      "state": "COMPLETE",
      "params": {
        "lr": 8.346362943807864e-05,
        "batch_size": 32,
        "cotrain_epochs": 5,
        "finetune_patience": 6,
        "weight_decay": 0.05678229455210292,
        "warmup_ratio": 0.19849349224964238
      },
      "dev_macro_f1": 0.66052,
      "duration_seconds": 75.3,
      "full_metrics": {
        "event": "kaikoura_earthquake_2016",
        "budget": 5,
        "seed_set": 3,
        "test_error_rate": 26.206896551724135,
        "test_macro_f1": 0.6691272647154838,
        "test_ece": 0.16643381934056334,
        "test_per_class_f1": [
          0.7311827956989247,
          0.8484848484848485,
          0.7466666666666667,
          0.9302325581395349,
          0.5822784810126582,
          0.46017699115044247,
          0.0,
          0.8292682926829268,
          0.8938547486033519
        ],
        "dev_error_rate": 27.23214285714286,
        "dev_macro_f1": 0.6605198879349339,
        "dev_ece": 0.19522465313119544,
        "stopping_strategy": "baseline",
        "phase1_seed_strategy": "last",
        "phase1_best_epoch": null,
        "lambda1_mean": 0.9431811561412172,
        "lambda1_std": 0.23051063869287136,
        "lambda2_mean": 0.30459409806842414,
        "lambda2_std": 0.14771343217466779
      }
    },
    {
      "number": 1,
      "state": "COMPLETE",
      "params": {
        "lr": 3.615614168095495e-05,
        "batch_size": 16,
        "cotrain_epochs": 17,
        "finetune_patience": 5,
        "weight_decay": 0.024407389188276608,
        "warmup_ratio": 0.1918184321434304
      },
      "dev_macro_f1": 0.643187,
      "duration_seconds": 210.1,
      "full_metrics": {
        "event": "kaikoura_earthquake_2016",
        "budget": 5,
        "seed_set": 3,
        "test_error_rate": 25.74712643678161,
        "test_macro_f1": 0.6691631252471706,
        "test_ece": 0.20463303341262645,
        "test_per_class_f1": [
          0.708994708994709,
          0.7368421052631579,
          0.855072463768116,
          0.975609756097561,
          0.5714285714285714,
          0.4666666666666667,
          0.0,
          0.810126582278481,
          0.8977272727272727
        ],
        "dev_error_rate": 29.01785714285714,
        "dev_macro_f1": 0.643187267153333,
        "dev_ece": 0.24993952350424867,
        "stopping_strategy": "baseline",
        "phase1_seed_strategy": "last",
        "phase1_best_epoch": null,
        "lambda1_mean": 1.0758161133120583,
        "lambda1_std": 0.1858557864385189,
        "lambda2_mean": 0.5297846344991707,
        "lambda2_std": 0.14030104847516722
      }
    },
    {
      "number": 2,
      "state": "COMPLETE",
      "params": {
        "lr": 7.143420986457644e-05,
        "batch_size": 16,
        "cotrain_epochs": 18,
        "finetune_patience": 7,
        "weight_decay": 0.0077378134915143115,
        "warmup_ratio": 0.0706862175319841
      },
      "dev_macro_f1": 0.653571,
      "duration_seconds": 222.8,
      "full_metrics": {
        "event": "kaikoura_earthquake_2016",
        "budget": 5,
        "seed_set": 3,
        "test_error_rate": 26.89655172413793,
        "test_macro_f1": 0.6548425719663844,
        "test_ece": 0.17098182563124031,
        "test_per_class_f1": [
          0.71875,
          0.7428571428571429,
          0.8181818181818182,
          0.8837209302325582,
          0.5301204819277109,
          0.4628099173553719,
          0.0,
          0.8571428571428571,
          0.88
        ],
        "dev_error_rate": 29.01785714285714,
        "dev_macro_f1": 0.6535708570346926,
        "dev_ece": 0.14569586834737233,
        "stopping_strategy": "baseline",
        "phase1_seed_strategy": "last",
        "phase1_best_epoch": null,
        "lambda1_mean": 0.6011331677355971,
        "lambda1_std": 0.15821558185834414,
        "lambda2_mean": 0.6210701467667205,
        "lambda2_std": 0.15409414477723804
      }
    },
    {
      "number": 3,
      "state": "COMPLETE",
      "params": {
        "lr": 2.469707128769141e-05,
        "batch_size": 8,
        "cotrain_epochs": 9,
        "finetune_patience": 7,
        "weight_decay": 0.04678834787464982,
        "warmup_ratio": 0.29669512311188606
      },
      "dev_macro_f1": 0.65868,
      "duration_seconds": 179.9,
      "full_metrics": {
        "event": "kaikoura_earthquake_2016",
        "budget": 5,
        "seed_set": 3,
        "test_error_rate": 26.66666666666667,
        "test_macro_f1": 0.645910912158888,
        "test_ece": 0.1294565360436494,
        "test_per_class_f1": [
          0.7070707070707071,
          0.5714285714285714,
          0.8064516129032258,
          0.9130434782608695,
          0.5507246376811594,
          0.5294117647058824,
          0.0,
          0.8333333333333334,
          0.9017341040462428
        ],
        "dev_error_rate": 27.23214285714286,
        "dev_macro_f1": 0.6586796645620175,
        "dev_ece": 0.16713322872029884,
        "stopping_strategy": "baseline",
        "phase1_seed_strategy": "last",
        "phase1_best_epoch": null,
        "lambda1_mean": 1.0073023438845123,
        "lambda1_std": 0.20503953493775998,
        "lambda2_mean": 0.38149948754876234,
        "lambda2_std": 0.14038601453656074
      }
    },
    {
      "number": 4,
      "state": "COMPLETE",
      "params": {
        "lr": 0.00024634213433487106,
        "batch_size": 64,
        "cotrain_epochs": 13,
        "finetune_patience": 10,
        "weight_decay": 0.05859637637202193,
        "warmup_ratio": 0.10492897820878912
      },
      "dev_macro_f1": 0.566301,
      "duration_seconds": 138.8,
      "full_metrics": {
        "event": "kaikoura_earthquake_2016",
        "budget": 5,
        "seed_set": 3,
        "test_error_rate": 30.804597701149426,
        "test_macro_f1": 0.5631334407880301,
        "test_ece": 0.20803973119834382,
        "test_per_class_f1": [
          0.68,
          0.09523809523809523,
          0.7945205479452054,
          0.9523809523809523,
          0.5168539325842697,
          0.35294117647058826,
          0.0,
          0.7912087912087912,
          0.8850574712643678
        ],
        "dev_error_rate": 33.03571428571429,
        "dev_macro_f1": 0.5663013732652433,
        "dev_ece": 0.24146058370492288,
        "stopping_strategy": "baseline",
        "phase1_seed_strategy": "last",
        "phase1_best_epoch": null,
        "lambda1_mean": 0.9709008429005038,
        "lambda1_std": 0.3144220013974501,
        "lambda2_mean": 0.4645414977816224,
        "lambda2_std": 0.24075501857916104
      }
    },
    {
      "number": 5,
      "state": "COMPLETE",
      "params": {
        "lr": 5.9196907471983626e-05,