{
  "event": "canada_wildfires_2016",
  "budget": 5,
  "seed_set": 3,
  "test_error_rate": 23.59550561797753,
  "test_macro_f1": 0.5728867130129193,
  "test_ece": 0.17541902487197625,
  "test_per_class_f1": [
    0.37209302325581395,
    0.8701298701298701,
    0.8888888888888888,
    0.3018867924528302,
    0.4444444444444444,
    0.0,
    0.8931506849315068,
    0.8125
  ],
  "dev_error_rate": 22.807017543859654,
  "dev_macro_f1": 0.5704497819012224,
  "dev_ece": 0.1707255471693842,
  "stopping_strategy": "baseline",
  "phase1_seed_strategy": "last",
  "phase1_best_epoch": null,
  "lambda1_mean": 1.0715474240316045,
  "lambda1_std": 0.18942357707899074,
  "lambda2_mean": 0.5365939897959783,
  "lambda2_std": 0.15972925955286424
}