{
  "event": "hurricane_dorian_2019",
  "budget": 50,
  "seed_set": 3,
  "test_error_rate": 35.27851458885941,
  "test_macro_f1": 0.5764868956220526,
  "test_ece": 0.07466982039240061,
  "test_per_class_f1": [
    0.6481802426343154,
    0.8587257617728532,
    0.6781609195402298,
    0.3684210526315789,
    0.5743073047858942,
    0.2872340425531915,
    0.13333333333333333,
    0.8105263157894737,
    0.8294930875576036
  ],
  "dev_error_rate": 34.02061855670103,
  "dev_macro_f1": 0.636324099627321,
  "dev_ece": 0.08346753784445757,
  "stopping_strategy": "baseline",
  "phase1_seed_strategy": "last",
  "phase1_best_epoch": null,
  "lambda1_mean": 0.9308584322765315,
  "lambda1_std": 0.3072318170607917,
  "lambda2_mean": 0.5206770932162851,
  "lambda2_std": 0.2477486786088179
}