{
  "event": "cyclone_idai_2019",
  "budget": 5,
  "seed_set": 3,
  "test_error_rate": 53.27342747111682,
  "test_macro_f1": 0.06919900158838213,
  "test_ece": 0.3560548828142445,
  "test_per_class_f1": [
    0.0,
    0.0,
    0.05128205128205128,
    0.0,
    0.0,
    0.0,
    0.0,
    0.0,
    0.6407079646017699,
    0.0
  ],
  "dev_error_rate": 53.86533665835411,
  "dev_macro_f1": 0.06434782608695652,
  "dev_ece": 0.3501920768633448
}