{
  "event": "hurricane_florence_2018",
  "budget": 25,
  "seed_set": 1,
  "test_error_rate": 55.197421434327154,
  "test_macro_f1": 0.4197038120267663,
  "test_ece": 0.2818595343640886,
  "test_per_class_f1": [
    0.32,
    0.36363636363636365,
    0.2786885245901639,
    0.5792349726775956,
    0.5263157894736842,
    0.1853035143769968,
    0.03669724770642202,
    0.6816326530612244,
    0.8058252427184466
  ],
  "dev_error_rate": 55.39906103286385,
  "dev_macro_f1": 0.42009827964506063,
  "dev_ece": 0.2908037010119741
}