{
  "event": "cyclone_idai_2019",
  "budget": 50,
  "seed_set": 3,
  "test_error_rate": 26.059050064184852,
  "test_macro_f1": 0.512879219513713,
  "test_ece": 0.1089158062374791,
  "test_per_class_f1": [
    0.27906976744186046,
    0.27586206896551724,
    0.7636363636363637,
    0.9,
    0.0,
    0.3870967741935484,
    0.31746031746031744,
    0.5263157894736842,
    0.8416547788873039,
    0.837696335078534
  ],
  "dev_error_rate": 29.675810473815456,
  "dev_macro_f1": 0.49859266495576904,
  "dev_ece": 0.13171637886926124,
  "stopping_strategy": "baseline",
  "phase1_seed_strategy": "last",
  "phase1_best_epoch": null,
  "lambda1_mean": 0.9030634268347799,
  "lambda1_std": 0.37207323791261304,
  "lambda2_mean": 0.41962127227730217,
  "lambda2_std": 0.2157865226410421
}