{
  "event": "kaikoura_earthquake_2016",
  "budget": 50,
  "seed_set": 1,
  "test_error_rate": 35.40229885057471,
  "test_macro_f1": 0.5789360529356102,
  "test_ece": 0.15437499668406346,
  "test_per_class_f1": [
    0.6025641025641025,
    0.3880597014925373,
    0.631578947368421,
    0.47368421052631576,
    0.611764705882353,
    0.4423076923076923,
    0.2857142857142857,
    0.8604651162790697,
    0.9142857142857143
  ],
  "dev_error_rate": 35.71428571428571,
  "dev_macro_f1": 0.5428009809138578,
  "dev_ece": 0.15017330127635173
}