{
  "event": "canada_wildfires_2016",
  "budget": 10,
  "seed_set": 3,
  "test_error_rate": 22.92134831460674,
  "test_macro_f1": 0.5746424920313677,
  "test_ece": 0.18545620207036473,
  "test_per_class_f1": [
    0.36363636363636365,
    0.8553459119496856,
    0.8627450980392157,
    0.32,
    0.46846846846846846,
    0.0,
    0.8961748633879781,
    0.8307692307692308
  ],
  "dev_error_rate": 20.614035087719294,
  "dev_macro_f1": 0.5820544561095662,
  "dev_ece": 0.1733054986648392,
  "stopping_strategy": "baseline",
  "phase1_seed_strategy": "last",
  "phase1_best_epoch": null,
  "lambda1_mean": 1.0522714592229732,
  "lambda1_std": 0.23265991795899701,
  "lambda2_mean": 0.5933680058564267,
  "lambda2_std": 0.18818211739258092
}