{
  "event": "cyclone_idai_2019",
  "budget": 5,
  "seed_set": 1,
  "status": "done",
  "best_params": {
    "lr": 0.00030739421422196434,
    "batch_size": 64,
    "cotrain_epochs": 5,
    "finetune_patience": 7,
    "weight_decay": 0.01908191375404025,
    "warmup_ratio": 0.05974755634056754
  },
  "best_value": 0.273768,
  "best_full_metrics": {
    "event": "cyclone_idai_2019",
    "budget": 5,
    "seed_set": 1,
    "test_error_rate": 63.7997432605905,
    "test_macro_f1": 0.28002441918507703,
    "test_ece": 0.09930770952297574,
    "test_per_class_f1": [
      0.0851063829787234,
      0.07407407407407407,
      0.46153846153846156,
      0.7126436781609196,
      0.08,
      0.058823529411764705,
      0.2191780821917808,
      0.12422360248447205,
      0.34237995824634654,
      0.6422764227642277
    ],
    "dev_error_rate": 63.591022443890274,
    "dev_macro_f1": 0.2737675311818012,
    "dev_ece": 0.10723031254629241,
    "stopping_strategy": "baseline",
    "phase1_seed_strategy": "last",
    "phase1_best_epoch": null,
    "lambda1_mean": 0.7717261732537735,
    "lambda1_std": 0.3406105018100383,
    "lambda2_mean": 0.10156894332732484,
    "lambda2_std": 0.11301704190888001
  },
  "n_trials": 10,
  "continued_from": null,
  "trials": [
    {
      "number": 0,
      "state": "COMPLETE",
      "params": {
        "lr": 0.0008054889757248818,
        "batch_size": 8,
        "cotrain_epochs": 8,
        "finetune_patience": 5,
        "weight_decay": 0.05322954767269782,
        "warmup_ratio": 0.18947895243252386
      },
      "dev_macro_f1": 0.016476,
      "duration_seconds": 464.0,
      "full_metrics": {
        "event": "cyclone_idai_2019",
        "budget": 5,
        "seed_set": 1,
        "test_error_rate": 91.01412066752246,
        "test_macro_f1": 0.016489988221436984,
        "test_ece": 0.09299383692166006,
        "test_per_class_f1": [
          0.0,
          0.0,
          0.16489988221436985,
          0.0,
          0.0,
          0.0,
          0.0,
          0.0,
          0.0,
          0.0
        ],
        "dev_error_rate": 91.02244389027432,
        "dev_macro_f1": 0.016475972540045767,
        "dev_ece": 0.09307708734288773,
        "stopping_strategy": "baseline",
        "phase1_seed_strategy": "last",
        "phase1_best_epoch": null,
        "lambda1_mean": 0.15779832265391028,
        "lambda1_std": 0.061516837202002565,
        "lambda2_mean": 0.09180529411015562,
        "lambda2_std": 0.04299784331966471
      }
    },
    {
      "number": 1,
      "state": "COMPLETE",
      "params": {
        "lr": 0.00034264832868532817,
        "batch_size": 64,
        "cotrain_epochs": 5,
        "finetune_patience": 4,
        "weight_decay": 0.051283555213550484,
        "warmup_ratio": 0.2900804732708436
      },
      "dev_macro_f1": 0.253472,
      "duration_seconds": 235.8,
      "full_metrics": {
        "event": "cyclone_idai_2019",
        "budget": 5,
        "seed_set": 1,
        "test_error_rate": 69.44801026957639,
        "test_macro_f1": 0.2644775015053628,
        "test_ece": 0.13531764507752786,
        "test_per_class_f1": [
          0.03571428571428571,
          0.125,
          0.5245901639344263,
          0.5780346820809249,
          0.16666666666666666,
          0.0,
          0.2430939226519337,
          0.09090909090909091,
          0.14563106796116504,
          0.7351351351351352
        ],
        "dev_error_rate": 69.82543640897757,
        "dev_macro_f1": 0.2534716905501364,
        "dev_ece": 0.13761255617004975,
        "stopping_strategy": "baseline",
        "phase1_seed_strategy": "last",
        "phase1_best_epoch": null,
        "lambda1_mean": 0.7682237842297382,
        "lambda1_std": 0.2946441574151267,
        "lambda2_mean": 0.06041289628724064,
        "lambda2_std": 0.04423491939500183
      }
    },
    {
      "number": 2,
      "state": "COMPLETE",
      "params": {
        "lr": 1.2982709235170232e-05,
        "batch_size": 16,
        "cotrain_epochs": 8,
        "finetune_patience": 10,
        "weight_decay": 0.03527310546946932,
        "warmup_ratio": 0.08052040316986811
      },
      "dev_macro_f1": 0.262411,
      "duration_seconds": 434.3,
      "full_metrics": {
        "event": "cyclone_idai_2019",
        "budget": 5,
        "seed_set": 1,
        "test_error_rate": 60.33376123234917,
        "test_macro_f1": 0.31280670124914123,
        "test_ece": 0.37846457392015564,
        "test_per_class_f1": [
          0.0,
          0.12658227848101267,
          0.48717948717948717,
          0.6270270270270271,
          0.4,
          0.0,
          0.3111111111111111,
          0.11392405063291139,
          0.3728813559322034,
          0.6893617021276596
        ],
        "dev_error_rate": 62.84289276807979,
        "dev_macro_f1": 0.262410672935449,
        "dev_ece": 0.411445202524228,
        "stopping_strategy": "baseline",
        "phase1_seed_strategy": "last",
        "phase1_best_epoch": null,
        "lambda1_mean": 0.8594050872639395,
        "lambda1_std": 0.2849581329391956,
        "lambda2_mean": 0.3148095069872117,
        "lambda2_std": 0.15755527421935306
      }
    },
    {
      "number": 3,
      "state": "COMPLETE",
      "params": {
        "lr": 6.300812790284835e-05,
        "batch_size": 32,
        "cotrain_epochs": 6,
        "finetune_patience": 8,
        "weight_decay": 0.02272357483825066,
        "warmup_ratio": 0.06140863908572253
      },
      "dev_macro_f1": 0.260652,
      "duration_seconds": 296.6,
      "full_metrics": {
        "event": "cyclone_idai_2019",
        "budget": 5,
        "seed_set": 1,
        "test_error_rate": 63.928112965340176,
        "test_macro_f1": 0.275840268842623,
        "test_ece": 0.48873547213068363,
        "test_per_class_f1": [
          0.07792207792207792,
          0.11009174311926606,
          0.4473684210526316,
          0.5675675675675675,
          0.21428571428571427,
          0.0,
          0.2558139534883721,
          0.07633587786259542,
          0.36438923395445133,
          0.6446280991735537
        ],
        "dev_error_rate": 64.83790523690773,
        "dev_macro_f1": 0.2606515401835452,
        "dev_ece": 0.5156347122870182,
        "stopping_strategy": "baseline",
        "phase1_seed_strategy": "last",
        "phase1_best_epoch": null,
        "lambda1_mean": 0.9795589268645779,
        "lambda1_std": 0.22128086729459684,
        "lambda2_mean": 0.3320160076724481,
        "lambda2_std": 0.16001590925013603
      }
    },
    {
      "number": 4,
      "state": "COMPLETE",
      "params": {
        "lr": 0.0006452849548501474,
        "batch_size": 8,
        "cotrain_epochs": 8,
        "finetune_patience": 9,
        "weight_decay": 0.07711512633380424,
        "warmup_ratio": 0.21366551899646005
      },
      "dev_macro_f1": 0.019775,
      "duration_seconds": 474.8,
      "full_metrics": {
        "event": "cyclone_idai_2019",
        "budget": 5,
        "seed_set": 1,
        "test_error_rate": 88.96020539152761,
        "test_macro_f1": 0.019884393063583816,
        "test_ece": 0.05500448809814698,
        "test_per_class_f1": [
          0.0,
          0.0,
          0.0,
          0.19884393063583816,
          0.0,
          0.0,
          0.0,
          0.0,
          0.0,
          0.0
        ],
        "dev_error_rate": 89.02743142144638,
        "dev_macro_f1": 0.019775280898876403,
        "dev_ece": 0.05567674907365644,
        "stopping_strategy": "baseline",
        "phase1_seed_strategy": "last",
        "phase1_best_epoch": null,
        "lambda1_mean": 0.15677046906266426,
        "lambda1_std": 0.06093393036161782,
        "lambda2_mean": 0.09508997056118504,
        "lambda2_std": 0.04093076210780608
      }
    },
    {
      "number": 5,
      "state": "COMPLETE",
      "params": {
        "lr": 5.3679728297858916e-05,
        "batch_size": 16,
        "cotrain_epochs": 13,
        "finetune_patience": 6,