{
  "event": "hurricane_irma_2017",
  "budget": 50,
  "seed_set": 2,
  "test_error_rate": 30.934479054779807,
  "test_macro_f1": 0.6644804119226545,
  "test_ece": 0.10436335610972058,
  "test_per_class_f1": [
    0.6714285714285714,
    0.8606060606060606,
    0.8446215139442231,
    0.9388888888888889,
    0.547112462006079,
    0.40465793304221254,
    0.26548672566371684,
    0.740625,
    0.7068965517241379
  ],
  "dev_error_rate": 30.68893528183716,
  "dev_macro_f1": 0.6706250655887079,
  "dev_ece": 0.11091310106264529,
  "stopping_strategy": "baseline",
  "phase1_seed_strategy": "last",
  "phase1_best_epoch": null,
  "lambda1_mean": 1.0083312799736885,
  "lambda1_std": 0.2894369871012753,
  "lambda2_mean": 0.5096066227248629,
  "lambda2_std": 0.19527408935018745
}