{
  "event": "hurricane_harvey_2017",
  "budget": 50,
  "seed_set": 2,
  "test_error_rate": 29.085872576177284,
  "test_macro_f1": 0.6712234464400341,
  "test_ece": 0.04381572179847146,
  "test_per_class_f1": [
    0.6818181818181818,
    0.8698630136986302,
    0.8308977035490606,
    0.8912280701754386,
    0.3402061855670103,
    0.5067114093959731,
    0.430622009569378,
    0.8109640831758034,
    0.6787003610108303
  ],
  "dev_error_rate": 28.52529601722282,
  "dev_macro_f1": 0.6899122197465356,
  "dev_ece": 0.052051987503008615,
  "stopping_strategy": "baseline",
  "phase1_seed_strategy": "last",
  "phase1_best_epoch": null,
  "lambda1_mean": 0.49865716867863513,
  "lambda1_std": 0.0874523709995751,
  "lambda2_mean": 0.10751316813482689,
  "lambda2_std": 0.023374588813944618
}