{
  "event": "hurricane_dorian_2019",
  "budget": 50,
  "seed_set": 1,
  "status": "done",
  "best_params": {
    "lr": 4.966751952547345e-05,
    "batch_size": 32,
    "cotrain_epochs": 14,
    "finetune_patience": 6,
    "weight_decay": 0.025391390237724878,
    "warmup_ratio": 0.2683493682033043
  },
  "best_value": 0.639054,
  "best_full_metrics": {
    "event": "hurricane_dorian_2019",
    "budget": 50,
    "seed_set": 1,
    "test_error_rate": 33.687002652519894,
    "test_macro_f1": 0.5941103840815675,
    "test_ece": 0.10116018971492506,
    "test_per_class_f1": [
      0.6654991243432574,
      0.8845070422535212,
      0.647887323943662,
      0.3333333333333333,
      0.5905292479108635,
      0.36792452830188677,
      0.21052631578947367,
      0.8292682926829268,
      0.8175182481751825
    ],
    "dev_error_rate": 33.11855670103093,
    "dev_macro_f1": 0.6390539618203724,
    "dev_ece": 0.11467398092457928,
    "stopping_strategy": "baseline",
    "phase1_seed_strategy": "last",
    "phase1_best_epoch": null,
    "lambda1_mean": 1.0031447266158218,
    "lambda1_std": 0.28059275551681706,
    "lambda2_mean": 0.5870884598508522,
    "lambda2_std": 0.22383941252251313
  },
  "n_trials": 10,
  "continued_from": null,
  "trials": [
    {
      "number": 0,
      "state": "COMPLETE",
      "params": {
        "lr": 0.00034246330244437173,
        "batch_size": 32,
        "cotrain_epochs": 19,
        "finetune_patience": 4,
        "weight_decay": 0.03292477887533595,
        "warmup_ratio": 0.14216366112898235
      },
      "dev_macro_f1": 0.035392,
      "duration_seconds": 683.1,
      "full_metrics": {
        "event": "hurricane_dorian_2019",
        "budget": 50,
        "seed_set": 1,
        "test_error_rate": 81.03448275862068,
        "test_macro_f1": 0.03542673107890499,
        "test_ece": 0.053632959091062554,
        "test_per_class_f1": [
          0.0,
          0.0,
          0.0,
          0.0,
          0.0,
          0.3188405797101449,
          0.0,
          0.0,
          0.0
        ],
        "dev_error_rate": 81.05670103092784,
        "dev_macro_f1": 0.03539183820873962,
        "dev_ece": 0.0534107760939094,
        "stopping_strategy": "baseline",
        "phase1_seed_strategy": "last",
        "phase1_best_epoch": null,
        "lambda1_mean": 0.462999384331932,
        "lambda1_std": 0.18121940851278218,
        "lambda2_mean": 0.059158542438823215,
        "lambda2_std": 0.06610969615490156
      }
    },
    {
      "number": 1,
      "state": "COMPLETE",
      "params": {
        "lr": 0.000681575890345104,
        "batch_size": 64,
        "cotrain_epochs": 16,
        "finetune_patience": 9,
        "weight_decay": 0.0355147049343188,
        "warmup_ratio": 0.040988635983232276
      },
      "dev_macro_f1": 0.035392,
      "duration_seconds": 547.8,
      "full_metrics": {
        "event": "hurricane_dorian_2019",
        "budget": 50,
        "seed_set": 1,
        "test_error_rate": 81.03448275862068,
        "test_macro_f1": 0.03542673107890499,
        "test_ece": 0.05577641809532116,
        "test_per_class_f1": [
          0.0,
          0.0,
          0.0,
          0.0,
          0.0,
          0.3188405797101449,
          0.0,
          0.0,
          0.0
        ],
        "dev_error_rate": 81.05670103092784,
        "dev_macro_f1": 0.03539183820873962,
        "dev_ece": 0.05555423506602797,
        "stopping_strategy": "baseline",
        "phase1_seed_strategy": "last",
        "phase1_best_epoch": null,
        "lambda1_mean": 0.25538429105651755,
        "lambda1_std": 0.16194516884596033,
        "lambda2_mean": 0.10956268945818178,
        "lambda2_std": 0.08927749975198025
      }
    },
    {
      "number": 2,
      "state": "COMPLETE",
      "params": {
        "lr": 5.810398209512606e-05,
        "batch_size": 64,
        "cotrain_epochs": 9,
        "finetune_patience": 10,
        "weight_decay": 0.04298894844052523,
        "warmup_ratio": 0.2925807938626313
      },
      "dev_macro_f1": 0.626754,
      "duration_seconds": 369.5,
      "full_metrics": {
        "event": "hurricane_dorian_2019",
        "budget": 50,
        "seed_set": 1,
        "test_error_rate": 34.94694960212201,
        "test_macro_f1": 0.5946617236852852,
        "test_ece": 0.09447144624092851,
        "test_per_class_f1": [
          0.6306306306306306,
          0.8945868945868946,
          0.6256983240223464,
          0.425531914893617,
          0.5795454545454546,
          0.3192019950124688,
          0.22857142857142856,
          0.824390243902439,
          0.8237986270022883
        ],
        "dev_error_rate": 35.4381443298969,
        "dev_macro_f1": 0.6267540795387102,
        "dev_ece": 0.09730559172704047,
        "stopping_strategy": "baseline",
        "phase1_seed_strategy": "last",
        "phase1_best_epoch": null,
        "lambda1_mean": 0.96253593778249,
        "lambda1_std": 0.2998283163970027,
        "lambda2_mean": 0.473773083768326,
        "lambda2_std": 0.1947054667719585
      }
    },
    {
      "number": 3,
      "state": "COMPLETE",
      "params": {
        "lr": 2.0891669501546233e-05,
        "batch_size": 8,
        "cotrain_epochs": 7,
        "finetune_patience": 4,
        "weight_decay": 0.006092513053361515,
        "warmup_ratio": 0.20958856787518026
      },
      "dev_macro_f1": 0.615347,
      "duration_seconds": 518.8,
      "full_metrics": {
        "event": "hurricane_dorian_2019",
        "budget": 50,
        "seed_set": 1,
        "test_error_rate": 35.0132625994695,
        "test_macro_f1": 0.5767103561790579,
        "test_ece": 0.05526767034745661,
        "test_per_class_f1": [
          0.6655844155844156,
          0.8707865168539326,
          0.6310160427807486,
          0.35714285714285715,
          0.5994550408719346,
          0.2562674094707521,
          0.16666666666666666,
          0.8207792207792208,
          0.8226950354609929
        ],
        "dev_error_rate": 34.149484536082475,
        "dev_macro_f1": 0.6153473875844641,
        "dev_ece": 0.06267810601395431,
        "stopping_strategy": "baseline",
        "phase1_seed_strategy": "last",
        "phase1_best_epoch": null,
        "lambda1_mean": 0.940012830889024,
        "lambda1_std": 0.31235441609233416,
        "lambda2_mean": 0.5631331190631559,
        "lambda2_std": 0.27055475924810773
      }
    },
    {
      "number": 4,
      "state": "COMPLETE",
      "params": {
        "lr": 1.9830494721904415e-05,
        "batch_size": 64,
        "cotrain_epochs": 6,
        "finetune_patience": 5,
        "weight_decay": 0.05994509572733425,
        "warmup_ratio": 0.13795625318578864
      },
      "dev_macro_f1": 0.587316,
      "duration_seconds": 284.5,
      "full_metrics": {
        "event": "hurricane_dorian_2019",
        "budget": 50,
        "seed_set": 1,
        "test_error_rate": 34.61538461538461,
        "test_macro_f1": 0.5879395991419667,
        "test_ece": 0.08428804208808616,
        "test_per_class_f1": [
          0.6427350427350428,
          0.8626373626373627,
          0.6572237960339944,
          0.358974358974359,
          0.5891891891891892,
          0.26229508196721313,
          0.25742574257425743,
          0.8240963855421687,
          0.8368794326241135
        ],
        "dev_error_rate": 36.855670103092784,
        "dev_macro_f1": 0.587316348267334,
        "dev_ece": 0.0969532913499579,
        "stopping_strategy": "baseline",
        "phase1_seed_strategy": "last",
        "phase1_best_epoch": null,
        "lambda1_mean": 0.8973397183532283,
        "lambda1_std": 0.28059404934213,
        "lambda2_mean": 0.3266614411891015,
        "lambda2_std": 0.13751391617818878
      }
    },
    {
      "number": 5,
      "state": "COMPLETE",
      "params": {
        "lr": 4.966751952547345e-05,
        "batch_size": 32,
        "cotrain_epochs": 14,
        "finetune_patience": 6,
        "weight_decay": 0.025391390237724878,