{
  "event": "hurricane_dorian_2019",
  "budget": 25,
  "seed_set": 2,
  "test_error_rate": 33.753315649867375,
  "test_macro_f1": 0.5957913279200646,
  "test_ece": 0.16293782098539944,
  "test_per_class_f1": [
    0.65,
    0.8838526912181303,
    0.645367412140575,
    0.3018867924528302,
    0.5898123324396782,
    0.38839285714285715,
    0.25316455696202533,
    0.835,
    0.8146453089244852
  ],
  "dev_error_rate": 35.18041237113402,
  "dev_macro_f1": 0.615730316532399,
  "dev_ece": 0.1662252288426935,
  "stopping_strategy": "baseline",
  "phase1_seed_strategy": "last",
  "phase1_best_epoch": null,
  "lambda1_mean": 1.0202569370342316,
  "lambda1_std": 0.26136291844194187,
  "lambda2_mean": 0.6135160793988799,
  "lambda2_std": 0.2093605666199664
}