{
  "event": "cyclone_idai_2019",
  "budget": 25,
  "seed_set": 3,
  "test_error_rate": 49.29396662387676,
  "test_macro_f1": 0.4293294837575937,
  "test_ece": 0.1858908100979013,
  "test_per_class_f1": [
    0.3548387096774194,
    0.25396825396825395,
    0.6573426573426573,
    0.8352941176470589,
    0.2222222222222222,
    0.25925925925925924,
    0.2857142857142857,
    0.08917197452229299,
    0.5311355311355311,
    0.8043478260869565
  ],
  "dev_error_rate": 48.6284289276808,
  "dev_macro_f1": 0.4237662111862083,
  "dev_ece": 0.1660221442022823,
  "stopping_strategy": "baseline",
  "phase1_seed_strategy": "last",
  "phase1_best_epoch": null,
  "lambda1_mean": 0.5691931927116354,
  "lambda1_std": 0.0731747795303797,
  "lambda2_mean": 0.12141628341106608,
  "lambda2_std": 0.03765192550686267
}