{
  "event": "kerala_floods_2018",
  "budget": 25,
  "seed_set": 2,
  "test_error_rate": 30.151706700379265,
  "test_macro_f1": 0.5665415143313989,
  "test_ece": 0.172047704816166,
  "test_per_class_f1": [
    0.5333333333333333,
    0.2,
    0.5466666666666666,
    0.851063829787234,
    0.4,
    0.4155844155844156,
    0.6236559139784946,
    0.8307501549907006,
    0.6978193146417445
  ],
  "dev_error_rate": 28.25552825552825,
  "dev_macro_f1": 0.6285961721489097,
  "dev_ece": 0.1794488044496836,
  "stopping_strategy": "baseline",
  "phase1_seed_strategy": "last",
  "phase1_best_epoch": null,
  "lambda1_mean": 0.987546678611352,
  "lambda1_std": 0.28462440188709787,
  "lambda2_mean": 0.4313605820858982,
  "lambda2_std": 0.2123845115874966
}