{
  "event": "hurricane_maria_2017",
  "budget": 25,
  "seed_set": 2,
  "test_error_rate": 33.91123439667128,
  "test_macro_f1": 0.6307341493409004,
  "test_ece": 0.06569251825260551,
  "test_per_class_f1": [
    0.6470588235294118,
    0.6666666666666666,
    0.8227642276422764,
    0.8055555555555556,
    0.29931972789115646,
    0.4288659793814433,
    0.6319218241042345,
    0.7503410641200545,
    0.624113475177305
  ],
  "dev_error_rate": 33.82749326145552,
  "dev_macro_f1": 0.632605364751559,
  "dev_ece": 0.06997652540631048,
  "stopping_strategy": "baseline",
  "phase1_seed_strategy": "last",
  "phase1_best_epoch": null,
  "lambda1_mean": 0.5861543951765058,
  "lambda1_std": 0.08823982477581405,
  "lambda2_mean": 0.13945702428537757,
  "lambda2_std": 0.04738532607314361
}