{
  "event": "california_wildfires_2018",
  "budget": 50,
  "seed_set": 1,
  "test_error_rate": 33.47022587268994,
  "test_macro_f1": 0.5971619167532185,
  "test_ece": 0.04115552506693251,
  "test_per_class_f1": [
    0.40425531914893614,
    0.7262569832402235,
    0.5267857142857143,
    0.8054298642533937,
    0.41975308641975306,
    0.6915887850467289,
    0.3951367781155015,
    0.44,
    0.7748478701825557,
    0.7875647668393783
  ],
  "dev_error_rate": 32.180851063829785,
  "dev_macro_f1": 0.6031563618346578,
  "dev_ece": 0.04774339588240104,
  "stopping_strategy": "baseline",
  "phase1_seed_strategy": "last",
  "phase1_best_epoch": null,
  "lambda1_mean": 0.5357147979936226,
  "lambda1_std": 0.06259432202480338,
  "lambda2_mean": 0.11500852854138759,
  "lambda2_std": 0.0357548696376829
}