{
  "event": "kerala_floods_2018",
  "budget": 25,
  "seed_set": 2,
  "test_error_rate": 41.08723135271808,
  "test_macro_f1": 0.4493924640801537,
  "test_ece": 0.04960185852650594,
  "test_per_class_f1": [
    0.2962962962962963,
    0.08974358974358974,
    0.3624161073825503,
    0.7333333333333333,
    0.43209876543209874,
    0.2920634920634921,
    0.47107438016528924,
    0.7637326273990734,
    0.6037735849056604
  ],
  "dev_error_rate": 40.90909090909091,
  "dev_macro_f1": 0.48630658140396477,
  "dev_ece": 0.06774643482754797,
  "stopping_strategy": "baseline",
  "phase1_seed_strategy": "last",
  "phase1_best_epoch": null,
  "lambda1_mean": 0.553507954652634,
  "lambda1_std": 0.08591179296043304,
  "lambda2_mean": 0.12662761547670212,
  "lambda2_std": 0.038992761467809396
}