{
  "event": "hurricane_florence_2018",
  "budget": 50,
  "seed_set": 1,
  "test_error_rate": 26.75261885576148,
  "test_macro_f1": 0.6767794099554514,
  "test_ece": 0.03507238112564152,
  "test_per_class_f1": [
    0.7323943661971831,
    0.7862068965517242,
    0.6219512195121951,
    0.9193548387096774,
    0.7989130434782609,
    0.3037974683544304,
    0.2631578947368421,
    0.8268551236749117,
    0.8383838383838383
  ],
  "dev_error_rate": 25.508607198748045,
  "dev_macro_f1": 0.6596645150952377,
  "dev_ece": 0.038483186786723245,
  "stopping_strategy": "baseline",
  "phase1_seed_strategy": "last",
  "phase1_best_epoch": null,
  "lambda1_mean": 0.44316821068944645,
  "lambda1_std": 0.11530823910933631,
  "lambda2_mean": 0.1191453695687538,
  "lambda2_std": 0.03427769527293669
}