{
  "event": "hurricane_florence_2018",
  "budget": 50,
  "seed_set": 3,
  "test_error_rate": 30.862207896857374,
  "test_macro_f1": 0.6464044580722261,
  "test_ece": 0.06461271159741114,
  "test_per_class_f1": [
    0.6133333333333333,
    0.8068965517241379,
    0.6013986013986014,
    0.9180327868852459,
    0.8061224489795918,
    0.30303030303030304,
    0.1875,
    0.79491833030853,
    0.7864077669902912
  ],
  "dev_error_rate": 31.924882629107977,
  "dev_macro_f1": 0.628077004078266,
  "dev_ece": 0.06958731015523278,
  "stopping_strategy": "baseline",
  "phase1_seed_strategy": "last",
  "phase1_best_epoch": null,
  "lambda1_mean": 0.521418086228572,
  "lambda1_std": 0.10432351626397994,
  "lambda2_mean": 0.12229777085526865,
  "lambda2_std": 0.0464878587161215
}