{
  "event": "california_wildfires_2018",
  "budget": 5,
  "seed_set": 1,
  "status": "done",
  "best_params": {
    "lr": 3.478400404308263e-05,
    "batch_size": 16,
    "cotrain_epochs": 6,
    "finetune_patience": 7,
    "weight_decay": 0.07418866995719853,
    "warmup_ratio": 0.15052449085471797
  },
  "best_value": 0.367173,
  "best_full_metrics": {
    "event": "california_wildfires_2018",
    "budget": 5,
    "seed_set": 1,
    "test_error_rate": 59.82203969883641,
    "test_macro_f1": 0.3573117031795238,
    "test_ece": 0.45420998576607796,
    "test_per_class_f1": [
      0.14349775784753363,
      0.13245033112582782,
      0.3918918918918919,
      0.5,
      0.3163841807909605,
      0.33495145631067963,
      0.24607329842931938,
      0.23529411764705882,
      0.6157112526539278,
      0.6568627450980392
    ],
    "dev_error_rate": 58.77659574468085,
    "dev_macro_f1": 0.36717302700543586,
    "dev_ece": 0.44017205585507646,
    "stopping_strategy": "baseline",
    "phase1_seed_strategy": "last",
    "phase1_best_epoch": null,
    "lambda1_mean": 0.9464326493417224,
    "lambda1_std": 0.296187194756548,
    "lambda2_mean": 0.3422917256676021,
    "lambda2_std": 0.17836906733735006
  },
  "n_trials": 10,
  "continued_from": null,
  "trials": [
    {
      "number": 0,
      "state": "COMPLETE",
      "params": {
        "lr": 0.0003378947590749717,
        "batch_size": 32,
        "cotrain_epochs": 14,
        "finetune_patience": 4,
        "weight_decay": 0.06495715903807836,
        "warmup_ratio": 0.18601682139948553
      },
      "dev_macro_f1": 0.030248,
      "duration_seconds": 539.6,
      "full_metrics": {
        "event": "california_wildfires_2018",
        "budget": 5,
        "seed_set": 1,
        "test_error_rate": 82.13552361396303,
        "test_macro_f1": 0.030313588850174218,
        "test_ece": 0.03696485150358106,
        "test_per_class_f1": [
          0.0,
          0.0,
          0.0,
          0.0,
          0.0,
          0.30313588850174217,
          0.0,
          0.0,
          0.0,
          0.0
        ],
        "dev_error_rate": 82.18085106382979,
        "dev_macro_f1": 0.030248306997742662,
        "dev_ece": 0.0374181245830148,
        "stopping_strategy": "baseline",
        "phase1_seed_strategy": "last",
        "phase1_best_epoch": null,
        "lambda1_mean": 0.26576626797294695,
        "lambda1_std": 0.13360266765873055,
        "lambda2_mean": 0.04006054195110274,
        "lambda2_std": 0.03610415983576541
      }
    },
    {
      "number": 1,
      "state": "COMPLETE",
      "params": {
        "lr": 0.00010291113879486142,
        "batch_size": 32,
        "cotrain_epochs": 9,
        "finetune_patience": 6,
        "weight_decay": 0.08692995760543615,
        "warmup_ratio": 0.18516489590637536
      },
      "dev_macro_f1": 0.357738,
      "duration_seconds": 409.2,
      "full_metrics": {
        "event": "california_wildfires_2018",
        "budget": 5,
        "seed_set": 1,
        "test_error_rate": 61.32785763175907,
        "test_macro_f1": 0.34163108679389426,
        "test_ece": 0.46950157903629486,
        "test_per_class_f1": [
          0.14225941422594143,
          0.10457516339869281,
          0.43609022556390975,
          0.4956063268892794,
          0.2573099415204678,
          0.3310344827586207,
          0.22842639593908629,
          0.18604651162790697,
          0.5921052631578947,
          0.6428571428571429
        ],
        "dev_error_rate": 60.505319148936174,
        "dev_macro_f1": 0.35773818170467087,
        "dev_ece": 0.45311188919747125,
        "stopping_strategy": "baseline",
        "phase1_seed_strategy": "last",
        "phase1_best_epoch": null,
        "lambda1_mean": 0.9952129753374693,
        "lambda1_std": 0.2782947110848665,
        "lambda2_mean": 0.4397896537364376,
        "lambda2_std": 0.19819714954159448
      }
    },
    {
      "number": 2,
      "state": "COMPLETE",
      "params": {
        "lr": 3.478400404308263e-05,
        "batch_size": 16,
        "cotrain_epochs": 6,
        "finetune_patience": 7,
        "weight_decay": 0.07418866995719853,
        "warmup_ratio": 0.15052449085471797
      },
      "dev_macro_f1": 0.367173,
      "duration_seconds": 328.8,
      "full_metrics": {
        "event": "california_wildfires_2018",
        "budget": 5,
        "seed_set": 1,
        "test_error_rate": 59.82203969883641,
        "test_macro_f1": 0.3573117031795238,
        "test_ece": 0.45420998576607796,
        "test_per_class_f1": [
          0.14349775784753363,
          0.13245033112582782,
          0.3918918918918919,
          0.5,
          0.3163841807909605,
          0.33495145631067963,
          0.24607329842931938,
          0.23529411764705882,
          0.6157112526539278,
          0.6568627450980392
        ],
        "dev_error_rate": 58.77659574468085,
        "dev_macro_f1": 0.36717302700543586,
        "dev_ece": 0.44017205585507646,
        "stopping_strategy": "baseline",
        "phase1_seed_strategy": "last",
        "phase1_best_epoch": null,
        "lambda1_mean": 0.9464326493417224,
        "lambda1_std": 0.296187194756548,
        "lambda2_mean": 0.3422917256676021,
        "lambda2_std": 0.17836906733735006
      }
    },
    {
      "number": 3,
      "state": "COMPLETE",
      "params": {
        "lr": 3.2604960523725283e-05,
        "batch_size": 32,
        "cotrain_epochs": 5,
        "finetune_patience": 6,
        "weight_decay": 0.09730694438195092,
        "warmup_ratio": 0.09847174584120562
      },
      "dev_macro_f1": 0.35322,
      "duration_seconds": 273.1,
      "full_metrics": {
        "event": "california_wildfires_2018",
        "budget": 5,
        "seed_set": 1,
        "test_error_rate": 59.342915811088304,
        "test_macro_f1": 0.3516252185821924,
        "test_ece": 0.41503022791668615,
        "test_per_class_f1": [
          0.1440677966101695,
          0.1282051282051282,
          0.40714285714285714,
          0.5,
          0.3076923076923077,
          0.25753424657534246,
          0.28502415458937197,
          0.16,
          0.659919028340081,
          0.6666666666666666
        ],
        "dev_error_rate": 59.70744680851063,
        "dev_macro_f1": 0.3532196493950292,
        "dev_ece": 0.40593178621790516,
        "stopping_strategy": "baseline",
        "phase1_seed_strategy": "last",
        "phase1_best_epoch": null,
        "lambda1_mean": 0.8815716879972644,
        "lambda1_std": 0.283817195791932,
        "lambda2_mean": 0.2983191680972337,
        "lambda2_std": 0.1527041438653591
      }
    },
    {
      "number": 4,
      "state": "COMPLETE",
      "params": {
        "lr": 6.435988452540209e-05,
        "batch_size": 64,
        "cotrain_epochs": 14,
        "finetune_patience": 10,
        "weight_decay": 0.026855122925364485,
        "warmup_ratio": 0.14673345182290334
      },
      "dev_macro_f1": 0.34515,
      "duration_seconds": 520.9,
      "full_metrics": {
        "event": "california_wildfires_2018",
        "budget": 5,
        "seed_set": 1,
        "test_error_rate": 61.94387405886379,
        "test_macro_f1": 0.34250657555601066,
        "test_ece": 0.4858106410846083,
        "test_per_class_f1": [
          0.14096916299559473,
          0.10596026490066225,
          0.4132841328413284,
          0.47304347826086957,
          0.29069767441860467,
          0.2972292191435768,
          0.28378378378378377,
          0.20833333333333334,
          0.5656108597285068,
          0.6461538461538462
        ],
        "dev_error_rate": 62.5,
        "dev_macro_f1": 0.3451501554530873,
        "dev_ece": 0.4904021837926925,
        "stopping_strategy": "baseline",
        "phase1_seed_strategy": "last",
        "phase1_best_epoch": null,
        "lambda1_mean": 1.043811670111815,
        "lambda1_std": 0.2433782632684293,
        "lambda2_mean": 0.4824725970322683,