{
  "event": "cyclone_idai_2019",
  "budget": 10,
  "seed_set": 3,
  "test_error_rate": 25.41720154043645,
  "test_macro_f1": 0.3978393148137515,
  "test_ece": 0.11383208831406375,
  "test_per_class_f1": [
    0.2,
    0.0,
    0.759493670886076,
    0.8941176470588236,
    0.0,
    0.0,
    0.4375,
    0.0,
    0.8547945205479452,
    0.8324873096446701
  ],
  "dev_error_rate": 26.932668329177055,
  "dev_macro_f1": 0.4192759174165923,
  "dev_ece": 0.12983485692159785,
  "stopping_strategy": "baseline",
  "phase1_seed_strategy": "last",
  "phase1_best_epoch": null,
  "lambda1_mean": 0.922807250121477,
  "lambda1_std": 0.360209946245981,
  "lambda2_mean": 0.41748034454960425,
  "lambda2_std": 0.20664266988312735
}