{
  "event": "hurricane_harvey_2017",
  "budget": 25,
  "seed_set": 2,
  "test_error_rate": 29.418282548476448,
  "test_macro_f1": 0.6661846300118065,
  "test_ece": 0.11482076009224657,
  "test_per_class_f1": [
    0.6044444444444445,
    0.8516129032258064,
    0.8068669527896996,
    0.9241379310344827,
    0.35874439461883406,
    0.463768115942029,
    0.43781094527363185,
    0.8237476808905381,
    0.7245283018867924
  ],
  "dev_error_rate": 30.462863293864373,
  "dev_macro_f1": 0.670589894829663,
  "dev_ece": 0.13001677644137294,
  "stopping_strategy": "baseline",
  "phase1_seed_strategy": "last",
  "phase1_best_epoch": null,
  "lambda1_mean": 1.011422043766949,
  "lambda1_std": 0.2807927452620238,
  "lambda2_mean": 0.4743197325231459,
  "lambda2_std": 0.18003431858311142
}