{
  "event": "kaikoura_earthquake_2016",
  "budget": 25,
  "seed_set": 2,
  "test_error_rate": 26.89655172413793,
  "test_macro_f1": 0.6751647368211433,
  "test_ece": 0.0998731594661186,
  "test_per_class_f1": [
    0.6375,
    0.8823529411764706,
    0.8091603053435115,
    0.9090909090909091,
    0.5714285714285714,
    0.5308641975308642,
    0.0,
    0.8372093023255814,
    0.898876404494382
  ],
  "dev_error_rate": 24.10714285714286,
  "dev_macro_f1": 0.6925449985309942,
  "dev_ece": 0.09967342750834562,
  "stopping_strategy": "baseline",
  "phase1_seed_strategy": "last",
  "phase1_best_epoch": null,
  "lambda1_mean": 0.9614660482220015,
  "lambda1_std": 0.24056665617772272,
  "lambda2_mean": 0.45461317769727005,
  "lambda2_std": 0.18639947094029138
}