{
  "event": "kerala_floods_2018",
  "budget": 50,
  "seed_set": 1,
  "test_error_rate": 37.80025284450063,
  "test_macro_f1": 0.48564487677677914,
  "test_ece": 0.17602533760437017,
  "test_per_class_f1": [
    0.2975206611570248,
    0.10989010989010989,
    0.4900662251655629,
    0.8051948051948052,
    0.4711111111111111,
    0.23577235772357724,
    0.5565217391304348,
    0.7734584450402144,
    0.6312684365781711
  ],
  "dev_error_rate": 38.32923832923832,
  "dev_macro_f1": 0.5083099876306814,
  "dev_ece": 0.1854868982289288,
  "stopping_strategy": "baseline",
  "phase1_seed_strategy": "last",
  "phase1_best_epoch": null,
  "lambda1_mean": 1.0354196980527175,
  "lambda1_std": 0.22938698793556517,
  "lambda2_mean": 0.5385035689870376,
  "lambda2_std": 0.1786382655430869
}