{
  "event": "hurricane_maria_2017",
  "budget": 50,
  "seed_set": 1,
  "test_error_rate": 35.36754507628294,
  "test_macro_f1": 0.6046616696375832,
  "test_ece": 0.06839174627431058,
  "test_per_class_f1": [
    0.4049079754601227,
    0.46153846153846156,
    0.8042328042328042,
    0.9421487603305785,
    0.3333333333333333,
    0.3801295896328294,
    0.691131498470948,
    0.7578659370725034,
    0.6666666666666666
  ],
  "dev_error_rate": 33.42318059299192,
  "dev_macro_f1": 0.6300479222844382,
  "dev_ece": 0.07269751579774358,
  "stopping_strategy": "baseline",
  "phase1_seed_strategy": "last",
  "phase1_best_epoch": null,
  "lambda1_mean": 0.5165337012942214,
  "lambda1_std": 0.10132218189734545,
  "lambda2_mean": 0.10121979321563047,
  "lambda2_std": 0.031278416736148826
}