{
  "event": "hurricane_dorian_2019",
  "budget": 25,
  "seed_set": 2,
  "test_error_rate": 33.88594164456234,
  "test_macro_f1": 0.5699647381060383,
  "test_ece": 0.09202290990387413,
  "test_per_class_f1": [
    0.6126482213438735,
    0.8666666666666667,
    0.636085626911315,
    0.3225806451612903,
    0.6212121212121212,
    0.44402985074626866,
    0.0,
    0.8188585607940446,
    0.8076009501187649
  ],
  "dev_error_rate": 35.4381443298969,
  "dev_macro_f1": 0.5974262911164455,
  "dev_ece": 0.09341670104216056,
  "stopping_strategy": "baseline",
  "phase1_seed_strategy": "last",
  "phase1_best_epoch": null,
  "lambda1_mean": 1.0284461593819199,
  "lambda1_std": 0.272000522056869,
  "lambda2_mean": 0.5108539315744989,
  "lambda2_std": 0.179877674104531
}