{
  "event": "california_wildfires_2018",
  "budget": 5,
  "seed_set": 2,
  "status": "done",
  "best_params": {
    "lr": 2.555160617138667e-05,
    "batch_size": 32,
    "cotrain_epochs": 11,
    "finetune_patience": 8,
    "weight_decay": 0.08120996833201731,
    "warmup_ratio": 0.07095184405092857
  },
  "best_value": 0.60616,
  "best_full_metrics": {
    "event": "california_wildfires_2018",
    "budget": 5,
    "seed_set": 2,
    "test_error_rate": 26.488706365503077,
    "test_macro_f1": 0.6041171547284161,
    "test_ece": 0.20908284083284143,
    "test_per_class_f1": [
      0.6122448979591837,
      0.7457627118644068,
      0.5608465608465608,
      0.917098445595855,
      0.6666666666666666,
      0.7016949152542373,
      0.2783882783882784,
      0.0,
      0.8479427549194991,
      0.7105263157894737
    ],
    "dev_error_rate": 26.063829787234038,
    "dev_macro_f1": 0.6061597705880425,
    "dev_ece": 0.1992731810091658,
    "stopping_strategy": "baseline",
    "phase1_seed_strategy": "last",
    "phase1_best_epoch": null,
    "lambda1_mean": 1.0470970854233799,
    "lambda1_std": 0.25953077418315273,
    "lambda2_mean": 0.5442280756255825,
    "lambda2_std": 0.18816959362146746
  },
  "n_trials": 10,
  "continued_from": null,
  "trials": [
    {
      "number": 0,
      "state": "COMPLETE",
      "params": {
        "lr": 2.6625684243959432e-05,
        "batch_size": 8,
        "cotrain_epochs": 15,
        "finetune_patience": 4,
        "weight_decay": 0.03530780632738806,
        "warmup_ratio": 0.1679921383797872
      },
      "dev_macro_f1": 0.59944,
      "duration_seconds": 908.9,
      "full_metrics": {
        "event": "california_wildfires_2018",
        "budget": 5,
        "seed_set": 2,
        "test_error_rate": 27.446954140999313,
        "test_macro_f1": 0.5935819050650105,
        "test_ece": 0.21774968192807462,
        "test_per_class_f1": [
          0.5172413793103449,
          0.7636363636363637,
          0.5666666666666667,
          0.9149484536082474,
          0.6666666666666666,
          0.6879194630872483,
          0.3028169014084507,
          0.0,
          0.8194945848375451,
          0.6964285714285714
        ],
        "dev_error_rate": 26.329787234042556,
        "dev_macro_f1": 0.5994402559562066,
        "dev_ece": 0.20122068648801206,
        "stopping_strategy": "baseline",
        "phase1_seed_strategy": "last",
        "phase1_best_epoch": null,
        "lambda1_mean": 1.0605557364647913,
        "lambda1_std": 0.24252344024757308,
        "lambda2_mean": 0.5917871721835427,
        "lambda2_std": 0.1913186979408562
      }
    },
    {
      "number": 1,
      "state": "COMPLETE",
      "params": {
        "lr": 0.00017889485821999545,
        "batch_size": 64,
        "cotrain_epochs": 15,
        "finetune_patience": 5,
        "weight_decay": 0.0749693758460818,
        "warmup_ratio": 0.2888903768763439
      },
      "dev_macro_f1": 0.599305,
      "duration_seconds": 517.8,
      "full_metrics": {
        "event": "california_wildfires_2018",
        "budget": 5,
        "seed_set": 2,
        "test_error_rate": 28.131416837782343,
        "test_macro_f1": 0.6155641939881387,
        "test_ece": 0.11071352294501499,
        "test_per_class_f1": [
          0.4827586206896552,
          0.7165775401069518,
          0.5633802816901409,
          0.9142125480153649,
          0.676923076923077,
          0.6961325966850829,
          0.30405405405405406,
          0.3076923076923077,
          0.8214971209213052,
          0.6724137931034483
        ],
        "dev_error_rate": 28.856382978723406,
        "dev_macro_f1": 0.5993045175311446,
        "dev_ece": 0.09706738210738973,
        "stopping_strategy": "baseline",
        "phase1_seed_strategy": "last",
        "phase1_best_epoch": null,
        "lambda1_mean": 0.9620114723624306,
        "lambda1_std": 0.31482210010205314,
        "lambda2_mean": 0.5569837662480135,
        "lambda2_std": 0.22954406967258278
      }
    },
    {
      "number": 2,
      "state": "COMPLETE",
      "params": {
        "lr": 2.555160617138667e-05,
        "batch_size": 32,
        "cotrain_epochs": 11,
        "finetune_patience": 8,
        "weight_decay": 0.08120996833201731,
        "warmup_ratio": 0.07095184405092857
      },
      "dev_macro_f1": 0.60616,
      "duration_seconds": 444.8,
      "full_metrics": {
        "event": "california_wildfires_2018",
        "budget": 5,
        "seed_set": 2,
        "test_error_rate": 26.488706365503077,
        "test_macro_f1": 0.6041171547284161,
        "test_ece": 0.20908284083284143,
        "test_per_class_f1": [
          0.6122448979591837,
          0.7457627118644068,
          0.5608465608465608,
          0.917098445595855,
          0.6666666666666666,
          0.7016949152542373,
          0.2783882783882784,
          0.0,
          0.8479427549194991,
          0.7105263157894737
        ],
        "dev_error_rate": 26.063829787234038,
        "dev_macro_f1": 0.6061597705880425,
        "dev_ece": 0.1992731810091658,
        "stopping_strategy": "baseline",
        "phase1_seed_strategy": "last",
        "phase1_best_epoch": null,
        "lambda1_mean": 1.0470970854233799,
        "lambda1_std": 0.25953077418315273,
        "lambda2_mean": 0.5442280756255825,
        "lambda2_std": 0.18816959362146746
      }
    },
    {
      "number": 3,
      "state": "COMPLETE",
      "params": {
        "lr": 4.79733457222727e-05,
        "batch_size": 8,
        "cotrain_epochs": 17,
        "finetune_patience": 9,
        "weight_decay": 0.024385832920752283,
        "warmup_ratio": 0.2207922158006688
      },
      "dev_macro_f1": 0.577877,
      "duration_seconds": 986.7,
      "full_metrics": {
        "event": "california_wildfires_2018",
        "budget": 5,
        "seed_set": 2,
        "test_error_rate": 28.06297056810404,
        "test_macro_f1": 0.5952809612944507,
        "test_ece": 0.21829829688842461,
        "test_per_class_f1": [
          0.5098039215686274,
          0.7191011235955056,
          0.5561497326203209,
          0.9138381201044387,
          0.6764705882352942,
          0.6812080536912751,
          0.2867383512544803,
          0.1111111111111111,
          0.8345588235294118,
          0.6638297872340425
        ],
        "dev_error_rate": 28.058510638297875,
        "dev_macro_f1": 0.577877445693044,
        "dev_ece": 0.2156954117198574,
        "stopping_strategy": "baseline",
        "phase1_seed_strategy": "last",
        "phase1_best_epoch": null,
        "lambda1_mean": 1.0619995373643927,
        "lambda1_std": 0.2275344548438565,
        "lambda2_mean": 0.6118809922071485,
        "lambda2_std": 0.19239053300354145
      }
    },
    {
      "number": 4,
      "state": "COMPLETE",
      "params": {
        "lr": 3.151042074262559e-05,
        "batch_size": 32,
        "cotrain_epochs": 17,
        "finetune_patience": 9,
        "weight_decay": 0.06931412707893886,
        "warmup_ratio": 0.17503838671725924
      },
      "dev_macro_f1": 0.605668,
      "duration_seconds": 631.1,
      "full_metrics": {
        "event": "california_wildfires_2018",
        "budget": 5,
        "seed_set": 2,
        "test_error_rate": 27.31006160164271,
        "test_macro_f1": 0.6024357116321848,
        "test_ece": 0.2190473383620209,
        "test_per_class_f1": [
          0.6153846153846154,
          0.7542857142857143,
          0.5649717514124294,
          0.9147286821705426,
          0.6666666666666666,
          0.6868686868686869,
          0.3150684931506849,
          0.0,
          0.8311688311688312,
          0.6752136752136753
        ],
        "dev_error_rate": 26.196808510638302,
        "dev_macro_f1": 0.6056684986935303,
        "dev_ece": 0.19814354922384653,
        "stopping_strategy": "baseline",
        "phase1_seed_strategy": "last",
        "phase1_best_epoch": null,
        "lambda1_mean": 1.0511394510732066,