{
  "event": "hurricane_dorian_2019",
  "budget": 25,
  "seed_set": 2,
  "test_error_rate": 46.55172413793104,
  "test_macro_f1": 0.4351416795051643,
  "test_ece": 0.26700881900221346,
  "test_per_class_f1": [
    0.51931330472103,
    0.7705882352941177,
    0.44924406047516197,
    0.0,
    0.5768321513002365,
    0.0,
    0.10344827586206896,
    0.7412935323383084,
    0.7555555555555555
  ],
  "dev_error_rate": 48.71134020618557,
  "dev_macro_f1": 0.4152785990625494,
  "dev_ece": 0.2886764448443332,
  "stopping_strategy": "baseline",
  "phase1_seed_strategy": "last",
  "phase1_best_epoch": null,
  "lambda1_mean": 1.0506258214410775,
  "lambda1_std": 0.2019686296451742,
  "lambda2_mean": 0.510966011431446,
  "lambda2_std": 0.1610778744343653
}