{
  "event": "kerala_floods_2018",
  "budget": 50,
  "seed_set": 1,
  "test_error_rate": 33.56510745891277,
  "test_macro_f1": 0.5374546411616252,
  "test_ece": 0.064367903912188,
  "test_per_class_f1": [
    0.45714285714285713,
    0.16666666666666666,
    0.4888888888888889,
    0.864516129032258,
    0.2978723404255319,
    0.46261682242990654,
    0.6275862068965518,
    0.7920265780730897,
    0.6797752808988764
  ],
  "dev_error_rate": 30.466830466830462,
  "dev_macro_f1": 0.6094265932770251,
  "dev_ece": 0.05050980056240166,
  "stopping_strategy": "baseline",
  "phase1_seed_strategy": "last",
  "phase1_best_epoch": null,
  "lambda1_mean": 0.9807053727884975,
  "lambda1_std": 0.25892586699539977,
  "lambda2_mean": 0.6582894427866143,
  "lambda2_std": 0.2794840989417453
}