{
  "event": "hurricane_florence_2018",
  "budget": 25,
  "seed_set": 1,
  "test_error_rate": 23.28767123287672,
  "test_macro_f1": 0.6954190672170898,
  "test_ece": 0.11561015762214596,
  "test_per_class_f1": [
    0.7577639751552795,
    0.8054607508532423,
    0.6296296296296297,
    0.9586776859504132,
    0.8439024390243902,
    0.44715447154471544,
    0.12903225806451613,
    0.851985559566787,
    0.8351648351648352
  ],
  "dev_error_rate": 23.474178403755865,
  "dev_macro_f1": 0.6946952171185106,
  "dev_ece": 0.11673343993128746,
  "stopping_strategy": "baseline",
  "phase1_seed_strategy": "last",
  "phase1_best_epoch": null,
  "lambda1_mean": 1.0629682306518402,
  "lambda1_std": 0.2321697501516714,
  "lambda2_mean": 0.5953345933682779,
  "lambda2_std": 0.17290882699898205
}