{
  "event": "kaikoura_earthquake_2016",
  "budget": 10,
  "seed_set": 3,
  "test_error_rate": 24.597701149425287,
  "test_macro_f1": 0.7433559471282395,
  "test_ece": 0.28976840781069346,
  "test_per_class_f1": [
    0.7329842931937173,
    0.7096774193548387,
    0.8549618320610687,
    0.95,
    0.5813953488372093,
    0.5354330708661418,
    0.6,
    0.8536585365853658,
    0.872093023255814
  ],
  "dev_error_rate": 29.01785714285714,
  "dev_macro_f1": 0.6954642228725776,
  "dev_ece": 0.2538507159001061,
  "stopping_strategy": "baseline",
  "phase1_seed_strategy": "last",
  "phase1_best_epoch": null,
  "lambda1_mean": 0.278417136056313,
  "lambda1_std": 0.1814599930267861,
  "lambda2_mean": 0.34469528804136407,
  "lambda2_std": 0.20864591539109092
}