{
  "event": "hurricane_dorian_2019",
  "budget": 10,
  "seed_set": 3,
  "test_error_rate": 53.51458885941645,
  "test_macro_f1": 0.4197221584808386,
  "test_ece": 0.10271035381827491,
  "test_per_class_f1": [
    0.32664756446991405,
    0.7315634218289085,
    0.34988179669030733,
    0.09433962264150944,
    0.5058823529411764,
    0.3143418467583497,
    0.08433734939759036,
    0.6336633663366337,
    0.7368421052631579
  ],
  "dev_error_rate": 55.02577319587629,
  "dev_macro_f1": 0.4108703848467704,
  "dev_ece": 0.1102622115658116,
  "stopping_strategy": "baseline",
  "phase1_seed_strategy": "last",
  "phase1_best_epoch": null,
  "lambda1_mean": 0.6031432242295337,
  "lambda1_std": 0.09774453637898184,
  "lambda2_mean": 0.16556054789904187,
  "lambda2_std": 0.04269727142597712
}