{
  "event": "canada_wildfires_2016",
  "budget": 50,
  "seed_set": 2,
  "test_error_rate": 24.71910112359551,
  "test_macro_f1": 0.611711257797914,
  "test_ece": 0.07702656729837483,
  "test_per_class_f1": [
    0.46153846153846156,
    0.8187919463087249,
    0.8703703703703703,
    0.4,
    0.45045045045045046,
    0.2857142857142857,
    0.8795518207282913,
    0.7272727272727273
  ],
  "dev_error_rate": 25.438596491228072,
  "dev_macro_f1": 0.6631430435016571,
  "dev_ece": 0.06860088439364184,
  "stopping_strategy": "baseline",
  "phase1_seed_strategy": "last",
  "phase1_best_epoch": null,
  "lambda1_mean": 0.45908624147043536,
  "lambda1_std": 0.10979748917563274,
  "lambda2_mean": 0.12509490148569624,
  "lambda2_std": 0.03942088612771651
}