{
  "event": "california_wildfires_2018",
  "budget": 25,
  "seed_set": 3,
  "test_error_rate": 42.09445585215605,
  "test_macro_f1": 0.4953921632376896,
  "test_ece": 0.19218233547987473,
  "test_per_class_f1": [
    0.37254901960784315,
    0.5649717514124294,
    0.3409090909090909,
    0.7577092511013216,
    0.3878787878787879,
    0.6391752577319587,
    0.18045112781954886,
    0.23300970873786409,
    0.7404255319148936,
    0.7368421052631579
  ],
  "dev_error_rate": 37.5,
  "dev_macro_f1": 0.5402734473719677,
  "dev_ece": 0.1490929210756687,
  "stopping_strategy": "baseline",
  "phase1_seed_strategy": "last",
  "phase1_best_epoch": null,
  "lambda1_mean": 0.9758214243306116,
  "lambda1_std": 0.3005407359691754,
  "lambda2_mean": 0.46434652309339064,
  "lambda2_std": 0.2069026555855562
}