{
  "event": "hurricane_irma_2017",
  "budget": 5,
  "seed_set": 3,
  "test_error_rate": 35.82169709989259,
  "test_macro_f1": 0.6308301787715245,
  "test_ece": 0.2507491985017836,
  "test_per_class_f1": [
    0.5756676557863502,
    0.7781155015197568,
    0.7486486486486487,
    0.9265536723163842,
    0.5341614906832298,
    0.34678624813153963,
    0.42105263157894735,
    0.7210031347962382,
    0.6254826254826255
  ],
  "dev_error_rate": 36.74321503131524,
  "dev_macro_f1": 0.624844794777644,
  "dev_ece": 0.2720368800369831,
  "stopping_strategy": "baseline",
  "phase1_seed_strategy": "last",
  "phase1_best_epoch": null,
  "lambda1_mean": 1.0647721834193622,
  "lambda1_std": 0.2284502454197057,
  "lambda2_mean": 0.48504995436825715,
  "lambda2_std": 0.16218770568131197
}