{
  "event": "kerala_floods_2018",
  "budget": 50,
  "seed_set": 1,
  "test_error_rate": 44.81668773704172,
  "test_macro_f1": 0.4659224891112206,
  "test_ece": 0.18880868272669848,
  "test_per_class_f1": [
    0.2857142857142857,
    0.15384615384615385,
    0.45454545454545453,
    0.7746478873239436,
    0.4039408866995074,
    0.32967032967032966,
    0.48024316109422494,
    0.6735751295336787,
    0.6371191135734072
  ],
  "dev_error_rate": 46.31449631449631,
  "dev_macro_f1": 0.4858813775133089,
  "dev_ece": 0.2154773686273385
}