{
  "event": "cyclone_idai_2019",
  "budget": 10,
  "seed_set": 1,
  "test_error_rate": 22.721437740693197,
  "test_macro_f1": 0.5142158333906521,
  "test_ece": 0.1024144651494987,
  "test_per_class_f1": [
    0.3076923076923077,
    0.33962264150943394,
    0.7412587412587412,
    0.8926553672316384,
    0.0,
    0.46153846153846156,
    0.5100671140939598,
    0.18181818181818182,
    0.8741721854304636,
    0.8333333333333334
  ],
  "dev_error_rate": 27.182044887780542,
  "dev_macro_f1": 0.47787193295496894,
  "dev_ece": 0.14088971894280866,
  "stopping_strategy": "baseline",
  "phase1_seed_strategy": "last",
  "phase1_best_epoch": null,
  "lambda1_mean": 0.9856630478710213,
  "lambda1_std": 0.335475557530733,
  "lambda2_mean": 0.48929423362990104,
  "lambda2_std": 0.2263671211926696
}