{
  "event": "kerala_floods_2018",
  "budget": 5,
  "seed_set": 3,
  "test_error_rate": 94.94310998735777,
  "test_macro_f1": 0.02162266089012256,
  "test_ece": 0.17271021927804622,
  "test_per_class_f1": [
    0.0,
    0.0,
    0.08216783216783216,
    0.0,
    0.11243611584327087,
    0.0,
    0.0,
    0.0,
    0.0
  ],
  "dev_error_rate": 94.34889434889435,
  "dev_macro_f1": 0.024223905052920595,
  "dev_ece": 0.1652974487998562
}