{
  "event": "kaikoura_earthquake_2016",
  "budget": 5,
  "seed_set": 1,
  "test_error_rate": 85.74712643678161,
  "test_macro_f1": 0.027721886876816454,
  "test_ece": 0.8547645318097081,
  "test_per_class_f1": [
    0.0,
    0.0,
    0.24949698189134809,
    0.0,
    0.0,
    0.0,
    0.0,
    0.0,
    0.0
  ],
  "dev_error_rate": 85.71428571428572,
  "dev_macro_f1": 0.027777777777777776,
  "dev_ece": 0.8544368110597134,
  "stopping_strategy": "baseline",
  "phase1_seed_strategy": "last",
  "phase1_best_epoch": null,
  "lambda1_mean": 1.0870148714751298,
  "lambda1_std": 0.22084160018878413,
  "lambda2_mean": 0.5877452947943008,
  "lambda2_std": 0.12549633845856614
}