{
  "event": "kerala_floods_2018",
  "budget": 5,
  "seed_set": 1,
  "test_error_rate": 28.634639696586596,
  "test_macro_f1": 0.5328646567095818,
  "test_ece": 0.21928236195546788,
  "test_per_class_f1": [
    0.49056603773584906,
    0.0,
    0.53125,
    0.8,
    0.41706161137440756,
    0.39080459770114945,
    0.6468085106382979,
    0.8505214368482039,
    0.668769716088328
  ],
  "dev_error_rate": 27.27272727272727,
  "dev_macro_f1": 0.5797674370214744,
  "dev_ece": 0.204422245008061,
  "stopping_strategy": "baseline",
  "phase1_seed_strategy": "last",
  "phase1_best_epoch": null,
  "lambda1_mean": 1.039838213432964,
  "lambda1_std": 0.24962020384453132,
  "lambda2_mean": 0.5104263132847741,
  "lambda2_std": 0.18245811987096158
}