{
  "event": "kaikoura_earthquake_2016",
  "budget": 5,
  "seed_set": 1,
  "test_error_rate": 28.505747126436788,
  "test_macro_f1": 0.5884966280536474,
  "test_ece": 0.1979481058216643,
  "test_per_class_f1": [
    0.6834170854271356,
    0.1111111111111111,
    0.7682119205298014,
    0.9767441860465116,
    0.5542168674698795,
    0.45614035087719296,
    0.0,
    0.8333333333333334,
    0.9132947976878613
  ],
  "dev_error_rate": 31.25,
  "dev_macro_f1": 0.5492382554400602,
  "dev_ece": 0.23149132821708918,
  "stopping_strategy": "baseline",
  "phase1_seed_strategy": "last",
  "phase1_best_epoch": null,
  "lambda1_mean": 0.9354295733683301,
  "lambda1_std": 0.24793074229800008,
  "lambda2_mean": 0.36788504539217,
  "lambda2_std": 0.1438787947971801
}