{
  "event": "hurricane_irma_2017",
  "budget": 50,
  "seed_set": 3,
  "test_error_rate": 39.473684210526315,
  "test_macro_f1": 0.5921488021459123,
  "test_ece": 0.17946662056778992,
  "test_per_class_f1": [
    0.4519774011299435,
    0.7891566265060241,
    0.717201166180758,
    0.9028571428571428,
    0.46920821114369504,
    0.37791411042944784,
    0.30158730158730157,
    0.6748091603053435,
    0.6446280991735537
  ],
  "dev_error_rate": 37.36951983298539,
  "dev_macro_f1": 0.6169204509599725,
  "dev_ece": 0.15246987075297966
}