{
  "event": "hurricane_harvey_2017",
  "budget": 50,
  "seed_set": 1,
  "test_error_rate": 29.085872576177284,
  "test_macro_f1": 0.6740800273812804,
  "test_ece": 0.1034336548928079,
  "test_per_class_f1": [
    0.6297872340425532,
    0.8865248226950354,
    0.8097165991902834,
    0.9187279151943463,
    0.359375,
    0.4331450094161959,
    0.46808510638297873,
    0.8354898336414048,
    0.7258687258687259
  ],
  "dev_error_rate": 29.386437029063504,
  "dev_macro_f1": 0.6766809205733098,
  "dev_ece": 0.11042122714486138,
  "stopping_strategy": "baseline",
  "phase1_seed_strategy": "last",
  "phase1_best_epoch": null,
  "lambda1_mean": 1.0200940617037846,
  "lambda1_std": 0.2616337658680901,
  "lambda2_mean": 0.49311870990376094,
  "lambda2_std": 0.19117708954315227
}