{
  "event": "kerala_floods_2018",
  "budget": 25,
  "seed_set": 1,
  "test_error_rate": 33.122629582806574,
  "test_macro_f1": 0.543854925694855,
  "test_ece": 0.15477884718123944,
  "test_per_class_f1": [
    0.40963855421686746,
    0.23728813559322035,
    0.5277777777777778,
    0.8079470198675497,
    0.422680412371134,
    0.3626373626373626,
    0.6438356164383562,
    0.8068331143232589,
    0.676056338028169
  ],
  "dev_error_rate": 30.22113022113022,
  "dev_macro_f1": 0.5951689283884346,
  "dev_ece": 0.12590271091724786,
  "stopping_strategy": "baseline",
  "phase1_seed_strategy": "last",
  "phase1_best_epoch": null,
  "lambda1_mean": 1.0302673593075857,
  "lambda1_std": 0.24333493641726456,
  "lambda2_mean": 0.5101458976959933,
  "lambda2_std": 0.19203458177851396
}