{
  "event": "hurricane_dorian_2019",
  "budget": 5,
  "seed_set": 3,
  "test_error_rate": 75.72944297082228,
  "test_macro_f1": 0.16913339499562016,
  "test_ece": 0.6507419751319709,
  "test_per_class_f1": [
    0.3472222222222222,
    0.5022421524663677,
    0.0,
    0.031007751937984496,
    0.0,
    0.2991869918699187,
    0.0,
    0.0,
    0.3425414364640884
  ],
  "dev_error_rate": 74.61340206185567,
  "dev_macro_f1": 0.17634561464564832,
  "dev_ece": 0.6312257563407273,
  "stopping_strategy": "baseline",
  "phase1_seed_strategy": "last",
  "phase1_best_epoch": null,
  "lambda1_mean": 0.9496198301694841,
  "lambda1_std": 0.3122076968591625,
  "lambda2_mean": 0.42265846299661314,
  "lambda2_std": 0.1960956082417539
}