{
  "event": "canada_wildfires_2016",
  "budget": 50,
  "seed_set": 1,
  "test_error_rate": 23.59550561797753,
  "test_macro_f1": 0.5931521609980019,
  "test_ece": 0.05866930377617312,
  "test_per_class_f1": [
    0.28,
    0.8496732026143791,
    0.8392857142857143,
    0.24242424242424243,
    0.5045045045045045,
    0.3076923076923077,
    0.9080779944289693,
    0.8135593220338984
  ],
  "dev_error_rate": 20.614035087719294,
  "dev_macro_f1": 0.6678904607586018,
  "dev_ece": 0.06831056127945581,
  "stopping_strategy": "baseline",
  "phase1_seed_strategy": "last",
  "phase1_best_epoch": null,
  "lambda1_mean": 0.8049055824470011,
  "lambda1_std": 0.3448475578175059,
  "lambda2_mean": 0.43678010407975904,
  "lambda2_std": 0.2506530587461143
}