{
  "event": "canada_wildfires_2016",
  "budget": 10,
  "seed_set": 1,
  "status": "done",
  "best_params": {
    "lr": 0.00010204274739627456,
    "batch_size": 32,
    "cotrain_epochs": 17,
    "finetune_patience": 10,
    "weight_decay": 0.06686406261942915,
    "warmup_ratio": 0.09873799166710673
  },
  "best_value": 0.582689,
  "best_full_metrics": {
    "event": "canada_wildfires_2016",
    "budget": 10,
    "seed_set": 1,
    "test_error_rate": 26.741573033707866,
    "test_macro_f1": 0.5588168571674379,
    "test_ece": 0.06257192880919808,
    "test_per_class_f1": [
      0.3333333333333333,
      0.847682119205298,
      0.8518518518518519,
      0.2909090909090909,
      0.3023255813953488,
      0.15384615384615385,
      0.8969359331476323,
      0.7936507936507936
    ],
    "dev_error_rate": 25.0,
    "dev_macro_f1": 0.5826890304864347,
    "dev_ece": 0.047107847505494155,
    "stopping_strategy": "baseline",
    "phase1_seed_strategy": "last",
    "phase1_best_epoch": null,
    "lambda1_mean": 1.0474796652461504,
    "lambda1_std": 0.2136127264982018,
    "lambda2_mean": 0.5955356988726567,
    "lambda2_std": 0.20542055756193642
  },
  "n_trials": 10,
  "continued_from": null,
  "trials": [
    {
      "number": 0,
      "state": "COMPLETE",
      "params": {
        "lr": 0.0006504197509534841,
        "batch_size": 16,
        "cotrain_epochs": 13,
        "finetune_patience": 10,
        "weight_decay": 0.03828500983100727,
        "warmup_ratio": 0.16860429216618494
      },
      "dev_macro_f1": 0.073529,
      "duration_seconds": 171.5,
      "full_metrics": {
        "event": "canada_wildfires_2016",
        "budget": 10,
        "seed_set": 1,
        "test_error_rate": 58.20224719101124,
        "test_macro_f1": 0.07369255150554675,
        "test_ece": 0.42135998425858745,
        "test_per_class_f1": [
          0.0,
          0.0,
          0.0,
          0.0,
          0.0,
          0.0,
          0.589540412044374,
          0.0
        ],
        "dev_error_rate": 58.33333333333333,
        "dev_macro_f1": 0.07352941176470588,
        "dev_ece": 0.422670871803635,
        "stopping_strategy": "baseline",
        "phase1_seed_strategy": "last",
        "phase1_best_epoch": null,
        "lambda1_mean": 0.5311878339408028,
        "lambda1_std": 0.4751828170507242,
        "lambda2_mean": 0.22944051929935755,
        "lambda2_std": 0.27201379003355164
      }
    },
    {
      "number": 1,
      "state": "COMPLETE",
      "params": {
        "lr": 0.0002844448503766829,
        "batch_size": 64,
        "cotrain_epochs": 19,
        "finetune_patience": 6,
        "weight_decay": 0.025496198923988703,
        "warmup_ratio": 0.24977478136050157
      },
      "dev_macro_f1": 0.129244,
      "duration_seconds": 186.1,
      "full_metrics": {
        "event": "canada_wildfires_2016",
        "budget": 10,
        "seed_set": 1,
        "test_error_rate": 54.606741573033716,
        "test_macro_f1": 0.13489197530864197,
        "test_ece": 0.2722316097007709,
        "test_per_class_f1": [
          0.0,
          0.0,
          0.4691358024691358,
          0.0,
          0.0,
          0.0,
          0.61,
          0.0
        ],
        "dev_error_rate": 54.824561403508774,
        "dev_macro_f1": 0.12924448217317486,
        "dev_ece": 0.26754199556614233,
        "stopping_strategy": "baseline",
        "phase1_seed_strategy": "last",
        "phase1_best_epoch": null,
        "lambda1_mean": 0.6395144184002789,
        "lambda1_std": 0.3170513304942121,
        "lambda2_mean": 0.19737622099048188,
        "lambda2_std": 0.2093164666573525
      }
    },
    {
      "number": 2,
      "state": "COMPLETE",
      "params": {
        "lr": 0.00032159525485514457,
        "batch_size": 16,
        "cotrain_epochs": 6,
        "finetune_patience": 9,
        "weight_decay": 0.09652619307090009,
        "warmup_ratio": 0.1455264290105505
      },
      "dev_macro_f1": 0.073529,
      "duration_seconds": 97.5,
      "full_metrics": {
        "event": "canada_wildfires_2016",
        "budget": 10,
        "seed_set": 1,
        "test_error_rate": 58.20224719101124,
        "test_macro_f1": 0.07369255150554675,
        "test_ece": 0.35511295098936957,
        "test_per_class_f1": [
          0.0,
          0.0,
          0.0,
          0.0,
          0.0,
          0.0,
          0.589540412044374,
          0.0
        ],
        "dev_error_rate": 58.33333333333333,
        "dev_macro_f1": 0.07352941176470588,
        "dev_ece": 0.35642380960154946,
        "stopping_strategy": "baseline",
        "phase1_seed_strategy": "last",
        "phase1_best_epoch": null,
        "lambda1_mean": 0.49244028626030284,
        "lambda1_std": 0.42482720115913575,
        "lambda2_mean": 0.18013562920594686,
        "lambda2_std": 0.21005937122047033
      }
    },
    {
      "number": 3,
      "state": "COMPLETE",
      "params": {
        "lr": 2.3451345432494637e-05,
        "batch_size": 64,
        "cotrain_epochs": 11,
        "finetune_patience": 5,
        "weight_decay": 0.05190360790219595,
        "warmup_ratio": 0.0863131580234799
      },
      "dev_macro_f1": 0.495336,
      "duration_seconds": 121.7,
      "full_metrics": {
        "event": "canada_wildfires_2016",
        "budget": 10,
        "seed_set": 1,
        "test_error_rate": 25.168539325842698,
        "test_macro_f1": 0.5186957545840076,
        "test_ece": 0.09468188644125221,
        "test_per_class_f1": [
          0.0,
          0.8795180722891566,
          0.8910891089108911,
          0.21052631578947367,
          0.46875,
          0.0,
          0.8742857142857143,
          0.8253968253968254
        ],
        "dev_error_rate": 25.438596491228072,
        "dev_macro_f1": 0.4953363739917036,
        "dev_ece": 0.09333483574160359,
        "stopping_strategy": "baseline",
        "phase1_seed_strategy": "last",
        "phase1_best_epoch": null,
        "lambda1_mean": 0.8750258685138013,
        "lambda1_std": 0.2945008753109144,
        "lambda2_mean": 0.36420997802815025,
        "lambda2_std": 0.1949750891187693
      }
    },
    {
      "number": 4,
      "state": "COMPLETE",
      "params": {
        "lr": 0.00037348162554903396,
        "batch_size": 32,
        "cotrain_epochs": 10,
        "finetune_patience": 4,
        "weight_decay": 0.0449128324987037,
        "warmup_ratio": 0.1591855073109763
      },
      "dev_macro_f1": 0.073529,
      "duration_seconds": 121.2,
      "full_metrics": {
        "event": "canada_wildfires_2016",
        "budget": 10,
        "seed_set": 1,
        "test_error_rate": 58.20224719101124,
        "test_macro_f1": 0.07369255150554675,
        "test_ece": 0.43496993739953205,
        "test_per_class_f1": [
          0.0,
          0.0,
          0.0,
          0.0,
          0.0,
          0.0,
          0.589540412044374,
          0.0
        ],
        "dev_error_rate": 58.33333333333333,
        "dev_macro_f1": 0.07352941176470588,
        "dev_ece": 0.43628303811215513,
        "stopping_strategy": "baseline",
        "phase1_seed_strategy": "last",
        "phase1_best_epoch": null,
        "lambda1_mean": 0.5100721592863349,
        "lambda1_std": 0.4355068588968019,
        "lambda2_mean": 0.1732656686510354,
        "lambda2_std": 0.21076537794594616
      }
    },
    {
      "number": 5,
      "state": "COMPLETE",
      "params": {
        "lr": 0.00011276741362876756,
        "batch_size": 64,
        "cotrain_epochs": 13,
        "finetune_patience": 4,
        "weight_decay": 0.0020510350713990543,
        "warmup_ratio": 0.21736569881022075
      },
      "dev_macro_f1": 0.549968,
      "duration_seconds": 137.6,
      "full_metrics": {
        "event": "canada_wildfires_2016",
        "budget": 10,
        "seed_set": 1,
        "test_error_rate": 24.044943820224717,
        "test_macro_f1": 0.5627128220796589,
        "test_ece": 0.1059450814563237,