{
  "event": "canada_wildfires_2016",
  "budget": 10,
  "seed_set": 2,
  "test_error_rate": 92.58426966292134,
  "test_macro_f1": 0.035654496173469385,
  "test_ece": 0.05987299878275795,
  "test_per_class_f1": [
    0.1015625,
    0.0,
    0.15510204081632653,
    0.0,
    0.02857142857142857,
    0.0,
    0.0,
    0.0
  ],
  "dev_error_rate": 91.22807017543859,
  "dev_macro_f1": 0.04417877806860449,
  "dev_ece": 0.04631141501299124
}