{
  "event": "cyclone_idai_2019",
  "budget": 25,
  "seed_set": 1,
  "test_error_rate": 46.72657252888318,
  "test_macro_f1": 0.4260791317074301,
  "test_ece": 0.10105096017977698,
  "test_per_class_f1": [
    0.30952380952380953,
    0.2222222222222222,
    0.6911764705882353,
    0.8524590163934426,
    0.0,
    0.3333333333333333,
    0.2953020134228188,
    0.19289340101522842,
    0.5756457564575646,
    0.788235294117647
  ],
  "dev_error_rate": 48.3790523690773,
  "dev_macro_f1": 0.41872780331371917,
  "dev_ece": 0.12492027823021286,
  "stopping_strategy": "baseline",
  "phase1_seed_strategy": "last",
  "phase1_best_epoch": null,
  "lambda1_mean": 0.4906028916503664,
  "lambda1_std": 0.1129337385912757,
  "lambda2_mean": 0.10827470071804055,
  "lambda2_std": 0.04251926648740504
}