{
  "event": "hurricane_maria_2017",
  "budget": 5,
  "seed_set": 1,
  "status": "done",
  "best_params": {
    "lr": 0.00018920911292870612,
    "batch_size": 16,
    "cotrain_epochs": 7,
    "finetune_patience": 8,
    "weight_decay": 0.025358473904244463,
    "warmup_ratio": 0.2536423053001599
  },
  "best_value": 0.45939,
  "best_full_metrics": {
    "event": "hurricane_maria_2017",
    "budget": 5,
    "seed_set": 1,
    "test_error_rate": 50.27739251040222,
    "test_macro_f1": 0.4704505257785925,
    "test_ece": 0.06603764690944457,
    "test_per_class_f1": [
      0.38571428571428573,
      0.5833333333333334,
      0.6460348162475822,
      0.7681159420289855,
      0.30344827586206896,
      0.12034383954154727,
      0.3577981651376147,
      0.6238317757009346,
      0.44543429844098
    ],
    "dev_error_rate": 52.2911051212938,
    "dev_macro_f1": 0.45938955263235176,
    "dev_ece": 0.08578353098058962,
    "stopping_strategy": "baseline",
    "phase1_seed_strategy": "last",
    "phase1_best_epoch": null,
    "lambda1_mean": 0.2524511579079679,
    "lambda1_std": 0.09427768674176544,
    "lambda2_mean": 0.39786163351726617,
    "lambda2_std": 0.16103059272933784
  },
  "n_trials": 10,
  "continued_from": null,
  "trials": [
    {
      "number": 0,
      "state": "COMPLETE",
      "params": {
        "lr": 2.2016541861331104e-05,
        "batch_size": 8,
        "cotrain_epochs": 19,
        "finetune_patience": 9,
        "weight_decay": 0.04977240514855274,
        "warmup_ratio": 0.019996143923270603
      },
      "dev_macro_f1": 0.447484,
      "duration_seconds": 2052.2,
      "full_metrics": {
        "event": "hurricane_maria_2017",
        "budget": 5,
        "seed_set": 1,
        "test_error_rate": 50.69348127600555,
        "test_macro_f1": 0.45000259029904743,
        "test_ece": 0.4262800273303351,
        "test_per_class_f1": [
          0.32894736842105265,
          0.4421052631578947,
          0.6230769230769231,
          0.7596899224806202,
          0.32061068702290074,
          0.13031161473087818,
          0.3482142857142857,
          0.6545893719806763,
          0.4424778761061947
        ],
        "dev_error_rate": 52.02156334231807,
        "dev_macro_f1": 0.4474842000275056,
        "dev_ece": 0.44154160146443355,
        "stopping_strategy": "baseline",
        "phase1_seed_strategy": "last",
        "phase1_best_epoch": null,
        "lambda1_mean": 1.1163289112320611,
        "lambda1_std": 0.12229661027920993,
        "lambda2_mean": 0.6822256676001726,
        "lambda2_std": 0.12353185652479215
      }
    },
    {
      "number": 1,
      "state": "COMPLETE",
      "params": {
        "lr": 0.0006450649019725145,
        "batch_size": 32,
        "cotrain_epochs": 7,
        "finetune_patience": 5,
        "weight_decay": 0.011737246213044273,
        "warmup_ratio": 0.2953969662896462
      },
      "dev_macro_f1": 0.047552,
      "duration_seconds": 657.7,
      "full_metrics": {
        "event": "hurricane_maria_2017",
        "budget": 5,
        "seed_set": 1,
        "test_error_rate": 72.88488210818308,
        "test_macro_f1": 0.04740255804085591,
        "test_ece": 0.18308992760356685,
        "test_per_class_f1": [
          0.0,
          0.0,
          0.0,
          0.0,
          0.0,
          0.0,
          0.0,
          0.4266230223677032,
          0.0
        ],
        "dev_error_rate": 72.77628032345014,
        "dev_macro_f1": 0.04755178907721281,
        "dev_ece": 0.18200388807813433,
        "stopping_strategy": "baseline",
        "phase1_seed_strategy": "last",
        "phase1_best_epoch": null,
        "lambda1_mean": 0.38526161450834967,
        "lambda1_std": 0.18767617974766157,
        "lambda2_mean": 0.13884901396110338,
        "lambda2_std": 0.0888383977584676
      }
    },
    {
      "number": 2,
      "state": "COMPLETE",
      "params": {
        "lr": 0.00018920911292870612,
        "batch_size": 16,
        "cotrain_epochs": 7,
        "finetune_patience": 8,
        "weight_decay": 0.025358473904244463,
        "warmup_ratio": 0.2536423053001599
      },
      "dev_macro_f1": 0.45939,
      "duration_seconds": 743.6,
      "full_metrics": {
        "event": "hurricane_maria_2017",
        "budget": 5,
        "seed_set": 1,
        "test_error_rate": 50.27739251040222,
        "test_macro_f1": 0.4704505257785925,
        "test_ece": 0.06603764690944457,
        "test_per_class_f1": [
          0.38571428571428573,
          0.5833333333333334,
          0.6460348162475822,
          0.7681159420289855,
          0.30344827586206896,
          0.12034383954154727,
          0.3577981651376147,
          0.6238317757009346,
          0.44543429844098
        ],
        "dev_error_rate": 52.2911051212938,
        "dev_macro_f1": 0.45938955263235176,
        "dev_ece": 0.08578353098058962,
        "stopping_strategy": "baseline",
        "phase1_seed_strategy": "last",
        "phase1_best_epoch": null,
        "lambda1_mean": 0.2524511579079679,
        "lambda1_std": 0.09427768674176544,
        "lambda2_mean": 0.39786163351726617,
        "lambda2_std": 0.16103059272933784
      }
    },
    {
      "number": 3,
      "state": "COMPLETE",
      "params": {
        "lr": 0.00016212772840270575,
        "batch_size": 8,
        "cotrain_epochs": 12,
        "finetune_patience": 4,
        "weight_decay": 0.07439413160870743,
        "warmup_ratio": 0.2332218777721146
      },
      "dev_macro_f1": 0.047552,
      "duration_seconds": 1342.2,
      "full_metrics": {
        "event": "hurricane_maria_2017",
        "budget": 5,
        "seed_set": 1,
        "test_error_rate": 72.88488210818308,
        "test_macro_f1": 0.04740255804085591,
        "test_ece": 0.13978972070012113,
        "test_per_class_f1": [
          0.0,
          0.0,
          0.0,
          0.0,
          0.0,
          0.0,
          0.0,
          0.4266230223677032,
          0.0
        ],
        "dev_error_rate": 72.77628032345014,
        "dev_macro_f1": 0.04755178907721281,
        "dev_ece": 0.13870480471865504,
        "stopping_strategy": "baseline",
        "phase1_seed_strategy": "last",
        "phase1_best_epoch": null,
        "lambda1_mean": 0.6513878930337063,
        "lambda1_std": 0.2183251166219983,
        "lambda2_mean": 0.11772233994043078,
        "lambda2_std": 0.09206269923651234
      }
    },
    {
      "number": 4,
      "state": "COMPLETE",
      "params": {
        "lr": 2.252759489741006e-05,
        "batch_size": 8,
        "cotrain_epochs": 5,
        "finetune_patience": 8,
        "weight_decay": 0.054690055379883334,
        "warmup_ratio": 0.14582264793757302
      },
      "dev_macro_f1": 0.457437,
      "duration_seconds": 833.9,
      "full_metrics": {
        "event": "hurricane_maria_2017",
        "budget": 5,
        "seed_set": 1,
        "test_error_rate": 49.30651872399445,
        "test_macro_f1": 0.47060246483005447,
        "test_ece": 0.35825889974047176,
        "test_per_class_f1": [
          0.3058823529411765,
          0.49382716049382713,
          0.6301369863013698,
          0.8095238095238095,
          0.35,
          0.08333333333333333,
          0.41007194244604317,
          0.6722288438617402,
          0.4804177545691906
        ],
        "dev_error_rate": 50.673854447439346,
        "dev_macro_f1": 0.4574366193027526,
        "dev_ece": 0.372905928089291,
        "stopping_strategy": "baseline",
        "phase1_seed_strategy": "last",
        "phase1_best_epoch": null,
        "lambda1_mean": 1.0083651095792963,
        "lambda1_std": 0.22830842130502557,
        "lambda2_mean": 0.38648821013206164,
        "lambda2_std": 0.14553930637854265
      }
    },
    {
      "number": 5,
      "state": "COMPLETE",
      "params": {
        "lr": 0.0004931689190442837,
        "batch_size": 16,
        "cotrain_epochs": 19,
        "finetune_patience": 7,
        "weight_decay": 0.04714949982615166,