{
  "event": "kaikoura_earthquake_2016",
  "budget": 25,
  "seed_set": 1,
  "test_error_rate": 31.72413793103448,
  "test_macro_f1": 0.6260626781719746,
  "test_ece": 0.11050399339747155,
  "test_per_class_f1": [
    0.6329113924050633,
    0.5714285714285714,
    0.7058823529411765,
    0.8333333333333334,
    0.5102040816326531,
    0.4576271186440678,
    0.18181818181818182,
    0.8536585365853658,
    0.8877005347593583
  ],
  "dev_error_rate": 28.125,
  "dev_macro_f1": 0.6367638259745979,
  "dev_ece": 0.13744154811969825,
  "stopping_strategy": "baseline",
  "phase1_seed_strategy": "last",
  "phase1_best_epoch": null,
  "lambda1_mean": 0.867426873897532,
  "lambda1_std": 0.2532627786014407,
  "lambda2_mean": 0.3171415451221796,
  "lambda2_std": 0.1542021565745092
}