{
  "event": "hurricane_dorian_2019",
  "budget": 50,
  "seed_set": 1,
  "test_error_rate": 42.771883289124666,
  "test_macro_f1": 0.5297831914400488,
  "test_ece": 0.13925089123868814,
  "test_per_class_f1": [
    0.547945205479452,
    0.9026548672566371,
    0.4880952380952381,
    0.3333333333333333,
    0.47896440129449835,
    0.301255230125523,
    0.13829787234042554,
    0.7885117493472585,
    0.7889908256880734
  ],
  "dev_error_rate": 41.623711340206185,
  "dev_macro_f1": 0.5567853341026263,
  "dev_ece": 0.12124369904091675
}