{
  "event": "hurricane_maria_2017",
  "budget": 25,
  "seed_set": 1,
  "test_error_rate": 28.779472954230233,
  "test_macro_f1": 0.6803861274243669,
  "test_ece": 0.13469854061299322,
  "test_per_class_f1": [
    0.6534653465346535,
    0.6756756756756757,
    0.8492706645056726,
    0.9421487603305785,
    0.391304347826087,
    0.424507658643326,
    0.6826347305389222,
    0.8239700374531835,
    0.6804979253112033
  ],
  "dev_error_rate": 28.301886792452834,
  "dev_macro_f1": 0.6798368527791068,
  "dev_ece": 0.13847606671306323,
  "stopping_strategy": "baseline",
  "phase1_seed_strategy": "last",
  "phase1_best_epoch": null,
  "lambda1_mean": 1.0038791438032246,
  "lambda1_std": 0.2635940844815526,
  "lambda2_mean": 0.6625238615999486,
  "lambda2_std": 0.257302413023468
}