{
  "event": "hurricane_irma_2017",
  "budget": 10,
  "seed_set": 2,
  "status": "done",
  "best_params": {
    "lr": 3.1358348168144204e-05,
    "batch_size": 32,
    "cotrain_epochs": 19,
    "finetune_patience": 6,
    "weight_decay": 0.08745421010284639,
    "warmup_ratio": 0.04961225821669757
  },
  "best_value": 0.643434,
  "best_full_metrics": {
    "event": "hurricane_irma_2017",
    "budget": 10,
    "seed_set": 2,
    "test_error_rate": 34.26423200859291,
    "test_macro_f1": 0.6342318267088286,
    "test_ece": 0.21948034706036335,
    "test_per_class_f1": [
      0.625,
      0.8035190615835777,
      0.7594627594627594,
      0.9344729344729344,
      0.47692307692307695,
      0.3812316715542522,
      0.3541666666666667,
      0.7286821705426356,
      0.6446280991735537
    ],
    "dev_error_rate": 34.44676409185804,
    "dev_macro_f1": 0.6434343239891789,
    "dev_ece": 0.2268019009047113,
    "stopping_strategy": "baseline",
    "phase1_seed_strategy": "last",
    "phase1_best_epoch": null,
    "lambda1_mean": 1.0935594945765,
    "lambda1_std": 0.18033072345191908,
    "lambda2_mean": 0.6686882948033034,
    "lambda2_std": 0.1565472142381513
  },
  "n_trials": 10,
  "continued_from": null,
  "trials": [
    {
      "number": 0,
      "state": "COMPLETE",
      "params": {
        "lr": 2.866003046677582e-05,
        "batch_size": 8,
        "cotrain_epochs": 6,
        "finetune_patience": 4,
        "weight_decay": 0.012748545471397976,
        "warmup_ratio": 0.22680061793528314
      },
      "dev_macro_f1": 0.637864,
      "duration_seconds": 616.6,
      "full_metrics": {
        "event": "hurricane_irma_2017",
        "budget": 10,
        "seed_set": 2,
        "test_error_rate": 33.566058002148225,
        "test_macro_f1": 0.6378590201492951,
        "test_ece": 0.20921987567245,
        "test_per_class_f1": [
          0.6690909090909091,
          0.8114285714285714,
          0.7754137115839244,
          0.9438202247191011,
          0.48249027237354086,
          0.36503067484662577,
          0.35051546391752575,
          0.7264,
          0.6165413533834586
        ],
        "dev_error_rate": 34.44676409185804,
        "dev_macro_f1": 0.6378643329585076,
        "dev_ece": 0.22240235378075246,
        "stopping_strategy": "baseline",
        "phase1_seed_strategy": "last",
        "phase1_best_epoch": null,
        "lambda1_mean": 1.031487600400105,
        "lambda1_std": 0.2533224046995048,
        "lambda2_mean": 0.4622980985134926,
        "lambda2_std": 0.18109103755584935
      }
    },
    {
      "number": 1,
      "state": "COMPLETE",
      "params": {
        "lr": 0.00014583354113670128,
        "batch_size": 64,
        "cotrain_epochs": 11,
        "finetune_patience": 5,
        "weight_decay": 0.020662127264640742,
        "warmup_ratio": 0.09227108260620874
      },
      "dev_macro_f1": 0.639255,
      "duration_seconds": 510.2,
      "full_metrics": {
        "event": "hurricane_irma_2017",
        "budget": 10,
        "seed_set": 2,
        "test_error_rate": 33.72717508055854,
        "test_macro_f1": 0.6338995340946171,
        "test_ece": 0.18972375750477666,
        "test_per_class_f1": [
          0.6370370370370371,
          0.8106508875739645,
          0.783625730994152,
          0.9269662921348315,
          0.4675324675324675,
          0.4011379800853485,
          0.3148148148148148,
          0.7075928917609047,
          0.6557377049180327
        ],
        "dev_error_rate": 34.34237995824635,
        "dev_macro_f1": 0.6392546470460434,
        "dev_ece": 0.20178766679290933,
        "stopping_strategy": "baseline",
        "phase1_seed_strategy": "last",
        "phase1_best_epoch": null,
        "lambda1_mean": 1.0631370082368947,
        "lambda1_std": 0.2337808761238258,
        "lambda2_mean": 0.5751175903677035,
        "lambda2_std": 0.19694270959107285
      }
    },
    {
      "number": 2,
      "state": "COMPLETE",
      "params": {
        "lr": 3.1358348168144204e-05,
        "batch_size": 32,
        "cotrain_epochs": 19,
        "finetune_patience": 6,
        "weight_decay": 0.08745421010284639,
        "warmup_ratio": 0.04961225821669757
      },
      "dev_macro_f1": 0.643434,
      "duration_seconds": 895.0,
      "full_metrics": {
        "event": "hurricane_irma_2017",
        "budget": 10,
        "seed_set": 2,
        "test_error_rate": 34.26423200859291,
        "test_macro_f1": 0.6342318267088286,
        "test_ece": 0.21948034706036335,
        "test_per_class_f1": [
          0.625,
          0.8035190615835777,
          0.7594627594627594,
          0.9344729344729344,
          0.47692307692307695,
          0.3812316715542522,
          0.3541666666666667,
          0.7286821705426356,
          0.6446280991735537
        ],
        "dev_error_rate": 34.44676409185804,
        "dev_macro_f1": 0.6434343239891789,
        "dev_ece": 0.2268019009047113,
        "stopping_strategy": "baseline",
        "phase1_seed_strategy": "last",
        "phase1_best_epoch": null,
        "lambda1_mean": 1.0935594945765,
        "lambda1_std": 0.18033072345191908,
        "lambda2_mean": 0.6686882948033034,
        "lambda2_std": 0.1565472142381513
      }
    },
    {
      "number": 3,
      "state": "COMPLETE",
      "params": {
        "lr": 2.4108076986579662e-05,
        "batch_size": 8,
        "cotrain_epochs": 9,
        "finetune_patience": 9,
        "weight_decay": 0.022540030957420232,
        "warmup_ratio": 0.17935405902903567
      },
      "dev_macro_f1": 0.630393,
      "duration_seconds": 812.3,
      "full_metrics": {
        "event": "hurricane_irma_2017",
        "budget": 10,
        "seed_set": 2,
        "test_error_rate": 33.351235230934485,
        "test_macro_f1": 0.6420683080828045,
        "test_ece": 0.23078446069414205,
        "test_per_class_f1": [
          0.6376811594202898,
          0.8126801152737753,
          0.7695961995249406,
          0.935933147632312,
          0.5298507462686567,
          0.3582554517133956,
          0.3300970873786408,
          0.7295208655332303,
          0.675
        ],
        "dev_error_rate": 34.75991649269311,
        "dev_macro_f1": 0.6303934134063788,
        "dev_ece": 0.25024012256888106,
        "stopping_strategy": "baseline",
        "phase1_seed_strategy": "last",
        "phase1_best_epoch": null,
        "lambda1_mean": 1.0521215959597132,
        "lambda1_std": 0.2483429690649182,
        "lambda2_mean": 0.534297597993226,
        "lambda2_std": 0.1888276332275318
      }
    },
    {
      "number": 4,
      "state": "COMPLETE",
      "params": {
        "lr": 0.0008787724649147334,
        "batch_size": 8,
        "cotrain_epochs": 5,
        "finetune_patience": 5,
        "weight_decay": 0.05227007435837619,
        "warmup_ratio": 0.07749660253888159
      },
      "dev_macro_f1": 0.044519,
      "duration_seconds": 507.0,
      "full_metrics": {
        "event": "hurricane_irma_2017",
        "budget": 10,
        "seed_set": 2,
        "test_error_rate": 74.91944146079484,
        "test_macro_f1": 0.0445589427985306,
        "test_ece": 0.1218932746448399,
        "test_per_class_f1": [
          0.0,
          0.0,
          0.0,
          0.0,
          0.0,
          0.4010304851867754,
          0.0,
          0.0,
          0.0
        ],
        "dev_error_rate": 74.94780793319416,
        "dev_macro_f1": 0.044518642181413465,
        "dev_ece": 0.12160960964407452,
        "stopping_strategy": "baseline",
        "phase1_seed_strategy": "last",
        "phase1_best_epoch": null,
        "lambda1_mean": 0.1802591775537224,
        "lambda1_std": 0.061625799877729745,
        "lambda2_mean": 0.09741832555507175,
        "lambda2_std": 0.03905622569308872
      }
    },
    {
      "number": 5,
      "state": "COMPLETE",
      "params": {
        "lr": 0.0002250453655625523,
        "batch_size": 16,
        "cotrain_epochs": 7,
        "finetune_patience": 5,