{
  "event": "hurricane_harvey_2017",
  "budget": 5,
  "seed_set": 1,
  "test_error_rate": 89.86149584487535,
  "test_macro_f1": 0.04161788159338916,
  "test_ece": 0.018069561915549537,
  "test_per_class_f1": [
    0.1054172767203514,
    0.012422360248447204,
    0.0,
    0.0,
    0.0,
    0.25319396051103366,
    0.0,
    0.003527336860670194,
    0.0
  ],
  "dev_error_rate": 90.31216361679225,
  "dev_macro_f1": 0.04167239562454962,
  "dev_ece": 0.02267970196076692
}