{
  "event": "hurricane_harvey_2017",
  "budget": 50,
  "seed_set": 2,
  "test_error_rate": 39.612188365650965,
  "test_macro_f1": 0.5881651881097336,
  "test_ece": 0.1445421065732713,
  "test_per_class_f1": [
    0.6320346320346321,
    0.6014669926650367,
    0.6594982078853047,
    0.8776978417266187,
    0.37433155080213903,
    0.3314285714285714,
    0.38961038961038963,
    0.7024185068349106,
    0.725
  ],
  "dev_error_rate": 37.78256189451022,
  "dev_macro_f1": 0.6134118375109376,
  "dev_ece": 0.15227602423841402
}