{
  "event": "hurricane_harvey_2017",
  "budget": 25,
  "seed_set": 1,
  "test_error_rate": 29.196675900277015,
  "test_macro_f1": 0.6680259119979112,
  "test_ece": 0.15255244884464547,
  "test_per_class_f1": [
    0.6415094339622641,
    0.8391608391608392,
    0.7932489451476793,
    0.8850174216027874,
    0.3904761904761905,
    0.4919210053859964,
    0.43243243243243246,
    0.8236380424746076,
    0.714828897338403
  ],
  "dev_error_rate": 31.969860064585575,
  "dev_macro_f1": 0.6442906697139065,
  "dev_ece": 0.1786592874447419,
  "stopping_strategy": "baseline",
  "phase1_seed_strategy": "last",
  "phase1_best_epoch": null,
  "lambda1_mean": 1.0335184885875928,
  "lambda1_std": 0.2659242246475841,
  "lambda2_mean": 0.5150399756758496,
  "lambda2_std": 0.18198818583905177
}