{
  "event": "kaikoura_earthquake_2016",
  "budget": 10,
  "seed_set": 2,
  "test_error_rate": 27.356321839080454,
  "test_macro_f1": 0.7059559737042435,
  "test_ece": 0.1085037920666837,
  "test_per_class_f1": [
    0.7085714285714285,
    0.9142857142857143,
    0.7703703703703704,
    0.8936170212765957,
    0.5,
    0.4580152671755725,
    0.36363636363636365,
    0.8433734939759037,
    0.9017341040462428
  ],
  "dev_error_rate": 27.23214285714286,
  "dev_macro_f1": 0.67379381520436,
  "dev_ece": 0.15710844645010574,
  "stopping_strategy": "baseline",
  "phase1_seed_strategy": "last",
  "phase1_best_epoch": null,
  "lambda1_mean": 0.9634481039844144,
  "lambda1_std": 0.25469740572994604,
  "lambda2_mean": 0.37112799246121075,
  "lambda2_std": 0.1622031711229518
}