{
  "event": "hurricane_florence_2018",
  "budget": 25,
  "seed_set": 3,
  "test_error_rate": 40.290088638195,
  "test_macro_f1": 0.5644585049121865,
  "test_ece": 0.11840177852717453,
  "test_per_class_f1": [
    0.46733668341708545,
    0.7303754266211604,
    0.40375586854460094,
    0.8529411764705882,
    0.7106017191977078,
    0.28820960698689957,
    0.13333333333333333,
    0.7030965391621129,
    0.7904761904761904
  ],
  "dev_error_rate": 40.062597809076685,
  "dev_macro_f1": 0.5491200107085931,
  "dev_ece": 0.12064936444606392,
  "stopping_strategy": "baseline",
  "phase1_seed_strategy": "last",
  "phase1_best_epoch": null,
  "lambda1_mean": 0.6118209408117341,
  "lambda1_std": 0.0996019653744944,
  "lambda2_mean": 0.1576115183724543,
  "lambda2_std": 0.05665773095352064
}