{
  "event": "hurricane_harvey_2017",
  "budget": 50,
  "seed_set": 3,
  "test_error_rate": 35.56786703601108,
  "test_macro_f1": 0.6129393865354641,
  "test_ece": 0.19022917909305176,
  "test_per_class_f1": [
    0.5964912280701754,
    0.7305389221556886,
    0.7881188118811882,
    0.8843537414965986,
    0.37320574162679426,
    0.32916666666666666,
    0.3898305084745763,
    0.7466666666666667,
    0.678082191780822
  ],
  "dev_error_rate": 35.30678148546824,
  "dev_macro_f1": 0.6179504867862845,
  "dev_ece": 0.1913569921826136,
  "stopping_strategy": "baseline",
  "phase1_seed_strategy": "last",
  "phase1_best_epoch": null,
  "lambda1_mean": 1.0826904067199363,
  "lambda1_std": 0.14276415597019196,
  "lambda2_mean": 0.550319411446501,
  "lambda2_std": 0.13288699323329253
}