{
  "event": "hurricane_harvey_2017",
  "budget": 25,
  "seed_set": 1,
  "test_error_rate": 38.61495844875347,
  "test_macro_f1": 0.5719537481137764,
  "test_ece": 0.06839788987035567,
  "test_per_class_f1": [
    0.5714285714285714,
    0.6548672566371682,
    0.6692759295499021,
    0.7906976744186046,
    0.3582089552238806,
    0.34355828220858897,
    0.28699551569506726,
    0.7565982404692082,
    0.7159533073929961
  ],
  "dev_error_rate": 39.61248654467169,
  "dev_macro_f1": 0.5854658904189827,
  "dev_ece": 0.09053593160197602,
  "stopping_strategy": "baseline",
  "phase1_seed_strategy": "last",
  "phase1_best_epoch": null,
  "lambda1_mean": 0.5713027692168832,
  "lambda1_std": 0.13603951969777495,
  "lambda2_mean": 0.12986605826907852,
  "lambda2_std": 0.03542949935282574
}