{
  "event": "kaikoura_earthquake_2016",
  "budget": 5,
  "seed_set": 2,
  "test_error_rate": 50.57471264367817,
  "test_macro_f1": 0.3613611284090736,
  "test_ece": 0.08735966881116232,
  "test_per_class_f1": [
    0.4796747967479675,
    0.17857142857142858,
    0.37037037037037035,
    0.29411764705882354,
    0.42105263157894735,
    0.0,
    0.0,
    0.6341463414634146,
    0.8743169398907104
  ],
  "dev_error_rate": 47.76785714285714,
  "dev_macro_f1": 0.41625473479394426,
  "dev_ece": 0.11340905406645364,
  "stopping_strategy": "baseline",
  "phase1_seed_strategy": "last",
  "phase1_best_epoch": null,
  "lambda1_mean": 0.41068729654094627,
  "lambda1_std": 0.1479878841294947,
  "lambda2_mean": 0.1316672212437302,
  "lambda2_std": 0.03701288887552824
}