{
  "event": "canada_wildfires_2016",
  "budget": 10,
  "seed_set": 1,
  "test_error_rate": 51.01123595505618,
  "test_macro_f1": 0.31712601118727507,
  "test_ece": 0.12491406620888226,
  "test_per_class_f1": [
    0.3023255813953488,
    0.0759493670886076,
    0.46956521739130436,
    0.0,
    0.10666666666666667,
    0.043478260869565216,
    0.8088642659279779,
    0.7301587301587301
  ],
  "dev_error_rate": 50.877192982456144,
  "dev_macro_f1": 0.29296456688359757,
  "dev_ece": 0.15659390880089058,
  "stopping_strategy": "baseline",
  "phase1_seed_strategy": "last",
  "phase1_best_epoch": null,
  "lambda1_mean": 0.8553476039239846,
  "lambda1_std": 0.3423209413487911,
  "lambda2_mean": 0.34454381253156385,
  "lambda2_std": 0.18645341971776652
}