{
  "event": "hurricane_florence_2018",
  "budget": 50,
  "seed_set": 3,
  "status": "done",
  "best_params": {
    "lr": 4.166900026313954e-05,
    "batch_size": 16,
    "cotrain_epochs": 12,
    "finetune_patience": 8,
    "weight_decay": 0.020431799867088686,
    "warmup_ratio": 0.141149812941434
  },
  "best_value": 0.718548,
  "best_full_metrics": {
    "event": "hurricane_florence_2018",
    "budget": 50,
    "seed_set": 3,
    "test_error_rate": 22.401289282836423,
    "test_macro_f1": 0.7077845153037381,
    "test_ece": 0.09863960399539312,
    "test_per_class_f1": [
      0.7611336032388664,
      0.8042704626334519,
      0.6835443037974683,
      0.926829268292683,
      0.847457627118644,
      0.37681159420289856,
      0.2564102564102564,
      0.875219683655536,
      0.8383838383838383
    ],
    "dev_error_rate": 22.065727699530512,
    "dev_macro_f1": 0.7185481083015987,
    "dev_ece": 0.0912776076364592,
    "stopping_strategy": "baseline",
    "phase1_seed_strategy": "last",
    "phase1_best_epoch": null,
    "lambda1_mean": 0.9933407932880731,
    "lambda1_std": 0.24426071916548908,
    "lambda2_mean": 0.6363672411984413,
    "lambda2_std": 0.24240668120643596
  },
  "n_trials": 10,
  "continued_from": null,
  "trials": [
    {
      "number": 0,
      "state": "COMPLETE",
      "params": {
        "lr": 3.796113134178084e-05,
        "batch_size": 32,
        "cotrain_epochs": 8,
        "finetune_patience": 9,
        "weight_decay": 0.06810917080666079,
        "warmup_ratio": 0.02505512517480596
      },
      "dev_macro_f1": 0.718326,
      "duration_seconds": 331.5,
      "full_metrics": {
        "event": "hurricane_florence_2018",
        "budget": 50,
        "seed_set": 3,
        "test_error_rate": 22.240128928283642,
        "test_macro_f1": 0.696747917578373,
        "test_ece": 0.08552951725330397,
        "test_per_class_f1": [
          0.7911646586345381,
          0.8382352941176471,
          0.6623376623376623,
          0.9421487603305785,
          0.8578431372549019,
          0.41818181818181815,
          0.1,
          0.851063829787234,
          0.8097560975609757
        ],
        "dev_error_rate": 21.75273865414711,
        "dev_macro_f1": 0.7183260798285493,
        "dev_ece": 0.10208375651698347,
        "stopping_strategy": "baseline",
        "phase1_seed_strategy": "last",
        "phase1_best_epoch": null,
        "lambda1_mean": 0.999452002522053,
        "lambda1_std": 0.26036000355764016,
        "lambda2_mean": 0.5976563843252157,
        "lambda2_std": 0.22723531871195124
      }
    },
    {
      "number": 1,
      "state": "COMPLETE",
      "params": {
        "lr": 1.1935626837917256e-05,
        "batch_size": 8,
        "cotrain_epochs": 15,
        "finetune_patience": 4,
        "weight_decay": 0.09543027577401206,
        "warmup_ratio": 0.1951895704354325
      },
      "dev_macro_f1": 0.67118,
      "duration_seconds": 762.0,
      "full_metrics": {
        "event": "hurricane_florence_2018",
        "budget": 50,
        "seed_set": 3,
        "test_error_rate": 22.643029814665596,
        "test_macro_f1": 0.6781505669088773,
        "test_ece": 0.06845434995834912,
        "test_per_class_f1": [
          0.7583333333333333,
          0.8243727598566308,
          0.6440677966101694,
          0.9344262295081968,
          0.8431876606683805,
          0.4491525423728814,
          0.0,
          0.8630849220103987,
          0.7867298578199052
        ],
        "dev_error_rate": 23.161189358372457,
        "dev_macro_f1": 0.6711800926551924,
        "dev_ece": 0.07048550332096262,
        "stopping_strategy": "baseline",
        "phase1_seed_strategy": "last",
        "phase1_best_epoch": null,
        "lambda1_mean": 1.0334800530673192,
        "lambda1_std": 0.25148109045567063,
        "lambda2_mean": 0.5514313862231176,
        "lambda2_std": 0.18708504648726523
      }
    },
    {
      "number": 2,
      "state": "COMPLETE",
      "params": {
        "lr": 4.463306910564164e-05,
        "batch_size": 64,
        "cotrain_epochs": 8,
        "finetune_patience": 10,
        "weight_decay": 0.0900884985527841,
        "warmup_ratio": 0.12370151032214127
      },
      "dev_macro_f1": 0.680761,
      "duration_seconds": 299.8,
      "full_metrics": {
        "event": "hurricane_florence_2018",
        "budget": 50,
        "seed_set": 3,
        "test_error_rate": 23.448831587429495,
        "test_macro_f1": 0.6959048910136223,
        "test_ece": 0.09244703665363702,
        "test_per_class_f1": [
          0.7479674796747967,
          0.7986577181208053,
          0.6272189349112426,
          0.9333333333333333,
          0.830379746835443,
          0.4365482233502538,
          0.2222222222222222,
          0.8707964601769912,
          0.7960199004975125
        ],
        "dev_error_rate": 22.535211267605636,
        "dev_macro_f1": 0.6807612093324518,
        "dev_ece": 0.09968961292589212,
        "stopping_strategy": "baseline",
        "phase1_seed_strategy": "last",
        "phase1_best_epoch": null,
        "lambda1_mean": 0.9880900881483242,
        "lambda1_std": 0.25161375207063186,
        "lambda2_mean": 0.4572272562337796,
        "lambda2_std": 0.18033191174632746
      }
    },
    {
      "number": 3,
      "state": "COMPLETE",
      "params": {
        "lr": 4.166900026313954e-05,
        "batch_size": 16,
        "cotrain_epochs": 12,
        "finetune_patience": 8,
        "weight_decay": 0.020431799867088686,
        "warmup_ratio": 0.141149812941434
      },
      "dev_macro_f1": 0.718548,
      "duration_seconds": 453.4,
      "full_metrics": {
        "event": "hurricane_florence_2018",
        "budget": 50,
        "seed_set": 3,
        "test_error_rate": 22.401289282836423,
        "test_macro_f1": 0.7077845153037381,
        "test_ece": 0.09863960399539312,
        "test_per_class_f1": [
          0.7611336032388664,
          0.8042704626334519,
          0.6835443037974683,
          0.926829268292683,
          0.847457627118644,
          0.37681159420289856,
          0.2564102564102564,
          0.875219683655536,
          0.8383838383838383
        ],
        "dev_error_rate": 22.065727699530512,
        "dev_macro_f1": 0.7185481083015987,
        "dev_ece": 0.0912776076364592,
        "stopping_strategy": "baseline",
        "phase1_seed_strategy": "last",
        "phase1_best_epoch": null,
        "lambda1_mean": 0.9933407932880731,
        "lambda1_std": 0.24426071916548908,
        "lambda2_mean": 0.6363672411984413,
        "lambda2_std": 0.24240668120643596
      }
    },
    {
      "number": 4,
      "state": "COMPLETE",
      "params": {
        "lr": 1.8020315298484997e-05,
        "batch_size": 64,
        "cotrain_epochs": 6,
        "finetune_patience": 5,
        "weight_decay": 0.02226567669927596,
        "warmup_ratio": 0.24866889316664784
      },
      "dev_macro_f1": 0.709256,
      "duration_seconds": 229.3,
      "full_metrics": {
        "event": "hurricane_florence_2018",
        "budget": 50,
        "seed_set": 3,
        "test_error_rate": 22.804190169218373,
        "test_macro_f1": 0.679007784134502,
        "test_ece": 0.025553436948348208,
        "test_per_class_f1": [
          0.7843137254901961,
          0.8206896551724138,
          0.6751592356687898,
          0.9421487603305785,
          0.8578431372549019,
          0.3386243386243386,
          0.06451612903225806,
          0.8443649373881932,
          0.783410138248848
        ],
        "dev_error_rate": 21.126760563380287,
        "dev_macro_f1": 0.709256376408151,
        "dev_ece": 0.05582029331644562,
        "stopping_strategy": "baseline",
        "phase1_seed_strategy": "last",
        "phase1_best_epoch": null,
        "lambda1_mean": 0.7903122096627703,
        "lambda1_std": 0.2604077671018501,
        "lambda2_mean": 0.21415668983451602,
        "lambda2_std": 0.1128004891070894
      }
    },
    {
      "number": 5,