{
  "event": "canada_wildfires_2016",
  "budget": 5,
  "seed_set": 3,
  "test_error_rate": 74.15730337078652,
  "test_macro_f1": 0.14026873749076238,
  "test_ece": 0.10699833028771906,
  "test_per_class_f1": [
    0.0,
    0.205607476635514,
    0.0,
    0.24390243902439024,
    0.19148936170212766,
    0.05063291139240506,
    0.4305177111716621,
    0.0
  ],
  "dev_error_rate": 75.87719298245614,
  "dev_macro_f1": 0.12617310587385244,
  "dev_ece": 0.112464438927801,
  "stopping_strategy": "baseline",
  "phase1_seed_strategy": "last",
  "phase1_best_epoch": null,
  "lambda1_mean": 0.9909385756538387,
  "lambda1_std": 0.2546085739936244,
  "lambda2_mean": 0.45416563784632746,
  "lambda2_std": 0.19406763811673836
}