{
  "event": "cyclone_idai_2019",
  "budget": 50,
  "seed_set": 2,
  "test_error_rate": 33.50449293966624,
  "test_macro_f1": 0.4487763443338418,
  "test_ece": 0.06836680038826151,
  "test_per_class_f1": [
    0.4444444444444444,
    0.19047619047619047,
    0.7866666666666666,
    0.8804347826086957,
    0.0,
    0.35,
    0.022222222222222223,
    0.27184466019417475,
    0.7787878787878788,
    0.7628865979381443
  ],
  "dev_error_rate": 33.66583541147132,
  "dev_macro_f1": 0.4501141862086648,
  "dev_ece": 0.06723885368230635,
  "stopping_strategy": "baseline",
  "phase1_seed_strategy": "last",
  "phase1_best_epoch": null,
  "lambda1_mean": 0.9133232791201134,
  "lambda1_std": 0.32430950941316067,
  "lambda2_mean": 0.39779975995642536,
  "lambda2_std": 0.18337304807528587
}