{
  "event": "hurricane_dorian_2019",
  "budget": 5,
  "seed_set": 1,
  "test_error_rate": 89.3236074270557,
  "test_macro_f1": 0.021436655349177818,
  "test_ece": 0.8889666299683979,
  "test_per_class_f1": [
    0.0,
    0.0,
    0.19292989814260036,
    0.0,
    0.0,
    0.0,
    0.0,
    0.0,
    0.0
  ],
  "dev_error_rate": 89.30412371134021,
  "dev_macro_f1": 0.021471995860820076,
  "dev_ece": 0.8867688867234692,
  "stopping_strategy": "baseline",
  "phase1_seed_strategy": "last",
  "phase1_best_epoch": null,
  "lambda1_mean": 1.1011897323715703,
  "lambda1_std": 0.2530739261393432,
  "lambda2_mean": 0.6212391556738266,
  "lambda2_std": 0.14879611867762024
}