{
  "event": "hurricane_maria_2017",
  "budget": 25,
  "seed_set": 3,
  "test_error_rate": 47.0873786407767,
  "test_macro_f1": 0.5233838793525016,
  "test_ece": 0.2194858557142927,
  "test_per_class_f1": [
    0.43902439024390244,
    0.4842105263157895,
    0.4251207729468599,
    0.7724137931034483,
    0.32044198895027626,
    0.37282229965156793,
    0.5373134328358209,
    0.6898470097357441,
    0.669260700389105
  ],
  "dev_error_rate": 45.95687331536388,
  "dev_macro_f1": 0.5222527330109891,
  "dev_ece": 0.21745369410659426,
  "stopping_strategy": "baseline",
  "phase1_seed_strategy": "last",
  "phase1_best_epoch": null,
  "lambda1_mean": 1.0211390463665433,
  "lambda1_std": 0.2771473467138852,
  "lambda2_mean": 0.501780557654088,
  "lambda2_std": 0.17483225997023163
}