{
  "event": "kerala_floods_2018",
  "budget": 5,
  "seed_set": 2,
  "test_error_rate": 29.013906447534765,
  "test_macro_f1": 0.554393635806233,
  "test_ece": 0.22441453990607735,
  "test_per_class_f1": [
    0.4827586206896552,
    0.13953488372093023,
    0.5354330708661418,
    0.8529411764705882,
    0.37254901960784315,
    0.41225626740947074,
    0.6869565217391305,
    0.8473193473193473,
    0.6597938144329897
  ],
  "dev_error_rate": 27.764127764127768,
  "dev_macro_f1": 0.6119048215064231,
  "dev_ece": 0.21786299106237048,
  "stopping_strategy": "baseline",
  "phase1_seed_strategy": "last",
  "phase1_best_epoch": null,
  "lambda1_mean": 1.083210907628837,
  "lambda1_std": 0.20132624396876547,
  "lambda2_mean": 0.6466275851035223,
  "lambda2_std": 0.17174566232170352
}