{
  "event": "hurricane_maria_2017",
  "budget": 5,
  "seed_set": 2,
  "test_error_rate": 85.99167822468794,
  "test_macro_f1": 0.05429566251058251,
  "test_ece": 0.015456379364127082,
  "test_per_class_f1": [
    0.0,
    0.0,
    0.0,
    0.0,
    0.0,
    0.2770352369380316,
    0.14989733059548255,
    0.06172839506172839,
    0.0
  ],
  "dev_error_rate": 85.44474393530997,
  "dev_macro_f1": 0.055993399992661126,
  "dev_ece": 0.020854206027769343
}