{
  "event": "hurricane_harvey_2017",
  "budget": 10,
  "seed_set": 1,
  "test_error_rate": 72.40997229916897,
  "test_macro_f1": 0.08863096617545684,
  "test_ece": 0.15569034864780318,
  "test_per_class_f1": [
    0.10319410319410319,
    0.0,
    0.0,
    0.0,
    0.0,
    0.0,
    0.0,
    0.46272493573264784,
    0.2317596566523605
  ],
  "dev_error_rate": 72.1205597416577,
  "dev_macro_f1": 0.09692827748383305,
  "dev_ece": 0.15861507287836435
}