{
  "event": "canada_wildfires_2016",
  "budget": 10,
  "seed_set": 3,
  "test_error_rate": 50.78651685393258,
  "test_macro_f1": 0.29500066591709323,
  "test_ece": 0.0989539411295666,
  "test_per_class_f1": [
    0.0,
    0.3466666666666667,
    0.36486486486486486,
    0.16666666666666666,
    0.0,
    0.20689655172413793,
    0.7894736842105263,
    0.4854368932038835
  ],
  "dev_error_rate": 46.05263157894737,
  "dev_macro_f1": 0.3254409283160109,
  "dev_ece": 0.10149608179926872,
  "stopping_strategy": "baseline",
  "phase1_seed_strategy": "last",
  "phase1_best_epoch": null,
  "lambda1_mean": 0.9392595591551117,
  "lambda1_std": 0.28626438863782755,
  "lambda2_mean": 0.3835165500157961,
  "lambda2_std": 0.17546194295713496
}