{
  "event": "hurricane_irma_2017",
  "budget": 25,
  "seed_set": 3,
  "test_error_rate": 60.68743286788399,
  "test_macro_f1": 0.37451901335556476,
  "test_ece": 0.28078939282324333,
  "test_per_class_f1": [
    0.45098039215686275,
    0.125,
    0.09836065573770492,
    0.6088709677419355,
    0.4115942028985507,
    0.32989690721649484,
    0.19607843137254902,
    0.5196374622356495,
    0.6302521008403361
  ],
  "dev_error_rate": 60.43841336116911,
  "dev_macro_f1": 0.3825146483201203,
  "dev_ece": 0.27241116306415936,
  "stopping_strategy": "baseline",
  "phase1_seed_strategy": "last",
  "phase1_best_epoch": null,
  "lambda1_mean": 1.0444220955532835,
  "lambda1_std": 0.2380673125778426,
  "lambda2_mean": 0.5206757823298434,
  "lambda2_std": 0.17179474705452197
}