{
  "event": "hurricane_maria_2017",
  "budget": 10,
  "seed_set": 1,
  "test_error_rate": 65.9500693481276,
  "test_macro_f1": 0.21298462784461883,
  "test_ece": 0.5259981581762991,
  "test_per_class_f1": [
    0.2147239263803681,
    0.0,
    0.3994252873563218,
    0.0,
    0.0,
    0.0,
    0.3312368972746331,
    0.5602605863192183,
    0.411214953271028
  ],
  "dev_error_rate": 63.88140161725067,
  "dev_macro_f1": 0.22278116814083415,
  "dev_ece": 0.5122533969962693,
  "stopping_strategy": "baseline",
  "phase1_seed_strategy": "last",
  "phase1_best_epoch": null,
  "lambda1_mean": 0.9667651627245278,
  "lambda1_std": 0.3343011884115722,
  "lambda2_mean": 0.4604012363061854,
  "lambda2_std": 0.21227420554668708
}