{
  "event": "california_wildfires_2018",
  "budget": 25,
  "seed_set": 2,
  "test_error_rate": 27.173169062286107,
  "test_macro_f1": 0.6008817968633744,
  "test_ece": 0.17073203304057089,
  "test_per_class_f1": [
    0.5357142857142857,
    0.7441860465116279,
    0.5828571428571429,
    0.9102564102564102,
    0.6571428571428571,
    0.6885813148788927,
    0.33540372670807456,
    0.0,
    0.8417132216014898,
    0.7129629629629629
  ],
  "dev_error_rate": 26.196808510638302,
  "dev_macro_f1": 0.6045879822993169,
  "dev_ece": 0.1588629098965767,
  "stopping_strategy": "baseline",
  "phase1_seed_strategy": "last",
  "phase1_best_epoch": null,
  "lambda1_mean": 0.9986253553477082,
  "lambda1_std": 0.29318382697035494,
  "lambda2_mean": 0.4887904889457396,
  "lambda2_std": 0.20319890979099628
}