{
  "event": "canada_wildfires_2016",
  "budget": 10,
  "seed_set": 2,
  "test_error_rate": 48.08988764044943,
  "test_macro_f1": 0.4752344621382393,
  "test_ece": 0.1192167470294438,
  "test_per_class_f1": [
    0.4225352112676056,
    0.6016260162601627,
    0.6181818181818182,
    0.2903225806451613,
    0.1875,
    0.2857142857142857,
    0.6575342465753424,
    0.7384615384615385
  ],
  "dev_error_rate": 46.92982456140351,
  "dev_macro_f1": 0.5130981203989109,
  "dev_ece": 0.12319401141844298,
  "stopping_strategy": "baseline",
  "phase1_seed_strategy": "last",
  "phase1_best_epoch": null,
  "lambda1_mean": 0.5319351168469404,
  "lambda1_std": 0.16788694563000217,
  "lambda2_mean": 0.1629168433441866,
  "lambda2_std": 0.049274920336018366
}