{
  "event": "kerala_floods_2018",
  "budget": 50,
  "seed_set": 3,
  "test_error_rate": 29.013906447534765,
  "test_macro_f1": 0.5722198560499082,
  "test_ece": 0.05324194677334216,
  "test_per_class_f1": [
    0.48,
    0.21621621621621623,
    0.547945205479452,
    0.8571428571428571,
    0.4088397790055249,
    0.43548387096774194,
    0.688,
    0.8397040690505548,
    0.6766467065868264
  ],
  "dev_error_rate": 28.992628992628987,
  "dev_macro_f1": 0.6018226581485422,
  "dev_ece": 0.05481308054279634,
  "stopping_strategy": "baseline",
  "phase1_seed_strategy": "last",
  "phase1_best_epoch": null,
  "lambda1_mean": 1.0131658499010918,
  "lambda1_std": 0.24944229589620998,
  "lambda2_mean": 0.6410030773154543,
  "lambda2_std": 0.21312246956511985
}