{
  "event": "hurricane_harvey_2017",
  "budget": 10,
  "seed_set": 1,
  "status": "done",
  "best_params": {
    "lr": 6.0325908458056566e-05,
    "batch_size": 16,
    "cotrain_epochs": 6,
    "finetune_patience": 10,
    "weight_decay": 0.09240022109449521,
    "warmup_ratio": 0.050984378967314135
  },
  "best_value": 0.666858,
  "best_full_metrics": {
    "event": "hurricane_harvey_2017",
    "budget": 10,
    "seed_set": 1,
    "test_error_rate": 30.526315789473678,
    "test_macro_f1": 0.6536101783684041,
    "test_ece": 0.16049412518657147,
    "test_per_class_f1": [
      0.5991902834008097,
      0.8197879858657244,
      0.7743271221532091,
      0.896797153024911,
      0.36792452830188677,
      0.43283582089552236,
      0.48314606741573035,
      0.8258887876025525,
      0.6825938566552902
    ],
    "dev_error_rate": 29.60172228202368,
    "dev_macro_f1": 0.6668578947784817,
    "dev_ece": 0.15857038883526436,
    "stopping_strategy": "baseline",
    "phase1_seed_strategy": "last",
    "phase1_best_epoch": null,
    "lambda1_mean": 1.059154685493595,
    "lambda1_std": 0.20027468366008502,
    "lambda2_mean": 0.4839814714097063,
    "lambda2_std": 0.15946824040382257
  },
  "n_trials": 10,
  "continued_from": null,
  "trials": [
    {
      "number": 0,
      "state": "COMPLETE",
      "params": {
        "lr": 0.00014570440193200732,
        "batch_size": 8,
        "cotrain_epochs": 19,
        "finetune_patience": 7,
        "weight_decay": 0.03836676724457551,
        "warmup_ratio": 0.06845187821237188
      },
      "dev_macro_f1": 0.052588,
      "duration_seconds": 1555.9,
      "full_metrics": {
        "event": "hurricane_harvey_2017",
        "budget": 10,
        "seed_set": 1,
        "test_error_rate": 69.03047091412742,
        "test_macro_f1": 0.052547471329197216,
        "test_ece": 0.5656406452781275,
        "test_per_class_f1": [
          0.0,
          0.0,
          0.0,
          0.0,
          0.0,
          0.0,
          0.0,
          0.47292724196277497,
          0.0
        ],
        "dev_error_rate": 68.9989235737352,
        "dev_macro_f1": 0.05258833196384552,
        "dev_ece": 0.5653251720706665,
        "stopping_strategy": "baseline",
        "phase1_seed_strategy": "last",
        "phase1_best_epoch": null,
        "lambda1_mean": 0.4070946355559148,
        "lambda1_std": 0.4271998900879251,
        "lambda2_mean": 0.14268514136328522,
        "lambda2_std": 0.20819165261973463
      }
    },
    {
      "number": 1,
      "state": "COMPLETE",
      "params": {
        "lr": 6.0325908458056566e-05,
        "batch_size": 16,
        "cotrain_epochs": 6,
        "finetune_patience": 10,
        "weight_decay": 0.09240022109449521,
        "warmup_ratio": 0.050984378967314135
      },
      "dev_macro_f1": 0.666858,
      "duration_seconds": 411.7,
      "full_metrics": {
        "event": "hurricane_harvey_2017",
        "budget": 10,
        "seed_set": 1,
        "test_error_rate": 30.526315789473678,
        "test_macro_f1": 0.6536101783684041,
        "test_ece": 0.16049412518657147,
        "test_per_class_f1": [
          0.5991902834008097,
          0.8197879858657244,
          0.7743271221532091,
          0.896797153024911,
          0.36792452830188677,
          0.43283582089552236,
          0.48314606741573035,
          0.8258887876025525,
          0.6825938566552902
        ],
        "dev_error_rate": 29.60172228202368,
        "dev_macro_f1": 0.6668578947784817,
        "dev_ece": 0.15857038883526436,
        "stopping_strategy": "baseline",
        "phase1_seed_strategy": "last",
        "phase1_best_epoch": null,
        "lambda1_mean": 1.059154685493595,
        "lambda1_std": 0.20027468366008502,
        "lambda2_mean": 0.4839814714097063,
        "lambda2_std": 0.15946824040382257
      }
    },
    {
      "number": 2,
      "state": "COMPLETE",
      "params": {
        "lr": 1.5640075201781057e-05,
        "batch_size": 64,
        "cotrain_epochs": 20,
        "finetune_patience": 6,
        "weight_decay": 0.08218182029475032,
        "warmup_ratio": 0.20812899828704115
      },
      "dev_macro_f1": 0.616392,
      "duration_seconds": 809.0,
      "full_metrics": {
        "event": "hurricane_harvey_2017",
        "budget": 10,
        "seed_set": 1,
        "test_error_rate": 32.576177285318565,
        "test_macro_f1": 0.6140768763777685,
        "test_ece": 0.24158252608082625,
        "test_per_class_f1": [
          0.6254826254826255,
          0.8,
          0.7228464419475655,
          0.8865248226950354,
          0.379746835443038,
          0.2786516853932584,
          0.3382352941176471,
          0.8378615249780894,
          0.6573426573426573
        ],
        "dev_error_rate": 33.261571582346605,
        "dev_macro_f1": 0.6163918053523767,
        "dev_ece": 0.24975174447307028,
        "stopping_strategy": "baseline",
        "phase1_seed_strategy": "last",
        "phase1_best_epoch": null,
        "lambda1_mean": 1.0348259192084845,
        "lambda1_std": 0.25929868810102025,
        "lambda2_mean": 0.5134117683340728,
        "lambda2_std": 0.17027768071804922
      }
    },
    {
      "number": 3,
      "state": "COMPLETE",
      "params": {
        "lr": 1.9551858136063378e-05,
        "batch_size": 16,
        "cotrain_epochs": 17,
        "finetune_patience": 4,
        "weight_decay": 0.07758819773085635,
        "warmup_ratio": 0.0385619095547601
      },
      "dev_macro_f1": 0.642807,
      "duration_seconds": 881.0,
      "full_metrics": {
        "event": "hurricane_harvey_2017",
        "budget": 10,
        "seed_set": 1,
        "test_error_rate": 31.0803324099723,
        "test_macro_f1": 0.6473619009097785,
        "test_ece": 0.22904543843625985,
        "test_per_class_f1": [
          0.5905511811023622,
          0.8432055749128919,
          0.7405940594059406,
          0.8776978417266187,
          0.38181818181818183,
          0.37547892720306514,
          0.4727272727272727,
          0.8383017163504969,
          0.7058823529411765
        ],
        "dev_error_rate": 32.29278794402583,
        "dev_macro_f1": 0.6428074251033973,
        "dev_ece": 0.24849248545162134,
        "stopping_strategy": "baseline",
        "phase1_seed_strategy": "last",
        "phase1_best_epoch": null,
        "lambda1_mean": 1.1048363017637721,
        "lambda1_std": 0.16090152720019088,
        "lambda2_mean": 0.6628328986331212,
        "lambda2_std": 0.14110544869496475
      }
    },
    {
      "number": 4,
      "state": "COMPLETE",
      "params": {
        "lr": 0.0006283592198020819,
        "batch_size": 32,
        "cotrain_epochs": 5,
        "finetune_patience": 6,
        "weight_decay": 0.019826522415863725,
        "warmup_ratio": 0.18968303336980316
      },
      "dev_macro_f1": 0.052588,
      "duration_seconds": 294.2,
      "full_metrics": {
        "event": "hurricane_harvey_2017",
        "budget": 10,
        "seed_set": 1,
        "test_error_rate": 69.03047091412742,
        "test_macro_f1": 0.052547471329197216,
        "test_ece": 0.31636066615086184,
        "test_per_class_f1": [
          0.0,
          0.0,
          0.0,
          0.0,
          0.0,
          0.0,
          0.0,
          0.47292724196277497,
          0.0
        ],
        "dev_error_rate": 68.9989235737352,
        "dev_macro_f1": 0.05258833196384552,
        "dev_ece": 0.3160449701438551,
        "stopping_strategy": "baseline",
        "phase1_seed_strategy": "last",
        "phase1_best_epoch": null,
        "lambda1_mean": 0.28330010594388194,
        "lambda1_std": 0.2428437710966824,
        "lambda2_mean": 0.1233037784267747,
        "lambda2_std": 0.11330533143647085
      }
    },
    {
      "number": 5,
      "state": "COMPLETE",
      "params": {
        "lr": 0.00011983486292404322,
        "batch_size": 64,
        "cotrain_epochs": 12,
        "finetune_patience": 9,
        "weight_decay": 0.02548967486471614,