{
  "event": "hurricane_dorian_2019",
  "budget": 5,
  "seed_set": 1,
  "test_error_rate": 71.15384615384616,
  "test_macro_f1": 0.2251070354586111,
  "test_ece": 0.036820223965047194,
  "test_per_class_f1": [
    0.34844192634560905,
    0.6903914590747331,
    0.26229508196721313,
    0.0,
    0.45077720207253885,
    0.0,
    0.05454545454545454,
    0.21951219512195122,
    0.0
  ],
  "dev_error_rate": 71.00515463917525,
  "dev_macro_f1": 0.22536466320941853,
  "dev_ece": 0.05099375378916558,
  "stopping_strategy": "baseline",
  "phase1_seed_strategy": "last",
  "phase1_best_epoch": null,
  "lambda1_mean": 0.3801513703685053,
  "lambda1_std": 0.15249695741273836,
  "lambda2_mean": 0.1319654719281873,
  "lambda2_std": 0.031245392872652603
}