{
  "event": "canada_wildfires_2016",
  "budget": 10,
  "seed_set": 1,
  "test_error_rate": 90.11235955056179,
  "test_macro_f1": 0.04387810770789494,
  "test_ece": 0.036137591687481055,
  "test_per_class_f1": [
    0.0,
    0.0,
    0.20512820512820512,
    0.0,
    0.0,
    0.0,
    0.0,
    0.1458966565349544
  ],
  "dev_error_rate": 90.78947368421053,
  "dev_macro_f1": 0.040778540462427744,
  "dev_ece": 0.04288536166412788
}