{
  "event": "hurricane_harvey_2017",
  "budget": 50,
  "seed_set": 2,
  "test_error_rate": 29.91689750692521,
  "test_macro_f1": 0.6673375786316879,
  "test_ece": 0.10173511931110288,
  "test_per_class_f1": [
    0.6454183266932271,
    0.8507936507936508,
    0.8080808080808081,
    0.911660777385159,
    0.3770491803278688,
    0.44660194174757284,
    0.43317972350230416,
    0.8138862102217936,
    0.7193675889328063
  ],
  "dev_error_rate": 31.001076426264795,
  "dev_macro_f1": 0.6606383568498277,
  "dev_ece": 0.12293591206758987,
  "stopping_strategy": "baseline",
  "phase1_seed_strategy": "last",
  "phase1_best_epoch": null,
  "lambda1_mean": 1.0105212898437388,
  "lambda1_std": 0.2856411524374403,
  "lambda2_mean": 0.508317396081797,
  "lambda2_std": 0.1894172039392412
}