{
  "event": "hurricane_harvey_2017",
  "budget": 5,
  "seed_set": 2,
  "status": "done",
  "best_params": {
    "lr": 3.33991402712626e-05,
    "batch_size": 64,
    "cotrain_epochs": 20,
    "finetune_patience": 5,
    "weight_decay": 0.004756145299632586,
    "warmup_ratio": 0.22797471159545596
  },
  "best_value": 0.623883,
  "best_full_metrics": {
    "event": "hurricane_harvey_2017",
    "budget": 5,
    "seed_set": 2,
    "test_error_rate": 33.51800554016621,
    "test_macro_f1": 0.6191812537508066,
    "test_ece": 0.2488513437334521,
    "test_per_class_f1": [
      0.624,
      0.82,
      0.7054409005628518,
      0.9124087591240876,
      0.3724137931034483,
      0.21445221445221446,
      0.4,
      0.8301886792452831,
      0.6937269372693727
    ],
    "dev_error_rate": 33.79978471474704,
    "dev_macro_f1": 0.6238831201761642,
    "dev_ece": 0.2506357349286936,
    "stopping_strategy": "baseline",
    "phase1_seed_strategy": "last",
    "phase1_best_epoch": null,
    "lambda1_mean": 1.0738127644521864,
    "lambda1_std": 0.21022068226216806,
    "lambda2_mean": 0.5598219598008122,
    "lambda2_std": 0.1585782190663699
  },
  "n_trials": 10,
  "continued_from": null,
  "trials": [
    {
      "number": 0,
      "state": "COMPLETE",
      "params": {
        "lr": 0.00012165959156341188,
        "batch_size": 32,
        "cotrain_epochs": 11,
        "finetune_patience": 5,
        "weight_decay": 0.08285974739337469,
        "warmup_ratio": 0.23350472285318635
      },
      "dev_macro_f1": 0.616042,
      "duration_seconds": 546.4,
      "full_metrics": {
        "event": "hurricane_harvey_2017",
        "budget": 5,
        "seed_set": 2,
        "test_error_rate": 34.40443213296399,
        "test_macro_f1": 0.5961769306487903,
        "test_ece": 0.2152453603176529,
        "test_per_class_f1": [
          0.5724907063197026,
          0.7925696594427245,
          0.6945898778359512,
          0.8927335640138409,
          0.3157894736842105,
          0.16120906801007556,
          0.39090909090909093,
          0.8331797235023042,
          0.7121212121212122
        ],
        "dev_error_rate": 33.692142088266955,
        "dev_macro_f1": 0.6160419421483763,
        "dev_ece": 0.22046740001831427,
        "stopping_strategy": "baseline",
        "phase1_seed_strategy": "last",
        "phase1_best_epoch": null,
        "lambda1_mean": 1.028253529687454,
        "lambda1_std": 0.2775680828759214,
        "lambda2_mean": 0.5477187978910708,
        "lambda2_std": 0.1987215295560217
      }
    },
    {
      "number": 1,
      "state": "COMPLETE",
      "params": {
        "lr": 2.7372849281915385e-05,
        "batch_size": 32,
        "cotrain_epochs": 5,
        "finetune_patience": 7,
        "weight_decay": 0.007680168228335305,
        "warmup_ratio": 0.04565767569869165
      },
      "dev_macro_f1": 0.616913,
      "duration_seconds": 304.2,
      "full_metrics": {
        "event": "hurricane_harvey_2017",
        "budget": 5,
        "seed_set": 2,
        "test_error_rate": 32.79778393351801,
        "test_macro_f1": 0.6153956169980253,
        "test_ece": 0.23795370485974157,
        "test_per_class_f1": [
          0.6201550387596899,
          0.80625,
          0.7127272727272728,
          0.9045936395759717,
          0.35687732342007433,
          0.1488833746898263,
          0.4186046511627907,
          0.8446005267778753,
          0.7258687258687259
        ],
        "dev_error_rate": 33.692142088266955,
        "dev_macro_f1": 0.6169127821339084,
        "dev_ece": 0.25674426991921584,
        "stopping_strategy": "baseline",
        "phase1_seed_strategy": "last",
        "phase1_best_epoch": null,
        "lambda1_mean": 1.021043228628861,
        "lambda1_std": 0.25178994506120306,
        "lambda2_mean": 0.41353325199885116,
        "lambda2_std": 0.14899268161668763
      }
    },
    {
      "number": 2,
      "state": "COMPLETE",
      "params": {
        "lr": 0.0004626705398512754,
        "batch_size": 32,
        "cotrain_epochs": 5,
        "finetune_patience": 6,
        "weight_decay": 0.0824756599507046,
        "warmup_ratio": 0.11211337884578816
      },
      "dev_macro_f1": 0.052588,
      "duration_seconds": 295.2,
      "full_metrics": {
        "event": "hurricane_harvey_2017",
        "budget": 5,
        "seed_set": 2,
        "test_error_rate": 69.03047091412742,
        "test_macro_f1": 0.052547471329197216,
        "test_ece": 0.2723351515561259,
        "test_per_class_f1": [
          0.0,
          0.0,
          0.0,
          0.0,
          0.0,
          0.0,
          0.0,
          0.47292724196277497,
          0.0
        ],
        "dev_error_rate": 68.9989235737352,
        "dev_macro_f1": 0.05258833196384552,
        "dev_ece": 0.27201967879696737,
        "stopping_strategy": "baseline",
        "phase1_seed_strategy": "last",
        "phase1_best_epoch": null,
        "lambda1_mean": 0.29260196416200934,
        "lambda1_std": 0.20775830263140158,
        "lambda2_mean": 0.09424867120267617,
        "lambda2_std": 0.07669968890469972
      }
    },
    {
      "number": 3,
      "state": "COMPLETE",
      "params": {
        "lr": 0.0008277360677082582,
        "batch_size": 32,
        "cotrain_epochs": 11,
        "finetune_patience": 5,
        "weight_decay": 0.07850339391481159,
        "warmup_ratio": 0.1947901285197487
      },
      "dev_macro_f1": 0.052588,
      "duration_seconds": 526.4,
      "full_metrics": {
        "event": "hurricane_harvey_2017",
        "budget": 5,
        "seed_set": 2,
        "test_error_rate": 69.03047091412742,
        "test_macro_f1": 0.052547471329197216,
        "test_ece": 0.5048721213750231,
        "test_per_class_f1": [
          0.0,
          0.0,
          0.0,
          0.0,
          0.0,
          0.0,
          0.0,
          0.47292724196277497,
          0.0
        ],
        "dev_error_rate": 68.9989235737352,
        "dev_macro_f1": 0.05258833196384552,
        "dev_ece": 0.5045566497244285,
        "stopping_strategy": "baseline",
        "phase1_seed_strategy": "last",
        "phase1_best_epoch": null,
        "lambda1_mean": 0.32674144405114247,
        "lambda1_std": 0.3445759486361461,
        "lambda2_mean": 0.14636138427914322,
        "lambda2_std": 0.1753325322064411
      }
    },
    {
      "number": 4,
      "state": "COMPLETE",
      "params": {
        "lr": 3.33991402712626e-05,
        "batch_size": 64,
        "cotrain_epochs": 20,
        "finetune_patience": 5,
        "weight_decay": 0.004756145299632586,
        "warmup_ratio": 0.22797471159545596
      },
      "dev_macro_f1": 0.623883,
      "duration_seconds": 804.1,
      "full_metrics": {
        "event": "hurricane_harvey_2017",
        "budget": 5,
        "seed_set": 2,
        "test_error_rate": 33.51800554016621,
        "test_macro_f1": 0.6191812537508066,
        "test_ece": 0.2488513437334521,
        "test_per_class_f1": [
          0.624,
          0.82,
          0.7054409005628518,
          0.9124087591240876,
          0.3724137931034483,
          0.21445221445221446,
          0.4,
          0.8301886792452831,
          0.6937269372693727
        ],
        "dev_error_rate": 33.79978471474704,
        "dev_macro_f1": 0.6238831201761642,
        "dev_ece": 0.2506357349286936,
        "stopping_strategy": "baseline",
        "phase1_seed_strategy": "last",
        "phase1_best_epoch": null,
        "lambda1_mean": 1.0738127644521864,
        "lambda1_std": 0.21022068226216806,
        "lambda2_mean": 0.5598219598008122,
        "lambda2_std": 0.1585782190663699
      }
    },
    {
      "number": 5,
      "state": "COMPLETE",
      "params": {
        "lr": 0.0009495513755294736,
        "batch_size": 8,
        "cotrain_epochs": 14,
        "finetune_patience": 5,
        "weight_decay": 0.025521862931486727,
        "warmup_ratio": 0.29299151956683905
      },
      "dev_macro_f1": 0.052588,