{
  "event": "hurricane_dorian_2019",
  "budget": 25,
  "seed_set": 3,
  "status": "done",
  "best_params": {
    "lr": 0.000125327372790011,
    "batch_size": 32,
    "cotrain_epochs": 13,
    "finetune_patience": 7,
    "weight_decay": 0.08380241429022338,
    "warmup_ratio": 0.29236111913364804
  },
  "best_value": 0.613196,
  "best_full_metrics": {
    "event": "hurricane_dorian_2019",
    "budget": 25,
    "seed_set": 3,
    "test_error_rate": 35.27851458885941,
    "test_macro_f1": 0.5904543307423259,
    "test_ece": 0.19185553479257877,
    "test_per_class_f1": [
      0.6011560693641619,
      0.8522727272727273,
      0.6196319018404908,
      0.4,
      0.6157407407407407,
      0.39166666666666666,
      0.23529411764705882,
      0.8020304568527918,
      0.7962962962962963
    ],
    "dev_error_rate": 36.72680412371135,
    "dev_macro_f1": 0.6131956703840615,
    "dev_ece": 0.21907322957497283,
    "stopping_strategy": "baseline",
    "phase1_seed_strategy": "last",
    "phase1_best_epoch": null,
    "lambda1_mean": 0.9956194717549078,
    "lambda1_std": 0.2892523143685629,
    "lambda2_mean": 0.6268715406858114,
    "lambda2_std": 0.2462875931671179
  },
  "n_trials": 10,
  "continued_from": null,
  "trials": [
    {
      "number": 0,
      "state": "COMPLETE",
      "params": {
        "lr": 0.00018885213958606215,
        "batch_size": 32,
        "cotrain_epochs": 9,
        "finetune_patience": 10,
        "weight_decay": 0.09062508400366148,
        "warmup_ratio": 0.2558831788182627
      },
      "dev_macro_f1": 0.57033,
      "duration_seconds": 409.3,
      "full_metrics": {
        "event": "hurricane_dorian_2019",
        "budget": 25,
        "seed_set": 3,
        "test_error_rate": 37.3342175066313,
        "test_macro_f1": 0.5627063909683941,
        "test_ece": 0.10220109657520324,
        "test_per_class_f1": [
          0.5807770961145194,
          0.8732394366197183,
          0.651685393258427,
          0.18867924528301888,
          0.5555555555555556,
          0.4353182751540041,
          0.2028985507246377,
          0.7762039660056658,
          0.8
        ],
        "dev_error_rate": 39.175257731958766,
        "dev_macro_f1": 0.570329942623318,
        "dev_ece": 0.10640334794969901,
        "stopping_strategy": "baseline",
        "phase1_seed_strategy": "last",
        "phase1_best_epoch": null,
        "lambda1_mean": 0.575882349000539,
        "lambda1_std": 0.25619445282330316,
        "lambda2_mean": 0.5358175837348383,
        "lambda2_std": 0.24609002485653086
      }
    },
    {
      "number": 1,
      "state": "COMPLETE",
      "params": {
        "lr": 4.804456601242337e-05,
        "batch_size": 16,
        "cotrain_epochs": 18,
        "finetune_patience": 8,
        "weight_decay": 0.07877611465342492,
        "warmup_ratio": 0.131970484562198
      },
      "dev_macro_f1": 0.59496,
      "duration_seconds": 775.4,
      "full_metrics": {
        "event": "hurricane_dorian_2019",
        "budget": 25,
        "seed_set": 3,
        "test_error_rate": 36.6710875331565,
        "test_macro_f1": 0.5787713210963531,
        "test_ece": 0.1778794009663382,
        "test_per_class_f1": [
          0.6113207547169811,
          0.8757396449704142,
          0.6428571428571429,
          0.26865671641791045,
          0.5318559556786704,
          0.3881856540084388,
          0.27722772277227725,
          0.8226221079691517,
          0.7904761904761904
        ],
        "dev_error_rate": 37.11340206185567,
        "dev_macro_f1": 0.5949600871678213,
        "dev_ece": 0.1961468264230133,
        "stopping_strategy": "baseline",
        "phase1_seed_strategy": "last",
        "phase1_best_epoch": null,
        "lambda1_mean": 1.0419389758643556,
        "lambda1_std": 0.2327025680969306,
        "lambda2_mean": 0.6766958506221264,
        "lambda2_std": 0.21451936890412102
      }
    },
    {
      "number": 2,
      "state": "COMPLETE",
      "params": {
        "lr": 2.2189317011376046e-05,
        "batch_size": 16,
        "cotrain_epochs": 11,
        "finetune_patience": 5,
        "weight_decay": 0.07276163315033038,
        "warmup_ratio": 0.03550046753481285
      },
      "dev_macro_f1": 0.611337,
      "duration_seconds": 508.8,
      "full_metrics": {
        "event": "hurricane_dorian_2019",
        "budget": 25,
        "seed_set": 3,
        "test_error_rate": 35.54376657824933,
        "test_macro_f1": 0.5773830017288982,
        "test_ece": 0.1446637781608642,
        "test_per_class_f1": [
          0.5469728601252609,
          0.8767908309455588,
          0.6512968299711815,
          0.18604651162790697,
          0.5968586387434555,
          0.43656716417910446,
          0.2909090909090909,
          0.8193384223918575,
          0.7916666666666666
        ],
        "dev_error_rate": 37.5,
        "dev_macro_f1": 0.6113369346462069,
        "dev_ece": 0.1744137084322799,
        "stopping_strategy": "baseline",
        "phase1_seed_strategy": "last",
        "phase1_best_epoch": null,
        "lambda1_mean": 1.0665424112368567,
        "lambda1_std": 0.22993829123478565,
        "lambda2_mean": 0.5959105729263782,
        "lambda2_std": 0.18442007063627372
      }
    },
    {
      "number": 3,
      "state": "COMPLETE",
      "params": {
        "lr": 0.0007909973504998259,
        "batch_size": 8,
        "cotrain_epochs": 11,
        "finetune_patience": 8,
        "weight_decay": 0.09998094522498195,
        "warmup_ratio": 0.05450247405869397
      },
      "dev_macro_f1": 0.033964,
      "duration_seconds": 775.3,
      "full_metrics": {
        "event": "hurricane_dorian_2019",
        "budget": 25,
        "seed_set": 3,
        "test_error_rate": 82.0291777188329,
        "test_macro_f1": 0.03385172693773031,
        "test_ece": 0.011362162179039376,
        "test_per_class_f1": [
          0.3046655424395728,
          0.0,
          0.0,
          0.0,
          0.0,
          0.0,
          0.0,
          0.0,
          0.0
        ],
        "dev_error_rate": 81.95876288659794,
        "dev_macro_f1": 0.033964095099466275,
        "dev_ece": 0.010658033499398173,
        "stopping_strategy": "baseline",
        "phase1_seed_strategy": "last",
        "phase1_best_epoch": null,
        "lambda1_mean": 0.2364043550866234,
        "lambda1_std": 0.1931785630042685,
        "lambda2_mean": 0.13326925701401915,
        "lambda2_std": 0.11273142823331339
      }
    },
    {
      "number": 4,
      "state": "COMPLETE",
      "params": {
        "lr": 2.873082399717457e-05,
        "batch_size": 64,
        "cotrain_epochs": 19,
        "finetune_patience": 8,
        "weight_decay": 0.051709994338728464,
        "warmup_ratio": 0.07666258749062554
      },
      "dev_macro_f1": 0.559789,
      "duration_seconds": 667.4,
      "full_metrics": {
        "event": "hurricane_dorian_2019",
        "budget": 25,
        "seed_set": 3,
        "test_error_rate": 34.3501326259947,
        "test_macro_f1": 0.55002742421019,
        "test_ece": 0.13976106046642173,
        "test_per_class_f1": [
          0.5763440860215053,
          0.8774928774928775,
          0.6353591160220995,
          0.18181818181818182,
          0.5882352941176471,
          0.47101449275362317,
          0.0,
          0.812807881773399,
          0.8071748878923767
        ],
        "dev_error_rate": 38.01546391752577,
        "dev_macro_f1": 0.5597894193642564,
        "dev_ece": 0.18810707887577024,
        "stopping_strategy": "baseline",
        "phase1_seed_strategy": "last",
        "phase1_best_epoch": null,
        "lambda1_mean": 1.0674981792009084,
        "lambda1_std": 0.23770331575815654,
        "lambda2_mean": 0.5984104638089441,
        "lambda2_std": 0.1714778043671452
      }
    },
    {
      "number": 5,
      "state": "COMPLETE",
      "params": {
        "lr": 0.0006764736196303391,
        "batch_size": 16,
        "cotrain_epochs": 9,