{
  "event": "hurricane_harvey_2017",
  "budget": 10,
  "seed_set": 2,
  "test_error_rate": 31.191135734072017,
  "test_macro_f1": 0.644902614669165,
  "test_ece": 0.16063860635017757,
  "test_per_class_f1": [
    0.5826771653543307,
    0.8065573770491803,
    0.7370517928286853,
    0.9014084507042254,
    0.3383084577114428,
    0.42201834862385323,
    0.46153846153846156,
    0.8306828811973808,
    0.7238805970149254
  ],
  "dev_error_rate": 31.754574811625403,
  "dev_macro_f1": 0.6499554507021533,
  "dev_ece": 0.1738699044555073,
  "stopping_strategy": "baseline",
  "phase1_seed_strategy": "last",
  "phase1_best_epoch": null,
  "lambda1_mean": 1.066205462715103,
  "lambda1_std": 0.21458339710155372,
  "lambda2_mean": 0.5040068584091887,
  "lambda2_std": 0.16512531576480938
}