{
  "event": "hurricane_florence_2018",
  "budget": 25,
  "seed_set": 2,
  "test_error_rate": 45.205479452054796,
  "test_macro_f1": 0.49637200846858015,
  "test_ece": 0.06248450972061789,
  "test_per_class_f1": [
    0.4293193717277487,
    0.6354515050167224,
    0.13071895424836602,
    0.7724137931034483,
    0.6888217522658611,
    0.3025210084033613,
    0.08,
    0.7245841035120147,
    0.7035175879396985
  ],
  "dev_error_rate": 51.1737089201878,
  "dev_macro_f1": 0.4378658662885199,
  "dev_ece": 0.10222695079954204
}