{
  "event": "hurricane_dorian_2019",
  "budget": 25,
  "seed_set": 3,
  "test_error_rate": 35.809018567639264,
  "test_macro_f1": 0.5586123881734087,
  "test_ece": 0.11330201332543825,
  "test_per_class_f1": [
    0.5720081135902637,
    0.8707865168539326,
    0.6348314606741573,
    0.2564102564102564,
    0.599009900990099,
    0.3967611336032389,
    0.0975609756097561,
    0.8159203980099502,
    0.7842227378190255
  ],
  "dev_error_rate": 36.98453608247423,
  "dev_macro_f1": 0.5736682144544493,
  "dev_ece": 0.14509374241239015,
  "stopping_strategy": "baseline",
  "phase1_seed_strategy": "last",
  "phase1_best_epoch": null,
  "lambda1_mean": 1.0307844585095975,
  "lambda1_std": 0.2666927636047373,
  "lambda2_mean": 0.5003972438193592,
  "lambda2_std": 0.17725164373022212
}