{
  "event": "california_wildfires_2018",
  "budget": 50,
  "seed_set": 3,
  "test_error_rate": 33.47022587268994,
  "test_macro_f1": 0.596689242673808,
  "test_ece": 0.14854572075919528,
  "test_per_class_f1": [
    0.44155844155844154,
    0.7529411764705882,
    0.5728643216080402,
    0.8177777777777778,
    0.44594594594594594,
    0.6353467561521253,
    0.5011933174224343,
    0.3023255813953488,
    0.7679671457905544,
    0.7289719626168224
  ],
  "dev_error_rate": 34.57446808510638,
  "dev_macro_f1": 0.5906190106005722,
  "dev_ece": 0.16705496026638975,
  "stopping_strategy": "baseline",
  "phase1_seed_strategy": "last",
  "phase1_best_epoch": null,
  "lambda1_mean": 0.4944276500107098,
  "lambda1_std": 0.08722952119618348,
  "lambda2_mean": 0.12045249436780237,
  "lambda2_std": 0.043992933060672264
}