{
  "event": "hurricane_maria_2017",
  "budget": 50,
  "seed_set": 2,
  "test_error_rate": 34.882108183079055,
  "test_macro_f1": 0.6140705911945297,
  "test_ece": 0.17724659578066093,
  "test_per_class_f1": [
    0.5739130434782609,
    0.5974025974025974,
    0.7934426229508197,
    0.8507462686567164,
    0.33707865168539325,
    0.30071599045346065,
    0.6550522648083623,
    0.7906976744186046,
    0.6275862068965518
  ],
  "dev_error_rate": 33.153638814016176,
  "dev_macro_f1": 0.6293209432604289,
  "dev_ece": 0.16708420851641906,
  "stopping_strategy": "baseline",
  "phase1_seed_strategy": "last",
  "phase1_best_epoch": null,
  "lambda1_mean": 1.0609217247140847,
  "lambda1_std": 0.16002789597002237,
  "lambda2_mean": 0.5155291669812487,
  "lambda2_std": 0.14472629510326496
}