{
  "event": "hurricane_irma_2017",
  "budget": 25,
  "seed_set": 1,
  "test_error_rate": 60.848549946294305,
  "test_macro_f1": 0.3485800817491688,
  "test_ece": 0.1473868948304436,
  "test_per_class_f1": [
    0.45265588914549654,
    0.046242774566473986,
    0.23046875,
    0.5377176015473888,
    0.3472803347280335,
    0.05917159763313609,
    0.19642857142857142,
    0.6601123595505618,
    0.6071428571428571
  ],
  "dev_error_rate": 62.21294363256785,
  "dev_macro_f1": 0.3336953735767073,
  "dev_ece": 0.16134912122453182,
  "stopping_strategy": "baseline",
  "phase1_seed_strategy": "last",
  "phase1_best_epoch": null,
  "lambda1_mean": 1.055540102830749,
  "lambda1_std": 0.2533806319469823,
  "lambda2_mean": 0.5643144935433083,
  "lambda2_std": 0.1758600466384244
}