{
  "event": "california_wildfires_2018",
  "budget": 25,
  "seed_set": 1,
  "test_error_rate": 42.09445585215605,
  "test_macro_f1": 0.511435829277598,
  "test_ece": 0.22680317882313294,
  "test_per_class_f1": [
    0.25925925925925924,
    0.6172839506172839,
    0.4358974358974359,
    0.7439024390243902,
    0.3119266055045872,
    0.5787037037037037,
    0.3489583333333333,
    0.3125,
    0.7670103092783506,
    0.7389162561576355
  ],
  "dev_error_rate": 40.82446808510638,
  "dev_macro_f1": 0.5216982023434564,
  "dev_ece": 0.22769594394621695,
  "stopping_strategy": "baseline",
  "phase1_seed_strategy": "last",
  "phase1_best_epoch": null,
  "lambda1_mean": 1.0207620002362612,
  "lambda1_std": 0.25657900852534743,
  "lambda2_mean": 0.4867773665953193,
  "lambda2_std": 0.16796895321089184
}