{
  "event": "kaikoura_earthquake_2016",
  "budget": 50,
  "seed_set": 3,
  "test_error_rate": 24.13793103448276,
  "test_macro_f1": 0.7092727453534895,
  "test_ece": 0.07324065620871797,
  "test_per_class_f1": [
    0.7593582887700535,
    0.7692307692307693,
    0.8091603053435115,
    0.9130434782608695,
    0.49411764705882355,
    0.5132743362831859,
    0.3333333333333333,
    0.8705882352941177,
    0.9213483146067416
  ],
  "dev_error_rate": 25.44642857142857,
  "dev_macro_f1": 0.7357155430381975,
  "dev_ece": 0.12687036747645059,
  "stopping_strategy": "baseline",
  "phase1_seed_strategy": "last",
  "phase1_best_epoch": null,
  "lambda1_mean": 0.8685644276866401,
  "lambda1_std": 0.26290681663560145,
  "lambda2_mean": 0.3168416393479166,
  "lambda2_std": 0.14720160969048543
}