{
  "event": "hurricane_dorian_2019",
  "budget": 10,
  "seed_set": 2,
  "test_error_rate": 85.34482758620689,
  "test_macro_f1": 0.0495809741793966,
  "test_ece": 0.01394602995790759,
  "test_per_class_f1": [
    0.0,
    0.0,
    0.15631691648822268,
    0.0,
    0.0,
    0.2899118511263467,
    0.0,
    0.0,
    0.0
  ],
  "dev_error_rate": 83.8917525773196,
  "dev_macro_f1": 0.054864583553108144,
  "dev_ece": 0.025531488941195085
}