{
  "event": "california_wildfires_2018",
  "budget": 5,
  "seed_set": 3,
  "test_error_rate": 83.709787816564,
  "test_macro_f1": 0.12326554249930224,
  "test_ece": 0.5826536717580493,
  "test_per_class_f1": [
    0.0654911838790932,
    0.0,
    0.1942257217847769,
    0.3778110944527736,
    0.11818181818181818,
    0.0,
    0.0,
    0.06694560669456066,
    0.0,
    0.41
  ],
  "dev_error_rate": 82.57978723404256,
  "dev_macro_f1": 0.12972595581096819,
  "dev_ece": 0.5681226730663727,
  "stopping_strategy": "baseline",
  "phase1_seed_strategy": "last",
  "phase1_best_epoch": null,
  "lambda1_mean": 0.8596997017377053,
  "lambda1_std": 0.40842339781606224,
  "lambda2_mean": 0.4033049058390747,
  "lambda2_std": 0.24706527609239862
}