{
  "event": "hurricane_florence_2018",
  "budget": 10,
  "seed_set": 1,
  "status": "done",
  "best_params": {
    "lr": 9.257421656122984e-05,
    "batch_size": 8,
    "cotrain_epochs": 8,
    "finetune_patience": 6,
    "weight_decay": 0.04306182303512637,
    "warmup_ratio": 0.07328162672798035
  },
  "best_value": 0.685339,
  "best_full_metrics": {
    "event": "hurricane_florence_2018",
    "budget": 10,
    "seed_set": 1,
    "test_error_rate": 22.643029814665596,
    "test_macro_f1": 0.6906338363290426,
    "test_ece": 0.2624934900440966,
    "test_per_class_f1": [
      0.776,
      0.8248175182481752,
      0.6564885496183206,
      0.926829268292683,
      0.8207547169811321,
      0.4375,
      0.07142857142857142,
      0.8734835355285961,
      0.8284023668639053
    ],
    "dev_error_rate": 23.63067292644757,
    "dev_macro_f1": 0.6853387824537223,
    "dev_ece": 0.25411610946595575,
    "stopping_strategy": "baseline",
    "phase1_seed_strategy": "last",
    "phase1_best_epoch": null,
    "lambda1_mean": 0.9938458577437325,
    "lambda1_std": 0.2937110711049326,
    "lambda2_mean": 0.098253860983662,
    "lambda2_std": 0.07896460305608913
  },
  "n_trials": 10,
  "continued_from": null,
  "trials": [
    {
      "number": 0,
      "state": "COMPLETE",
      "params": {
        "lr": 0.0001539188214098452,
        "batch_size": 8,
        "cotrain_epochs": 13,
        "finetune_patience": 7,
        "weight_decay": 0.035532666702988894,
        "warmup_ratio": 0.13624450778454358
      },
      "dev_macro_f1": 0.032129,
      "duration_seconds": 724.0,
      "full_metrics": {
        "event": "hurricane_florence_2018",
        "budget": 10,
        "seed_set": 1,
        "test_error_rate": 83.07816277195809,
        "test_macro_f1": 0.03216172754422238,
        "test_ece": 0.44814272036387204,
        "test_per_class_f1": [
          0.0,
          0.0,
          0.0,
          0.0,
          0.2894555478980014,
          0.0,
          0.0,
          0.0,
          0.0
        ],
        "dev_error_rate": 83.09859154929578,
        "dev_macro_f1": 0.0321285140562249,
        "dev_ece": 0.44834701117588693,
        "stopping_strategy": "baseline",
        "phase1_seed_strategy": "last",
        "phase1_best_epoch": null,
        "lambda1_mean": 0.35906613998474696,
        "lambda1_std": 0.29028460540842643,
        "lambda2_mean": 0.08874614572342088,
        "lambda2_std": 0.12614406002680448
      }
    },
    {
      "number": 1,
      "state": "COMPLETE",
      "params": {
        "lr": 9.257421656122984e-05,
        "batch_size": 8,
        "cotrain_epochs": 8,
        "finetune_patience": 6,
        "weight_decay": 0.04306182303512637,
        "warmup_ratio": 0.07328162672798035
      },
      "dev_macro_f1": 0.685339,
      "duration_seconds": 497.2,
      "full_metrics": {
        "event": "hurricane_florence_2018",
        "budget": 10,
        "seed_set": 1,
        "test_error_rate": 22.643029814665596,
        "test_macro_f1": 0.6906338363290426,
        "test_ece": 0.2624934900440966,
        "test_per_class_f1": [
          0.776,
          0.8248175182481752,
          0.6564885496183206,
          0.926829268292683,
          0.8207547169811321,
          0.4375,
          0.07142857142857142,
          0.8734835355285961,
          0.8284023668639053
        ],
        "dev_error_rate": 23.63067292644757,
        "dev_macro_f1": 0.6853387824537223,
        "dev_ece": 0.25411610946595575,
        "stopping_strategy": "baseline",
        "phase1_seed_strategy": "last",
        "phase1_best_epoch": null,
        "lambda1_mean": 0.9938458577437325,
        "lambda1_std": 0.2937110711049326,
        "lambda2_mean": 0.098253860983662,
        "lambda2_std": 0.07896460305608913
      }
    },
    {
      "number": 2,
      "state": "COMPLETE",
      "params": {
        "lr": 0.0001835436064782394,
        "batch_size": 16,
        "cotrain_epochs": 13,
        "finetune_patience": 5,
        "weight_decay": 0.0035615169241525638,
        "warmup_ratio": 0.029509428035054873
      },
      "dev_macro_f1": 0.036957,
      "duration_seconds": 476.2,
      "full_metrics": {
        "event": "hurricane_florence_2018",
        "budget": 10,
        "seed_set": 1,
        "test_error_rate": 82.03062046736503,
        "test_macro_f1": 0.041743965293005045,
        "test_ece": 0.2101272521337898,
        "test_per_class_f1": [
          0.0,
          0.0,
          0.0,
          0.0,
          0.298083747338538,
          0.0,
          0.0,
          0.07761194029850746,
          0.0
        ],
        "dev_error_rate": 82.62910798122066,
        "dev_macro_f1": 0.03695701282306823,
        "dev_ece": 0.2163593326002966,
        "stopping_strategy": "baseline",
        "phase1_seed_strategy": "last",
        "phase1_best_epoch": null,
        "lambda1_mean": 0.47499238520443393,
        "lambda1_std": 0.19088925414679153,
        "lambda2_mean": 0.08183022751919289,
        "lambda2_std": 0.06601763059835192
      }
    },
    {
      "number": 3,
      "state": "COMPLETE",
      "params": {
        "lr": 0.00027526935454877963,
        "batch_size": 8,
        "cotrain_epochs": 11,
        "finetune_patience": 6,
        "weight_decay": 0.027529689909035038,
        "warmup_ratio": 0.1474371774689035
      },
      "dev_macro_f1": 0.032129,
      "duration_seconds": 631.8,
      "full_metrics": {
        "event": "hurricane_florence_2018",
        "budget": 10,
        "seed_set": 1,
        "test_error_rate": 83.07816277195809,
        "test_macro_f1": 0.03216172754422238,
        "test_ece": 0.09011061517199037,
        "test_per_class_f1": [
          0.0,
          0.0,
          0.0,
          0.0,
          0.2894555478980014,
          0.0,
          0.0,
          0.0,
          0.0
        ],
        "dev_error_rate": 83.09859154929578,
        "dev_macro_f1": 0.0321285140562249,
        "dev_ece": 0.09031490564159755,
        "stopping_strategy": "baseline",
        "phase1_seed_strategy": "last",
        "phase1_best_epoch": null,
        "lambda1_mean": 0.38127414879741006,
        "lambda1_std": 0.1261838858987577,
        "lambda2_mean": 0.08933862027314018,
        "lambda2_std": 0.0524015653919003
      }
    },
    {
      "number": 4,
      "state": "COMPLETE",
      "params": {
        "lr": 0.0001848124110255361,
        "batch_size": 32,
        "cotrain_epochs": 8,
        "finetune_patience": 9,
        "weight_decay": 0.09483865627784155,
        "warmup_ratio": 0.15089943974182174
      },
      "dev_macro_f1": 0.626184,
      "duration_seconds": 293.6,
      "full_metrics": {
        "event": "hurricane_florence_2018",
        "budget": 10,
        "seed_set": 1,
        "test_error_rate": 25.463336019339245,
        "test_macro_f1": 0.6387206162324136,
        "test_ece": 0.1941612065078557,
        "test_per_class_f1": [
          0.7480916030534351,
          0.7984790874524715,
          0.5818181818181818,
          0.8849557522123894,
          0.7972665148063781,
          0.3015075376884422,
          0.0,
          0.8546409807355516,
          0.7817258883248731
        ],
        "dev_error_rate": 26.291079812206576,
        "dev_macro_f1": 0.6261837056683951,
        "dev_ece": 0.18343114225610696,
        "stopping_strategy": "baseline",
        "phase1_seed_strategy": "last",
        "phase1_best_epoch": null,
        "lambda1_mean": 0.5467954889907742,
        "lambda1_std": 0.1836709554658676,
        "lambda2_mean": 0.5531577708055562,
        "lambda2_std": 0.2348584356741891
      }
    },
    {
      "number": 5,
      "state": "COMPLETE",
      "params": {
        "lr": 0.0004302151328988111,
        "batch_size": 16,
        "cotrain_epochs": 20,
        "finetune_patience": 6,
        "weight_decay": 0.025066369690497383,
        "warmup_ratio": 0.007343654115944153
      },
      "dev_macro_f1": 0.042475,
      "duration_seconds": 690.5,