{
  "event": "hurricane_florence_2018",
  "budget": 50,
  "seed_set": 2,
  "test_error_rate": 34.085414987912976,
  "test_macro_f1": 0.6332953313870314,
  "test_ece": 0.06967519958541821,
  "test_per_class_f1": [
    0.4838709677419355,
    0.7249190938511327,
    0.4307692307692308,
    0.9193548387096774,
    0.804177545691906,
    0.3517915309446254,
    0.3783783783783784,
    0.7963963963963964,
    0.81
  ],
  "dev_error_rate": 34.115805946791866,
  "dev_macro_f1": 0.6147048099655099,
  "dev_ece": 0.08742906953060946
}