{
  "event": "hurricane_irma_2017",
  "budget": 10,
  "seed_set": 1,
  "test_error_rate": 33.297529538131045,
  "test_macro_f1": 0.6472203190138244,
  "test_ece": 0.21715113403781786,
  "test_per_class_f1": [
    0.6158940397350994,
    0.7743732590529248,
    0.7688311688311689,
    0.9307479224376731,
    0.5741935483870968,
    0.3333333333333333,
    0.4,
    0.7550432276657061,
    0.672566371681416
  ],
  "dev_error_rate": 35.281837160751564,
  "dev_macro_f1": 0.638947864918634,
  "dev_ece": 0.23612417700644073,
  "stopping_strategy": "baseline",
  "phase1_seed_strategy": "last",
  "phase1_best_epoch": null,
  "lambda1_mean": 1.0159580810265063,
  "lambda1_std": 0.2972512571439085,
  "lambda2_mean": 0.5046381036495426,
  "lambda2_std": 0.19574575463468016
}