{
  "event": "hurricane_florence_2018",
  "budget": 50,
  "seed_set": 1,
  "test_error_rate": 23.207091055600326,
  "test_macro_f1": 0.679948197020434,
  "test_ece": 0.06022859974122644,
  "test_per_class_f1": [
    0.7276785714285714,
    0.822742474916388,
    0.6419753086419753,
    0.9333333333333333,
    0.8536585365853658,
    0.4226415094339623,
    0.0,
    0.8632326820603907,
    0.8542713567839196
  ],
  "dev_error_rate": 22.848200312989043,
  "dev_macro_f1": 0.7104992584366672,
  "dev_ece": 0.07150154235497327,
  "stopping_strategy": "baseline",
  "phase1_seed_strategy": "last",
  "phase1_best_epoch": null,
  "lambda1_mean": 0.9789759743717801,
  "lambda1_std": 0.27680796483071995,
  "lambda2_mean": 0.5551860153280364,
  "lambda2_std": 0.22509893761235963
}