{
  "event": "canada_wildfires_2016",
  "budget": 10,
  "seed_set": 3,
  "test_error_rate": 62.47191011235955,
  "test_macro_f1": 0.07679472356527223,
  "test_ece": 0.23386418374066942,
  "test_per_class_f1": [
    0.0,
    0.0,
    0.0,
    0.0,
    0.0,
    0.029850746268656716,
    0.5845070422535211,
    0.0
  ],
  "dev_error_rate": 63.1578947368421,
  "dev_macro_f1": 0.07864274742154925,
  "dev_ece": 0.22708213394671153
}