{
  "event": "california_wildfires_2018",
  "budget": 5,
  "seed_set": 1,
  "test_error_rate": 27.173169062286107,
  "test_macro_f1": 0.6005376203409459,
  "test_ece": 0.2052203070252501,
  "test_per_class_f1": [
    0.5862068965517241,
    0.7444444444444445,
    0.5586592178770949,
    0.9053708439897699,
    0.6865671641791045,
    0.7032590051457976,
    0.323943661971831,
    0.0,
    0.8302583025830258,
    0.6666666666666666
  ],
  "dev_error_rate": 25.79787234042553,
  "dev_macro_f1": 0.6139711558371206,
  "dev_ece": 0.19975256190655083,
  "stopping_strategy": "baseline",
  "phase1_seed_strategy": "last",
  "phase1_best_epoch": null,
  "lambda1_mean": 1.0765603557144485,
  "lambda1_std": 0.21128149949001987,
  "lambda2_mean": 0.6438421614325494,
  "lambda2_std": 0.1774686529060679
}