{
  "event": "california_wildfires_2018",
  "budget": 5,
  "seed_set": 3,
  "test_error_rate": 27.378507871321013,
  "test_macro_f1": 0.6192941025439527,
  "test_ece": 0.1768115032502513,
  "test_per_class_f1": [
    0.46875,
    0.7403314917127072,
    0.5154639175257731,
    0.9113924050632911,
    0.7058823529411765,
    0.6666666666666666,
    0.35947712418300654,
    0.2857142857142857,
    0.8545780969479354,
    0.6846846846846847
  ],
  "dev_error_rate": 27.393617021276594,
  "dev_macro_f1": 0.6086270746047616,
  "dev_ece": 0.1855858745885656,
  "stopping_strategy": "baseline",
  "phase1_seed_strategy": "last",
  "phase1_best_epoch": null,
  "lambda1_mean": 1.0593833969112205,
  "lambda1_std": 0.2225989531656062,
  "lambda2_mean": 0.4345706197501414,
  "lambda2_std": 0.15531086078464718
}