{
  "event": "hurricane_dorian_2019",
  "budget": 10,
  "seed_set": 1,
  "test_error_rate": 64.25729442970822,
  "test_macro_f1": 0.28887528165929904,
  "test_ece": 0.18844795190489577,
  "test_per_class_f1": [
    0.14025974025974025,
    0.3346303501945525,
    0.21666666666666667,
    0.07272727272727272,
    0.3310810810810811,
    0.3078913324708926,
    0.0,
    0.5796545105566219,
    0.6169665809768637
  ],
  "dev_error_rate": 64.56185567010309,
  "dev_macro_f1": 0.2887843347589823,
  "dev_ece": 0.1988938122834127
}