{
  "event": "cyclone_idai_2019",
  "budget": 25,
  "seed_set": 3,
  "test_error_rate": 63.1578947368421,
  "test_macro_f1": 0.27744608513007235,
  "test_ece": 0.20945665024134866,
  "test_per_class_f1": [
    0.15625,
    0.05,
    0.4433497536945813,
    0.6582278481012658,
    0.0,
    0.22641509433962265,
    0.08,
    0.09482758620689655,
    0.3497942386831276,
    0.7155963302752294
  ],
  "dev_error_rate": 61.09725685785536,
  "dev_macro_f1": 0.31978839540225407,
  "dev_ece": 0.19127274986514425
}