{
  "event": "hurricane_harvey_2017",
  "budget": 10,
  "seed_set": 3,
  "status": "done",
  "best_params": {
    "lr": 0.000160047897225046,
    "batch_size": 64,
    "cotrain_epochs": 8,
    "finetune_patience": 4,
    "weight_decay": 0.0667240029484221,
    "warmup_ratio": 0.29964196519156516
  },
  "best_value": 0.650223,
  "best_full_metrics": {
    "event": "hurricane_harvey_2017",
    "budget": 10,
    "seed_set": 3,
    "test_error_rate": 32.46537396121884,
    "test_macro_f1": 0.626180662617013,
    "test_ece": 0.22604570953469533,
    "test_per_class_f1": [
      0.5581395348837209,
      0.8079470198675497,
      0.7027027027027027,
      0.9039145907473309,
      0.36860068259385664,
      0.29193899782135074,
      0.40350877192982454,
      0.8408091468777484,
      0.7580645161290323
    ],
    "dev_error_rate": 31.431646932185142,
    "dev_macro_f1": 0.6502234446257096,
    "dev_ece": 0.22649615014972418,
    "stopping_strategy": "baseline",
    "phase1_seed_strategy": "last",
    "phase1_best_epoch": null,
    "lambda1_mean": 1.020768324118157,
    "lambda1_std": 0.2512272077257626,
    "lambda2_mean": 0.4912650191546649,
    "lambda2_std": 0.19548555817037805
  },
  "n_trials": 10,
  "continued_from": null,
  "trials": [
    {
      "number": 0,
      "state": "COMPLETE",
      "params": {
        "lr": 0.000160047897225046,
        "batch_size": 64,
        "cotrain_epochs": 8,
        "finetune_patience": 4,
        "weight_decay": 0.0667240029484221,
        "warmup_ratio": 0.29964196519156516
      },
      "dev_macro_f1": 0.650223,
      "duration_seconds": 371.4,
      "full_metrics": {
        "event": "hurricane_harvey_2017",
        "budget": 10,
        "seed_set": 3,
        "test_error_rate": 32.46537396121884,
        "test_macro_f1": 0.626180662617013,
        "test_ece": 0.22604570953469533,
        "test_per_class_f1": [
          0.5581395348837209,
          0.8079470198675497,
          0.7027027027027027,
          0.9039145907473309,
          0.36860068259385664,
          0.29193899782135074,
          0.40350877192982454,
          0.8408091468777484,
          0.7580645161290323
        ],
        "dev_error_rate": 31.431646932185142,
        "dev_macro_f1": 0.6502234446257096,
        "dev_ece": 0.22649615014972418,
        "stopping_strategy": "baseline",
        "phase1_seed_strategy": "last",
        "phase1_best_epoch": null,
        "lambda1_mean": 1.020768324118157,
        "lambda1_std": 0.2512272077257626,
        "lambda2_mean": 0.4912650191546649,
        "lambda2_std": 0.19548555817037805
      }
    },
    {
      "number": 1,
      "state": "COMPLETE",
      "params": {
        "lr": 1.3346128370742124e-05,
        "batch_size": 64,
        "cotrain_epochs": 19,
        "finetune_patience": 7,
        "weight_decay": 0.008140197112744385,
        "warmup_ratio": 0.0006014943051611765
      },
      "dev_macro_f1": 0.621547,
      "duration_seconds": 768.3,
      "full_metrics": {
        "event": "hurricane_harvey_2017",
        "budget": 10,
        "seed_set": 3,
        "test_error_rate": 34.34903047091413,
        "test_macro_f1": 0.6033445001067852,
        "test_ece": 0.2675330763378302,
        "test_per_class_f1": [
          0.6319702602230484,
          0.8050314465408805,
          0.7210626185958254,
          0.8785714285714286,
          0.34726688102893893,
          0.13670886075949368,
          0.39344262295081966,
          0.8256549232158988,
          0.6903914590747331
        ],
        "dev_error_rate": 33.90742734122713,
        "dev_macro_f1": 0.6215467817994464,
        "dev_ece": 0.26681555603882473,
        "stopping_strategy": "baseline",
        "phase1_seed_strategy": "last",
        "phase1_best_epoch": null,
        "lambda1_mean": 1.0342248220311143,
        "lambda1_std": 0.2717994691978249,
        "lambda2_mean": 0.6076798093165771,
        "lambda2_std": 0.20122775074798496
      }
    },
    {
      "number": 2,
      "state": "COMPLETE",
      "params": {
        "lr": 0.00026841542340646975,
        "batch_size": 8,
        "cotrain_epochs": 13,
        "finetune_patience": 4,
        "weight_decay": 0.06786198459743066,
        "warmup_ratio": 0.07061610696460066
      },
      "dev_macro_f1": 0.052588,
      "duration_seconds": 1038.7,
      "full_metrics": {
        "event": "hurricane_harvey_2017",
        "budget": 10,
        "seed_set": 3,
        "test_error_rate": 69.03047091412742,
        "test_macro_f1": 0.052547471329197216,
        "test_ece": 0.5151760745907095,
        "test_per_class_f1": [
          0.0,
          0.0,
          0.0,
          0.0,
          0.0,
          0.0,
          0.0,
          0.47292724196277497,
          0.0
        ],
        "dev_error_rate": 68.9989235737352,
        "dev_macro_f1": 0.05258833196384552,
        "dev_ece": 0.5148606000726781,
        "stopping_strategy": "baseline",
        "phase1_seed_strategy": "last",
        "phase1_best_epoch": null,
        "lambda1_mean": 0.33627110565180157,
        "lambda1_std": 0.37214815433188797,
        "lambda2_mean": 0.1532618849709851,
        "lambda2_std": 0.19274183904022013
      }
    },
    {
      "number": 3,
      "state": "COMPLETE",
      "params": {
        "lr": 0.0003878635057202989,
        "batch_size": 8,
        "cotrain_epochs": 5,
        "finetune_patience": 8,
        "weight_decay": 0.038109724003433966,
        "warmup_ratio": 0.022079626463370836
      },
      "dev_macro_f1": 0.052588,
      "duration_seconds": 492.3,
      "full_metrics": {
        "event": "hurricane_harvey_2017",
        "budget": 10,
        "seed_set": 3,
        "test_error_rate": 69.03047091412742,
        "test_macro_f1": 0.052547471329197216,
        "test_ece": 0.13438380068358952,
        "test_per_class_f1": [
          0.0,
          0.0,
          0.0,
          0.0,
          0.0,
          0.0,
          0.0,
          0.47292724196277497,
          0.0
        ],
        "dev_error_rate": 68.9989235737352,
        "dev_macro_f1": 0.05258833196384552,
        "dev_ece": 0.1340683255629339,
        "stopping_strategy": "baseline",
        "phase1_seed_strategy": "last",
        "phase1_best_epoch": null,
        "lambda1_mean": 0.23757428886629384,
        "lambda1_std": 0.16173629766524794,
        "lambda2_mean": 0.11349410536586972,
        "lambda2_std": 0.0746858225735628
      }
    },
    {
      "number": 4,
      "state": "COMPLETE",
      "params": {
        "lr": 1.7587300593686802e-05,
        "batch_size": 32,
        "cotrain_epochs": 9,
        "finetune_patience": 5,
        "weight_decay": 0.09342568004949933,
        "warmup_ratio": 0.28117677382315687
      },
      "dev_macro_f1": 0.638379,
      "duration_seconds": 483.0,
      "full_metrics": {
        "event": "hurricane_harvey_2017",
        "budget": 10,
        "seed_set": 3,
        "test_error_rate": 32.908587257617725,
        "test_macro_f1": 0.6434402050810808,
        "test_ece": 0.1644042394167829,
        "test_per_class_f1": [
          0.6111111111111112,
          0.7777777777777778,
          0.8148148148148148,
          0.8975265017667845,
          0.376,
          0.4342857142857143,
          0.38247011952191234,
          0.7782258064516129,
          0.71875
        ],
        "dev_error_rate": 34.1227125941873,
        "dev_macro_f1": 0.6383790113532758,
        "dev_ece": 0.17698740583831452,
        "stopping_strategy": "baseline",
        "phase1_seed_strategy": "last",
        "phase1_best_epoch": null,
        "lambda1_mean": 0.9942928052998067,
        "lambda1_std": 0.2677736527736615,
        "lambda2_mean": 0.408340061186127,
        "lambda2_std": 0.1621160462563838
      }
    },
    {
      "number": 5,
      "state": "COMPLETE",
      "params": {
        "lr": 5.946122364328834e-05,
        "batch_size": 16,
        "cotrain_epochs": 16,
        "finetune_patience": 4,
        "weight_decay": 0.09265641306924212,