{
  "event": "hurricane_harvey_2017",
  "budget": 10,
  "seed_set": 1,
  "test_error_rate": 49.14127423822715,
  "test_macro_f1": 0.4550536656398768,
  "test_ece": 0.0845902028011153,
  "test_per_class_f1": [
    0.5135135135135135,
    0.23255813953488372,
    0.39416058394160586,
    0.7468354430379747,
    0.3431372549019608,
    0.32646048109965636,
    0.25112107623318386,
    0.720532319391635,
    0.5671641791044776
  ],
  "dev_error_rate": 47.79332615715823,
  "dev_macro_f1": 0.4861579195974375,
  "dev_ece": 0.05325431380705632,
  "stopping_strategy": "baseline",
  "phase1_seed_strategy": "last",
  "phase1_best_epoch": null,
  "lambda1_mean": 0.5359434608423865,
  "lambda1_std": 0.14749039917223178,
  "lambda2_mean": 0.14022823302944878,
  "lambda2_std": 0.05393970241849221
}