{
  "event": "california_wildfires_2018",
  "budget": 50,
  "seed_set": 1,
  "test_error_rate": 34.291581108829575,
  "test_macro_f1": 0.5837728655751864,
  "test_ece": 0.18057842166108845,
  "test_per_class_f1": [
    0.41237113402061853,
    0.711864406779661,
    0.5233644859813084,
    0.8257686676427526,
    0.43312101910828027,
    0.6707818930041153,
    0.4328767123287671,
    0.34285714285714286,
    0.7510548523206751,
    0.7336683417085427
  ],
  "dev_error_rate": 33.909574468085104,
  "dev_macro_f1": 0.5918941537962821,
  "dev_ece": 0.17279660895942373,
  "stopping_strategy": "baseline",
  "phase1_seed_strategy": "last",
  "phase1_best_epoch": null,
  "lambda1_mean": 1.018868521914025,
  "lambda1_std": 0.18403108788736597,
  "lambda2_mean": 0.4954627468877547,
  "lambda2_std": 0.1777322063612292
}