{
  "event": "cyclone_idai_2019",
  "budget": 10,
  "seed_set": 2,
  "test_error_rate": 58.40821566110398,
  "test_macro_f1": 0.18939466594081353,
  "test_ece": 0.3373203224027876,
  "test_per_class_f1": [
    0.0,
    0.05649717514124294,
    0.0,
    0.5344827586206896,
    0.0,
    0.1797752808988764,
    0.0,
    0.0,
    0.6052631578947368,
    0.5179282868525896
  ],
  "dev_error_rate": 63.092269326683294,
  "dev_macro_f1": 0.17717202412977223,
  "dev_ece": 0.358620260942012,
  "stopping_strategy": "baseline",
  "phase1_seed_strategy": "last",
  "phase1_best_epoch": null,
  "lambda1_mean": 0.906086796517446,
  "lambda1_std": 0.3588879100691927,
  "lambda2_mean": 0.417189483799647,
  "lambda2_std": 0.21399782691079522
}