{
  "event": "california_wildfires_2018",
  "budget": 50,
  "seed_set": 1,
  "test_error_rate": 27.378507871321013,
  "test_macro_f1": 0.6528024650300872,
  "test_ece": 0.12198838361071689,
  "test_per_class_f1": [
    0.48717948717948717,
    0.7654320987654321,
    0.6268656716417911,
    0.9059602649006623,
    0.6741573033707865,
    0.6846153846153846,
    0.44886363636363635,
    0.41379310344827586,
    0.8096192384769539,
    0.7115384615384616
  ],
  "dev_error_rate": 26.994680851063833,
  "dev_macro_f1": 0.6583329329466869,
  "dev_ece": 0.14463517295711853,
  "stopping_strategy": "baseline",
  "phase1_seed_strategy": "last",
  "phase1_best_epoch": null,
  "lambda1_mean": 0.9814428433293184,
  "lambda1_std": 0.26949915806246577,
  "lambda2_mean": 0.6397661544325957,
  "lambda2_std": 0.262792284526977
}