{
  "event": "hurricane_florence_2018",
  "budget": 25,
  "seed_set": 3,
  "test_error_rate": 46.33360193392425,
  "test_macro_f1": 0.5039872496816256,
  "test_ece": 0.1807588349778646,
  "test_per_class_f1": [
    0.18,
    0.5639097744360902,
    0.4316546762589928,
    0.8095238095238095,
    0.6741573033707865,
    0.31343283582089554,
    0.08,
    0.7526132404181185,
    0.730593607305936
  ],
  "dev_error_rate": 48.669796557120506,
  "dev_macro_f1": 0.48339304093794877,
  "dev_ece": 0.20915394298534065
}