{
  "event": "hurricane_florence_2018",
  "budget": 50,
  "seed_set": 2,
  "status": "done",
  "best_params": {
    "lr": 4.880928150914166e-05,
    "batch_size": 16,
    "cotrain_epochs": 7,
    "finetune_patience": 8,
    "weight_decay": 0.01915736355339096,
    "warmup_ratio": 0.03137745960698013
  },
  "best_value": 0.706756,
  "best_full_metrics": {
    "event": "hurricane_florence_2018",
    "budget": 50,
    "seed_set": 2,
    "test_error_rate": 23.368251410153107,
    "test_macro_f1": 0.696724017738597,
    "test_ece": 0.10219266436735916,
    "test_per_class_f1": [
      0.7831325301204819,
      0.8226950354609929,
      0.6578947368421053,
      0.926829268292683,
      0.8329048843187661,
      0.38095238095238093,
      0.20512820512820512,
      0.8530973451327434,
      0.8078817733990148
    ],
    "dev_error_rate": 22.37871674491393,
    "dev_macro_f1": 0.7067555302461741,
    "dev_ece": 0.09964019918292527,
    "stopping_strategy": "baseline",
    "phase1_seed_strategy": "last",
    "phase1_best_epoch": null,
    "lambda1_mean": 0.9490821119217787,
    "lambda1_std": 0.2716522085498689,
    "lambda2_mean": 0.6430157077124512,
    "lambda2_std": 0.2814291556170641
  },
  "n_trials": 10,
  "continued_from": null,
  "trials": [
    {
      "number": 0,
      "state": "COMPLETE",
      "params": {
        "lr": 0.00027149751787431493,
        "batch_size": 16,
        "cotrain_epochs": 12,
        "finetune_patience": 9,
        "weight_decay": 0.06720164477434969,
        "warmup_ratio": 0.08504970540425559
      },
      "dev_macro_f1": 0.042475,
      "duration_seconds": 493.7,
      "full_metrics": {
        "event": "hurricane_florence_2018",
        "budget": 50,
        "seed_set": 2,
        "test_error_rate": 76.39000805801773,
        "test_macro_f1": 0.042445313631754314,
        "test_ece": 0.12002837671736956,
        "test_per_class_f1": [
          0.0,
          0.0,
          0.0,
          0.0,
          0.0,
          0.0,
          0.0,
          0.3820078226857888,
          0.0
        ],
        "dev_error_rate": 76.36932707355243,
        "dev_macro_f1": 0.04247538677918425,
        "dev_ece": 0.12023518630922866,
        "stopping_strategy": "baseline",
        "phase1_seed_strategy": "last",
        "phase1_best_epoch": null,
        "lambda1_mean": 0.38404453721305526,
        "lambda1_std": 0.16260229309033253,
        "lambda2_mean": 0.08044713563389608,
        "lambda2_std": 0.07198683302270806
      }
    },
    {
      "number": 1,
      "state": "COMPLETE",
      "params": {
        "lr": 0.0004560130537373867,
        "batch_size": 32,
        "cotrain_epochs": 10,
        "finetune_patience": 7,
        "weight_decay": 0.08858514822055841,
        "warmup_ratio": 0.0711387746230645
      },
      "dev_macro_f1": 0.038522,
      "duration_seconds": 334.1,
      "full_metrics": {
        "event": "hurricane_florence_2018",
        "budget": 50,
        "seed_set": 2,
        "test_error_rate": 79.129734085415,
        "test_macro_f1": 0.03837037037037037,
        "test_ece": 0.07417944444705171,
        "test_per_class_f1": [
          0.3453333333333333,
          0.0,
          0.0,
          0.0,
          0.0,
          0.0,
          0.0,
          0.0,
          0.0
        ],
        "dev_error_rate": 79.02973395931141,
        "dev_macro_f1": 0.038522351588328306,
        "dev_ece": 0.0751794457249052,
        "stopping_strategy": "baseline",
        "phase1_seed_strategy": "last",
        "phase1_best_epoch": null,
        "lambda1_mean": 0.3542933707024375,
        "lambda1_std": 0.13746180926810214,
        "lambda2_mean": 0.09607382349271665,
        "lambda2_std": 0.07676879956332146
      }
    },
    {
      "number": 2,
      "state": "COMPLETE",
      "params": {
        "lr": 0.00023089880011210713,
        "batch_size": 64,
        "cotrain_epochs": 15,
        "finetune_patience": 8,
        "weight_decay": 0.04418961476548569,
        "warmup_ratio": 0.2797456232464624
      },
      "dev_macro_f1": 0.668531,
      "duration_seconds": 438.0,
      "full_metrics": {
        "event": "hurricane_florence_2018",
        "budget": 50,
        "seed_set": 2,
        "test_error_rate": 29.73408541498791,
        "test_macro_f1": 0.6538044940705027,
        "test_ece": 0.06629904758824544,
        "test_per_class_f1": [
          0.6619718309859155,
          0.7973421926910299,
          0.6530612244897959,
          0.8992248062015504,
          0.8269230769230769,
          0.38848920863309355,
          0.07792207792207792,
          0.7671232876712328,
          0.8121827411167513
        ],
        "dev_error_rate": 28.169014084507037,
        "dev_macro_f1": 0.6685305194017719,
        "dev_ece": 0.08245334747438324,
        "stopping_strategy": "baseline",
        "phase1_seed_strategy": "last",
        "phase1_best_epoch": null,
        "lambda1_mean": 0.9541265361902677,
        "lambda1_std": 0.29930465001820944,
        "lambda2_mean": 0.6012822087937487,
        "lambda2_std": 0.26367935414621735
      }
    },
    {
      "number": 3,
      "state": "COMPLETE",
      "params": {
        "lr": 0.00011070950478695266,
        "batch_size": 8,
        "cotrain_epochs": 10,
        "finetune_patience": 5,
        "weight_decay": 0.06100402167428115,
        "warmup_ratio": 0.19014013317352327
      },
      "dev_macro_f1": 0.610536,
      "duration_seconds": 562.0,
      "full_metrics": {
        "event": "hurricane_florence_2018",
        "budget": 50,
        "seed_set": 2,
        "test_error_rate": 30.136986301369863,
        "test_macro_f1": 0.6053636176486814,
        "test_ece": 0.2868987109683196,
        "test_per_class_f1": [
          0.6735112936344969,
          0.8113879003558719,
          0.5691056910569106,
          0.8943089430894309,
          0.7427385892116183,
          0.2,
          0.0,
          0.8164794007490637,
          0.7407407407407407
        ],
        "dev_error_rate": 30.046948356807512,
        "dev_macro_f1": 0.6105359162937481,
        "dev_ece": 0.28730292305793376,
        "stopping_strategy": "baseline",
        "phase1_seed_strategy": "last",
        "phase1_best_epoch": null,
        "lambda1_mean": 1.0082670039462331,
        "lambda1_std": 0.2561312129072903,
        "lambda2_mean": 0.045087068508028474,
        "lambda2_std": 0.03794298510043781
      }
    },
    {
      "number": 4,
      "state": "COMPLETE",
      "params": {
        "lr": 0.0005611903136450834,
        "batch_size": 8,
        "cotrain_epochs": 11,
        "finetune_patience": 5,
        "weight_decay": 0.08875078110833094,
        "warmup_ratio": 0.02908135680402376
      },
      "dev_macro_f1": 0.042475,
      "duration_seconds": 616.1,
      "full_metrics": {
        "event": "hurricane_florence_2018",
        "budget": 50,
        "seed_set": 2,
        "test_error_rate": 76.39000805801773,
        "test_macro_f1": 0.042445313631754314,
        "test_ece": 0.11710455192974938,
        "test_per_class_f1": [
          0.0,
          0.0,
          0.0,
          0.0,
          0.0,
          0.0,
          0.0,
          0.3820078226857888,
          0.0
        ],
        "dev_error_rate": 76.36932707355243,
        "dev_macro_f1": 0.04247538677918425,
        "dev_ece": 0.11731136193810868,
        "stopping_strategy": "baseline",
        "phase1_seed_strategy": "last",
        "phase1_best_epoch": null,
        "lambda1_mean": 0.2443794875489483,
        "lambda1_std": 0.14486640493362418,
        "lambda2_mean": 0.1404881013732913,
        "lambda2_std": 0.09894467197433542
      }
    },
    {
      "number": 5,
      "state": "COMPLETE",
      "params": {
        "lr": 0.0002889915580227013,
        "batch_size": 64,
        "cotrain_epochs": 19,
        "finetune_patience": 9,
        "weight_decay": 0.09864503218975341,
        "warmup_ratio": 0.10009164235460288
      },
      "dev_macro_f1": 0.042475,
      "duration_seconds": 511.5,