{
  "event": "canada_wildfires_2016",
  "budget": 5,
  "seed_set": 2,
  "test_error_rate": 94.15730337078652,
  "test_macro_f1": 0.03527046783625731,
  "test_ece": 0.07494541523831613,
  "test_per_class_f1": [
    0.08771929824561403,
    0.0,
    0.057692307692307696,
    0.0,
    0.13675213675213677,
    0.0,
    0.0,
    0.0
  ],
  "dev_error_rate": 92.98245614035088,
  "dev_macro_f1": 0.040274238563281155,
  "dev_ece": 0.06310154321162324
}