{
  "event": "hurricane_florence_2018",
  "budget": 5,
  "seed_set": 3,
  "test_error_rate": 76.14826752618855,
  "test_macro_f1": 0.19770935023362204,
  "test_ece": 0.28915444484744507,
  "test_per_class_f1": [
    0.4025974025974026,
    0.23255813953488372,
    0.0784313725490196,
    0.2967741935483871,
    0.21641791044776118,
    0.12631578947368421,
    0.0,
    0.18055555555555555,
    0.24573378839590443
  ],
  "dev_error_rate": 74.33489827856026,
  "dev_macro_f1": 0.24311207288969275,
  "dev_ece": 0.28274866987561953
}