{
  "event": "canada_wildfires_2016",
  "budget": 5,
  "seed_set": 1,
  "status": "done",
  "best_params": {
    "lr": 4.574791204477104e-05,
    "batch_size": 8,
    "cotrain_epochs": 5,
    "finetune_patience": 8,
    "weight_decay": 0.08181086514260244,
    "warmup_ratio": 0.07517867085149006
  },
  "best_value": 0.651929,
  "best_full_metrics": {
    "event": "canada_wildfires_2016",
    "budget": 5,
    "seed_set": 1,
    "test_error_rate": 22.247191011235955,
    "test_macro_f1": 0.5738269720221958,
    "test_ece": 0.07636447381437499,
    "test_per_class_f1": [
      0.32432432432432434,
      0.8343558282208589,
      0.8785046728971962,
      0.2926829268292683,
      0.5263157894736842,
      0.0,
      0.9010989010989011,
      0.8333333333333334
    ],
    "dev_error_rate": 21.052631578947366,
    "dev_macro_f1": 0.6519292612431611,
    "dev_ece": 0.06601320063335854,
    "stopping_strategy": "baseline",
    "phase1_seed_strategy": "last",
    "phase1_best_epoch": null,
    "lambda1_mean": 1.011659348947468,
    "lambda1_std": 0.2563328897403755,
    "lambda2_mean": 0.41971477518864153,
    "lambda2_std": 0.17559925653534073
  },
  "n_trials": 10,
  "continued_from": null,
  "trials": [
    {
      "number": 0,
      "state": "COMPLETE",
      "params": {
        "lr": 0.0002561515874770614,
        "batch_size": 32,
        "cotrain_epochs": 17,
        "finetune_patience": 9,
        "weight_decay": 0.08998344364020475,
        "warmup_ratio": 0.10519118857178376
      },
      "dev_macro_f1": 0.073529,
      "duration_seconds": 192.3,
      "full_metrics": {
        "event": "canada_wildfires_2016",
        "budget": 5,
        "seed_set": 1,
        "test_error_rate": 58.20224719101124,
        "test_macro_f1": 0.07369255150554675,
        "test_ece": 0.3514833574884393,
        "test_per_class_f1": [
          0.0,
          0.0,
          0.0,
          0.0,
          0.0,
          0.0,
          0.589540412044374,
          0.0
        ],
        "dev_error_rate": 58.33333333333333,
        "dev_macro_f1": 0.07352941176470588,
        "dev_ece": 0.35279421586739385,
        "stopping_strategy": "baseline",
        "phase1_seed_strategy": "last",
        "phase1_best_epoch": null,
        "lambda1_mean": 0.6666405485270973,
        "lambda1_std": 0.35595406365559096,
        "lambda2_mean": 0.19185513965973838,
        "lambda2_std": 0.20833378397683247
      }
    },
    {
      "number": 1,
      "state": "COMPLETE",
      "params": {
        "lr": 0.0005113915091131129,
        "batch_size": 16,
        "cotrain_epochs": 14,
        "finetune_patience": 5,
        "weight_decay": 0.0696577682536688,
        "warmup_ratio": 0.20057919011325825
      },
      "dev_macro_f1": 0.073529,
      "duration_seconds": 182.1,
      "full_metrics": {
        "event": "canada_wildfires_2016",
        "budget": 5,
        "seed_set": 1,
        "test_error_rate": 58.20224719101124,
        "test_macro_f1": 0.07369255150554675,
        "test_ece": 0.3222478474124094,
        "test_per_class_f1": [
          0.0,
          0.0,
          0.0,
          0.0,
          0.0,
          0.0,
          0.589540412044374,
          0.0
        ],
        "dev_error_rate": 58.33333333333333,
        "dev_macro_f1": 0.07352941176470588,
        "dev_ece": 0.32355870907766776,
        "stopping_strategy": "baseline",
        "phase1_seed_strategy": "last",
        "phase1_best_epoch": null,
        "lambda1_mean": 0.5841477203896851,
        "lambda1_std": 0.36110507579103135,
        "lambda2_mean": 0.20697767419337593,
        "lambda2_std": 0.19637526135174238
      }
    },
    {
      "number": 2,
      "state": "COMPLETE",
      "params": {
        "lr": 3.0789455669420415e-05,
        "batch_size": 8,
        "cotrain_epochs": 14,
        "finetune_patience": 9,
        "weight_decay": 0.059392787960867346,
        "warmup_ratio": 0.10385929896486741
      },
      "dev_macro_f1": 0.565547,
      "duration_seconds": 274.4,
      "full_metrics": {
        "event": "canada_wildfires_2016",
        "budget": 5,
        "seed_set": 1,
        "test_error_rate": 22.696629213483142,
        "test_macro_f1": 0.57053786240107,
        "test_ece": 0.17748138743839909,
        "test_per_class_f1": [
          0.32432432432432434,
          0.8679245283018868,
          0.8761904761904762,
          0.34782608695652173,
          0.41509433962264153,
          0.0,
          0.9021739130434783,
          0.8307692307692308
        ],
        "dev_error_rate": 21.92982456140351,
        "dev_macro_f1": 0.565546699948779,
        "dev_ece": 0.18134023026939022,
        "stopping_strategy": "baseline",
        "phase1_seed_strategy": "last",
        "phase1_best_epoch": null,
        "lambda1_mean": 1.0848561240098007,
        "lambda1_std": 0.1866318585197944,
        "lambda2_mean": 0.5983857628363592,
        "lambda2_std": 0.16519398214816938
      }
    },
    {
      "number": 3,
      "state": "COMPLETE",
      "params": {
        "lr": 1.106068703742935e-05,
        "batch_size": 32,
        "cotrain_epochs": 11,
        "finetune_patience": 10,
        "weight_decay": 0.07873664292928205,
        "warmup_ratio": 0.04168357000349223
      },
      "dev_macro_f1": 0.494477,
      "duration_seconds": 136.5,
      "full_metrics": {
        "event": "canada_wildfires_2016",
        "budget": 5,
        "seed_set": 1,
        "test_error_rate": 22.696629213483142,
        "test_macro_f1": 0.529467972407552,
        "test_ece": 0.10233687925874516,
        "test_per_class_f1": [
          0.0,
          0.8228571428571428,
          0.8785046728971962,
          0.35,
          0.45871559633027525,
          0.0,
          0.9002695417789758,
          0.8253968253968254
        ],
        "dev_error_rate": 24.122807017543856,
        "dev_macro_f1": 0.49447745606453475,
        "dev_ece": 0.11382869800977538,
        "stopping_strategy": "baseline",
        "phase1_seed_strategy": "last",
        "phase1_best_epoch": null,
        "lambda1_mean": 0.868502768175588,
        "lambda1_std": 0.2976548973218288,
        "lambda2_mean": 0.38074222665897994,
        "lambda2_std": 0.19282573646219384
      }
    },
    {
      "number": 4,
      "state": "COMPLETE",
      "params": {
        "lr": 5.7870685212711596e-05,
        "batch_size": 32,
        "cotrain_epochs": 14,
        "finetune_patience": 4,
        "weight_decay": 0.05235954636210447,
        "warmup_ratio": 0.010289352860962076
      },
      "dev_macro_f1": 0.555292,
      "duration_seconds": 161.2,
      "full_metrics": {
        "event": "canada_wildfires_2016",
        "budget": 5,
        "seed_set": 1,
        "test_error_rate": 23.370786516853936,
        "test_macro_f1": 0.5591319283592862,
        "test_ece": 0.18739655412984701,
        "test_per_class_f1": [
          0.3125,
          0.8588957055214724,
          0.8823529411764706,
          0.2608695652173913,
          0.43636363636363634,
          0.0,
          0.8913043478260869,
          0.8307692307692308
        ],
        "dev_error_rate": 22.807017543859654,
        "dev_macro_f1": 0.555292108943462,
        "dev_ece": 0.18415916122888262,
        "stopping_strategy": "baseline",
        "phase1_seed_strategy": "last",
        "phase1_best_epoch": null,
        "lambda1_mean": 1.0798583937439545,
        "lambda1_std": 0.1954456946700634,
        "lambda2_mean": 0.607036276050939,
        "lambda2_std": 0.17231430960587965
      }
    },
    {
      "number": 5,
      "state": "COMPLETE",
      "params": {
        "lr": 0.00038694749084723147,
        "batch_size": 32,
        "cotrain_epochs": 9,
        "finetune_patience": 8,
        "weight_decay": 0.02388636329981261,
        "warmup_ratio": 0.016442273930481765
      },
      "dev_macro_f1": 0.073529,
      "duration_seconds": 116.2,
      "full_metrics": {
        "event": "canada_wildfires_2016",
        "budget": 5,
        "seed_set": 1,