{
  "event": "california_wildfires_2018",
  "budget": 25,
  "seed_set": 3,
  "test_error_rate": 59.069130732375086,
  "test_macro_f1": 0.37555232495785573,
  "test_ece": 0.22700174842323037,
  "test_per_class_f1": [
    0.24358974358974358,
    0.29,
    0.3246753246753247,
    0.5207956600361664,
    0.2981366459627329,
    0.314214463840399,
    0.22760290556900725,
    0.2191780821917808,
    0.6335697399527187,
    0.6837606837606838
  ],
  "dev_error_rate": 55.98404255319149,
  "dev_macro_f1": 0.3907282734905582,
  "dev_ece": 0.1825797084837835
}