{
  "event": "cyclone_idai_2019",
  "budget": 25,
  "seed_set": 1,
  "test_error_rate": 54.42875481386393,
  "test_macro_f1": 0.41502753242294244,
  "test_ece": 0.2505110967450026,
  "test_per_class_f1": [
    0.23076923076923078,
    0.11650485436893204,
    0.6107784431137725,
    0.788235294117647,
    0.6666666666666666,
    0.24615384615384617,
    0.0851063829787234,
    0.11764705882352941,
    0.48627450980392156,
    0.8021390374331551
  ],
  "dev_error_rate": 55.61097256857855,
  "dev_macro_f1": 0.3618056541198661,
  "dev_ece": 0.2489191372867237
}