{
  "event": "california_wildfires_2018",
  "budget": 10,
  "seed_set": 2,
  "test_error_rate": 57.70020533880904,
  "test_macro_f1": 0.2753017709587381,
  "test_ece": 0.1887375005074024,
  "test_per_class_f1": [
    0.0,
    0.16759776536312848,
    0.2789115646258503,
    0.5598591549295775,
    0.12334801762114538,
    0.5972222222222222,
    0.0,
    0.0,
    0.5691056910569106,
    0.456973293768546
  ],
  "dev_error_rate": 57.446808510638306,
  "dev_macro_f1": 0.27597368183606696,
  "dev_ece": 0.17851445352301953,
  "stopping_strategy": "baseline",
  "phase1_seed_strategy": "last",
  "phase1_best_epoch": null,
  "lambda1_mean": 0.9251546606866973,
  "lambda1_std": 0.35294376148882517,
  "lambda2_mean": 0.4155607590917314,
  "lambda2_std": 0.2034716832075498
}