{
  "event": "hurricane_dorian_2019",
  "budget": 50,
  "seed_set": 2,
  "status": "done",
  "best_params": {
    "lr": 3.873092160589278e-05,
    "batch_size": 8,
    "cotrain_epochs": 11,
    "finetune_patience": 9,
    "weight_decay": 0.014272633652872036,
    "warmup_ratio": 0.17257149676260153
  },
  "best_value": 0.623587,
  "best_full_metrics": {
    "event": "hurricane_dorian_2019",
    "budget": 50,
    "seed_set": 2,
    "test_error_rate": 34.88063660477454,
    "test_macro_f1": 0.5943890370147178,
    "test_ece": 0.17306794926761315,
    "test_per_class_f1": [
      0.6111111111111112,
      0.9154518950437318,
      0.6363636363636364,
      0.3448275862068966,
      0.6016260162601627,
      0.3916083916083916,
      0.203125,
      0.8174807197943444,
      0.827906976744186
    ],
    "dev_error_rate": 34.02061855670103,
    "dev_macro_f1": 0.6235874643069196,
    "dev_ece": 0.16592661226072258,
    "stopping_strategy": "baseline",
    "phase1_seed_strategy": "last",
    "phase1_best_epoch": null,
    "lambda1_mean": 0.9357830655113951,
    "lambda1_std": 0.3072910659187465,
    "lambda2_mean": 0.6667970902390014,
    "lambda2_std": 0.3015922313391021
  },
  "n_trials": 10,
  "continued_from": null,
  "trials": [
    {
      "number": 0,
      "state": "COMPLETE",
      "params": {
        "lr": 1.2278882541651862e-05,
        "batch_size": 16,
        "cotrain_epochs": 19,
        "finetune_patience": 4,
        "weight_decay": 0.06853271783738342,
        "warmup_ratio": 0.08894115109857219
      },
      "dev_macro_f1": 0.595775,
      "duration_seconds": 794.2,
      "full_metrics": {
        "event": "hurricane_dorian_2019",
        "budget": 50,
        "seed_set": 2,
        "test_error_rate": 34.41644562334217,
        "test_macro_f1": 0.57953908457327,
        "test_ece": 0.12831378944554125,
        "test_per_class_f1": [
          0.6308243727598566,
          0.896551724137931,
          0.6428571428571429,
          0.3,
          0.6145833333333334,
          0.3792325056433409,
          0.12048192771084337,
          0.82,
          0.8113207547169812
        ],
        "dev_error_rate": 36.34020618556701,
        "dev_macro_f1": 0.595775257397152,
        "dev_ece": 0.1362000144442025,
        "stopping_strategy": "baseline",
        "phase1_seed_strategy": "last",
        "phase1_best_epoch": null,
        "lambda1_mean": 1.038629385303897,
        "lambda1_std": 0.26090574350466017,
        "lambda2_mean": 0.6179999070837278,
        "lambda2_std": 0.1931517406527977
      }
    },
    {
      "number": 1,
      "state": "COMPLETE",
      "params": {
        "lr": 4.749885603637931e-05,
        "batch_size": 16,
        "cotrain_epochs": 18,
        "finetune_patience": 4,
        "weight_decay": 0.01420868574870704,
        "warmup_ratio": 0.18864258750640742
      },
      "dev_macro_f1": 0.607828,
      "duration_seconds": 734.0,
      "full_metrics": {
        "event": "hurricane_dorian_2019",
        "budget": 50,
        "seed_set": 2,
        "test_error_rate": 34.41644562334217,
        "test_macro_f1": 0.6000912444690765,
        "test_ece": 0.12126207163937842,
        "test_per_class_f1": [
          0.6181102362204725,
          0.9112426035502958,
          0.6369047619047619,
          0.3076923076923077,
          0.635,
          0.38839285714285715,
          0.27350427350427353,
          0.8113695090439277,
          0.8186046511627907
        ],
        "dev_error_rate": 35.567010309278345,
        "dev_macro_f1": 0.6078275515665071,
        "dev_ece": 0.13722913435746717,
        "stopping_strategy": "baseline",
        "phase1_seed_strategy": "last",
        "phase1_best_epoch": null,
        "lambda1_mean": 0.9783424269718437,
        "lambda1_std": 0.28687169626138914,
        "lambda2_mean": 0.6774789638993582,
        "lambda2_std": 0.2624018113214672
      }
    },
    {
      "number": 2,
      "state": "COMPLETE",
      "params": {
        "lr": 4.3441559703036013e-05,
        "batch_size": 64,
        "cotrain_epochs": 11,
        "finetune_patience": 6,
        "weight_decay": 0.0833924606907459,
        "warmup_ratio": 0.2284307623880984
      },
      "dev_macro_f1": 0.615201,
      "duration_seconds": 433.8,
      "full_metrics": {
        "event": "hurricane_dorian_2019",
        "budget": 50,
        "seed_set": 2,
        "test_error_rate": 35.0132625994695,
        "test_macro_f1": 0.5895239741389509,
        "test_ece": 0.1608385042304702,
        "test_per_class_f1": [
          0.6238532110091743,
          0.9048991354466859,
          0.6418338108882522,
          0.36363636363636365,
          0.5698630136986301,
          0.35933806146572106,
          0.2,
          0.8232445520581114,
          0.819047619047619
        ],
        "dev_error_rate": 34.66494845360825,
        "dev_macro_f1": 0.6152006286147732,
        "dev_ece": 0.14775133444015512,
        "stopping_strategy": "baseline",
        "phase1_seed_strategy": "last",
        "phase1_best_epoch": null,
        "lambda1_mean": 0.9902277710202413,
        "lambda1_std": 0.2943680054735182,
        "lambda2_mean": 0.4704763832041193,
        "lambda2_std": 0.1854448586579646
      }
    },
    {
      "number": 3,
      "state": "COMPLETE",
      "params": {
        "lr": 5.349083833766408e-05,
        "batch_size": 64,
        "cotrain_epochs": 7,
        "finetune_patience": 4,
        "weight_decay": 0.05676624578791859,
        "warmup_ratio": 0.22609467968464042
      },
      "dev_macro_f1": 0.616806,
      "duration_seconds": 313.9,
      "full_metrics": {
        "event": "hurricane_dorian_2019",
        "budget": 50,
        "seed_set": 2,
        "test_error_rate": 33.88594164456234,
        "test_macro_f1": 0.6034627308924587,
        "test_ece": 0.1459190381853903,
        "test_per_class_f1": [
          0.627906976744186,
          0.9253731343283582,
          0.6409495548961425,
          0.37037037037037035,
          0.5756676557863502,
          0.4588744588744589,
          0.17518248175182483,
          0.8382352941176471,
          0.8186046511627907
        ],
        "dev_error_rate": 34.5360824742268,
        "dev_macro_f1": 0.6168055890454978,
        "dev_ece": 0.13681139194012917,
        "stopping_strategy": "baseline",
        "phase1_seed_strategy": "last",
        "phase1_best_epoch": null,
        "lambda1_mean": 0.9379120733689705,
        "lambda1_std": 0.2944974507484172,
        "lambda2_mean": 0.4319121787278926,
        "lambda2_std": 0.19699425651899344
      }
    },
    {
      "number": 4,
      "state": "COMPLETE",
      "params": {
        "lr": 6.0078563296218585e-05,
        "batch_size": 32,
        "cotrain_epochs": 16,
        "finetune_patience": 8,
        "weight_decay": 0.003994813624538996,
        "warmup_ratio": 0.0061115642348884775
      },
      "dev_macro_f1": 0.613549,
      "duration_seconds": 599.3,
      "full_metrics": {
        "event": "hurricane_dorian_2019",
        "budget": 50,
        "seed_set": 2,
        "test_error_rate": 33.15649867374005,
        "test_macro_f1": 0.6021418045587363,
        "test_ece": 0.08680802807014248,
        "test_per_class_f1": [
          0.6410256410256411,
          0.8920454545454546,
          0.6341463414634146,
          0.34782608695652173,
          0.6339066339066339,
          0.4177777777777778,
          0.2077922077922078,
          0.835,
          0.8097560975609757
        ],
        "dev_error_rate": 35.69587628865979,
        "dev_macro_f1": 0.6135493088256281,
        "dev_ece": 0.10867031867203027,
        "stopping_strategy": "baseline",
        "phase1_seed_strategy": "last",
        "phase1_best_epoch": null,
        "lambda1_mean": 1.0805666685076416,
        "lambda1_std": 0.22493663559432533,
        "lambda2_mean": 0.7412740880739949,
        "lambda2_std": 0.2266791413367859
      }
    },
    {
      "number": 5,
      "state": "COMPLETE",