{
  "event": "canada_wildfires_2016",
  "budget": 5,
  "seed_set": 3,
  "status": "done",
  "best_params": {
    "lr": 3.524655337852588e-05,
    "batch_size": 32,
    "cotrain_epochs": 20,
    "finetune_patience": 10,
    "weight_decay": 0.02889090560754978,
    "warmup_ratio": 0.21515605376559419
  },
  "best_value": 0.57045,
  "best_full_metrics": {
    "event": "canada_wildfires_2016",
    "budget": 5,
    "seed_set": 3,
    "test_error_rate": 23.59550561797753,
    "test_macro_f1": 0.5728867130129193,
    "test_ece": 0.17541902487197625,
    "test_per_class_f1": [
      0.37209302325581395,
      0.8701298701298701,
      0.8888888888888888,
      0.3018867924528302,
      0.4444444444444444,
      0.0,
      0.8931506849315068,
      0.8125
    ],
    "dev_error_rate": 22.807017543859654,
    "dev_macro_f1": 0.5704497819012224,
    "dev_ece": 0.1707255471693842,
    "stopping_strategy": "baseline",
    "phase1_seed_strategy": "last",
    "phase1_best_epoch": null,
    "lambda1_mean": 1.0715474240316045,
    "lambda1_std": 0.18942357707899074,
    "lambda2_mean": 0.5365939897959783,
    "lambda2_std": 0.15972925955286424
  },
  "n_trials": 10,
  "continued_from": null,
  "trials": [
    {
      "number": 0,
      "state": "COMPLETE",
      "params": {
        "lr": 0.0002906136353425649,
        "batch_size": 64,
        "cotrain_epochs": 5,
        "finetune_patience": 9,
        "weight_decay": 0.046018656570858886,
        "warmup_ratio": 0.19943257401357234
      },
      "dev_macro_f1": 0.54199,
      "duration_seconds": 75.7,
      "full_metrics": {
        "event": "canada_wildfires_2016",
        "budget": 5,
        "seed_set": 3,
        "test_error_rate": 36.629213483146074,
        "test_macro_f1": 0.4751246701329108,
        "test_ece": 0.23498444121875117,
        "test_per_class_f1": [
          0.23076923076923078,
          0.7737226277372263,
          0.8737864077669902,
          0.08695652173913043,
          0.15584415584415584,
          0.07142857142857142,
          0.8288288288288288,
          0.7796610169491526
        ],
        "dev_error_rate": 32.45614035087719,
        "dev_macro_f1": 0.5419900103338946,
        "dev_ece": 0.2801842486910653,
        "stopping_strategy": "baseline",
        "phase1_seed_strategy": "last",
        "phase1_best_epoch": null,
        "lambda1_mean": 0.7002206766576341,
        "lambda1_std": 0.29014708217680424,
        "lambda2_mean": 0.34491824224276707,
        "lambda2_std": 0.21753674985658655
      }
    },
    {
      "number": 1,
      "state": "COMPLETE",
      "params": {
        "lr": 7.076274733665417e-05,
        "batch_size": 8,
        "cotrain_epochs": 15,
        "finetune_patience": 10,
        "weight_decay": 0.0597561405871419,
        "warmup_ratio": 0.2344250168650477
      },
      "dev_macro_f1": 0.54855,
      "duration_seconds": 273.9,
      "full_metrics": {
        "event": "canada_wildfires_2016",
        "budget": 5,
        "seed_set": 3,
        "test_error_rate": 23.146067415730343,
        "test_macro_f1": 0.5635655648892121,
        "test_ece": 0.2002338806230031,
        "test_per_class_f1": [
          0.2857142857142857,
          0.8571428571428571,
          0.8543689320388349,
          0.32727272727272727,
          0.43564356435643564,
          0.0,
          0.9046321525885559,
          0.84375
        ],
        "dev_error_rate": 22.807017543859654,
        "dev_macro_f1": 0.548549853425345,
        "dev_ece": 0.2168355490031995,
        "stopping_strategy": "baseline",
        "phase1_seed_strategy": "last",
        "phase1_best_epoch": null,
        "lambda1_mean": 0.5858793957470431,
        "lambda1_std": 0.230531582276439,
        "lambda2_mean": 0.5677737755934492,
        "lambda2_std": 0.2015989174994134
      }
    },
    {
      "number": 2,
      "state": "COMPLETE",
      "params": {
        "lr": 0.0005904285003122563,
        "batch_size": 64,
        "cotrain_epochs": 6,
        "finetune_patience": 8,
        "weight_decay": 0.008195234025300124,
        "warmup_ratio": 0.13383628265817182
      },
      "dev_macro_f1": 0.073529,
      "duration_seconds": 80.6,
      "full_metrics": {
        "event": "canada_wildfires_2016",
        "budget": 5,
        "seed_set": 3,
        "test_error_rate": 58.20224719101124,
        "test_macro_f1": 0.07369255150554675,
        "test_ece": 0.29690160791525677,
        "test_per_class_f1": [
          0.0,
          0.0,
          0.0,
          0.0,
          0.0,
          0.0,
          0.589540412044374,
          0.0
        ],
        "dev_error_rate": 58.33333333333333,
        "dev_macro_f1": 0.07352941176470588,
        "dev_ece": 0.2982124691469627,
        "stopping_strategy": "baseline",
        "phase1_seed_strategy": "last",
        "phase1_best_epoch": null,
        "lambda1_mean": 0.3905624832524252,
        "lambda1_std": 0.3067438323964348,
        "lambda2_mean": 0.14435938852563168,
        "lambda2_std": 0.16757430925257039
      }
    },
    {
      "number": 3,
      "state": "COMPLETE",
      "params": {
        "lr": 0.0003027942280492663,
        "batch_size": 8,
        "cotrain_epochs": 6,
        "finetune_patience": 9,
        "weight_decay": 0.058456472281352895,
        "warmup_ratio": 0.14879955140449827
      },
      "dev_macro_f1": 0.073529,
      "duration_seconds": 131.9,
      "full_metrics": {
        "event": "canada_wildfires_2016",
        "budget": 5,
        "seed_set": 3,
        "test_error_rate": 58.20224719101124,
        "test_macro_f1": 0.07369255150554675,
        "test_ece": 0.4023337116402187,
        "test_per_class_f1": [
          0.0,
          0.0,
          0.0,
          0.0,
          0.0,
          0.0,
          0.589540412044374,
          0.0
        ],
        "dev_error_rate": 58.33333333333333,
        "dev_macro_f1": 0.07352941176470588,
        "dev_ece": 0.4036445863414229,
        "stopping_strategy": "baseline",
        "phase1_seed_strategy": "last",
        "phase1_best_epoch": null,
        "lambda1_mean": 0.4563715898698593,
        "lambda1_std": 0.4299206570336747,
        "lambda2_mean": 0.2025854731319129,
        "lambda2_std": 0.22233812347084878
      }
    },
    {
      "number": 4,
      "state": "COMPLETE",
      "params": {
        "lr": 0.0003433476795194709,
        "batch_size": 8,
        "cotrain_epochs": 9,
        "finetune_patience": 8,
        "weight_decay": 0.0502073647628655,
        "warmup_ratio": 0.24362903891353146
      },
      "dev_macro_f1": 0.073529,
      "duration_seconds": 188.5,
      "full_metrics": {
        "event": "canada_wildfires_2016",
        "budget": 5,
        "seed_set": 3,
        "test_error_rate": 58.20224719101124,
        "test_macro_f1": 0.07369255150554675,
        "test_ece": 0.3749731282169899,
        "test_per_class_f1": [
          0.0,
          0.0,
          0.0,
          0.0,
          0.0,
          0.0,
          0.589540412044374,
          0.0
        ],
        "dev_error_rate": 58.33333333333333,
        "dev_macro_f1": 0.07352941176470588,
        "dev_ece": 0.37628532214122906,
        "stopping_strategy": "baseline",
        "phase1_seed_strategy": "last",
        "phase1_best_epoch": null,
        "lambda1_mean": 0.5381665789572527,
        "lambda1_std": 0.4172350177465166,
        "lambda2_mean": 0.1791609440851134,
        "lambda2_std": 0.2020344969912601
      }
    },
    {
      "number": 5,
      "state": "COMPLETE",
      "params": {
        "lr": 0.00018126654415440697,
        "batch_size": 64,
        "cotrain_epochs": 11,
        "finetune_patience": 8,
        "weight_decay": 0.03067395949510057,
        "warmup_ratio": 0.2714804454848003
      },
      "dev_macro_f1": 0.536525,
      "duration_seconds": 123.8,
      "full_metrics": {
        "event": "canada_wildfires_2016",
        "budget": 5,
        "seed_set": 3,
        "test_error_rate": 24.943820224719104,
        "test_macro_f1": 0.5605149943426525,