{
  "event": "kerala_floods_2018",
  "budget": 10,
  "seed_set": 3,
  "test_error_rate": 34.007585335018966,
  "test_macro_f1": 0.5536927885008618,
  "test_ece": 0.16204547486474027,
  "test_per_class_f1": [
    0.5,
    0.2564102564102564,
    0.5128205128205128,
    0.8794326241134752,
    0.37681159420289856,
    0.37209302325581395,
    0.620253164556962,
    0.7886767610269915,
    0.676737160120846
  ],
  "dev_error_rate": 30.712530712530718,
  "dev_macro_f1": 0.6159647455997992,
  "dev_ece": 0.15202877126835487,
  "stopping_strategy": "baseline",
  "phase1_seed_strategy": "last",
  "phase1_best_epoch": null,
  "lambda1_mean": 1.0031101836314298,
  "lambda1_std": 0.262337915083151,
  "lambda2_mean": 0.39136873869135,
  "lambda2_std": 0.1636926625877854
}