{
  "event": "hurricane_maria_2017",
  "budget": 5,
  "seed_set": 3,
  "test_error_rate": 83.63384188626907,
  "test_macro_f1": 0.12101897839305645,
  "test_ece": 0.6938045174710132,
  "test_per_class_f1": [
    0.14689265536723164,
    0.0,
    0.27184466019417475,
    0.15317286652078774,
    0.0,
    0.0,
    0.22522522522522523,
    0.0,
    0.2920353982300885
  ],
  "dev_error_rate": 83.01886792452831,
  "dev_macro_f1": 0.1301051237279892,
  "dev_ece": 0.6662309979091114,
  "stopping_strategy": "baseline",
  "phase1_seed_strategy": "last",
  "phase1_best_epoch": null,
  "lambda1_mean": 0.8420637677257529,
  "lambda1_std": 0.3577233884212537,
  "lambda2_mean": 0.3666588127919345,
  "lambda2_std": 0.19529889130104264
}