{
  "event": "hurricane_harvey_2017",
  "budget": 5,
  "seed_set": 3,
  "status": "done",
  "best_params": {
    "lr": 1.4524174992819882e-05,
    "batch_size": 16,
    "cotrain_epochs": 9,
    "finetune_patience": 10,
    "weight_decay": 0.0764398706373488,
    "warmup_ratio": 0.23229153113810985
  },
  "best_value": 0.385259,
  "best_full_metrics": {
    "event": "hurricane_harvey_2017",
    "budget": 5,
    "seed_set": 3,
    "test_error_rate": 58.337950138504155,
    "test_macro_f1": 0.39948685458749966,
    "test_ece": 0.41302482339648994,
    "test_per_class_f1": [
      0.3611111111111111,
      0.0,
      0.5529157667386609,
      0.89198606271777,
      0.15434083601286175,
      0.3252336448598131,
      0.18421052631578946,
      0.4940047961630695,
      0.631578947368421
    ],
    "dev_error_rate": 60.60279870828849,
    "dev_macro_f1": 0.38525907258856634,
    "dev_ece": 0.44150516923328526,
    "stopping_strategy": "baseline",
    "phase1_seed_strategy": "last",
    "phase1_best_epoch": null,
    "lambda1_mean": 0.9702487879040849,
    "lambda1_std": 0.28935400771399633,
    "lambda2_mean": 0.3817647443998285,
    "lambda2_std": 0.17206229508975981
  },
  "n_trials": 10,
  "continued_from": null,
  "trials": [
    {
      "number": 0,
      "state": "COMPLETE",
      "params": {
        "lr": 0.0005998532424602729,
        "batch_size": 32,
        "cotrain_epochs": 7,
        "finetune_patience": 6,
        "weight_decay": 0.030210792388081623,
        "warmup_ratio": 0.059170780261537125
      },
      "dev_macro_f1": 0.007846,
      "duration_seconds": 370.9,
      "full_metrics": {
        "event": "hurricane_harvey_2017",
        "budget": 5,
        "seed_set": 3,
        "test_error_rate": 96.34349030470915,
        "test_macro_f1": 0.007838945305540709,
        "test_ece": 0.5680048175795918,
        "test_per_class_f1": [
          0.0,
          0.0,
          0.0,
          0.0,
          0.0,
          0.0,
          0.07055050774986638,
          0.0,
          0.0
        ],
        "dev_error_rate": 96.34015069967707,
        "dev_macro_f1": 0.007845852082612207,
        "dev_ece": 0.567971420750038,
        "stopping_strategy": "baseline",
        "phase1_seed_strategy": "last",
        "phase1_best_epoch": null,
        "lambda1_mean": 0.2671370148575269,
        "lambda1_std": 0.20758701988915929,
        "lambda2_mean": 0.11687489638079612,
        "lambda2_std": 0.09603827370103991
      }
    },
    {
      "number": 1,
      "state": "COMPLETE",
      "params": {
        "lr": 2.026607130798041e-05,
        "batch_size": 32,
        "cotrain_epochs": 9,
        "finetune_patience": 6,
        "weight_decay": 0.030401525248757878,
        "warmup_ratio": 0.21087734315862552
      },
      "dev_macro_f1": 0.375808,
      "duration_seconds": 495.0,
      "full_metrics": {
        "event": "hurricane_harvey_2017",
        "budget": 5,
        "seed_set": 3,
        "test_error_rate": 58.94736842105264,
        "test_macro_f1": 0.39439935224603706,
        "test_ece": 0.4219211457921527,
        "test_per_class_f1": [
          0.35327635327635326,
          0.0,
          0.5426008968609866,
          0.8767123287671232,
          0.1453287197231834,
          0.35815602836879434,
          0.17131474103585656,
          0.4889975550122249,
          0.6132075471698113
        ],
        "dev_error_rate": 61.786867599569426,
        "dev_macro_f1": 0.37580838358402024,
        "dev_ece": 0.4401426575155638,
        "stopping_strategy": "baseline",
        "phase1_seed_strategy": "last",
        "phase1_best_epoch": null,
        "lambda1_mean": 0.9722362319884741,
        "lambda1_std": 0.28584881699192183,
        "lambda2_mean": 0.38083431095916215,
        "lambda2_std": 0.16847385222915548
      }
    },
    {
      "number": 2,
      "state": "COMPLETE",
      "params": {
        "lr": 1.4524174992819882e-05,
        "batch_size": 16,
        "cotrain_epochs": 9,
        "finetune_patience": 10,
        "weight_decay": 0.0764398706373488,
        "warmup_ratio": 0.23229153113810985
      },
      "dev_macro_f1": 0.385259,
      "duration_seconds": 603.3,
      "full_metrics": {
        "event": "hurricane_harvey_2017",
        "budget": 5,
        "seed_set": 3,
        "test_error_rate": 58.337950138504155,
        "test_macro_f1": 0.39948685458749966,
        "test_ece": 0.41302482339648994,
        "test_per_class_f1": [
          0.3611111111111111,
          0.0,
          0.5529157667386609,
          0.89198606271777,
          0.15434083601286175,
          0.3252336448598131,
          0.18421052631578946,
          0.4940047961630695,
          0.631578947368421
        ],
        "dev_error_rate": 60.60279870828849,
        "dev_macro_f1": 0.38525907258856634,
        "dev_ece": 0.44150516923328526,
        "stopping_strategy": "baseline",
        "phase1_seed_strategy": "last",
        "phase1_best_epoch": null,
        "lambda1_mean": 0.9702487879040849,
        "lambda1_std": 0.28935400771399633,
        "lambda2_mean": 0.3817647443998285,
        "lambda2_std": 0.17206229508975981
      }
    },
    {
      "number": 3,
      "state": "COMPLETE",
      "params": {
        "lr": 3.250802359103172e-05,
        "batch_size": 32,
        "cotrain_epochs": 7,
        "finetune_patience": 7,
        "weight_decay": 0.03650820268674596,
        "warmup_ratio": 0.16061325824839712
      },
      "dev_macro_f1": 0.379348,
      "duration_seconds": 396.3,
      "full_metrics": {
        "event": "hurricane_harvey_2017",
        "budget": 5,
        "seed_set": 3,
        "test_error_rate": 60.72022160664821,
        "test_macro_f1": 0.38333648146662846,
        "test_ece": 0.44539401679818325,
        "test_per_class_f1": [
          0.35398230088495575,
          0.0,
          0.5191873589164786,
          0.8811188811188811,
          0.14953271028037382,
          0.31835205992509363,
          0.17870722433460076,
          0.46943765281173594,
          0.5797101449275363
        ],
        "dev_error_rate": 62.002152852529605,
        "dev_macro_f1": 0.37934816403907246,
        "dev_ece": 0.4584845184189126,
        "stopping_strategy": "baseline",
        "phase1_seed_strategy": "last",
        "phase1_best_epoch": null,
        "lambda1_mean": 0.9914259497654824,
        "lambda1_std": 0.27113897330741965,
        "lambda2_mean": 0.3965502283000898,
        "lambda2_std": 0.17063701282597962
      }
    },
    {
      "number": 4,
      "state": "COMPLETE",
      "params": {
        "lr": 0.0001287832436565739,
        "batch_size": 8,
        "cotrain_epochs": 6,
        "finetune_patience": 8,
        "weight_decay": 0.07408614669907986,
        "warmup_ratio": 0.28815001675459045
      },
      "dev_macro_f1": 0.007846,
      "duration_seconds": 568.0,
      "full_metrics": {
        "event": "hurricane_harvey_2017",
        "budget": 5,
        "seed_set": 3,
        "test_error_rate": 96.34349030470915,
        "test_macro_f1": 0.007838945305540709,
        "test_ece": 0.5097308547212808,
        "test_per_class_f1": [
          0.0,
          0.0,
          0.0,
          0.0,
          0.0,
          0.0,
          0.07055050774986638,
          0.0,
          0.0
        ],
        "dev_error_rate": 96.34015069967707,
        "dev_macro_f1": 0.007845852082612207,
        "dev_ece": 0.5096974687247795,
        "stopping_strategy": "baseline",
        "phase1_seed_strategy": "last",
        "phase1_best_epoch": null,
        "lambda1_mean": 0.5602275869224022,
        "lambda1_std": 0.2533466035507016,
        "lambda2_mean": 0.08246371020943997,
        "lambda2_std": 0.10279702152274128
      }
    },
    {
      "number": 5,
      "state": "COMPLETE",
      "params": {
        "lr": 0.00035914318113249136,
        "batch_size": 8,
        "cotrain_epochs": 13,
        "finetune_patience": 7,
        "weight_decay": 0.03354032225270711,
        "warmup_ratio": 0.2994360928546836
      },