{
  "event": "hurricane_florence_2018",
  "budget": 50,
  "seed_set": 2,
  "test_error_rate": 26.833199033037868,
  "test_macro_f1": 0.6738923627516268,
  "test_ece": 0.0785064894426839,
  "test_per_class_f1": [
    0.70042194092827,
    0.7750865051903114,
    0.6419753086419753,
    0.9007633587786259,
    0.837772397094431,
    0.30927835051546393,
    0.26865671641791045,
    0.8176795580110497,
    0.8133971291866029
  ],
  "dev_error_rate": 25.665101721439754,
  "dev_macro_f1": 0.6668427535664367,
  "dev_ece": 0.0841485613108801,
  "stopping_strategy": "baseline",
  "phase1_seed_strategy": "last",
  "phase1_best_epoch": null,
  "lambda1_mean": 1.0296909502680731,
  "lambda1_std": 0.2341464822566236,
  "lambda2_mean": 0.5089384408200541,
  "lambda2_std": 0.1649578601277517
}