{
  "event": "hurricane_florence_2018",
  "budget": 10,
  "seed_set": 2,
  "test_error_rate": 48.58984689766318,
  "test_macro_f1": 0.4602574163203453,
  "test_ece": 0.11878679822424934,
  "test_per_class_f1": [
    0.17704918032786884,
    0.5653710247349824,
    0.2283464566929134,
    0.7482014388489209,
    0.7302452316076294,
    0.14414414414414414,
    0.10989010989010989,
    0.717607973421927,
    0.7214611872146118
  ],
  "dev_error_rate": 48.826291079812215,
  "dev_macro_f1": 0.4460984380421148,
  "dev_ece": 0.1181244992874038,
  "stopping_strategy": "baseline",
  "phase1_seed_strategy": "last",
  "phase1_best_epoch": null,
  "lambda1_mean": 0.6599652889596617,
  "lambda1_std": 0.10907675276237223,
  "lambda2_mean": 0.1798741940682637,
  "lambda2_std": 0.06602564730975163
}