{
  "event": "hurricane_irma_2017",
  "budget": 50,
  "seed_set": 3,
  "status": "done",
  "best_params": {
    "lr": 5.799506783254442e-05,
    "batch_size": 32,
    "cotrain_epochs": 20,
    "finetune_patience": 5,
    "weight_decay": 0.017869957786023394,
    "warmup_ratio": 0.18657717632166923
  },
  "best_value": 0.673834,
  "best_full_metrics": {
    "event": "hurricane_irma_2017",
    "budget": 50,
    "seed_set": 3,
    "test_error_rate": 31.63265306122449,
    "test_macro_f1": 0.6643941390408195,
    "test_ece": 0.17332560272145092,
    "test_per_class_f1": [
      0.6585365853658537,
      0.8125,
      0.8152031454783748,
      0.9340659340659341,
      0.535483870967742,
      0.4426002766251729,
      0.375,
      0.7090620031796503,
      0.6970954356846473
    ],
    "dev_error_rate": 30.48016701461378,
    "dev_macro_f1": 0.6738341027270688,
    "dev_ece": 0.15326286703037073,
    "stopping_strategy": "baseline",
    "phase1_seed_strategy": "last",
    "phase1_best_epoch": null,
    "lambda1_mean": 1.0263305819818827,
    "lambda1_std": 0.2515790911730613,
    "lambda2_mean": 0.6431108247394015,
    "lambda2_std": 0.22634561902688516
  },
  "n_trials": 10,
  "continued_from": null,
  "trials": [
    {
      "number": 0,
      "state": "COMPLETE",
      "params": {
        "lr": 4.896587980254593e-05,
        "batch_size": 16,
        "cotrain_epochs": 18,
        "finetune_patience": 9,
        "weight_decay": 0.05444673889486617,
        "warmup_ratio": 0.2075133985948878
      },
      "dev_macro_f1": 0.649051,
      "duration_seconds": 926.8,
      "full_metrics": {
        "event": "hurricane_irma_2017",
        "budget": 50,
        "seed_set": 3,
        "test_error_rate": 31.310418904403868,
        "test_macro_f1": 0.6652983788637152,
        "test_ece": 0.17228966448796162,
        "test_per_class_f1": [
          0.6541353383458647,
          0.8158640226628895,
          0.8173690932311622,
          0.9388888888888889,
          0.5637583892617449,
          0.43909348441926344,
          0.34285714285714286,
          0.7084019769357496,
          0.7073170731707317
        ],
        "dev_error_rate": 32.567849686847595,
        "dev_macro_f1": 0.6490507800424421,
        "dev_ece": 0.18650216620127696,
        "stopping_strategy": "baseline",
        "phase1_seed_strategy": "last",
        "phase1_best_epoch": null,
        "lambda1_mean": 0.9917209354926686,
        "lambda1_std": 0.26886378785325843,
        "lambda2_mean": 0.6824565755278494,
        "lambda2_std": 0.2672113837797544
      }
    },
    {
      "number": 1,
      "state": "COMPLETE",
      "params": {
        "lr": 0.0002993406808838082,
        "batch_size": 16,
        "cotrain_epochs": 11,
        "finetune_patience": 9,
        "weight_decay": 0.00312292901813146,
        "warmup_ratio": 0.2813086660419625
      },
      "dev_macro_f1": 0.044519,
      "duration_seconds": 614.7,
      "full_metrics": {
        "event": "hurricane_irma_2017",
        "budget": 50,
        "seed_set": 3,
        "test_error_rate": 74.91944146079484,
        "test_macro_f1": 0.0445589427985306,
        "test_ece": 0.09828743817150656,
        "test_per_class_f1": [
          0.0,
          0.0,
          0.0,
          0.0,
          0.0,
          0.4010304851867754,
          0.0,
          0.0,
          0.0
        ],
        "dev_error_rate": 74.94780793319416,
        "dev_macro_f1": 0.044518642181413465,
        "dev_ece": 0.09800376775742572,
        "stopping_strategy": "baseline",
        "phase1_seed_strategy": "last",
        "phase1_best_epoch": null,
        "lambda1_mean": 0.4652599670700803,
        "lambda1_std": 0.2021010619230114,
        "lambda2_mean": 0.06775754202737938,
        "lambda2_std": 0.07544987480203409
      }
    },
    {
      "number": 2,
      "state": "COMPLETE",
      "params": {
        "lr": 0.00011126961827775715,
        "batch_size": 8,
        "cotrain_epochs": 9,
        "finetune_patience": 8,
        "weight_decay": 0.0200471481261441,
        "warmup_ratio": 0.2122642600446411
      },
      "dev_macro_f1": 0.044519,
      "duration_seconds": 817.9,
      "full_metrics": {
        "event": "hurricane_irma_2017",
        "budget": 50,
        "seed_set": 3,
        "test_error_rate": 74.91944146079484,
        "test_macro_f1": 0.0445589427985306,
        "test_ece": 0.13214499609010688,
        "test_per_class_f1": [
          0.0,
          0.0,
          0.0,
          0.0,
          0.0,
          0.4010304851867754,
          0.0,
          0.0,
          0.0
        ],
        "dev_error_rate": 74.94780793319416,
        "dev_macro_f1": 0.044518642181413465,
        "dev_ece": 0.13186133559598803,
        "stopping_strategy": "baseline",
        "phase1_seed_strategy": "last",
        "phase1_best_epoch": null,
        "lambda1_mean": 0.3917779978628442,
        "lambda1_std": 0.20560098052469614,
        "lambda2_mean": 0.06670750757519014,
        "lambda2_std": 0.07078986270992256
      }
    },
    {
      "number": 3,
      "state": "COMPLETE",
      "params": {
        "lr": 0.0002138026174304511,
        "batch_size": 64,
        "cotrain_epochs": 17,
        "finetune_patience": 7,
        "weight_decay": 0.07747561790701057,
        "warmup_ratio": 0.21445169578459802
      },
      "dev_macro_f1": 0.643598,
      "duration_seconds": 702.2,
      "full_metrics": {
        "event": "hurricane_irma_2017",
        "budget": 50,
        "seed_set": 3,
        "test_error_rate": 33.673469387755105,
        "test_macro_f1": 0.6372959034274195,
        "test_ece": 0.10816737895813462,
        "test_per_class_f1": [
          0.6384615384615384,
          0.831858407079646,
          0.8322496749024707,
          0.9173333333333333,
          0.474025974025974,
          0.41225626740947074,
          0.2905982905982906,
          0.6722129783693843,
          0.6666666666666666
        ],
        "dev_error_rate": 31.315240083507312,
        "dev_macro_f1": 0.6435975315867641,
        "dev_ece": 0.09215913899631739,
        "stopping_strategy": "baseline",
        "phase1_seed_strategy": "last",
        "phase1_best_epoch": null,
        "lambda1_mean": 0.9884396316402061,
        "lambda1_std": 0.3419499265892032,
        "lambda2_mean": 0.6160435695877154,
        "lambda2_std": 0.29841058367082046
      }
    },
    {
      "number": 4,
      "state": "COMPLETE",
      "params": {
        "lr": 0.0003656417170352854,
        "batch_size": 8,
        "cotrain_epochs": 16,
        "finetune_patience": 6,
        "weight_decay": 0.021769059691735804,
        "warmup_ratio": 0.057595595001949995
      },
      "dev_macro_f1": 0.044519,
      "duration_seconds": 1357.7,
      "full_metrics": {
        "event": "hurricane_irma_2017",
        "budget": 50,
        "seed_set": 3,
        "test_error_rate": 74.91944146079484,
        "test_macro_f1": 0.0445589427985306,
        "test_ece": 0.12519174001142622,
        "test_per_class_f1": [
          0.0,
          0.0,
          0.0,
          0.0,
          0.0,
          0.4010304851867754,
          0.0,
          0.0,
          0.0
        ],
        "dev_error_rate": 74.94780793319416,
        "dev_macro_f1": 0.044518642181413465,
        "dev_ece": 0.12490807543654531,
        "stopping_strategy": "baseline",
        "phase1_seed_strategy": "last",
        "phase1_best_epoch": null,
        "lambda1_mean": 0.2356952670066985,
        "lambda1_std": 0.18054987533753086,
        "lambda2_mean": 0.12933351097105358,
        "lambda2_std": 0.1122636154852469
      }
    },
    {
      "number": 5,
      "state": "COMPLETE",
      "params": {
        "lr": 0.00042576974945226874,
        "batch_size": 8,
        "cotrain_epochs": 16,
        "finetune_patience": 7,
        "weight_decay": 0.09558258505024803,
        "warmup_ratio": 0.10822130063416664
      },
      "dev_macro_f1": 0.044519,
      "duration_seconds": 1219.4,