{
  "event": "canada_wildfires_2016",
  "budget": 25,
  "seed_set": 3,
  "status": "done",
  "best_params": {
    "lr": 2.4227144881662813e-05,
    "batch_size": 32,
    "cotrain_epochs": 16,
    "finetune_patience": 7,
    "weight_decay": 0.046795403578550436,
    "warmup_ratio": 0.21172797773329846
  },
  "best_value": 0.6977,
  "best_full_metrics": {
    "event": "canada_wildfires_2016",
    "budget": 25,
    "seed_set": 3,
    "test_error_rate": 22.92134831460674,
    "test_macro_f1": 0.6156422610890402,
    "test_ece": 0.07198191338710576,
    "test_per_class_f1": [
      0.4166666666666667,
      0.8662420382165605,
      0.8888888888888888,
      0.34782608695652173,
      0.4158415841584158,
      0.2857142857142857,
      0.8975069252077562,
      0.8064516129032258
    ],
    "dev_error_rate": 20.175438596491226,
    "dev_macro_f1": 0.6977002813225122,
    "dev_ece": 0.09989843504470694,
    "stopping_strategy": "baseline",
    "phase1_seed_strategy": "last",
    "phase1_best_epoch": null,
    "lambda1_mean": 0.997215521463036,
    "lambda1_std": 0.23462423619358175,
    "lambda2_mean": 0.44256655900160785,
    "lambda2_std": 0.170120119248347
  },
  "n_trials": 10,
  "continued_from": null,
  "trials": [
    {
      "number": 0,
      "state": "COMPLETE",
      "params": {
        "lr": 0.00044342366589559596,
        "batch_size": 64,
        "cotrain_epochs": 6,
        "finetune_patience": 5,
        "weight_decay": 0.0409663202177248,
        "warmup_ratio": 0.18478306596043406
      },
      "dev_macro_f1": 0.073529,
      "duration_seconds": 76.9,
      "full_metrics": {
        "event": "canada_wildfires_2016",
        "budget": 25,
        "seed_set": 3,
        "test_error_rate": 58.20224719101124,
        "test_macro_f1": 0.07369255150554675,
        "test_ece": 0.07007309506448467,
        "test_per_class_f1": [
          0.0,
          0.0,
          0.0,
          0.0,
          0.0,
          0.0,
          0.589540412044374,
          0.0
        ],
        "dev_error_rate": 58.33333333333333,
        "dev_macro_f1": 0.07352941176470588,
        "dev_ece": 0.06876220946249212,
        "stopping_strategy": "baseline",
        "phase1_seed_strategy": "last",
        "phase1_best_epoch": null,
        "lambda1_mean": 0.7685557891295709,
        "lambda1_std": 0.3594490065488046,
        "lambda2_mean": 0.14379943387835145,
        "lambda2_std": 0.1569192566247309
      }
    },
    {
      "number": 1,
      "state": "COMPLETE",
      "params": {
        "lr": 0.0003946881159308393,
        "batch_size": 8,
        "cotrain_epochs": 19,
        "finetune_patience": 7,
        "weight_decay": 0.043429215316193495,
        "warmup_ratio": 0.16189334176801062
      },
      "dev_macro_f1": 0.073529,
      "duration_seconds": 326.6,
      "full_metrics": {
        "event": "canada_wildfires_2016",
        "budget": 25,
        "seed_set": 3,
        "test_error_rate": 58.20224719101124,
        "test_macro_f1": 0.07369255150554675,
        "test_ece": 0.25769965052604676,
        "test_per_class_f1": [
          0.0,
          0.0,
          0.0,
          0.0,
          0.0,
          0.0,
          0.589540412044374,
          0.0
        ],
        "dev_error_rate": 58.33333333333333,
        "dev_macro_f1": 0.07352941176470588,
        "dev_ece": 0.25638879051333985,
        "stopping_strategy": "baseline",
        "phase1_seed_strategy": "last",
        "phase1_best_epoch": null,
        "lambda1_mean": 0.6129657223119764,
        "lambda1_std": 0.44323262145297826,
        "lambda2_mean": 0.22036134438597654,
        "lambda2_std": 0.24615576704711997
      }
    },
    {
      "number": 2,
      "state": "COMPLETE",
      "params": {
        "lr": 5.207318786962224e-05,
        "batch_size": 32,
        "cotrain_epochs": 11,
        "finetune_patience": 10,
        "weight_decay": 0.05415475359122736,
        "warmup_ratio": 0.20369715316010104
      },
      "dev_macro_f1": 0.671539,
      "duration_seconds": 139.0,
      "full_metrics": {
        "event": "canada_wildfires_2016",
        "budget": 25,
        "seed_set": 3,
        "test_error_rate": 24.269662921348313,
        "test_macro_f1": 0.5977297008547009,
        "test_ece": 0.07585495154509385,
        "test_per_class_f1": [
          0.4444444444444444,
          0.875,
          0.8703703703703703,
          0.23076923076923078,
          0.4380952380952381,
          0.26666666666666666,
          0.8945868945868946,
          0.7619047619047619
        ],
        "dev_error_rate": 19.736842105263154,
        "dev_macro_f1": 0.6715388253817047,
        "dev_ece": 0.0743109264917541,
        "stopping_strategy": "baseline",
        "phase1_seed_strategy": "last",
        "phase1_best_epoch": null,
        "lambda1_mean": 0.9907830761151649,
        "lambda1_std": 0.24492369550633367,
        "lambda2_mean": 0.451369016750822,
        "lambda2_std": 0.19661654865198244
      }
    },
    {
      "number": 3,
      "state": "COMPLETE",
      "params": {
        "lr": 1.465897165519091e-05,
        "batch_size": 16,
        "cotrain_epochs": 17,
        "finetune_patience": 8,
        "weight_decay": 0.031414113906364304,
        "warmup_ratio": 0.07405933914012615
      },
      "dev_macro_f1": 0.601607,
      "duration_seconds": 220.6,
      "full_metrics": {
        "event": "canada_wildfires_2016",
        "budget": 25,
        "seed_set": 3,
        "test_error_rate": 24.269662921348313,
        "test_macro_f1": 0.5799052099571647,
        "test_ece": 0.11839253132262925,
        "test_per_class_f1": [
          0.5,
          0.8607594936708861,
          0.8421052631578947,
          0.32,
          0.43243243243243246,
          0.0,
          0.8774928774928775,
          0.8064516129032258
        ],
        "dev_error_rate": 21.052631578947366,
        "dev_macro_f1": 0.6016072907116917,
        "dev_ece": 0.1309117174200844,
        "stopping_strategy": "baseline",
        "phase1_seed_strategy": "last",
        "phase1_best_epoch": null,
        "lambda1_mean": 1.0436543146000243,
        "lambda1_std": 0.22406089475861277,
        "lambda2_mean": 0.5473906711865602,
        "lambda2_std": 0.17406248167099395
      }
    },
    {
      "number": 4,
      "state": "COMPLETE",
      "params": {
        "lr": 3.164814674021297e-05,
        "batch_size": 16,
        "cotrain_epochs": 5,
        "finetune_patience": 6,
        "weight_decay": 0.07536018993684034,
        "warmup_ratio": 0.036928789368742616
      },
      "dev_macro_f1": 0.686755,
      "duration_seconds": 91.9,
      "full_metrics": {
        "event": "canada_wildfires_2016",
        "budget": 25,
        "seed_set": 3,
        "test_error_rate": 22.696629213483142,
        "test_macro_f1": 0.5835046743304123,
        "test_ece": 0.045703296647982665,
        "test_per_class_f1": [
          0.3888888888888889,
          0.8496732026143791,
          0.8761904761904762,
          0.34615384615384615,
          0.5045045045045045,
          0.0,
          0.8961748633879781,
          0.8064516129032258
        ],
        "dev_error_rate": 20.175438596491226,
        "dev_macro_f1": 0.6867549800699206,
        "dev_ece": 0.061612580036907894,
        "stopping_strategy": "baseline",
        "phase1_seed_strategy": "last",
        "phase1_best_epoch": null,
        "lambda1_mean": 0.9360373898618484,
        "lambda1_std": 0.2666925960351264,
        "lambda2_mean": 0.4379614863803864,
        "lambda2_std": 0.19803142185030484
      }
    },
    {
      "number": 5,
      "state": "COMPLETE",
      "params": {
        "lr": 2.4227144881662813e-05,
        "batch_size": 32,
        "cotrain_epochs": 16,
        "finetune_patience": 7,
        "weight_decay": 0.046795403578550436,
        "warmup_ratio": 0.21172797773329846
      },
      "dev_macro_f1": 0.6977,
      "duration_seconds": 187.5,
      "full_metrics": {
        "event": "canada_wildfires_2016",
        "budget": 25,