{
  "event": "hurricane_dorian_2019",
  "budget": 25,
  "seed_set": 1,
  "test_error_rate": 35.212201591511935,
  "test_macro_f1": 0.5454033736894587,
  "test_ece": 0.13412750598329767,
  "test_per_class_f1": [
    0.6125461254612546,
    0.8509485094850948,
    0.6231454005934718,
    0.13333333333333333,
    0.6094182825484764,
    0.3857442348008386,
    0.08695652173913043,
    0.8046511627906977,
    0.8018867924528302
  ],
  "dev_error_rate": 34.5360824742268,
  "dev_macro_f1": 0.6188745516380636,
  "dev_ece": 0.13177034016890626,
  "stopping_strategy": "baseline",
  "phase1_seed_strategy": "last",
  "phase1_best_epoch": null,
  "lambda1_mean": 1.0212625045325403,
  "lambda1_std": 0.27661296467830565,
  "lambda2_mean": 0.5158306474924106,
  "lambda2_std": 0.19503271104494135
}