{
  "event": "hurricane_florence_2018",
  "budget": 50,
  "seed_set": 1,
  "test_error_rate": 25.946817082997587,
  "test_macro_f1": 0.6716827993433152,
  "test_ece": 0.06050004998010364,
  "test_per_class_f1": [
    0.7010752688172043,
    0.7835051546391752,
    0.5652173913043478,
    0.9193548387096774,
    0.8387096774193549,
    0.3147208121827411,
    0.24390243902439024,
    0.8500881834215167,
    0.8285714285714286
  ],
  "dev_error_rate": 25.665101721439754,
  "dev_macro_f1": 0.6497782373604032,
  "dev_ece": 0.07532257825742492,
  "stopping_strategy": "baseline",
  "phase1_seed_strategy": "last",
  "phase1_best_epoch": null,
  "lambda1_mean": 1.075097577359337,
  "lambda1_std": 0.12414993497879913,
  "lambda2_mean": 0.5488670301595566,
  "lambda2_std": 0.11194386707202177
}