{
  "event": "kaikoura_earthquake_2016",
  "budget": 50,
  "seed_set": 3,
  "test_error_rate": 23.448275862068968,
  "test_macro_f1": 0.6706983588381841,
  "test_ece": 0.07933562918641103,
  "test_per_class_f1": [
    0.7333333333333333,
    0.5714285714285714,
    0.8461538461538461,
    0.9333333333333333,
    0.5925925925925926,
    0.5714285714285714,
    0.0,
    0.8666666666666667,
    0.9213483146067416
  ],
  "dev_error_rate": 26.339285714285708,
  "dev_macro_f1": 0.6658517975824887,
  "dev_ece": 0.08992861863225701,
  "stopping_strategy": "baseline",
  "phase1_seed_strategy": "last",
  "phase1_best_epoch": null,
  "lambda1_mean": 0.8231468061809262,
  "lambda1_std": 0.2543758325731628,
  "lambda2_mean": 0.28101035900331667,
  "lambda2_std": 0.14369180519464408
}