{
  "event": "hurricane_dorian_2019",
  "budget": 25,
  "seed_set": 1,
  "test_error_rate": 49.13793103448276,
  "test_macro_f1": 0.4643869918573443,
  "test_ece": 0.10932553789778475,
  "test_per_class_f1": [
    0.48333333333333334,
    0.8435754189944135,
    0.3234323432343234,
    0.17857142857142858,
    0.4589041095890411,
    0.22443890274314215,
    0.12355212355212356,
    0.7775061124694377,
    0.7661691542288557
  ],
  "dev_error_rate": 49.74226804123711,
  "dev_macro_f1": 0.4679008529270756,
  "dev_ece": 0.12918129019900082,
  "stopping_strategy": "baseline",
  "phase1_seed_strategy": "last",
  "phase1_best_epoch": null,
  "lambda1_mean": 0.5058167212742479,
  "lambda1_std": 0.12151167782946502,
  "lambda2_mean": 0.13051551947747744,
  "lambda2_std": 0.03873024670096593
}