{
  "event": "cyclone_idai_2019",
  "budget": 5,
  "seed_set": 2,
  "status": "done",
  "best_params": {
    "lr": 6.357598975858835e-05,
    "batch_size": 8,
    "cotrain_epochs": 19,
    "finetune_patience": 9,
    "weight_decay": 0.028059885212025005,
    "warmup_ratio": 0.1424583900010221
  },
  "best_value": 0.408485,
  "best_full_metrics": {
    "event": "cyclone_idai_2019",
    "budget": 5,
    "seed_set": 2,
    "test_error_rate": 49.03722721437741,
    "test_macro_f1": 0.3573908064357906,
    "test_ece": 0.3413690388661753,
    "test_per_class_f1": [
      0.37209302325581395,
      0.0975609756097561,
      0.14634146341463414,
      0.7570621468926554,
      0.16326530612244897,
      0.17777777777777778,
      0.2684563758389262,
      0.10909090909090909,
      0.6756302521008404,
      0.8066298342541437
    ],
    "dev_error_rate": 46.38403990024938,
    "dev_macro_f1": 0.4084848346281883,
    "dev_ece": 0.32781716794741717,
    "stopping_strategy": "baseline",
    "phase1_seed_strategy": "last",
    "phase1_best_epoch": null,
    "lambda1_mean": 1.055145691005531,
    "lambda1_std": 0.19396435993588818,
    "lambda2_mean": 0.5817377459330876,
    "lambda2_std": 0.18136680795145377
  },
  "n_trials": 10,
  "continued_from": null,
  "trials": [
    {
      "number": 0,
      "state": "COMPLETE",
      "params": {
        "lr": 1.1170293591653786e-05,
        "batch_size": 64,
        "cotrain_epochs": 8,
        "finetune_patience": 6,
        "weight_decay": 0.0978003211573566,
        "warmup_ratio": 0.22583254868378486
      },
      "dev_macro_f1": 0.312413,
      "duration_seconds": 376.6,
      "full_metrics": {
        "event": "cyclone_idai_2019",
        "budget": 5,
        "seed_set": 2,
        "test_error_rate": 43.26059050064185,
        "test_macro_f1": 0.2938282430460877,
        "test_ece": 0.17798153160854852,
        "test_per_class_f1": [
          0.0,
          0.0,
          0.0,
          0.76,
          0.0,
          0.1724137931034483,
          0.33204633204633205,
          0.14432989690721648,
          0.7361963190184049,
          0.7932960893854749
        ],
        "dev_error_rate": 41.39650872817955,
        "dev_macro_f1": 0.3124132014268188,
        "dev_ece": 0.146735692782295,
        "stopping_strategy": "baseline",
        "phase1_seed_strategy": "last",
        "phase1_best_epoch": null,
        "lambda1_mean": 0.5718171850287423,
        "lambda1_std": 0.30926733488941827,
        "lambda2_mean": 0.17721102430423052,
        "lambda2_std": 0.12678986288389987
      }
    },
    {
      "number": 1,
      "state": "COMPLETE",
      "params": {
        "lr": 2.4308109879606473e-05,
        "batch_size": 64,
        "cotrain_epochs": 12,
        "finetune_patience": 4,
        "weight_decay": 0.0837231452155698,
        "warmup_ratio": 0.0429295671107343
      },
      "dev_macro_f1": 0.364714,
      "duration_seconds": 522.1,
      "full_metrics": {
        "event": "cyclone_idai_2019",
        "budget": 5,
        "seed_set": 2,
        "test_error_rate": 47.881899871630296,
        "test_macro_f1": 0.3400710391799321,
        "test_ece": 0.31178651101628985,
        "test_per_class_f1": [
          0.41025641025641024,
          0.07058823529411765,
          0.0,
          0.7840909090909091,
          0.0,
          0.21951219512195122,
          0.25301204819277107,
          0.1724137931034483,
          0.7022653721682848,
          0.7885714285714286
        ],
        "dev_error_rate": 45.386533665835415,
        "dev_macro_f1": 0.364714114291671,
        "dev_ece": 0.27213480050427064,
        "stopping_strategy": "baseline",
        "phase1_seed_strategy": "last",
        "phase1_best_epoch": null,
        "lambda1_mean": 0.9116436847741584,
        "lambda1_std": 0.31061939273585537,
        "lambda2_mean": 0.3848442471659081,
        "lambda2_std": 0.20247105576504704
      }
    },
    {
      "number": 2,
      "state": "COMPLETE",
      "params": {
        "lr": 1.553003925548069e-05,
        "batch_size": 32,
        "cotrain_epochs": 20,
        "finetune_patience": 6,
        "weight_decay": 0.06456591829702722,
        "warmup_ratio": 0.03118089191261739
      },
      "dev_macro_f1": 0.373151,
      "duration_seconds": 902.7,
      "full_metrics": {
        "event": "cyclone_idai_2019",
        "budget": 5,
        "seed_set": 2,
        "test_error_rate": 47.496790757381255,
        "test_macro_f1": 0.3451394486620947,
        "test_ece": 0.3620934037250181,
        "test_per_class_f1": [
          0.43478260869565216,
          0.0547945205479452,
          0.0,
          0.7845303867403315,
          0.07142857142857142,
          0.20689655172413793,
          0.2787878787878788,
          0.14035087719298245,
          0.700162074554295,
          0.7796610169491526
        ],
        "dev_error_rate": 44.88778054862843,
        "dev_macro_f1": 0.3731513903283411,
        "dev_ece": 0.3391742513810012,
        "stopping_strategy": "baseline",
        "phase1_seed_strategy": "last",
        "phase1_best_epoch": null,
        "lambda1_mean": 1.0050311703822747,
        "lambda1_std": 0.2828684837932032,
        "lambda2_mean": 0.5288012118479986,
        "lambda2_std": 0.2055920063580584
      }
    },
    {
      "number": 3,
      "state": "COMPLETE",
      "params": {
        "lr": 4.4275602899268824e-05,
        "batch_size": 16,
        "cotrain_epochs": 19,
        "finetune_patience": 4,
        "weight_decay": 0.012093323367949993,
        "warmup_ratio": 0.12063132463012252
      },
      "dev_macro_f1": 0.375798,
      "duration_seconds": 928.9,
      "full_metrics": {
        "event": "cyclone_idai_2019",
        "budget": 5,
        "seed_set": 2,
        "test_error_rate": 48.90885750962772,
        "test_macro_f1": 0.35355141671651297,
        "test_ece": 0.404035795714338,
        "test_per_class_f1": [
          0.37209302325581395,
          0.10526315789473684,
          0.0,
          0.7701149425287356,
          0.23529411764705882,
          0.1797752808988764,
          0.3027027027027027,
          0.12612612612612611,
          0.6855241264559068,
          0.7586206896551724
        ],
        "dev_error_rate": 48.87780548628429,
        "dev_macro_f1": 0.37579778500363675,
        "dev_ece": 0.3789615304838689,
        "stopping_strategy": "baseline",
        "phase1_seed_strategy": "last",
        "phase1_best_epoch": null,
        "lambda1_mean": 1.0855044842420993,
        "lambda1_std": 0.17900952420427424,
        "lambda2_mean": 0.5877525206383535,
        "lambda2_std": 0.1620243070816012
      }
    },
    {
      "number": 4,
      "state": "COMPLETE",
      "params": {
        "lr": 1.201424390756898e-05,
        "batch_size": 32,
        "cotrain_epochs": 10,
        "finetune_patience": 9,
        "weight_decay": 0.05024484372783568,
        "warmup_ratio": 0.061845238238769196
      },
      "dev_macro_f1": 0.344609,
      "duration_seconds": 534.5,
      "full_metrics": {
        "event": "cyclone_idai_2019",
        "budget": 5,
        "seed_set": 2,
        "test_error_rate": 48.39537869062901,
        "test_macro_f1": 0.3180919543549581,
        "test_ece": 0.2508185574729881,
        "test_per_class_f1": [
          0.3225806451612903,
          0.06153846153846154,
          0.0,
          0.7553191489361702,
          0.0,
          0.21951219512195122,
          0.20408163265306123,
          0.14173228346456693,
          0.704225352112676,
          0.7719298245614035
        ],
        "dev_error_rate": 45.6359102244389,
        "dev_macro_f1": 0.3446090329183813,
        "dev_ece": 0.20080753295052978,
        "stopping_strategy": "baseline",
        "phase1_seed_strategy": "last",
        "phase1_best_epoch": null,
        "lambda1_mean": 0.8326742902385715,
        "lambda1_std": 0.33610038396359987,
        "lambda2_mean": 0.34302437147540593,