{
  "event": "kerala_floods_2018",
  "budget": 25,
  "seed_set": 2,
  "test_error_rate": 29.83565107458913,
  "test_macro_f1": 0.5645976257411348,
  "test_ece": 0.20851047742080447,
  "test_per_class_f1": [
    0.509090909090909,
    0.23076923076923078,
    0.5170068027210885,
    0.8428571428571429,
    0.3904761904761905,
    0.3779527559055118,
    0.694560669456067,
    0.8391777509068924,
    0.6794871794871795
  ],
  "dev_error_rate": 28.37837837837838,
  "dev_macro_f1": 0.5885907653225526,
  "dev_ece": 0.1915705073670614,
  "stopping_strategy": "baseline",
  "phase1_seed_strategy": "last",
  "phase1_best_epoch": null,
  "lambda1_mean": 1.0325503986755058,
  "lambda1_std": 0.24780793223700648,
  "lambda2_mean": 0.4994514452061576,
  "lambda2_std": 0.18514518589889795
}