{
  "event": "hurricane_florence_2018",
  "budget": 25,
  "seed_set": 1,
  "test_error_rate": 23.85173247381144,
  "test_macro_f1": 0.6783466818487154,
  "test_ece": 0.050670292927890284,
  "test_per_class_f1": [
    0.728448275862069,
    0.823943661971831,
    0.6266666666666667,
    0.9421487603305785,
    0.8434343434343434,
    0.4786885245901639,
    0.0,
    0.8469750889679716,
    0.8148148148148148
  ],
  "dev_error_rate": 24.25665101721439,
  "dev_macro_f1": 0.670727152006505,
  "dev_ece": 0.05039267402859361,
  "stopping_strategy": "baseline",
  "phase1_seed_strategy": "last",
  "phase1_best_epoch": null,
  "lambda1_mean": 1.016497797302424,
  "lambda1_std": 0.27793243700486764,
  "lambda2_mean": 0.49203161702975035,
  "lambda2_std": 0.1760416101760366
}