{
  "event": "hurricane_maria_2017",
  "budget": 5,
  "seed_set": 2,
  "test_error_rate": 56.5880721220527,
  "test_macro_f1": 0.3537897707222716,
  "test_ece": 0.05849697084350823,
  "test_per_class_f1": [
    0.49635036496350365,
    0.1461187214611872,
    0.5074626865671642,
    0.23622047244094488,
    0.2600896860986547,
    0.024539877300613498,
    0.1893939393939394,
    0.7102137767220903,
    0.6137184115523465
  ],
  "dev_error_rate": 54.447439353099725,
  "dev_macro_f1": 0.3696367408795289,
  "dev_ece": 0.05834422634055992,
  "stopping_strategy": "baseline",
  "phase1_seed_strategy": "last",
  "phase1_best_epoch": null,
  "lambda1_mean": 0.49126893018052303,
  "lambda1_std": 0.15094793939738504,
  "lambda2_mean": 0.13913010022923505,
  "lambda2_std": 0.03310151620511217
}