{
  "event": "hurricane_irma_2017",
  "budget": 25,
  "seed_set": 3,
  "status": "done",
  "best_params": {
    "lr": 2.646719543593539e-05,
    "batch_size": 32,
    "cotrain_epochs": 5,
    "finetune_patience": 5,
    "weight_decay": 0.021911322277338132,
    "warmup_ratio": 0.05634451591828547
  },
  "best_value": 0.670084,
  "best_full_metrics": {
    "event": "hurricane_irma_2017",
    "budget": 25,
    "seed_set": 3,
    "test_error_rate": 31.149301825993557,
    "test_macro_f1": 0.6592886480434782,
    "test_ece": 0.14976498540630914,
    "test_per_class_f1": [
      0.6832740213523132,
      0.8470588235294118,
      0.8313725490196079,
      0.9205479452054794,
      0.5631067961165048,
      0.39104477611940297,
      0.2857142857142857,
      0.7366818873668188,
      0.6747967479674797
    ],
    "dev_error_rate": 31.21085594989561,
    "dev_macro_f1": 0.6700843281531568,
    "dev_ece": 0.15367662601779544,
    "stopping_strategy": "baseline",
    "phase1_seed_strategy": "last",
    "phase1_best_epoch": null,
    "lambda1_mean": 0.9918459442812061,
    "lambda1_std": 0.27656288090695313,
    "lambda2_mean": 0.4179161990350073,
    "lambda2_std": 0.17201263163747127
  },
  "n_trials": 10,
  "continued_from": null,
  "trials": [
    {
      "number": 0,
      "state": "COMPLETE",
      "params": {
        "lr": 0.0002126143876829524,
        "batch_size": 16,
        "cotrain_epochs": 13,
        "finetune_patience": 6,
        "weight_decay": 0.07528173776769763,
        "warmup_ratio": 0.10021082513753482
      },
      "dev_macro_f1": 0.037101,
      "duration_seconds": 694.9,
      "full_metrics": {
        "event": "hurricane_irma_2017",
        "budget": 25,
        "seed_set": 3,
        "test_error_rate": 80.02148227712138,
        "test_macro_f1": 0.037003879438973444,
        "test_ece": 0.09044432015859477,
        "test_per_class_f1": [
          0.0,
          0.0,
          0.333034914950761,
          0.0,
          0.0,
          0.0,
          0.0,
          0.0,
          0.0
        ],
        "dev_error_rate": 79.95824634655533,
        "dev_macro_f1": 0.037101449275362325,
        "dev_ece": 0.08981196106351241,
        "stopping_strategy": "baseline",
        "phase1_seed_strategy": "last",
        "phase1_best_epoch": null,
        "lambda1_mean": 0.3431749290300459,
        "lambda1_std": 0.16337804647878537,
        "lambda2_mean": 0.12269267787145381,
        "lambda2_std": 0.08042596565877318
      }
    },
    {
      "number": 1,
      "state": "COMPLETE",
      "params": {
        "lr": 1.54000900762674e-05,
        "batch_size": 32,
        "cotrain_epochs": 18,
        "finetune_patience": 6,
        "weight_decay": 0.09287128062326022,
        "warmup_ratio": 0.17623976144660464
      },
      "dev_macro_f1": 0.64035,
      "duration_seconds": 810.3,
      "full_metrics": {
        "event": "hurricane_irma_2017",
        "budget": 25,
        "seed_set": 3,
        "test_error_rate": 33.566058002148225,
        "test_macro_f1": 0.6436315797394049,
        "test_ece": 0.234086490231221,
        "test_per_class_f1": [
          0.6418918918918919,
          0.7965616045845272,
          0.7631241997439181,
          0.9273743016759777,
          0.564625850340136,
          0.40226628895184136,
          0.30952380952380953,
          0.714975845410628,
          0.6723404255319149
        ],
        "dev_error_rate": 35.594989561586644,
        "dev_macro_f1": 0.6403498601980154,
        "dev_ece": 0.2553689727454693,
        "stopping_strategy": "baseline",
        "phase1_seed_strategy": "last",
        "phase1_best_epoch": null,
        "lambda1_mean": 1.0530163786295434,
        "lambda1_std": 0.251605453231715,
        "lambda2_mean": 0.5391650454869468,
        "lambda2_std": 0.17011142683894923
      }
    },
    {
      "number": 2,
      "state": "COMPLETE",
      "params": {
        "lr": 2.646719543593539e-05,
        "batch_size": 32,
        "cotrain_epochs": 5,
        "finetune_patience": 5,
        "weight_decay": 0.021911322277338132,
        "warmup_ratio": 0.05634451591828547
      },
      "dev_macro_f1": 0.670084,
      "duration_seconds": 314.6,
      "full_metrics": {
        "event": "hurricane_irma_2017",
        "budget": 25,
        "seed_set": 3,
        "test_error_rate": 31.149301825993557,
        "test_macro_f1": 0.6592886480434782,
        "test_ece": 0.14976498540630914,
        "test_per_class_f1": [
          0.6832740213523132,
          0.8470588235294118,
          0.8313725490196079,
          0.9205479452054794,
          0.5631067961165048,
          0.39104477611940297,
          0.2857142857142857,
          0.7366818873668188,
          0.6747967479674797
        ],
        "dev_error_rate": 31.21085594989561,
        "dev_macro_f1": 0.6700843281531568,
        "dev_ece": 0.15367662601779544,
        "stopping_strategy": "baseline",
        "phase1_seed_strategy": "last",
        "phase1_best_epoch": null,
        "lambda1_mean": 0.9918459442812061,
        "lambda1_std": 0.27656288090695313,
        "lambda2_mean": 0.4179161990350073,
        "lambda2_std": 0.17201263163747127
      }
    },
    {
      "number": 3,
      "state": "COMPLETE",
      "params": {
        "lr": 1.0399910878885803e-05,
        "batch_size": 32,
        "cotrain_epochs": 15,
        "finetune_patience": 4,
        "weight_decay": 0.07654357596241101,
        "warmup_ratio": 0.05827418900623107
      },
      "dev_macro_f1": 0.651526,
      "duration_seconds": 706.3,
      "full_metrics": {
        "event": "hurricane_irma_2017",
        "budget": 25,
        "seed_set": 3,
        "test_error_rate": 33.02900107411385,
        "test_macro_f1": 0.6559134752418841,
        "test_ece": 0.17720987065970323,
        "test_per_class_f1": [
          0.6421404682274248,
          0.8192771084337349,
          0.7658998646820027,
          0.935933147632312,
          0.5675675675675675,
          0.4308093994778068,
          0.36923076923076925,
          0.7138263665594855,
          0.6585365853658537
        ],
        "dev_error_rate": 33.820459290187884,
        "dev_macro_f1": 0.6515264320993519,
        "dev_ece": 0.18613423767940984,
        "stopping_strategy": "baseline",
        "phase1_seed_strategy": "last",
        "phase1_best_epoch": null,
        "lambda1_mean": 1.024661236764762,
        "lambda1_std": 0.28845143155228814,
        "lambda2_mean": 0.5479260176104326,
        "lambda2_std": 0.19435239139418511
      }
    },
    {
      "number": 4,
      "state": "COMPLETE",
      "params": {
        "lr": 4.586710513930241e-05,
        "batch_size": 16,
        "cotrain_epochs": 20,
        "finetune_patience": 6,
        "weight_decay": 0.010135239961345723,
        "warmup_ratio": 0.1263104841994066
      },
      "dev_macro_f1": 0.634088,
      "duration_seconds": 1008.6,
      "full_metrics": {
        "event": "hurricane_irma_2017",
        "budget": 25,
        "seed_set": 3,
        "test_error_rate": 34.74758324382384,
        "test_macro_f1": 0.6364323720152189,
        "test_ece": 0.2287415403524608,
        "test_per_class_f1": [
          0.6138613861386139,
          0.7976190476190477,
          0.7516778523489933,
          0.9329608938547486,
          0.5403508771929825,
          0.3878437047756874,
          0.3448275862068966,
          0.71875,
          0.64
        ],
        "dev_error_rate": 35.07306889352818,
        "dev_macro_f1": 0.6340883379149377,
        "dev_ece": 0.2541351653091096,
        "stopping_strategy": "baseline",
        "phase1_seed_strategy": "last",
        "phase1_best_epoch": null,
        "lambda1_mean": 1.04894282663533,
        "lambda1_std": 0.21758836559286124,
        "lambda2_mean": 0.6808853439452524,
        "lambda2_std": 0.2129688298333825
      }
    },
    {
      "number": 5,
      "state": "COMPLETE",
      "params": {
        "lr": 0.0009482768315005137,
        "batch_size": 32,
        "cotrain_epochs": 20,