{
  "event": "california_wildfires_2018",
  "budget": 10,
  "seed_set": 2,
  "test_error_rate": 27.857631759069136,
  "test_macro_f1": 0.6195926177021244,
  "test_ece": 0.2075884195119856,
  "test_per_class_f1": [
    0.576271186440678,
    0.7311827956989247,
    0.5714285714285714,
    0.911651728553137,
    0.7076923076923077,
    0.6959459459459459,
    0.2827586206896552,
    0.2222222222222222,
    0.810077519379845,
    0.6866952789699571
  ],
  "dev_error_rate": 26.063829787234038,
  "dev_macro_f1": 0.6039113651712447,
  "dev_ece": 0.20269155954109863,
  "stopping_strategy": "baseline",
  "phase1_seed_strategy": "last",
  "phase1_best_epoch": null,
  "lambda1_mean": 1.0513767084547383,
  "lambda1_std": 0.2531223879533943,
  "lambda2_mean": 0.5946741050791727,
  "lambda2_std": 0.20485488804406018
}