{
  "event": "kerala_floods_2018",
  "budget": 5,
  "seed_set": 1,
  "status": "done",
  "best_params": {
    "lr": 2.945574308917466e-05,
    "batch_size": 64,
    "cotrain_epochs": 9,
    "finetune_patience": 9,
    "weight_decay": 0.028602035317657926,
    "warmup_ratio": 0.06755175497759171
  },
  "best_value": 0.403191,
  "best_full_metrics": {
    "event": "kerala_floods_2018",
    "budget": 5,
    "seed_set": 1,
    "test_error_rate": 55.183312262958275,
    "test_macro_f1": 0.3471500719414489,
    "test_ece": 0.3779126479374021,
    "test_per_class_f1": [
      0.18181818181818182,
      0.0,
      0.4827586206896552,
      0.6136363636363636,
      0.25806451612903225,
      0.16793893129770993,
      0.26604068857589985,
      0.5747482571649883,
      0.5793450881612091
    ],
    "dev_error_rate": 53.56265356265356,
    "dev_macro_f1": 0.4031906700141467,
    "dev_ece": 0.34582070874494186,
    "stopping_strategy": "baseline",
    "phase1_seed_strategy": "last",
    "phase1_best_epoch": null,
    "lambda1_mean": 0.9886626706913919,
    "lambda1_std": 0.2933150314221706,
    "lambda2_mean": 0.4668621373515064,
    "lambda2_std": 0.19543076279711813
  },
  "n_trials": 10,
  "continued_from": null,
  "trials": [
    {
      "number": 0,
      "state": "COMPLETE",
      "params": {
        "lr": 2.945574308917466e-05,
        "batch_size": 64,
        "cotrain_epochs": 9,
        "finetune_patience": 9,
        "weight_decay": 0.028602035317657926,
        "warmup_ratio": 0.06755175497759171
      },
      "dev_macro_f1": 0.403191,
      "duration_seconds": 424.2,
      "full_metrics": {
        "event": "kerala_floods_2018",
        "budget": 5,
        "seed_set": 1,
        "test_error_rate": 55.183312262958275,
        "test_macro_f1": 0.3471500719414489,
        "test_ece": 0.3779126479374021,
        "test_per_class_f1": [
          0.18181818181818182,
          0.0,
          0.4827586206896552,
          0.6136363636363636,
          0.25806451612903225,
          0.16793893129770993,
          0.26604068857589985,
          0.5747482571649883,
          0.5793450881612091
        ],
        "dev_error_rate": 53.56265356265356,
        "dev_macro_f1": 0.4031906700141467,
        "dev_ece": 0.34582070874494186,
        "stopping_strategy": "baseline",
        "phase1_seed_strategy": "last",
        "phase1_best_epoch": null,
        "lambda1_mean": 0.9886626706913919,
        "lambda1_std": 0.2933150314221706,
        "lambda2_mean": 0.4668621373515064,
        "lambda2_std": 0.19543076279711813
      }
    },
    {
      "number": 1,
      "state": "COMPLETE",
      "params": {
        "lr": 7.733201511119429e-05,
        "batch_size": 16,
        "cotrain_epochs": 18,
        "finetune_patience": 9,
        "weight_decay": 0.033431498903339955,
        "warmup_ratio": 0.1799102813317747
      },
      "dev_macro_f1": 0.394259,
      "duration_seconds": 857.6,
      "full_metrics": {
        "event": "kerala_floods_2018",
        "budget": 5,
        "seed_set": 1,
        "test_error_rate": 53.91908975979772,
        "test_macro_f1": 0.3563571216310952,
        "test_ece": 0.4113705268061417,
        "test_per_class_f1": [
          0.14432989690721648,
          0.08,
          0.4823529411764706,
          0.6114649681528662,
          0.2556390977443609,
          0.16393442622950818,
          0.2679738562091503,
          0.6030534351145038,
          0.59846547314578
        ],
        "dev_error_rate": 52.579852579852584,
        "dev_macro_f1": 0.39425902942574687,
        "dev_ece": 0.36924164722094666,
        "stopping_strategy": "baseline",
        "phase1_seed_strategy": "last",
        "phase1_best_epoch": null,
        "lambda1_mean": 0.9887195211763274,
        "lambda1_std": 0.17028305924923398,
        "lambda2_mean": 0.625854999755997,
        "lambda2_std": 0.15647195476124917
      }
    },
    {
      "number": 2,
      "state": "COMPLETE",
      "params": {
        "lr": 5.240518428543004e-05,
        "batch_size": 8,
        "cotrain_epochs": 8,
        "finetune_patience": 9,
        "weight_decay": 0.07333394311902469,
        "warmup_ratio": 0.2760346238405807
      },
      "dev_macro_f1": 0.383011,
      "duration_seconds": 638.5,
      "full_metrics": {
        "event": "kerala_floods_2018",
        "budget": 5,
        "seed_set": 1,
        "test_error_rate": 57.07964601769911,
        "test_macro_f1": 0.3314781674240237,
        "test_ece": 0.47932952518107463,
        "test_per_class_f1": [
          0.1388888888888889,
          0.0,
          0.4878048780487805,
          0.6198830409356725,
          0.26573426573426573,
          0.10138248847926268,
          0.2586466165413534,
          0.5496425734710088,
          0.5613207547169812
        ],
        "dev_error_rate": 55.77395577395578,
        "dev_macro_f1": 0.38301086214649366,
        "dev_ece": 0.45823040337322385,
        "stopping_strategy": "baseline",
        "phase1_seed_strategy": "last",
        "phase1_best_epoch": null,
        "lambda1_mean": 1.04637779383928,
        "lambda1_std": 0.20376905606516468,
        "lambda2_mean": 0.48378808839373044,
        "lambda2_std": 0.17719550911707607
      }
    },
    {
      "number": 3,
      "state": "COMPLETE",
      "params": {
        "lr": 0.0009072517210407453,
        "batch_size": 16,
        "cotrain_epochs": 16,
        "finetune_patience": 8,
        "weight_decay": 0.07473793824750767,
        "warmup_ratio": 0.25006308848950676
      },
      "dev_macro_f1": 0.015256,
      "duration_seconds": 755.3,
      "full_metrics": {
        "event": "kerala_floods_2018",
        "budget": 5,
        "seed_set": 1,
        "test_error_rate": 92.60429835651075,
        "test_macro_f1": 0.015303119482048263,
        "test_ece": 0.6729566575453044,
        "test_per_class_f1": [
          0.0,
          0.0,
          0.0,
          0.0,
          0.0,
          0.0,
          0.13772807533843437,
          0.0,
          0.0
        ],
        "dev_error_rate": 92.62899262899262,
        "dev_macro_f1": 0.015255530129672006,
        "dev_ece": 0.673203599980188,
        "stopping_strategy": "baseline",
        "phase1_seed_strategy": "last",
        "phase1_best_epoch": null,
        "lambda1_mean": 0.3545604056302736,
        "lambda1_std": 0.31726317256734693,
        "lambda2_mean": 0.1952947416474256,
        "lambda2_std": 0.19184867795521424
      }
    },
    {
      "number": 4,
      "state": "COMPLETE",
      "params": {
        "lr": 0.000737716382989659,
        "batch_size": 16,
        "cotrain_epochs": 12,
        "finetune_patience": 9,
        "weight_decay": 0.04112042706016256,
        "warmup_ratio": 0.1910569033775364
      },
      "dev_macro_f1": 0.015256,
      "duration_seconds": 592.7,
      "full_metrics": {
        "event": "kerala_floods_2018",
        "budget": 5,
        "seed_set": 1,
        "test_error_rate": 92.60429835651075,
        "test_macro_f1": 0.015303119482048263,
        "test_ece": 0.5672453250053108,
        "test_per_class_f1": [
          0.0,
          0.0,
          0.0,
          0.0,
          0.0,
          0.0,
          0.13772807533843437,
          0.0,
          0.0
        ],
        "dev_error_rate": 92.62899262899262,
        "dev_macro_f1": 0.015255530129672006,
        "dev_ece": 0.5674922671306337,
        "stopping_strategy": "baseline",
        "phase1_seed_strategy": "last",
        "phase1_best_epoch": null,
        "lambda1_mean": 0.33970035958748357,
        "lambda1_std": 0.26436832219752987,
        "lambda2_mean": 0.1816914073241923,
        "lambda2_std": 0.15614625867988016
      }
    },
    {
      "number": 5,
      "state": "COMPLETE",
      "params": {
        "lr": 0.00018533181547349825,
        "batch_size": 32,
        "cotrain_epochs": 11,
        "finetune_patience": 4,
        "weight_decay": 0.06698415398177879,
        "warmup_ratio": 0.0004161128408628811
      },