{
  "event": "hurricane_irma_2017",
  "budget": 50,
  "seed_set": 1,
  "test_error_rate": 38.99033297529538,
  "test_macro_f1": 0.5890175215502964,
  "test_ece": 0.16072425382285832,
  "test_per_class_f1": [
    0.5584045584045584,
    0.6683937823834197,
    0.7926509186351706,
    0.898936170212766,
    0.5292307692307693,
    0.20141342756183744,
    0.3711340206185567,
    0.6472491909385113,
    0.6337448559670782
  ],
  "dev_error_rate": 37.99582463465553,
  "dev_macro_f1": 0.605134983833739,
  "dev_ece": 0.14197618814500237,
  "stopping_strategy": "baseline",
  "phase1_seed_strategy": "last",
  "phase1_best_epoch": null,
  "lambda1_mean": 1.0742372598559347,
  "lambda1_std": 0.14518894973979846,
  "lambda2_mean": 0.5405106537291016,
  "lambda2_std": 0.13440392026759893
}