{
  "event": "kaikoura_earthquake_2016",
  "budget": 5,
  "seed_set": 1,
  "test_error_rate": 51.49425287356322,
  "test_macro_f1": 0.3697922454695481,
  "test_ece": 0.1989759199920742,
  "test_per_class_f1": [
    0.45962732919254656,
    0.06896551724137931,
    0.45933014354066987,
    0.5454545454545454,
    0.10909090909090909,
    0.19607843137254902,
    0.0,
    0.625,
    0.8645833333333334
  ],
  "dev_error_rate": 50.89285714285714,
  "dev_macro_f1": 0.39706537902720623,
  "dev_ece": 0.19949505265269962,
  "stopping_strategy": "baseline",
  "phase1_seed_strategy": "last",
  "phase1_best_epoch": null,
  "lambda1_mean": 0.30983420929250977,
  "lambda1_std": 0.13874476168262825,
  "lambda2_mean": 0.1155021726057039,
  "lambda2_std": 0.030196639256110862
}