{
  "event": "kaikoura_earthquake_2016",
  "budget": 50,
  "seed_set": 3,
  "test_error_rate": 23.678160919540225,
  "test_macro_f1": 0.728856555286214,
  "test_ece": 0.047138813925885634,
  "test_per_class_f1": [
    0.7457627118644068,
    0.7317073170731707,
    0.8032786885245902,
    0.9130434782608695,
    0.5714285714285714,
    0.5420560747663551,
    0.4444444444444444,
    0.9047619047619048,
    0.9032258064516129
  ],
  "dev_error_rate": 29.01785714285714,
  "dev_macro_f1": 0.6354690311759418,
  "dev_ece": 0.06748639299933398,
  "stopping_strategy": "baseline",
  "phase1_seed_strategy": "last",
  "phase1_best_epoch": null,
  "lambda1_mean": 0.39051913511935904,
  "lambda1_std": 0.14224654496880326,
  "lambda2_mean": 0.1078138087759174,
  "lambda2_std": 0.03416254011682165
}