{
  "event": "hurricane_dorian_2019",
  "budget": 5,
  "seed_set": 2,
  "status": "done",
  "best_params": {
    "lr": 2.3988797188397805e-05,
    "batch_size": 64,
    "cotrain_epochs": 14,
    "finetune_patience": 7,
    "weight_decay": 0.09843965280507716,
    "warmup_ratio": 0.19921600874772968
  },
  "best_value": 0.38022,
  "best_full_metrics": {
    "event": "hurricane_dorian_2019",
    "budget": 5,
    "seed_set": 2,
    "test_error_rate": 59.94694960212201,
    "test_macro_f1": 0.35846196578251094,
    "test_ece": 0.3994417033733834,
    "test_per_class_f1": [
      0.37280701754385964,
      0.7407407407407407,
      0.4077669902912621,
      0.0,
      0.24186046511627907,
      0.2299794661190965,
      0.09651474530831099,
      0.6437346437346437,
      0.4927536231884058
    ],
    "dev_error_rate": 57.98969072164948,
    "dev_macro_f1": 0.3802197889258918,
    "dev_ece": 0.3913056316603091,
    "stopping_strategy": "baseline",
    "phase1_seed_strategy": "last",
    "phase1_best_epoch": null,
    "lambda1_mean": 0.9684252011763076,
    "lambda1_std": 0.315841867440381,
    "lambda2_mean": 0.4329162123099913,
    "lambda2_std": 0.1799197555287731
  },
  "n_trials": 10,
  "continued_from": null,
  "trials": [
    {
      "number": 0,
      "state": "COMPLETE",
      "params": {
        "lr": 0.00044134772354606505,
        "batch_size": 64,
        "cotrain_epochs": 11,
        "finetune_patience": 9,
        "weight_decay": 0.09335828508993987,
        "warmup_ratio": 0.2829189885845707
      },
      "dev_macro_f1": 0.035392,
      "duration_seconds": 432.9,
      "full_metrics": {
        "event": "hurricane_dorian_2019",
        "budget": 5,
        "seed_set": 2,
        "test_error_rate": 81.03448275862068,
        "test_macro_f1": 0.03542673107890499,
        "test_ece": 0.20790129398003182,
        "test_per_class_f1": [
          0.0,
          0.0,
          0.0,
          0.0,
          0.0,
          0.3188405797101449,
          0.0,
          0.0,
          0.0
        ],
        "dev_error_rate": 81.05670103092784,
        "dev_macro_f1": 0.03539183820873962,
        "dev_ece": 0.20812347600447761,
        "stopping_strategy": "baseline",
        "phase1_seed_strategy": "last",
        "phase1_best_epoch": null,
        "lambda1_mean": 0.46389040193887504,
        "lambda1_std": 0.1947555639763301,
        "lambda2_mean": 0.07583994051487632,
        "lambda2_std": 0.07584291232448302
      }
    },
    {
      "number": 1,
      "state": "COMPLETE",
      "params": {
        "lr": 0.00021407755654633787,
        "batch_size": 8,
        "cotrain_epochs": 12,
        "finetune_patience": 5,
        "weight_decay": 0.06607667954618261,
        "warmup_ratio": 0.00490033648485344
      },
      "dev_macro_f1": 0.005038,
      "duration_seconds": 865.2,
      "full_metrics": {
        "event": "hurricane_dorian_2019",
        "budget": 5,
        "seed_set": 2,
        "test_error_rate": 97.61273209549071,
        "test_macro_f1": 0.0051813471502590676,
        "test_ece": 0.514902332140533,
        "test_per_class_f1": [
          0.0,
          0.0,
          0.0,
          0.0,
          0.0,
          0.0,
          0.046632124352331605,
          0.0,
          0.0
        ],
        "dev_error_rate": 97.68041237113401,
        "dev_macro_f1": 0.005037783375314861,
        "dev_ece": 0.5155791348403261,
        "stopping_strategy": "baseline",
        "phase1_seed_strategy": "last",
        "phase1_best_epoch": null,
        "lambda1_mean": 0.27662727114597785,
        "lambda1_std": 0.21798714638315514,
        "lambda2_mean": 0.13288256560303335,
        "lambda2_std": 0.12687736786837311
      }
    },
    {
      "number": 2,
      "state": "COMPLETE",
      "params": {
        "lr": 2.3988797188397805e-05,
        "batch_size": 64,
        "cotrain_epochs": 14,
        "finetune_patience": 7,
        "weight_decay": 0.09843965280507716,
        "warmup_ratio": 0.19921600874772968
      },
      "dev_macro_f1": 0.38022,
      "duration_seconds": 550.2,
      "full_metrics": {
        "event": "hurricane_dorian_2019",
        "budget": 5,
        "seed_set": 2,
        "test_error_rate": 59.94694960212201,
        "test_macro_f1": 0.35846196578251094,
        "test_ece": 0.3994417033733834,
        "test_per_class_f1": [
          0.37280701754385964,
          0.7407407407407407,
          0.4077669902912621,
          0.0,
          0.24186046511627907,
          0.2299794661190965,
          0.09651474530831099,
          0.6437346437346437,
          0.4927536231884058
        ],
        "dev_error_rate": 57.98969072164948,
        "dev_macro_f1": 0.3802197889258918,
        "dev_ece": 0.3913056316603091,
        "stopping_strategy": "baseline",
        "phase1_seed_strategy": "last",
        "phase1_best_epoch": null,
        "lambda1_mean": 0.9684252011763076,
        "lambda1_std": 0.315841867440381,
        "lambda2_mean": 0.4329162123099913,
        "lambda2_std": 0.1799197555287731
      }
    },
    {
      "number": 3,
      "state": "COMPLETE",
      "params": {
        "lr": 1.8636001576805234e-05,
        "batch_size": 32,
        "cotrain_epochs": 19,
        "finetune_patience": 8,
        "weight_decay": 0.05085487106779268,
        "warmup_ratio": 0.10678874992274957
      },
      "dev_macro_f1": 0.368403,
      "duration_seconds": 760.7,
      "full_metrics": {
        "event": "hurricane_dorian_2019",
        "budget": 5,
        "seed_set": 2,
        "test_error_rate": 61.07427055702917,
        "test_macro_f1": 0.34768168761098106,
        "test_ece": 0.5004916824894495,
        "test_per_class_f1": [
          0.3511111111111111,
          0.75,
          0.40625,
          0.0,
          0.1368421052631579,
          0.25402504472271914,
          0.10498687664041995,
          0.6446700507614214,
          0.48125
        ],
        "dev_error_rate": 58.891752577319586,
        "dev_macro_f1": 0.3684025625427019,
        "dev_ece": 0.4735193375075601,
        "stopping_strategy": "baseline",
        "phase1_seed_strategy": "last",
        "phase1_best_epoch": null,
        "lambda1_mean": 1.0295718651666688,
        "lambda1_std": 0.29543720766647114,
        "lambda2_mean": 0.5449482178598344,
        "lambda2_std": 0.19055981698421648
      }
    },
    {
      "number": 4,
      "state": "COMPLETE",
      "params": {
        "lr": 1.302870283620423e-05,
        "batch_size": 32,
        "cotrain_epochs": 9,
        "finetune_patience": 10,
        "weight_decay": 0.02592326454844054,
        "warmup_ratio": 0.14778239593375897
      },
      "dev_macro_f1": 0.368269,
      "duration_seconds": 420.3,
      "full_metrics": {
        "event": "hurricane_dorian_2019",
        "budget": 5,
        "seed_set": 2,
        "test_error_rate": 60.54376657824933,
        "test_macro_f1": 0.337576435021353,
        "test_ece": 0.4478020883740892,
        "test_per_class_f1": [
          0.3974358974358974,
          0.7419354838709677,
          0.42857142857142855,
          0.0,
          0.0,
          0.20952380952380953,
          0.08913649025069638,
          0.6683168316831684,
          0.5032679738562091
        ],
        "dev_error_rate": 57.73195876288659,
        "dev_macro_f1": 0.3682689050810049,
        "dev_ece": 0.4150448715717522,
        "stopping_strategy": "baseline",
        "phase1_seed_strategy": "last",
        "phase1_best_epoch": null,
        "lambda1_mean": 0.903077298898583,
        "lambda1_std": 0.32747844967073036,
        "lambda2_mean": 0.3578413791450701,
        "lambda2_std": 0.1740323072055879
      }
    },
    {
      "number": 5,
      "state": "COMPLETE",
      "params": {
        "lr": 5.109571443244531e-05,
        "batch_size": 8,
        "cotrain_epochs": 11,
        "finetune_patience": 9,
        "weight_decay": 0.01805223722925291,
        "warmup_ratio": 0.06387750990411917
      },
      "dev_macro_f1": 0.377994,