{
  "event": "hurricane_irma_2017",
  "budget": 10,
  "seed_set": 3,
  "test_error_rate": 35.39205155746509,
  "test_macro_f1": 0.6373110188040356,
  "test_ece": 0.22466597148286288,
  "test_per_class_f1": [
    0.6095238095238096,
    0.791907514450867,
    0.7371349095966621,
    0.9401709401709402,
    0.5329341317365269,
    0.34277198211624443,
    0.3877551020408163,
    0.7297709923664122,
    0.6638297872340425
  ],
  "dev_error_rate": 36.63883089770354,
  "dev_macro_f1": 0.6272168808188002,
  "dev_ece": 0.24132913494159877,
  "stopping_strategy": "baseline",
  "phase1_seed_strategy": "last",
  "phase1_best_epoch": null,
  "lambda1_mean": 1.0342033070005026,
  "lambda1_std": 0.2667974470486609,
  "lambda2_mean": 0.518350294824528,
  "lambda2_std": 0.17938744383660066
}