{
  "event": "hurricane_irma_2017",
  "budget": 10,
  "seed_set": 2,
  "test_error_rate": 34.26423200859291,
  "test_macro_f1": 0.6342318267088286,
  "test_ece": 0.21948034706036335,
  "test_per_class_f1": [
    0.625,
    0.8035190615835777,
    0.7594627594627594,
    0.9344729344729344,
    0.47692307692307695,
    0.3812316715542522,
    0.3541666666666667,
    0.7286821705426356,
    0.6446280991735537
  ],
  "dev_error_rate": 34.44676409185804,
  "dev_macro_f1": 0.6434343239891789,
  "dev_ece": 0.2268019009047113,
  "stopping_strategy": "baseline",
  "phase1_seed_strategy": "last",
  "phase1_best_epoch": null,
  "lambda1_mean": 1.0935594945765,
  "lambda1_std": 0.18033072345191908,
  "lambda2_mean": 0.6686882948033034,
  "lambda2_std": 0.1565472142381513
}