{
  "event": "canada_wildfires_2016",
  "budget": 25,
  "seed_set": 2,
  "test_error_rate": 25.168539325842698,
  "test_macro_f1": 0.5587804440520531,
  "test_ece": 0.062350835190730196,
  "test_per_class_f1": [
    0.3076923076923077,
    0.8571428571428571,
    0.8867924528301887,
    0.3333333333333333,
    0.44660194174757284,
    0.0,
    0.8850574712643678,
    0.7536231884057971
  ],
  "dev_error_rate": 25.438596491228072,
  "dev_macro_f1": 0.6305060119087836,
  "dev_ece": 0.07479340138665416,
  "stopping_strategy": "baseline",
  "phase1_seed_strategy": "last",
  "phase1_best_epoch": null,
  "lambda1_mean": 0.9315208782044527,
  "lambda1_std": 0.2583454151133373,
  "lambda2_mean": 0.39574857843022615,
  "lambda2_std": 0.18457925301658637
}