{
  "event": "canada_wildfires_2016",
  "budget": 50,
  "seed_set": 3,
  "test_error_rate": 25.842696629213478,
  "test_macro_f1": 0.6085992401764888,
  "test_ece": 0.053348774990338944,
  "test_per_class_f1": [
    0.4745762711864407,
    0.8407643312101911,
    0.8214285714285714,
    0.358974358974359,
    0.36363636363636365,
    0.3333333333333333,
    0.8760806916426513,
    0.8
  ],
  "dev_error_rate": 28.07017543859649,
  "dev_macro_f1": 0.6247649449364867,
  "dev_ece": 0.11476876272966989,
  "stopping_strategy": "baseline",
  "phase1_seed_strategy": "last",
  "phase1_best_epoch": null,
  "lambda1_mean": 0.46828739123231583,
  "lambda1_std": 0.07645914138928105,
  "lambda2_mean": 0.11725482318601922,
  "lambda2_std": 0.03231517120593551
}