{
  "event": "canada_wildfires_2016",
  "budget": 5,
  "seed_set": 2,
  "test_error_rate": 22.92134831460674,
  "test_macro_f1": 0.5309078256568666,
  "test_ece": 0.1364357973082682,
  "test_per_class_f1": [
    0.0,
    0.8727272727272727,
    0.9230769230769231,
    0.3137254901960784,
    0.44642857142857145,
    0.0,
    0.8913043478260869,
    0.8
  ],
  "dev_error_rate": 24.561403508771928,
  "dev_macro_f1": 0.4871092808054015,
  "dev_ece": 0.15057061952457096,
  "stopping_strategy": "baseline",
  "phase1_seed_strategy": "last",
  "phase1_best_epoch": null,
  "lambda1_mean": 0.943938157038494,
  "lambda1_std": 0.2645293594389033,
  "lambda2_mean": 0.40478244928910956,
  "lambda2_std": 0.1783815028750337
}