{
  "event": "hurricane_dorian_2019",
  "budget": 25,
  "seed_set": 1,
  "test_error_rate": 54.11140583554377,
  "test_macro_f1": 0.37458196355830914,
  "test_ece": 0.11645681070119376,
  "test_per_class_f1": [
    0.45724907063197023,
    0.7068493150684931,
    0.011834319526627219,
    0.10191082802547771,
    0.5114942528735632,
    0.05714285714285714,
    0.07929515418502203,
    0.7327188940092166,
    0.712742980561555
  ],
  "dev_error_rate": 55.02577319587629,
  "dev_macro_f1": 0.3767471837085755,
  "dev_ece": 0.12537410759280634,
  "stopping_strategy": "baseline",
  "phase1_seed_strategy": "last",
  "phase1_best_epoch": null,
  "lambda1_mean": 1.0084671178275935,
  "lambda1_std": 0.24431774835788164,
  "lambda2_mean": 0.15886913751647583,
  "lambda2_std": 0.14976318048221376
}