{
  "event": "kerala_floods_2018",
  "budget": 50,
  "seed_set": 3,
  "test_error_rate": 34.95575221238938,
  "test_macro_f1": 0.5313384990273282,
  "test_ece": 0.11686337299352953,
  "test_per_class_f1": [
    0.38461538461538464,
    0.22857142857142856,
    0.5562913907284768,
    0.8137931034482758,
    0.40236686390532544,
    0.3614457831325301,
    0.5889212827988338,
    0.7834645669291339,
    0.6625766871165644
  ],
  "dev_error_rate": 33.169533169533175,
  "dev_macro_f1": 0.5769336900461203,
  "dev_ece": 0.12127577954633234,
  "stopping_strategy": "baseline",
  "phase1_seed_strategy": "last",
  "phase1_best_epoch": null,
  "lambda1_mean": 0.4907359617564907,
  "lambda1_std": 0.08914939987563436,
  "lambda2_mean": 0.10926145736839883,
  "lambda2_std": 0.039617353772818206
}