{
  "event": "hurricane_florence_2018",
  "budget": 25,
  "seed_set": 2,
  "status": "done",
  "best_params": {
    "lr": 8.104614128149992e-05,
    "batch_size": 32,
    "cotrain_epochs": 5,
    "finetune_patience": 7,
    "weight_decay": 0.04014002779974033,
    "warmup_ratio": 0.0045730602406778955
  },
  "best_value": 0.69131,
  "best_full_metrics": {
    "event": "hurricane_florence_2018",
    "budget": 25,
    "seed_set": 2,
    "test_error_rate": 24.65753424657534,
    "test_macro_f1": 0.6605523405577222,
    "test_ece": 0.09218318918892499,
    "test_per_class_f1": [
      0.7064220183486238,
      0.8163265306122449,
      0.5894736842105263,
      0.912,
      0.8349056603773585,
      0.35514018691588783,
      0.0,
      0.868824531516184,
      0.861878453038674
    ],
    "dev_error_rate": 22.691705790297345,
    "dev_macro_f1": 0.6913096940305465,
    "dev_ece": 0.09418710310694195,
    "stopping_strategy": "baseline",
    "phase1_seed_strategy": "last",
    "phase1_best_epoch": null,
    "lambda1_mean": 0.9898143137478244,
    "lambda1_std": 0.26249457710115487,
    "lambda2_mean": 0.5153135037738283,
    "lambda2_std": 0.21881730918323178
  },
  "n_trials": 10,
  "continued_from": null,
  "trials": [
    {
      "number": 0,
      "state": "COMPLETE",
      "params": {
        "lr": 2.033269734797453e-05,
        "batch_size": 16,
        "cotrain_epochs": 19,
        "finetune_patience": 4,
        "weight_decay": 0.06418472841019415,
        "warmup_ratio": 0.22120115617819594
      },
      "dev_macro_f1": 0.666829,
      "duration_seconds": 653.9,
      "full_metrics": {
        "event": "hurricane_florence_2018",
        "budget": 25,
        "seed_set": 2,
        "test_error_rate": 25.141015310233684,
        "test_macro_f1": 0.6698724241157525,
        "test_ece": 0.10623647518738161,
        "test_per_class_f1": [
          0.7191489361702128,
          0.8145454545454546,
          0.6375,
          0.926829268292683,
          0.8585365853658536,
          0.419672131147541,
          0.0,
          0.8220183486238533,
          0.8306010928961749
        ],
        "dev_error_rate": 24.726134585289515,
        "dev_macro_f1": 0.6668292886091447,
        "dev_ece": 0.12228783657293363,
        "stopping_strategy": "baseline",
        "phase1_seed_strategy": "last",
        "phase1_best_epoch": null,
        "lambda1_mean": 1.0707997287067612,
        "lambda1_std": 0.21854840582347115,
        "lambda2_mean": 0.5821578396590223,
        "lambda2_std": 0.15745709161426322
      }
    },
    {
      "number": 1,
      "state": "COMPLETE",
      "params": {
        "lr": 1.4501072829120864e-05,
        "batch_size": 8,
        "cotrain_epochs": 12,
        "finetune_patience": 6,
        "weight_decay": 0.012246809939432259,
        "warmup_ratio": 0.018720932578998928
      },
      "dev_macro_f1": 0.681783,
      "duration_seconds": 755.4,
      "full_metrics": {
        "event": "hurricane_florence_2018",
        "budget": 25,
        "seed_set": 2,
        "test_error_rate": 25.141015310233684,
        "test_macro_f1": 0.6728408532915715,
        "test_ece": 0.09021158520009229,
        "test_per_class_f1": [
          0.7578947368421053,
          0.8226950354609929,
          0.6206896551724138,
          0.912,
          0.8396946564885496,
          0.36363636363636365,
          0.0975609756097561,
          0.8394160583941606,
          0.801980198019802
        ],
        "dev_error_rate": 24.25665101721439,
        "dev_macro_f1": 0.6817828884438758,
        "dev_ece": 0.09716320317675808,
        "stopping_strategy": "baseline",
        "phase1_seed_strategy": "last",
        "phase1_best_epoch": null,
        "lambda1_mean": 1.0666740957651148,
        "lambda1_std": 0.2151279570589818,
        "lambda2_mean": 0.622750258904878,
        "lambda2_std": 0.18283150345028792
      }
    },
    {
      "number": 2,
      "state": "COMPLETE",
      "params": {
        "lr": 0.0009338530604724355,
        "batch_size": 8,
        "cotrain_epochs": 20,
        "finetune_patience": 4,
        "weight_decay": 0.09809561970216285,
        "warmup_ratio": 0.19272815487841846
      },
      "dev_macro_f1": 0.042475,
      "duration_seconds": 1105.4,
      "full_metrics": {
        "event": "hurricane_florence_2018",
        "budget": 25,
        "seed_set": 2,
        "test_error_rate": 76.39000805801773,
        "test_macro_f1": 0.042445313631754314,
        "test_ece": 0.07807820180459527,
        "test_per_class_f1": [
          0.0,
          0.0,
          0.0,
          0.0,
          0.0,
          0.0,
          0.0,
          0.3820078226857888,
          0.0
        ],
        "dev_error_rate": 76.36932707355243,
        "dev_macro_f1": 0.04247538677918425,
        "dev_ece": 0.07828501142060065,
        "stopping_strategy": "baseline",
        "phase1_seed_strategy": "last",
        "phase1_best_epoch": null,
        "lambda1_mean": 0.2774316051636867,
        "lambda1_std": 0.32089943729317066,
        "lambda2_mean": 0.10647486016154184,
        "lambda2_std": 0.1591599580506893
      }
    },
    {
      "number": 3,
      "state": "COMPLETE",
      "params": {
        "lr": 0.0001294156461623492,
        "batch_size": 64,
        "cotrain_epochs": 7,
        "finetune_patience": 8,
        "weight_decay": 0.0023388433164519885,
        "warmup_ratio": 0.22001492100501485
      },
      "dev_macro_f1": 0.650372,
      "duration_seconds": 257.7,
      "full_metrics": {
        "event": "hurricane_florence_2018",
        "budget": 25,
        "seed_set": 2,
        "test_error_rate": 28.444802578565675,
        "test_macro_f1": 0.6524511403906971,
        "test_ece": 0.08440167633974194,
        "test_per_class_f1": [
          0.6883720930232559,
          0.8051948051948052,
          0.5865384615384616,
          0.9133858267716536,
          0.8382352941176471,
          0.415929203539823,
          0.0273972602739726,
          0.7855787476280834,
          0.8114285714285714
        ],
        "dev_error_rate": 28.482003129890455,
        "dev_macro_f1": 0.6503722142305607,
        "dev_ece": 0.07249813325155133,
        "stopping_strategy": "baseline",
        "phase1_seed_strategy": "last",
        "phase1_best_epoch": null,
        "lambda1_mean": 0.98539111804598,
        "lambda1_std": 0.2718410798896636,
        "lambda2_mean": 0.48874136327009193,
        "lambda2_std": 0.20260675661190797
      }
    },
    {
      "number": 4,
      "state": "COMPLETE",
      "params": {
        "lr": 2.341125775036402e-05,
        "batch_size": 8,
        "cotrain_epochs": 7,
        "finetune_patience": 5,
        "weight_decay": 0.09055465667515217,
        "warmup_ratio": 0.08021444603310124
      },
      "dev_macro_f1": 0.669741,
      "duration_seconds": 457.1,
      "full_metrics": {
        "event": "hurricane_florence_2018",
        "budget": 25,
        "seed_set": 2,
        "test_error_rate": 24.73811442385173,
        "test_macro_f1": 0.6663651127087841,
        "test_ece": 0.057452144183812864,
        "test_per_class_f1": [
          0.7276688453159041,
          0.8137931034482758,
          0.6375,
          0.9133858267716536,
          0.8434343434343434,
          0.39436619718309857,
          0.0,
          0.8484848484848485,
          0.8186528497409327
        ],
        "dev_error_rate": 23.943661971830988,
        "dev_macro_f1": 0.6697409417126884,
        "dev_ece": 0.06601692342049265,
        "stopping_strategy": "baseline",
        "phase1_seed_strategy": "last",
        "phase1_best_epoch": null,
        "lambda1_mean": 1.0108273313879799,
        "lambda1_std": 0.2653157539365895,
        "lambda2_mean": 0.547189978592283,
        "lambda2_std": 0.21204194070401863
      }
    },
    {
      "number": 5,
      "state": "COMPLETE",
      "params": {
        "lr": 0.00011501933984631501,
        "batch_size": 32,
        "cotrain_epochs": 18,
        "finetune_patience": 6,