{
  "event": "hurricane_harvey_2017",
  "budget": 5,
  "seed_set": 1,
  "test_error_rate": 31.02493074792244,
  "test_macro_f1": 0.6496722318475908,
  "test_ece": 0.17345604787572932,
  "test_per_class_f1": [
    0.6008230452674898,
    0.8206896551724138,
    0.7417218543046358,
    0.8776978417266187,
    0.3745019920318725,
    0.44324324324324327,
    0.45751633986928103,
    0.8297491039426523,
    0.7011070110701108
  ],
  "dev_error_rate": 31.216361679224967,
  "dev_macro_f1": 0.6460427484642961,
  "dev_ece": 0.16331522097756968,
  "stopping_strategy": "baseline",
  "phase1_seed_strategy": "last",
  "phase1_best_epoch": null,
  "lambda1_mean": 1.0571687242320196,
  "lambda1_std": 0.22569899506720675,
  "lambda2_mean": 0.5760986217917433,
  "lambda2_std": 0.1831713810613599
}