{
  "event": "cyclone_idai_2019",
  "budget": 5,
  "seed_set": 2,
  "test_error_rate": 91.01412066752246,
  "test_macro_f1": 0.016489988221436984,
  "test_ece": 0.03331428710777738,
  "test_per_class_f1": [
    0.0,
    0.0,
    0.16489988221436985,
    0.0,
    0.0,
    0.0,
    0.0,
    0.0,
    0.0,
    0.0
  ],
  "dev_error_rate": 91.02244389027432,
  "dev_macro_f1": 0.016475972540045767,
  "dev_ece": 0.03336149008196786
}