{
  "event": "kaikoura_earthquake_2016",
  "budget": 25,
  "seed_set": 2,
  "test_error_rate": 46.896551724137936,
  "test_macro_f1": 0.4645811364556674,
  "test_ece": 0.18571120308733532,
  "test_per_class_f1": [
    0.543046357615894,
    0.3076923076923077,
    0.4158415841584158,
    0.43373493975903615,
    0.36619718309859156,
    0.3225806451612903,
    0.2857142857142857,
    0.6086956521739131,
    0.8977272727272727
  ],
  "dev_error_rate": 41.96428571428571,
  "dev_macro_f1": 0.4920149826656604,
  "dev_ece": 0.21042011066206864
}