{
  "event": "hurricane_florence_2018",
  "budget": 50,
  "seed_set": 3,
  "test_error_rate": 37.308622078968575,
  "test_macro_f1": 0.5664746725704588,
  "test_ece": 0.06669654708586807,
  "test_per_class_f1": [
    0.35195530726256985,
    0.7380073800738007,
    0.524390243902439,
    0.8529411764705882,
    0.7639257294429708,
    0.28337874659400547,
    0.0,
    0.8027210884353742,
    0.780952380952381
  ],
  "dev_error_rate": 37.08920187793427,
  "dev_macro_f1": 0.5743945014013017,
  "dev_ece": 0.0639895480563383
}