{
  "event": "hurricane_maria_2017",
  "budget": 50,
  "seed_set": 3,
  "status": "done",
  "best_params": {
    "lr": 5.8062612070340545e-05,
    "batch_size": 32,
    "cotrain_epochs": 9,
    "finetune_patience": 5,
    "weight_decay": 0.0899637457996831,
    "warmup_ratio": 0.18096230606544014
  },
  "best_value": 0.699051,
  "best_full_metrics": {
    "event": "hurricane_maria_2017",
    "budget": 50,
    "seed_set": 3,
    "test_error_rate": 28.779472954230233,
    "test_macro_f1": 0.6881280253999703,
    "test_ece": 0.1095731656858891,
    "test_per_class_f1": [
      0.64,
      0.7692307692307693,
      0.8804159445407279,
      0.890625,
      0.3803680981595092,
      0.5009633911368016,
      0.6480836236933798,
      0.8119325551232166,
      0.6715328467153284
    ],
    "dev_error_rate": 27.897574123989223,
    "dev_macro_f1": 0.6990505980171526,
    "dev_ece": 0.12839067532527798,
    "stopping_strategy": "baseline",
    "phase1_seed_strategy": "last",
    "phase1_best_epoch": null,
    "lambda1_mean": 0.9723358274834204,
    "lambda1_std": 0.26802485053028274,
    "lambda2_mean": 0.5646860407999409,
    "lambda2_std": 0.2399084024870432
  },
  "n_trials": 10,
  "continued_from": null,
  "trials": [
    {
      "number": 0,
      "state": "COMPLETE",
      "params": {
        "lr": 6.614910370426133e-05,
        "batch_size": 32,
        "cotrain_epochs": 7,
        "finetune_patience": 4,
        "weight_decay": 0.010797600527560692,
        "warmup_ratio": 0.04527287434584781
      },
      "dev_macro_f1": 0.698752,
      "duration_seconds": 298.4,
      "full_metrics": {
        "event": "hurricane_maria_2017",
        "budget": 50,
        "seed_set": 3,
        "test_error_rate": 30.443828016643547,
        "test_macro_f1": 0.6555554920304278,
        "test_ece": 0.11124062066931334,
        "test_per_class_f1": [
          0.6464646464646465,
          0.6233766233766234,
          0.8488964346349746,
          0.8467153284671532,
          0.3515151515151515,
          0.43312101910828027,
          0.647887323943662,
          0.815,
          0.6870229007633588
        ],
        "dev_error_rate": 27.628032345013477,
        "dev_macro_f1": 0.698752482820114,
        "dev_ece": 0.11912135864203828,
        "stopping_strategy": "baseline",
        "phase1_seed_strategy": "last",
        "phase1_best_epoch": null,
        "lambda1_mean": 0.969678987568235,
        "lambda1_std": 0.28420750041389176,
        "lambda2_mean": 0.5993102318798867,
        "lambda2_std": 0.26020201604194
      }
    },
    {
      "number": 1,
      "state": "COMPLETE",
      "params": {
        "lr": 8.596557468602377e-05,
        "batch_size": 16,
        "cotrain_epochs": 16,
        "finetune_patience": 4,
        "weight_decay": 0.054851381574754776,
        "warmup_ratio": 0.05954368730727052
      },
      "dev_macro_f1": 0.6847,
      "duration_seconds": 635.5,
      "full_metrics": {
        "event": "hurricane_maria_2017",
        "budget": 50,
        "seed_set": 3,
        "test_error_rate": 29.195561719833563,
        "test_macro_f1": 0.6780947286084706,
        "test_ece": 0.13115566198025594,
        "test_per_class_f1": [
          0.5607476635514018,
          0.7352941176470589,
          0.8571428571428571,
          0.9007633587786259,
          0.41333333333333333,
          0.4624505928853755,
          0.6576271186440678,
          0.8205128205128205,
          0.694980694980695
        ],
        "dev_error_rate": 29.380053908355798,
        "dev_macro_f1": 0.6846999137143689,
        "dev_ece": 0.16238880928635918,
        "stopping_strategy": "baseline",
        "phase1_seed_strategy": "last",
        "phase1_best_epoch": null,
        "lambda1_mean": 0.9825859282466131,
        "lambda1_std": 0.2647830693036873,
        "lambda2_mean": 0.7114802576394361,
        "lambda2_std": 0.2897017932773268
      }
    },
    {
      "number": 2,
      "state": "COMPLETE",
      "params": {
        "lr": 0.0007879190062091893,
        "batch_size": 64,
        "cotrain_epochs": 10,
        "finetune_patience": 7,
        "weight_decay": 0.04817038053689598,
        "warmup_ratio": 0.02564920168847179
      },
      "dev_macro_f1": 0.047552,
      "duration_seconds": 342.4,
      "full_metrics": {
        "event": "hurricane_maria_2017",
        "budget": 50,
        "seed_set": 3,
        "test_error_rate": 72.88488210818308,
        "test_macro_f1": 0.04740255804085591,
        "test_ece": 0.030161234101954842,
        "test_per_class_f1": [
          0.0,
          0.0,
          0.0,
          0.0,
          0.0,
          0.0,
          0.0,
          0.4266230223677032,
          0.0
        ],
        "dev_error_rate": 72.77628032345014,
        "dev_macro_f1": 0.04755178907721281,
        "dev_ece": 0.0312472514185623,
        "stopping_strategy": "baseline",
        "phase1_seed_strategy": "last",
        "phase1_best_epoch": null,
        "lambda1_mean": 0.35512776239596716,
        "lambda1_std": 0.33737461316089107,
        "lambda2_mean": 0.1797168932238195,
        "lambda2_std": 0.19063746764598596
      }
    },
    {
      "number": 3,
      "state": "COMPLETE",
      "params": {
        "lr": 4.8841419225166926e-05,
        "batch_size": 8,
        "cotrain_epochs": 13,
        "finetune_patience": 8,
        "weight_decay": 0.0412135979426203,
        "warmup_ratio": 0.11996194941288796
      },
      "dev_macro_f1": 0.68501,
      "duration_seconds": 828.8,
      "full_metrics": {
        "event": "hurricane_maria_2017",
        "budget": 50,
        "seed_set": 3,
        "test_error_rate": 28.9875173370319,
        "test_macro_f1": 0.6767005047984458,
        "test_ece": 0.12243569862412683,
        "test_per_class_f1": [
          0.6285714285714286,
          0.625,
          0.8595890410958904,
          0.8992248062015504,
          0.4503311258278146,
          0.476,
          0.6505190311418685,
          0.8195876288659794,
          0.6814814814814815
        ],
        "dev_error_rate": 28.840970350404316,
        "dev_macro_f1": 0.6850102386815708,
        "dev_ece": 0.13851847340957815,
        "stopping_strategy": "baseline",
        "phase1_seed_strategy": "last",
        "phase1_best_epoch": null,
        "lambda1_mean": 0.9773036211705913,
        "lambda1_std": 0.27643037168301554,
        "lambda2_mean": 0.6965831627426702,
        "lambda2_std": 0.2875851681972647
      }
    },
    {
      "number": 4,
      "state": "COMPLETE",
      "params": {
        "lr": 0.0005562589341725684,
        "batch_size": 32,
        "cotrain_epochs": 9,
        "finetune_patience": 9,
        "weight_decay": 0.09121611772078438,
        "warmup_ratio": 0.019747482369049506
      },
      "dev_macro_f1": 0.039419,
      "duration_seconds": 367.1,
      "full_metrics": {
        "event": "hurricane_maria_2017",
        "budget": 50,
        "seed_set": 3,
        "test_error_rate": 78.43273231622746,
        "test_macro_f1": 0.039424478671483805,
        "test_ece": 0.05416967894432448,
        "test_per_class_f1": [
          0.0,
          0.0,
          0.0,
          0.0,
          0.0,
          0.35482030804335424,
          0.0,
          0.0,
          0.0
        ],
        "dev_error_rate": 78.4366576819407,
        "dev_macro_f1": 0.03941857600394186,
        "dev_ece": 0.054130443886444585,
        "stopping_strategy": "baseline",
        "phase1_seed_strategy": "last",
        "phase1_best_epoch": null,
        "lambda1_mean": 0.31022859010497617,
        "lambda1_std": 0.23064724034505235,
        "lambda2_mean": 0.15978236637229878,
        "lambda2_std": 0.13795907369509014
      }
    },
    {
      "number": 5,
      "state": "COMPLETE",
      "params": {
        "lr": 0.00013908000753910484,
        "batch_size": 8,
        "cotrain_epochs": 7,
        "finetune_patience": 6,
        "weight_decay": 0.0776277574279437,
        "warmup_ratio": 0.10766332242600521
      },