{
  "event": "hurricane_harvey_2017",
  "budget": 50,
  "seed_set": 3,
  "status": "done",
  "best_params": {
    "lr": 0.0001697020165277564,
    "batch_size": 64,
    "cotrain_epochs": 9,
    "finetune_patience": 8,
    "weight_decay": 0.07960003910020588,
    "warmup_ratio": 0.07016115521950249
  },
  "best_value": 0.672476,
  "best_full_metrics": {
    "event": "hurricane_harvey_2017",
    "budget": 50,
    "seed_set": 3,
    "test_error_rate": 29.30747922437673,
    "test_macro_f1": 0.6716341562515901,
    "test_ece": 0.09199751812004978,
    "test_per_class_f1": [
      0.5882352941176471,
      0.9036544850498339,
      0.8385744234800838,
      0.8762541806020067,
      0.4032258064516129,
      0.44015444015444016,
      0.4484304932735426,
      0.8273170731707317,
      0.7188612099644128
    ],
    "dev_error_rate": 30.247578040904198,
    "dev_macro_f1": 0.672475500324417,
    "dev_ece": 0.1048551150171569,
    "stopping_strategy": "baseline",
    "phase1_seed_strategy": "last",
    "phase1_best_epoch": null,
    "lambda1_mean": 0.9618682330480267,
    "lambda1_std": 0.2736205715851988,
    "lambda2_mean": 0.6283772514594729,
    "lambda2_std": 0.29873289135946446
  },
  "n_trials": 10,
  "continued_from": null,
  "trials": [
    {
      "number": 0,
      "state": "COMPLETE",
      "params": {
        "lr": 0.0003394461415695435,
        "batch_size": 32,
        "cotrain_epochs": 7,
        "finetune_patience": 5,
        "weight_decay": 0.09118426406666064,
        "warmup_ratio": 0.2857844491994471
      },
      "dev_macro_f1": 0.036069,
      "duration_seconds": 360.2,
      "full_metrics": {
        "event": "hurricane_harvey_2017",
        "budget": 50,
        "seed_set": 3,
        "test_error_rate": 80.60941828254848,
        "test_macro_f1": 0.03609177623098737,
        "test_ece": 0.04718465561516727,
        "test_per_class_f1": [
          0.0,
          0.0,
          0.0,
          0.0,
          0.0,
          0.3248259860788863,
          0.0,
          0.0,
          0.0
        ],
        "dev_error_rate": 80.62432723358451,
        "dev_macro_f1": 0.03606853020739405,
        "dev_ece": 0.0473335823695806,
        "stopping_strategy": "baseline",
        "phase1_seed_strategy": "last",
        "phase1_best_epoch": null,
        "lambda1_mean": 0.7341121004945356,
        "lambda1_std": 0.3016062401489829,
        "lambda2_mean": 0.08397575150254015,
        "lambda2_std": 0.09721859144467819
      }
    },
    {
      "number": 1,
      "state": "COMPLETE",
      "params": {
        "lr": 0.0007852083420260105,
        "batch_size": 16,
        "cotrain_epochs": 18,
        "finetune_patience": 8,
        "weight_decay": 0.05444060939293284,
        "warmup_ratio": 0.18123932559294798
      },
      "dev_macro_f1": 0.052588,
      "duration_seconds": 871.2,
      "full_metrics": {
        "event": "hurricane_harvey_2017",
        "budget": 50,
        "seed_set": 3,
        "test_error_rate": 69.03047091412742,
        "test_macro_f1": 0.052547471329197216,
        "test_ece": 0.15481876934003963,
        "test_per_class_f1": [
          0.0,
          0.0,
          0.0,
          0.0,
          0.0,
          0.0,
          0.0,
          0.47292724196277497,
          0.0
        ],
        "dev_error_rate": 68.9989235737352,
        "dev_macro_f1": 0.05258833196384552,
        "dev_ece": 0.15513424281796803,
        "stopping_strategy": "baseline",
        "phase1_seed_strategy": "last",
        "phase1_best_epoch": null,
        "lambda1_mean": 0.4363017722672914,
        "lambda1_std": 0.38880351163716065,
        "lambda2_mean": 0.13848897090252654,
        "lambda2_std": 0.1837636056656933
      }
    },
    {
      "number": 2,
      "state": "COMPLETE",
      "params": {
        "lr": 1.288560424229554e-05,
        "batch_size": 16,
        "cotrain_epochs": 5,
        "finetune_patience": 9,
        "weight_decay": 0.04838707740604177,
        "warmup_ratio": 0.2977263270665976
      },
      "dev_macro_f1": 0.661537,
      "duration_seconds": 369.6,
      "full_metrics": {
        "event": "hurricane_harvey_2017",
        "budget": 50,
        "seed_set": 3,
        "test_error_rate": 29.52908587257618,
        "test_macro_f1": 0.6743016097108684,
        "test_ece": 0.13569819260171906,
        "test_per_class_f1": [
          0.6566037735849056,
          0.8993288590604027,
          0.8326359832635983,
          0.9103448275862069,
          0.3764705882352941,
          0.4296577946768061,
          0.4195121951219512,
          0.8181818181818182,
          0.7259786476868327
        ],
        "dev_error_rate": 31.216361679224967,
        "dev_macro_f1": 0.6615372189900837,
        "dev_ece": 0.15411739935146085,
        "stopping_strategy": "baseline",
        "phase1_seed_strategy": "last",
        "phase1_best_epoch": null,
        "lambda1_mean": 0.8740040309446885,
        "lambda1_std": 0.2916752100591151,
        "lambda2_mean": 0.31370454146946425,
        "lambda2_std": 0.16362698230867426
      }
    },
    {
      "number": 3,
      "state": "COMPLETE",
      "params": {
        "lr": 9.979961935304786e-05,
        "batch_size": 64,
        "cotrain_epochs": 18,
        "finetune_patience": 4,
        "weight_decay": 0.07224854730200267,
        "warmup_ratio": 0.08050180700656617
      },
      "dev_macro_f1": 0.666282,
      "duration_seconds": 693.9,
      "full_metrics": {
        "event": "hurricane_harvey_2017",
        "budget": 50,
        "seed_set": 3,
        "test_error_rate": 30.58171745152355,
        "test_macro_f1": 0.6652014106226782,
        "test_ece": 0.10522222300975936,
        "test_per_class_f1": [
          0.6097560975609756,
          0.9041095890410958,
          0.7953216374269005,
          0.8821548821548821,
          0.3642611683848797,
          0.34959349593495936,
          0.5108695652173914,
          0.8283220174587779,
          0.7424242424242424
        ],
        "dev_error_rate": 30.785791173304634,
        "dev_macro_f1": 0.6662817381955429,
        "dev_ece": 0.12903923341609436,
        "stopping_strategy": "baseline",
        "phase1_seed_strategy": "last",
        "phase1_best_epoch": null,
        "lambda1_mean": 1.0121989992374374,
        "lambda1_std": 0.24996773250671,
        "lambda2_mean": 0.6998669691654836,
        "lambda2_std": 0.24978946852440823
      }
    },
    {
      "number": 4,
      "state": "COMPLETE",
      "params": {
        "lr": 0.0001697020165277564,
        "batch_size": 64,
        "cotrain_epochs": 9,
        "finetune_patience": 8,
        "weight_decay": 0.07960003910020588,
        "warmup_ratio": 0.07016115521950249
      },
      "dev_macro_f1": 0.672476,
      "duration_seconds": 409.2,
      "full_metrics": {
        "event": "hurricane_harvey_2017",
        "budget": 50,
        "seed_set": 3,
        "test_error_rate": 29.30747922437673,
        "test_macro_f1": 0.6716341562515901,
        "test_ece": 0.09199751812004978,
        "test_per_class_f1": [
          0.5882352941176471,
          0.9036544850498339,
          0.8385744234800838,
          0.8762541806020067,
          0.4032258064516129,
          0.44015444015444016,
          0.4484304932735426,
          0.8273170731707317,
          0.7188612099644128
        ],
        "dev_error_rate": 30.247578040904198,
        "dev_macro_f1": 0.672475500324417,
        "dev_ece": 0.1048551150171569,
        "stopping_strategy": "baseline",
        "phase1_seed_strategy": "last",
        "phase1_best_epoch": null,
        "lambda1_mean": 0.9618682330480267,
        "lambda1_std": 0.2736205715851988,
        "lambda2_mean": 0.6283772514594729,
        "lambda2_std": 0.29873289135946446
      }
    },
    {
      "number": 5,
      "state": "COMPLETE",
      "params": {
        "lr": 0.0006945095572881543,
        "batch_size": 64,
        "cotrain_epochs": 12,
        "finetune_patience": 8,
        "weight_decay": 0.0028353535688382947,