{
  "event": "hurricane_maria_2017",
  "budget": 25,
  "seed_set": 1,
  "status": "done",
  "best_params": {
    "lr": 7.11970001982714e-05,
    "batch_size": 16,
    "cotrain_epochs": 12,
    "finetune_patience": 4,
    "weight_decay": 0.07774634368733646,
    "warmup_ratio": 0.09199505496519339
  },
  "best_value": 0.679837,
  "best_full_metrics": {
    "event": "hurricane_maria_2017",
    "budget": 25,
    "seed_set": 1,
    "test_error_rate": 28.779472954230233,
    "test_macro_f1": 0.6803861274243669,
    "test_ece": 0.13469854061299322,
    "test_per_class_f1": [
      0.6534653465346535,
      0.6756756756756757,
      0.8492706645056726,
      0.9421487603305785,
      0.391304347826087,
      0.424507658643326,
      0.6826347305389222,
      0.8239700374531835,
      0.6804979253112033
    ],
    "dev_error_rate": 28.301886792452834,
    "dev_macro_f1": 0.6798368527791068,
    "dev_ece": 0.13847606671306323,
    "stopping_strategy": "baseline",
    "phase1_seed_strategy": "last",
    "phase1_best_epoch": null,
    "lambda1_mean": 1.0038791438032246,
    "lambda1_std": 0.2635940844815526,
    "lambda2_mean": 0.6625238615999486,
    "lambda2_std": 0.257302413023468
  },
  "n_trials": 10,
  "continued_from": null,
  "trials": [
    {
      "number": 0,
      "state": "COMPLETE",
      "params": {
        "lr": 5.3204515599104624e-05,
        "batch_size": 64,
        "cotrain_epochs": 9,
        "finetune_patience": 4,
        "weight_decay": 0.08375923846876851,
        "warmup_ratio": 0.034548999846710435
      },
      "dev_macro_f1": 0.675944,
      "duration_seconds": 441.5,
      "full_metrics": {
        "event": "hurricane_maria_2017",
        "budget": 25,
        "seed_set": 1,
        "test_error_rate": 29.472954230235782,
        "test_macro_f1": 0.6751902999263437,
        "test_ece": 0.1927334031764413,
        "test_per_class_f1": [
          0.6530612244897959,
          0.746268656716418,
          0.8419354838709677,
          0.9333333333333333,
          0.40268456375838924,
          0.3684210526315789,
          0.6319444444444444,
          0.8271889400921659,
          0.671875
        ],
        "dev_error_rate": 29.78436657681941,
        "dev_macro_f1": 0.6759441046038853,
        "dev_ece": 0.20408567617524348,
        "stopping_strategy": "baseline",
        "phase1_seed_strategy": "last",
        "phase1_best_epoch": null,
        "lambda1_mean": 1.0345168821531114,
        "lambda1_std": 0.256726589134011,
        "lambda2_mean": 0.5366475444674126,
        "lambda2_std": 0.19036034690331108
      }
    },
    {
      "number": 1,
      "state": "COMPLETE",
      "params": {
        "lr": 0.0005964750901869176,
        "batch_size": 16,
        "cotrain_epochs": 5,
        "finetune_patience": 4,
        "weight_decay": 0.09257420038631614,
        "warmup_ratio": 0.2849261808217299
      },
      "dev_macro_f1": 0.047552,
      "duration_seconds": 386.8,
      "full_metrics": {
        "event": "hurricane_maria_2017",
        "budget": 25,
        "seed_set": 1,
        "test_error_rate": 72.88488210818308,
        "test_macro_f1": 0.04740255804085591,
        "test_ece": 0.14386804989860721,
        "test_per_class_f1": [
          0.0,
          0.0,
          0.0,
          0.0,
          0.0,
          0.0,
          0.0,
          0.4266230223677032,
          0.0
        ],
        "dev_error_rate": 72.77628032345014,
        "dev_macro_f1": 0.04755178907721281,
        "dev_ece": 0.14495406751684103,
        "stopping_strategy": "baseline",
        "phase1_seed_strategy": "last",
        "phase1_best_epoch": null,
        "lambda1_mean": 0.32396405627027514,
        "lambda1_std": 0.27258652113036685,
        "lambda2_mean": 0.12726423312027224,
        "lambda2_std": 0.12759513572712539
      }
    },
    {
      "number": 2,
      "state": "COMPLETE",
      "params": {
        "lr": 0.00022490925273913593,
        "batch_size": 32,
        "cotrain_epochs": 18,
        "finetune_patience": 8,
        "weight_decay": 0.08963449940502159,
        "warmup_ratio": 0.15368320397114862
      },
      "dev_macro_f1": 0.082421,
      "duration_seconds": 769.0,
      "full_metrics": {
        "event": "hurricane_maria_2017",
        "budget": 25,
        "seed_set": 1,
        "test_error_rate": 76.2135922330097,
        "test_macro_f1": 0.08534526462354876,
        "test_ece": 0.04088404957571902,
        "test_per_class_f1": [
          0.0,
          0.0,
          0.14193548387096774,
          0.03225806451612903,
          0.0,
          0.355503237198352,
          0.0,
          0.0,
          0.23841059602649006
        ],
        "dev_error_rate": 77.35849056603774,
        "dev_macro_f1": 0.08242145941770225,
        "dev_ece": 0.025821658498996675,
        "stopping_strategy": "baseline",
        "phase1_seed_strategy": "last",
        "phase1_best_epoch": null,
        "lambda1_mean": 0.5206585094973607,
        "lambda1_std": 0.2173500141199552,
        "lambda2_mean": 0.25832213596950276,
        "lambda2_std": 0.20064857841680372
      }
    },
    {
      "number": 3,
      "state": "COMPLETE",
      "params": {
        "lr": 0.0005822210004662105,
        "batch_size": 32,
        "cotrain_epochs": 19,
        "finetune_patience": 4,
        "weight_decay": 0.053283405055258165,
        "warmup_ratio": 0.2251169488235551
      },
      "dev_macro_f1": 0.047552,
      "duration_seconds": 651.3,
      "full_metrics": {
        "event": "hurricane_maria_2017",
        "budget": 25,
        "seed_set": 1,
        "test_error_rate": 72.88488210818308,
        "test_macro_f1": 0.04740255804085591,
        "test_ece": 0.1643559436692279,
        "test_per_class_f1": [
          0.0,
          0.0,
          0.0,
          0.0,
          0.0,
          0.0,
          0.0,
          0.4266230223677032,
          0.0
        ],
        "dev_error_rate": 72.77628032345014,
        "dev_macro_f1": 0.04755178907721281,
        "dev_ece": 0.16326992579226224,
        "stopping_strategy": "baseline",
        "phase1_seed_strategy": "last",
        "phase1_best_epoch": null,
        "lambda1_mean": 0.48765982841552563,
        "lambda1_std": 0.19400226681361613,
        "lambda2_mean": 0.12588275762038925,
        "lambda2_std": 0.09671611786208023
      }
    },
    {
      "number": 4,
      "state": "COMPLETE",
      "params": {
        "lr": 1.3201979950220735e-05,
        "batch_size": 32,
        "cotrain_epochs": 7,
        "finetune_patience": 6,
        "weight_decay": 0.038410835468692096,
        "warmup_ratio": 0.23139152136320257
      },
      "dev_macro_f1": 0.652489,
      "duration_seconds": 300.6,
      "full_metrics": {
        "event": "hurricane_maria_2017",
        "budget": 25,
        "seed_set": 1,
        "test_error_rate": 29.88904299583911,
        "test_macro_f1": 0.6642457682582892,
        "test_ece": 0.08721104641438525,
        "test_per_class_f1": [
          0.6470588235294118,
          0.6557377049180327,
          0.8544,
          0.90625,
          0.3821656050955414,
          0.39909297052154197,
          0.6490066225165563,
          0.8151774785801713,
          0.6693227091633466
        ],
        "dev_error_rate": 30.862533692722373,
        "dev_macro_f1": 0.6524893870384799,
        "dev_ece": 0.10386151617588701,
        "stopping_strategy": "baseline",
        "phase1_seed_strategy": "last",
        "phase1_best_epoch": null,
        "lambda1_mean": 0.8963485675511921,
        "lambda1_std": 0.2922912994841631,
        "lambda2_mean": 0.3243845697372005,
        "lambda2_std": 0.16611244758756477
      }
    },
    {
      "number": 5,
      "state": "COMPLETE",
      "params": {
        "lr": 0.0006295750595547218,
        "batch_size": 32,
        "cotrain_epochs": 17,
        "finetune_patience": 4,
        "weight_decay": 0.02647028948287199,
        "warmup_ratio": 0.12988482460052303
      },
      "dev_macro_f1": 0.047552,