{
  "event": "hurricane_harvey_2017",
  "budget": 50,
  "seed_set": 3,
  "test_error_rate": 29.584487534626035,
  "test_macro_f1": 0.673829225662099,
  "test_ece": 0.13285240296511774,
  "test_per_class_f1": [
    0.6387832699619772,
    0.8813559322033898,
    0.8084210526315789,
    0.9140893470790378,
    0.38961038961038963,
    0.4690909090909091,
    0.43601895734597157,
    0.8117647058823529,
    0.7153284671532847
  ],
  "dev_error_rate": 30.355220667384287,
  "dev_macro_f1": 0.6714817811240419,
  "dev_ece": 0.14520599979373944,
  "stopping_strategy": "baseline",
  "phase1_seed_strategy": "last",
  "phase1_best_epoch": null,
  "lambda1_mean": 1.029756176352748,
  "lambda1_std": 0.2568812377839105,
  "lambda2_mean": 0.5067132209930417,
  "lambda2_std": 0.18996467421356938
}