{
  "event": "kerala_floods_2018",
  "budget": 25,
  "seed_set": 3,
  "test_error_rate": 55.4361567635904,
  "test_macro_f1": 0.33970908430144103,
  "test_ece": 0.22384637159056367,
  "test_per_class_f1": [
    0.0,
    0.0975609756097561,
    0.22330097087378642,
    0.6125,
    0.3615819209039548,
    0.3132530120481928,
    0.3949367088607595,
    0.5409309791332263,
    0.513317191283293
  ],
  "dev_error_rate": 54.91400491400491,
  "dev_macro_f1": 0.3733393250917576,
  "dev_ece": 0.2073768550845856,
  "stopping_strategy": "baseline",
  "phase1_seed_strategy": "last",
  "phase1_best_epoch": null,
  "lambda1_mean": 1.0344826305892052,
  "lambda1_std": 0.257683762488049,
  "lambda2_mean": 0.5048009039243885,
  "lambda2_std": 0.17423758075305412
}