{
  "event": "kaikoura_earthquake_2016",
  "budget": 50,
  "seed_set": 3,
  "test_error_rate": 24.13793103448276,
  "test_macro_f1": 0.7081397147645485,
  "test_ece": 0.07218531746973934,
  "test_per_class_f1": [
    0.7486033519553073,
    0.7027027027027027,
    0.8421052631578947,
    0.9333333333333333,
    0.47058823529411764,
    0.5203252032520326,
    0.3333333333333333,
    0.896551724137931,
    0.9257142857142857
  ],
  "dev_error_rate": 24.10714285714286,
  "dev_macro_f1": 0.6782542796420408,
  "dev_ece": 0.09837299186204163,
  "stopping_strategy": "baseline",
  "phase1_seed_strategy": "last",
  "phase1_best_epoch": null,
  "lambda1_mean": 0.3757603117093455,
  "lambda1_std": 0.18923664264533654,
  "lambda2_mean": 0.10556486183535585,
  "lambda2_std": 0.04051234545168484
}