{
  "event": "hurricane_harvey_2017",
  "budget": 10,
  "seed_set": 2,
  "test_error_rate": 57.95013850415513,
  "test_macro_f1": 0.30632929999684866,
  "test_ece": 0.45915011184037224,
  "test_per_class_f1": [
    0.4292237442922374,
    0.31443298969072164,
    0.46526655896607433,
    0.5620915032679739,
    0.0,
    0.0,
    0.0,
    0.5996309963099631,
    0.386317907444668
  ],
  "dev_error_rate": 58.019375672766415,
  "dev_macro_f1": 0.31392354216338947,
  "dev_ece": 0.466132428340686,
  "stopping_strategy": "baseline",
  "phase1_seed_strategy": "last",
  "phase1_best_epoch": null,
  "lambda1_mean": 0.8970955843373091,
  "lambda1_std": 0.3747092413518891,
  "lambda2_mean": 0.39577712061845466,
  "lambda2_std": 0.21395322999742228
}