{
  "event": "cyclone_idai_2019",
  "budget": 25,
  "seed_set": 2,
  "test_error_rate": 43.90243902439024,
  "test_macro_f1": 0.43917233531755784,
  "test_ece": 0.08191897768876366,
  "test_per_class_f1": [
    0.37142857142857144,
    0.1643835616438356,
    0.7368421052631579,
    0.7763157894736842,
    0.0,
    0.3050847457627119,
    0.36666666666666664,
    0.23880597014925373,
    0.6216696269982238,
    0.8105263157894737
  ],
  "dev_error_rate": 42.14463840399002,
  "dev_macro_f1": 0.4424731546059202,
  "dev_ece": 0.11037010991216602,
  "stopping_strategy": "baseline",
  "phase1_seed_strategy": "last",
  "phase1_best_epoch": null,
  "lambda1_mean": 0.49155153906302207,
  "lambda1_std": 0.09284123855594302,
  "lambda2_mean": 0.10626266717202573,
  "lambda2_std": 0.04442258749963002
}