{
  "event": "kerala_floods_2018",
  "budget": 50,
  "seed_set": 3,
  "status": "done",
  "best_params": {
    "lr": 7.722309025028335e-05,
    "batch_size": 64,
    "cotrain_epochs": 13,
    "finetune_patience": 6,
    "weight_decay": 0.008777297893615022,
    "warmup_ratio": 0.09484565783588807
  },
  "best_value": 0.601823,
  "best_full_metrics": {
    "event": "kerala_floods_2018",
    "budget": 50,
    "seed_set": 3,
    "test_error_rate": 29.013906447534765,
    "test_macro_f1": 0.5722198560499082,
    "test_ece": 0.05324194677334216,
    "test_per_class_f1": [
      0.48,
      0.21621621621621623,
      0.547945205479452,
      0.8571428571428571,
      0.4088397790055249,
      0.43548387096774194,
      0.688,
      0.8397040690505548,
      0.6766467065868264
    ],
    "dev_error_rate": 28.992628992628987,
    "dev_macro_f1": 0.6018226581485422,
    "dev_ece": 0.05481308054279634,
    "stopping_strategy": "baseline",
    "phase1_seed_strategy": "last",
    "phase1_best_epoch": null,
    "lambda1_mean": 1.0131658499010918,
    "lambda1_std": 0.24944229589620998,
    "lambda2_mean": 0.6410030773154543,
    "lambda2_std": 0.21312246956511985
  },
  "n_trials": 10,
  "continued_from": null,
  "trials": [
    {
      "number": 0,
      "state": "COMPLETE",
      "params": {
        "lr": 6.125494038230659e-05,
        "batch_size": 8,
        "cotrain_epochs": 15,
        "finetune_patience": 9,
        "weight_decay": 0.0523366427225256,
        "warmup_ratio": 0.19669680285289523
      },
      "dev_macro_f1": 0.579797,
      "duration_seconds": 1065.5,
      "full_metrics": {
        "event": "kerala_floods_2018",
        "budget": 50,
        "seed_set": 3,
        "test_error_rate": 34.19721871049305,
        "test_macro_f1": 0.5499334600760863,
        "test_ece": 0.15819146624482536,
        "test_per_class_f1": [
          0.4044943820224719,
          0.2978723404255319,
          0.5352112676056338,
          0.8354430379746836,
          0.4387755102040816,
          0.37640449438202245,
          0.6196319018404908,
          0.7836734693877551,
          0.6578947368421053
        ],
        "dev_error_rate": 34.27518427518428,
        "dev_macro_f1": 0.5797974335875715,
        "dev_ece": 0.15600403601473029,
        "stopping_strategy": "baseline",
        "phase1_seed_strategy": "last",
        "phase1_best_epoch": null,
        "lambda1_mean": 1.0053784183338133,
        "lambda1_std": 0.2374539874584211,
        "lambda2_mean": 0.6631350062280821,
        "lambda2_std": 0.2540566371229139
      }
    },
    {
      "number": 1,
      "state": "COMPLETE",
      "params": {
        "lr": 7.722309025028335e-05,
        "batch_size": 64,
        "cotrain_epochs": 13,
        "finetune_patience": 6,
        "weight_decay": 0.008777297893615022,
        "warmup_ratio": 0.09484565783588807
      },
      "dev_macro_f1": 0.601823,
      "duration_seconds": 490.3,
      "full_metrics": {
        "event": "kerala_floods_2018",
        "budget": 50,
        "seed_set": 3,
        "test_error_rate": 29.013906447534765,
        "test_macro_f1": 0.5722198560499082,
        "test_ece": 0.05324194677334216,
        "test_per_class_f1": [
          0.48,
          0.21621621621621623,
          0.547945205479452,
          0.8571428571428571,
          0.4088397790055249,
          0.43548387096774194,
          0.688,
          0.8397040690505548,
          0.6766467065868264
        ],
        "dev_error_rate": 28.992628992628987,
        "dev_macro_f1": 0.6018226581485422,
        "dev_ece": 0.05481308054279634,
        "stopping_strategy": "baseline",
        "phase1_seed_strategy": "last",
        "phase1_best_epoch": null,
        "lambda1_mean": 1.0131658499010918,
        "lambda1_std": 0.24944229589620998,
        "lambda2_mean": 0.6410030773154543,
        "lambda2_std": 0.21312246956511985
      }
    },
    {
      "number": 2,
      "state": "COMPLETE",
      "params": {
        "lr": 0.000203577634726278,
        "batch_size": 64,
        "cotrain_epochs": 16,
        "finetune_patience": 8,
        "weight_decay": 0.05196576586383869,
        "warmup_ratio": 0.006003213811530306
      },
      "dev_macro_f1": 0.077742,
      "duration_seconds": 574.3,
      "full_metrics": {
        "event": "kerala_floods_2018",
        "budget": 50,
        "seed_set": 3,
        "test_error_rate": 46.207332490518326,
        "test_macro_f1": 0.07772754258574234,
        "test_ece": 0.3391052782535553,
        "test_per_class_f1": [
          0.0,
          0.0,
          0.0,
          0.0,
          0.0,
          0.0,
          0.0,
          0.699547883271681,
          0.0
        ],
        "dev_error_rate": 46.1916461916462,
        "dev_macro_f1": 0.07774227902023428,
        "dev_ece": 0.33894835452775707,
        "stopping_strategy": "baseline",
        "phase1_seed_strategy": "last",
        "phase1_best_epoch": null,
        "lambda1_mean": 0.6546056101281119,
        "lambda1_std": 0.49336130245619303,
        "lambda2_mean": 0.39497551177539036,
        "lambda2_std": 0.36044633161711775
      }
    },
    {
      "number": 3,
      "state": "COMPLETE",
      "params": {
        "lr": 3.3777606802780534e-05,
        "batch_size": 16,
        "cotrain_epochs": 13,
        "finetune_patience": 6,
        "weight_decay": 0.07820475047325509,
        "warmup_ratio": 0.0367533686208615
      },
      "dev_macro_f1": 0.582585,
      "duration_seconds": 610.6,
      "full_metrics": {
        "event": "kerala_floods_2018",
        "budget": 50,
        "seed_set": 3,
        "test_error_rate": 36.156763590391904,
        "test_macro_f1": 0.5318783994695783,
        "test_ece": 0.15213452342676306,
        "test_per_class_f1": [
          0.40476190476190477,
          0.27692307692307694,
          0.5135135135135135,
          0.84,
          0.33557046979865773,
          0.37383177570093457,
          0.5952380952380952,
          0.7686006825938566,
          0.6784660766961652
        ],
        "dev_error_rate": 33.90663390663391,
        "dev_macro_f1": 0.582584791825147,
        "dev_ece": 0.17198889453595628,
        "stopping_strategy": "baseline",
        "phase1_seed_strategy": "last",
        "phase1_best_epoch": null,
        "lambda1_mean": 0.79271126852901,
        "lambda1_std": 0.23530358997257111,
        "lambda2_mean": 0.6950029287443418,
        "lambda2_std": 0.2099529988920921
      }
    },
    {
      "number": 4,
      "state": "COMPLETE",
      "params": {
        "lr": 0.0004030933397272333,
        "batch_size": 16,
        "cotrain_epochs": 12,
        "finetune_patience": 10,
        "weight_decay": 0.09084705516517796,
        "warmup_ratio": 0.21233853746462775
      },
      "dev_macro_f1": 0.077742,
      "duration_seconds": 578.5,
      "full_metrics": {
        "event": "kerala_floods_2018",
        "budget": 50,
        "seed_set": 3,
        "test_error_rate": 46.207332490518326,
        "test_macro_f1": 0.07772754258574234,
        "test_ece": 0.4094301256646701,
        "test_per_class_f1": [
          0.0,
          0.0,
          0.0,
          0.0,
          0.0,
          0.0,
          0.0,
          0.699547883271681,
          0.0
        ],
        "dev_error_rate": 46.1916461916462,
        "dev_macro_f1": 0.07774227902023428,
        "dev_ece": 0.40958698904851143,
        "stopping_strategy": "baseline",
        "phase1_seed_strategy": "last",
        "phase1_best_epoch": null,
        "lambda1_mean": 0.6952439171956604,
        "lambda1_std": 0.4839868853256417,
        "lambda2_mean": 0.31736685904876366,
        "lambda2_std": 0.2858509720598148
      }
    },
    {
      "number": 5,
      "state": "COMPLETE",
      "params": {
        "lr": 0.00023362456510676638,
        "batch_size": 16,
        "cotrain_epochs": 13,
        "finetune_patience": 9,
        "weight_decay": 0.017662761270374285,
        "warmup_ratio": 0.24455183413852855
      },