{
  "event": "hurricane_dorian_2019",
  "budget": 25,
  "seed_set": 3,
  "test_error_rate": 48.54111405835544,
  "test_macro_f1": 0.405954681114938,
  "test_ece": 0.2979964501266454,
  "test_per_class_f1": [
    0.5714285714285714,
    0.71875,
    0.0,
    0.12903225806451613,
    0.5168539325842697,
    0.3560732113144759,
    0.0,
    0.6482758620689655,
    0.7131782945736435
  ],
  "dev_error_rate": 49.871134020618555,
  "dev_macro_f1": 0.4020888161052466,
  "dev_ece": 0.3013641493990249,
  "stopping_strategy": "baseline",
  "phase1_seed_strategy": "last",
  "phase1_best_epoch": null,
  "lambda1_mean": 1.0179196060065279,
  "lambda1_std": 0.26861792342520247,
  "lambda2_mean": 0.4908864790714926,
  "lambda2_std": 0.1853660491663608
}