{
  "event": "hurricane_irma_2017",
  "budget": 25,
  "seed_set": 1,
  "status": "done",
  "best_params": {
    "lr": 2.439780286962713e-05,
    "batch_size": 64,
    "cotrain_epochs": 9,
    "finetune_patience": 10,
    "weight_decay": 0.07609482643940568,
    "warmup_ratio": 0.27181711988827456
  },
  "best_value": 0.662157,
  "best_full_metrics": {
    "event": "hurricane_irma_2017",
    "budget": 25,
    "seed_set": 1,
    "test_error_rate": 31.954887218045116,
    "test_macro_f1": 0.6614997893059273,
    "test_ece": 0.09772560330133814,
    "test_per_class_f1": [
      0.6595744680851063,
      0.7977839335180056,
      0.796271637816245,
      0.9325842696629213,
      0.5688622754491018,
      0.39420289855072466,
      0.36923076923076925,
      0.7373134328358208,
      0.6976744186046512
    ],
    "dev_error_rate": 32.567849686847595,
    "dev_macro_f1": 0.6621566623928319,
    "dev_ece": 0.11749597699507791,
    "stopping_strategy": "baseline",
    "phase1_seed_strategy": "last",
    "phase1_best_epoch": null,
    "lambda1_mean": 0.9687580745387271,
    "lambda1_std": 0.29503403446242465,
    "lambda2_mean": 0.3812156596171544,
    "lambda2_std": 0.15637714804612815
  },
  "n_trials": 10,
  "continued_from": null,
  "trials": [
    {
      "number": 0,
      "state": "COMPLETE",
      "params": {
        "lr": 0.00044947627858038167,
        "batch_size": 64,
        "cotrain_epochs": 6,
        "finetune_patience": 6,
        "weight_decay": 0.07254155059428984,
        "warmup_ratio": 0.18119031332605479
      },
      "dev_macro_f1": 0.044519,
      "duration_seconds": 319.0,
      "full_metrics": {
        "event": "hurricane_irma_2017",
        "budget": 25,
        "seed_set": 1,
        "test_error_rate": 74.91944146079484,
        "test_macro_f1": 0.0445589427985306,
        "test_ece": 0.07411850302227074,
        "test_per_class_f1": [
          0.0,
          0.0,
          0.0,
          0.0,
          0.0,
          0.4010304851867754,
          0.0,
          0.0,
          0.0
        ],
        "dev_error_rate": 74.94780793319416,
        "dev_macro_f1": 0.044518642181413465,
        "dev_ece": 0.07383483880061445,
        "stopping_strategy": "baseline",
        "phase1_seed_strategy": "last",
        "phase1_best_epoch": null,
        "lambda1_mean": 0.4346351732263042,
        "lambda1_std": 0.19899559068664632,
        "lambda2_mean": 0.05705178164443468,
        "lambda2_std": 0.05387332885551194
      }
    },
    {
      "number": 1,
      "state": "COMPLETE",
      "params": {
        "lr": 0.0005395165148607237,
        "batch_size": 8,
        "cotrain_epochs": 9,
        "finetune_patience": 9,
        "weight_decay": 0.024327114991718215,
        "warmup_ratio": 0.1498701691001272
      },
      "dev_macro_f1": 0.044519,
      "duration_seconds": 771.8,
      "full_metrics": {
        "event": "hurricane_irma_2017",
        "budget": 25,
        "seed_set": 1,
        "test_error_rate": 74.91944146079484,
        "test_macro_f1": 0.0445589427985306,
        "test_ece": 0.13311864141570895,
        "test_per_class_f1": [
          0.0,
          0.0,
          0.0,
          0.0,
          0.0,
          0.4010304851867754,
          0.0,
          0.0,
          0.0
        ],
        "dev_error_rate": 74.94780793319416,
        "dev_macro_f1": 0.044518642181413465,
        "dev_ece": 0.1328349768151072,
        "stopping_strategy": "baseline",
        "phase1_seed_strategy": "last",
        "phase1_best_epoch": null,
        "lambda1_mean": 0.21800328217515963,
        "lambda1_std": 0.12259022544762212,
        "lambda2_mean": 0.1108950749913701,
        "lambda2_std": 0.07523191622932637
      }
    },
    {
      "number": 2,
      "state": "COMPLETE",
      "params": {
        "lr": 0.00010797813954946809,
        "batch_size": 32,
        "cotrain_epochs": 8,
        "finetune_patience": 7,
        "weight_decay": 0.004781304071009441,
        "warmup_ratio": 0.05076340847796897
      },
      "dev_macro_f1": 0.647318,
      "duration_seconds": 421.6,
      "full_metrics": {
        "event": "hurricane_irma_2017",
        "budget": 25,
        "seed_set": 1,
        "test_error_rate": 32.330827067669176,
        "test_macro_f1": 0.655214134580295,
        "test_ece": 0.12858620671721455,
        "test_per_class_f1": [
          0.6204379562043796,
          0.8,
          0.7959697732997482,
          0.9452449567723343,
          0.5275590551181102,
          0.4567741935483871,
          0.3595505617977528,
          0.7078464106844741,
          0.6835443037974683
        ],
        "dev_error_rate": 32.98538622129436,
        "dev_macro_f1": 0.6473178413422195,
        "dev_ece": 0.1409759563792473,
        "stopping_strategy": "baseline",
        "phase1_seed_strategy": "last",
        "phase1_best_epoch": null,
        "lambda1_mean": 0.9940254257425919,
        "lambda1_std": 0.2719141070708598,
        "lambda2_mean": 0.5792280723458635,
        "lambda2_std": 0.2454133655990849
      }
    },
    {
      "number": 3,
      "state": "COMPLETE",
      "params": {
        "lr": 0.00017777718595823877,
        "batch_size": 64,
        "cotrain_epochs": 18,
        "finetune_patience": 8,
        "weight_decay": 0.0789377479637115,
        "warmup_ratio": 0.2811659476125173
      },
      "dev_macro_f1": 0.639549,
      "duration_seconds": 743.6,
      "full_metrics": {
        "event": "hurricane_irma_2017",
        "budget": 25,
        "seed_set": 1,
        "test_error_rate": 33.72717508055854,
        "test_macro_f1": 0.6444799515209074,
        "test_ece": 0.1313606808572271,
        "test_per_class_f1": [
          0.5955882352941176,
          0.8,
          0.7733333333333333,
          0.9375,
          0.51875,
          0.38935574229691877,
          0.345679012345679,
          0.7347560975609756,
          0.7053571428571429
        ],
        "dev_error_rate": 34.02922755741128,
        "dev_macro_f1": 0.6395489385315409,
        "dev_ece": 0.14237774641006132,
        "stopping_strategy": "baseline",
        "phase1_seed_strategy": "last",
        "phase1_best_epoch": null,
        "lambda1_mean": 0.9939144058405639,
        "lambda1_std": 0.2916330373664656,
        "lambda2_mean": 0.6347188075057363,
        "lambda2_std": 0.24993394275766656
      }
    },
    {
      "number": 4,
      "state": "COMPLETE",
      "params": {
        "lr": 0.00032380764845170044,
        "batch_size": 64,
        "cotrain_epochs": 20,
        "finetune_patience": 8,
        "weight_decay": 0.015210040028901972,
        "warmup_ratio": 0.05232577355684791
      },
      "dev_macro_f1": 0.032143,
      "duration_seconds": 805.2,
      "full_metrics": {
        "event": "hurricane_irma_2017",
        "budget": 25,
        "seed_set": 1,
        "test_error_rate": 83.0827067669173,
        "test_macro_f1": 0.03215434083601286,
        "test_ece": 0.18575439322839873,
        "test_per_class_f1": [
          0.0,
          0.0,
          0.0,
          0.0,
          0.0,
          0.0,
          0.0,
          0.28938906752411575,
          0.0
        ],
        "dev_error_rate": 83.08977035490605,
        "dev_macro_f1": 0.03214285714285715,
        "dev_ece": 0.18582503099406686,
        "stopping_strategy": "baseline",
        "phase1_seed_strategy": "last",
        "phase1_best_epoch": null,
        "lambda1_mean": 0.6444081388299359,
        "lambda1_std": 0.2986447713312425,
        "lambda2_mean": 0.09888272098134682,
        "lambda2_std": 0.09131956475997209
      }
    },
    {
      "number": 5,
      "state": "COMPLETE",
      "params": {
        "lr": 0.0008197778271226224,
        "batch_size": 64,
        "cotrain_epochs": 16,
        "finetune_patience": 5,
        "weight_decay": 0.007622564112505959,
        "warmup_ratio": 0.0829703944312321
      },
      "dev_macro_f1": 0.037101,
      "duration_seconds": 658.1,
      "full_metrics": {
        "event": "hurricane_irma_2017",