{
  "event": "kerala_floods_2018",
  "budget": 50,
  "seed_set": 3,
  "test_error_rate": 31.41592920353983,
  "test_macro_f1": 0.5639534765859368,
  "test_ece": 0.10847880350315166,
  "test_per_class_f1": [
    0.4533333333333333,
    0.22727272727272727,
    0.5517241379310345,
    0.8679245283018868,
    0.39572192513368987,
    0.41450777202072536,
    0.6689895470383276,
    0.8129117259552042,
    0.6831955922865014
  ],
  "dev_error_rate": 30.58968058968059,
  "dev_macro_f1": 0.6043698140083565,
  "dev_ece": 0.0994382162901049,
  "stopping_strategy": "baseline",
  "phase1_seed_strategy": "last",
  "phase1_best_epoch": null,
  "lambda1_mean": 1.0163624961708528,
  "lambda1_std": 0.2575942212468904,
  "lambda2_mean": 0.49641872723590946,
  "lambda2_std": 0.19752435959260517
}