{
  "event": "kaikoura_earthquake_2016",
  "budget": 50,
  "seed_set": 2,
  "test_error_rate": 23.2183908045977,
  "test_macro_f1": 0.7660381920446797,
  "test_ece": 0.13600893383738638,
  "test_per_class_f1": [
    0.745945945945946,
    0.8205128205128205,
    0.8309859154929577,
    1.0,
    0.5384615384615384,
    0.4745762711864407,
    0.6666666666666666,
    0.8941176470588236,
    0.9230769230769231
  ],
  "dev_error_rate": 27.23214285714286,
  "dev_macro_f1": 0.7112531021929265,
  "dev_ece": 0.1708457096080695,
  "stopping_strategy": "baseline",
  "phase1_seed_strategy": "last",
  "phase1_best_epoch": null,
  "lambda1_mean": 1.0116144416381976,
  "lambda1_std": 0.23594523115642696,
  "lambda2_mean": 0.676405457558651,
  "lambda2_std": 0.22499950182851827
}