{
  "event": "hurricane_irma_2017",
  "budget": 50,
  "seed_set": 1,
  "test_error_rate": 31.90118152524167,
  "test_macro_f1": 0.665235376328957,
  "test_ece": 0.16435703691235165,
  "test_per_class_f1": [
    0.6076923076923076,
    0.8367952522255193,
    0.8407643312101911,
    0.9307479224376731,
    0.5100671140939598,
    0.4230769230769231,
    0.4864864864864865,
    0.69826224328594,
    0.6532258064516129
  ],
  "dev_error_rate": 30.79331941544885,
  "dev_macro_f1": 0.6657997492677621,
  "dev_ece": 0.1546640647478044,
  "stopping_strategy": "baseline",
  "phase1_seed_strategy": "last",
  "phase1_best_epoch": null,
  "lambda1_mean": 0.938395007914929,
  "lambda1_std": 0.3080118329085511,
  "lambda2_mean": 0.6353581534541073,
  "lambda2_std": 0.32144080643868617
}