{
  "event": "hurricane_dorian_2019",
  "budget": 10,
  "seed_set": 2,
  "status": "done",
  "best_params": {
    "lr": 0.00010547959973537781,
    "batch_size": 32,
    "cotrain_epochs": 11,
    "finetune_patience": 9,
    "weight_decay": 0.047585616499790574,
    "warmup_ratio": 0.21745613051316132
  },
  "best_value": 0.610061,
  "best_full_metrics": {
    "event": "hurricane_dorian_2019",
    "budget": 10,
    "seed_set": 2,
    "test_error_rate": 35.3448275862069,
    "test_macro_f1": 0.5992283463355975,
    "test_ece": 0.13001972755086205,
    "test_per_class_f1": [
      0.6343906510851419,
      0.8731563421828908,
      0.5672727272727273,
      0.38461538461538464,
      0.5934718100890207,
      0.42028985507246375,
      0.3116883116883117,
      0.8054794520547945,
      0.8026905829596412
    ],
    "dev_error_rate": 36.34020618556701,
    "dev_macro_f1": 0.6100611381794219,
    "dev_ece": 0.14347824558001204,
    "stopping_strategy": "baseline",
    "phase1_seed_strategy": "last",
    "phase1_best_epoch": null,
    "lambda1_mean": 1.0127451661878988,
    "lambda1_std": 0.29768595085983984,
    "lambda2_mean": 0.5622742576856365,
    "lambda2_std": 0.21181494846031612
  },
  "n_trials": 10,
  "continued_from": null,
  "trials": [
    {
      "number": 0,
      "state": "COMPLETE",
      "params": {
        "lr": 1.6848216685440456e-05,
        "batch_size": 16,
        "cotrain_epochs": 8,
        "finetune_patience": 8,
        "weight_decay": 0.03650364674777786,
        "warmup_ratio": 0.09124869720238578
      },
      "dev_macro_f1": 0.597011,
      "duration_seconds": 441.3,
      "full_metrics": {
        "event": "hurricane_dorian_2019",
        "budget": 10,
        "seed_set": 2,
        "test_error_rate": 33.95225464190982,
        "test_macro_f1": 0.5668072249398783,
        "test_ece": 0.16184196959123687,
        "test_per_class_f1": [
          0.6427406199021207,
          0.8717948717948718,
          0.6230529595015576,
          0.3333333333333333,
          0.6349206349206349,
          0.37606837606837606,
          0.0,
          0.8093994778067886,
          0.8099547511312217
        ],
        "dev_error_rate": 36.46907216494846,
        "dev_macro_f1": 0.5970113330295188,
        "dev_ece": 0.18998266330238472,
        "stopping_strategy": "baseline",
        "phase1_seed_strategy": "last",
        "phase1_best_epoch": null,
        "lambda1_mean": 1.0320757592332443,
        "lambda1_std": 0.2800655255151127,
        "lambda2_mean": 0.5086269717346659,
        "lambda2_std": 0.1808437777094656
      }
    },
    {
      "number": 1,
      "state": "COMPLETE",
      "params": {
        "lr": 0.0004056151582876342,
        "batch_size": 64,
        "cotrain_epochs": 12,
        "finetune_patience": 5,
        "weight_decay": 0.013192377884408336,
        "warmup_ratio": 0.2974438051040789
      },
      "dev_macro_f1": 0.022864,
      "duration_seconds": 441.3,
      "full_metrics": {
        "event": "hurricane_dorian_2019",
        "budget": 10,
        "seed_set": 2,
        "test_error_rate": 88.52785145888595,
        "test_macro_f1": 0.02286998479740895,
        "test_ece": 0.15209010824442543,
        "test_per_class_f1": [
          0.0,
          0.0,
          0.0,
          0.0,
          0.20582986317668056,
          0.0,
          0.0,
          0.0,
          0.0
        ],
        "dev_error_rate": 88.53092783505154,
        "dev_macro_f1": 0.022864482980089917,
        "dev_ece": 0.15212121774855353,
        "stopping_strategy": "baseline",
        "phase1_seed_strategy": "last",
        "phase1_best_epoch": null,
        "lambda1_mean": 0.47630162978311763,
        "lambda1_std": 0.17104703240200245,
        "lambda2_mean": 0.035443951336175006,
        "lambda2_std": 0.029408609090885447
      }
    },
    {
      "number": 2,
      "state": "COMPLETE",
      "params": {
        "lr": 0.0009747252917565093,
        "batch_size": 32,
        "cotrain_epochs": 14,
        "finetune_patience": 9,
        "weight_decay": 0.03154885559302696,
        "warmup_ratio": 0.15267463683567203
      },
      "dev_macro_f1": 0.033964,
      "duration_seconds": 555.2,
      "full_metrics": {
        "event": "hurricane_dorian_2019",
        "budget": 10,
        "seed_set": 2,
        "test_error_rate": 82.0291777188329,
        "test_macro_f1": 0.03385172693773031,
        "test_ece": 0.23435407341396142,
        "test_per_class_f1": [
          0.3046655424395728,
          0.0,
          0.0,
          0.0,
          0.0,
          0.0,
          0.0,
          0.0,
          0.0
        ],
        "dev_error_rate": 81.95876288659794,
        "dev_macro_f1": 0.033964095099466275,
        "dev_ece": 0.23364992631772127,
        "stopping_strategy": "baseline",
        "phase1_seed_strategy": "last",
        "phase1_best_epoch": null,
        "lambda1_mean": 0.24328646801169163,
        "lambda1_std": 0.16800189986916472,
        "lambda2_mean": 0.13659398005788995,
        "lambda2_std": 0.10512033139717551
      }
    },
    {
      "number": 3,
      "state": "COMPLETE",
      "params": {
        "lr": 7.894817571437804e-05,
        "batch_size": 8,
        "cotrain_epochs": 12,
        "finetune_patience": 9,
        "weight_decay": 0.07694522865188824,
        "warmup_ratio": 0.11689602705470375
      },
      "dev_macro_f1": 0.587571,
      "duration_seconds": 845.9,
      "full_metrics": {
        "event": "hurricane_dorian_2019",
        "budget": 10,
        "seed_set": 2,
        "test_error_rate": 36.53846153846154,
        "test_macro_f1": 0.5666942935161823,
        "test_ece": 0.12703097119571674,
        "test_per_class_f1": [
          0.6338983050847458,
          0.8790560471976401,
          0.5466666666666666,
          0.2962962962962963,
          0.6137566137566137,
          0.31724137931034485,
          0.21333333333333335,
          0.8,
          0.8
        ],
        "dev_error_rate": 36.21134020618557,
        "dev_macro_f1": 0.5875712007150266,
        "dev_ece": 0.12662717235303417,
        "stopping_strategy": "baseline",
        "phase1_seed_strategy": "last",
        "phase1_best_epoch": null,
        "lambda1_mean": 0.9938806931770395,
        "lambda1_std": 0.3127354362793757,
        "lambda2_mean": 0.5276405292919941,
        "lambda2_std": 0.23871785976849608
      }
    },
    {
      "number": 4,
      "state": "COMPLETE",
      "params": {
        "lr": 0.00010547959973537781,
        "batch_size": 32,
        "cotrain_epochs": 11,
        "finetune_patience": 9,
        "weight_decay": 0.047585616499790574,
        "warmup_ratio": 0.21745613051316132
      },
      "dev_macro_f1": 0.610061,
      "duration_seconds": 464.8,
      "full_metrics": {
        "event": "hurricane_dorian_2019",
        "budget": 10,
        "seed_set": 2,
        "test_error_rate": 35.3448275862069,
        "test_macro_f1": 0.5992283463355975,
        "test_ece": 0.13001972755086205,
        "test_per_class_f1": [
          0.6343906510851419,
          0.8731563421828908,
          0.5672727272727273,
          0.38461538461538464,
          0.5934718100890207,
          0.42028985507246375,
          0.3116883116883117,
          0.8054794520547945,
          0.8026905829596412
        ],
        "dev_error_rate": 36.34020618556701,
        "dev_macro_f1": 0.6100611381794219,
        "dev_ece": 0.14347824558001204,
        "stopping_strategy": "baseline",
        "phase1_seed_strategy": "last",
        "phase1_best_epoch": null,
        "lambda1_mean": 1.0127451661878988,
        "lambda1_std": 0.29768595085983984,
        "lambda2_mean": 0.5622742576856365,
        "lambda2_std": 0.21181494846031612
      }
    },
    {
      "number": 5,
      "state": "COMPLETE",
      "params": {
        "lr": 0.00046523192488627806,
        "batch_size": 16,
        "cotrain_epochs": 9,
        "finetune_patience": 6,
        "weight_decay": 0.007153022583503744,