{
  "event": "hurricane_florence_2018",
  "budget": 10,
  "seed_set": 1,
  "test_error_rate": 23.045930701047546,
  "test_macro_f1": 0.6722275726612812,
  "test_ece": 0.10194838241547181,
  "test_per_class_f1": [
    0.764,
    0.8175182481751825,
    0.6451612903225806,
    0.9047619047619048,
    0.8482142857142857,
    0.4192139737991266,
    0.0,
    0.8363636363636363,
    0.8148148148148148
  ],
  "dev_error_rate": 22.065727699530512,
  "dev_macro_f1": 0.6704613672520131,
  "dev_ece": 0.11453606470463232,
  "stopping_strategy": "baseline",
  "phase1_seed_strategy": "last",
  "phase1_best_epoch": null,
  "lambda1_mean": 1.0315937557010584,
  "lambda1_std": 0.2678297748078707,
  "lambda2_mean": 0.5017772522615778,
  "lambda2_std": 0.17224204042795965
}