{
  "event": "hurricane_harvey_2017",
  "budget": 50,
  "seed_set": 1,
  "status": "done",
  "best_params": {
    "lr": 0.00017495055946512911,
    "batch_size": 64,
    "cotrain_epochs": 19,
    "finetune_patience": 10,
    "weight_decay": 0.08734749260510537,
    "warmup_ratio": 0.29473183467230146
  },
  "best_value": 0.686558,
  "best_full_metrics": {
    "event": "hurricane_harvey_2017",
    "budget": 50,
    "seed_set": 1,
    "test_error_rate": 29.639889196675895,
    "test_macro_f1": 0.6595130300164138,
    "test_ece": 0.21746886608673266,
    "test_per_class_f1": [
      0.5703703703703704,
      0.8945454545454545,
      0.8074534161490683,
      0.8873720136518771,
      0.3181818181818182,
      0.49324324324324326,
      0.45652173913043476,
      0.8164794007490637,
      0.6914498141263941
    ],
    "dev_error_rate": 29.063509149623247,
    "dev_macro_f1": 0.6865580179389276,
    "dev_ece": 0.22229183753160406,
    "stopping_strategy": "baseline",
    "phase1_seed_strategy": "last",
    "phase1_best_epoch": null,
    "lambda1_mean": 0.959841661335507,
    "lambda1_std": 0.31034394866849746,
    "lambda2_mean": 0.09613383158884711,
    "lambda2_std": 0.12948830147495627
  },
  "n_trials": 10,
  "continued_from": null,
  "trials": [
    {
      "number": 0,
      "state": "COMPLETE",
      "params": {
        "lr": 0.0008392021275328999,
        "batch_size": 64,
        "cotrain_epochs": 14,
        "finetune_patience": 9,
        "weight_decay": 0.0503101648136479,
        "warmup_ratio": 0.2782509580948321
      },
      "dev_macro_f1": 0.052588,
      "duration_seconds": 568.0,
      "full_metrics": {
        "event": "hurricane_harvey_2017",
        "budget": 50,
        "seed_set": 1,
        "test_error_rate": 69.03047091412742,
        "test_macro_f1": 0.052547471329197216,
        "test_ece": 0.04576003224565711,
        "test_per_class_f1": [
          0.0,
          0.0,
          0.0,
          0.0,
          0.0,
          0.0,
          0.0,
          0.47292724196277497,
          0.0
        ],
        "dev_error_rate": 68.9989235737352,
        "dev_macro_f1": 0.05258833196384552,
        "dev_ece": 0.046075506923786425,
        "stopping_strategy": "baseline",
        "phase1_seed_strategy": "last",
        "phase1_best_epoch": null,
        "lambda1_mean": 0.5439904048579105,
        "lambda1_std": 0.3837707140581719,
        "lambda2_mean": 0.12418755600329771,
        "lambda2_std": 0.1763221879657531
      }
    },
    {
      "number": 1,
      "state": "COMPLETE",
      "params": {
        "lr": 0.00017495055946512911,
        "batch_size": 64,
        "cotrain_epochs": 19,
        "finetune_patience": 10,
        "weight_decay": 0.08734749260510537,
        "warmup_ratio": 0.29473183467230146
      },
      "dev_macro_f1": 0.686558,
      "duration_seconds": 752.7,
      "full_metrics": {
        "event": "hurricane_harvey_2017",
        "budget": 50,
        "seed_set": 1,
        "test_error_rate": 29.639889196675895,
        "test_macro_f1": 0.6595130300164138,
        "test_ece": 0.21746886608673266,
        "test_per_class_f1": [
          0.5703703703703704,
          0.8945454545454545,
          0.8074534161490683,
          0.8873720136518771,
          0.3181818181818182,
          0.49324324324324326,
          0.45652173913043476,
          0.8164794007490637,
          0.6914498141263941
        ],
        "dev_error_rate": 29.063509149623247,
        "dev_macro_f1": 0.6865580179389276,
        "dev_ece": 0.22229183753160406,
        "stopping_strategy": "baseline",
        "phase1_seed_strategy": "last",
        "phase1_best_epoch": null,
        "lambda1_mean": 0.959841661335507,
        "lambda1_std": 0.31034394866849746,
        "lambda2_mean": 0.09613383158884711,
        "lambda2_std": 0.12948830147495627
      }
    },
    {
      "number": 2,
      "state": "COMPLETE",
      "params": {
        "lr": 4.078431256703917e-05,
        "batch_size": 8,
        "cotrain_epochs": 7,
        "finetune_patience": 6,
        "weight_decay": 0.037859149959319195,
        "warmup_ratio": 0.19089681134206132
      },
      "dev_macro_f1": 0.668649,
      "duration_seconds": 593.5,
      "full_metrics": {
        "event": "hurricane_harvey_2017",
        "budget": 50,
        "seed_set": 1,
        "test_error_rate": 26.204986149584485,
        "test_macro_f1": 0.6849538901320459,
        "test_ece": 0.061156377254100405,
        "test_per_class_f1": [
          0.6,
          0.9047619047619048,
          0.8142292490118577,
          0.9054054054054054,
          0.32608695652173914,
          0.5291181364392679,
          0.48175182481751827,
          0.8498683055311677,
          0.7533632286995515
        ],
        "dev_error_rate": 28.63293864370291,
        "dev_macro_f1": 0.6686488724484447,
        "dev_ece": 0.07598920126392461,
        "stopping_strategy": "baseline",
        "phase1_seed_strategy": "last",
        "phase1_best_epoch": null,
        "lambda1_mean": 0.9693029687397261,
        "lambda1_std": 0.2346586183770713,
        "lambda2_mean": 0.4630647900225154,
        "lambda2_std": 0.1804289786557673
      }
    },
    {
      "number": 3,
      "state": "COMPLETE",
      "params": {
        "lr": 0.0005701098153004799,
        "batch_size": 32,
        "cotrain_epochs": 13,
        "finetune_patience": 8,
        "weight_decay": 0.08924358886986221,
        "warmup_ratio": 0.17368327258965666
      },
      "dev_macro_f1": 0.052588,
      "duration_seconds": 583.5,
      "full_metrics": {
        "event": "hurricane_harvey_2017",
        "budget": 50,
        "seed_set": 1,
        "test_error_rate": 69.03047091412742,
        "test_macro_f1": 0.052547471329197216,
        "test_ece": 0.01885661380442888,
        "test_per_class_f1": [
          0.0,
          0.0,
          0.0,
          0.0,
          0.0,
          0.0,
          0.0,
          0.47292724196277497,
          0.0
        ],
        "dev_error_rate": 68.9989235737352,
        "dev_macro_f1": 0.05258833196384552,
        "dev_ece": 0.019172088322264746,
        "stopping_strategy": "baseline",
        "phase1_seed_strategy": "last",
        "phase1_best_epoch": null,
        "lambda1_mean": 0.496351225184415,
        "lambda1_std": 0.38877716079481844,
        "lambda2_mean": 0.1312853442770096,
        "lambda2_std": 0.18091934589909883
      }
    },
    {
      "number": 4,
      "state": "COMPLETE",
      "params": {
        "lr": 0.0008523115339941209,
        "batch_size": 16,
        "cotrain_epochs": 12,
        "finetune_patience": 8,
        "weight_decay": 0.09373684930461568,
        "warmup_ratio": 0.09952545456745716
      },
      "dev_macro_f1": 0.052588,
      "duration_seconds": 619.1,
      "full_metrics": {
        "event": "hurricane_harvey_2017",
        "budget": 50,
        "seed_set": 1,
        "test_error_rate": 69.03047091412742,
        "test_macro_f1": 0.052547471329197216,
        "test_ece": 0.16419116834028938,
        "test_per_class_f1": [
          0.0,
          0.0,
          0.0,
          0.0,
          0.0,
          0.0,
          0.0,
          0.47292724196277497,
          0.0
        ],
        "dev_error_rate": 68.9989235737352,
        "dev_macro_f1": 0.05258833196384552,
        "dev_ece": 0.164506658590905,
        "stopping_strategy": "baseline",
        "phase1_seed_strategy": "last",
        "phase1_best_epoch": null,
        "lambda1_mean": 0.33263836661141594,
        "lambda1_std": 0.3328445859366925,
        "lambda2_mean": 0.14868509290747073,
        "lambda2_std": 0.16722735954599482
      }
    },
    {
      "number": 5,
      "state": "COMPLETE",
      "params": {
        "lr": 0.0004584802854547869,
        "batch_size": 16,
        "cotrain_epochs": 7,
        "finetune_patience": 7,
        "weight_decay": 0.058757147395046276,
        "warmup_ratio": 0.2974641689036474
      },
      "dev_macro_f1": 0.052588,
      "duration_seconds": 410.9,