{
  "event": "kerala_floods_2018",
  "budget": 5,
  "seed_set": 3,
  "test_error_rate": 86.5992414664981,
  "test_macro_f1": 0.07227108209445246,
  "test_ece": 0.7525228365935509,
  "test_per_class_f1": [
    0.0,
    0.0,
    0.1719077568134172,
    0.23214285714285715,
    0.0,
    0.0,
    0.0,
    0.0,
    0.2463891248937978
  ],
  "dev_error_rate": 86.97788697788698,
  "dev_macro_f1": 0.06814111860954081,
  "dev_ece": 0.7695959816327551,
  "stopping_strategy": "baseline",
  "phase1_seed_strategy": "last",
  "phase1_best_epoch": null,
  "lambda1_mean": 0.9622898492424877,
  "lambda1_std": 0.34117415020786435,
  "lambda2_mean": 0.4813675047238065,
  "lambda2_std": 0.2204390320252671
}