{
  "event": "canada_wildfires_2016",
  "budget": 50,
  "seed_set": 1,
  "test_error_rate": 28.539325842696627,
  "test_macro_f1": 0.6227346309420615,
  "test_ece": 0.1149920129374172,
  "test_per_class_f1": [
    0.5,
    0.7195121951219512,
    0.7368421052631579,
    0.4117647058823529,
    0.37254901960784315,
    0.6666666666666666,
    0.8703170028818443,
    0.704225352112676
  ],
  "dev_error_rate": 28.947368421052634,
  "dev_macro_f1": 0.6486457206877949,
  "dev_ece": 0.10952695080062799
}