{
  "event": "kerala_floods_2018",
  "budget": 5,
  "seed_set": 2,
  "test_error_rate": 94.18457648546143,
  "test_macro_f1": 0.07853314451605925,
  "test_ece": 0.6012508602608019,
  "test_per_class_f1": [
    0.0,
    0.013513513513513514,
    0.0641399416909621,
    0.2222222222222222,
    0.08383233532934131,
    0.14798206278026907,
    0.1393939393939394,
    0.0,
    0.03571428571428571
  ],
  "dev_error_rate": 92.997542997543,
  "dev_macro_f1": 0.09922138814438089,
  "dev_ece": 0.5846166912768338
}