{
  "event": "kerala_floods_2018",
  "budget": 5,
  "seed_set": 1,
  "test_error_rate": 28.381795195954485,
  "test_macro_f1": 0.5580362466803669,
  "test_ece": 0.2170156037762252,
  "test_per_class_f1": [
    0.5,
    0.16666666666666666,
    0.544,
    0.8217054263565892,
    0.40375586854460094,
    0.4,
    0.680672268907563,
    0.8534883720930233,
    0.6520376175548589
  ],
  "dev_error_rate": 27.149877149877156,
  "dev_macro_f1": 0.612905037000452,
  "dev_ece": 0.21046095460433634,
  "stopping_strategy": "baseline",
  "phase1_seed_strategy": "last",
  "phase1_best_epoch": null,
  "lambda1_mean": 1.0642754824433789,
  "lambda1_std": 0.22031233305344136,
  "lambda2_mean": 0.5606337720703167,
  "lambda2_std": 0.1759033658416367
}