{
  "event": "kerala_floods_2018",
  "budget": 25,
  "seed_set": 1,
  "status": "done",
  "best_params": {
    "lr": 2.542859840529632e-05,
    "batch_size": 16,
    "cotrain_epochs": 9,
    "finetune_patience": 9,
    "weight_decay": 0.025131822475046164,
    "warmup_ratio": 0.222226325470114
  },
  "best_value": 0.595169,
  "best_full_metrics": {
    "event": "kerala_floods_2018",
    "budget": 25,
    "seed_set": 1,
    "test_error_rate": 33.122629582806574,
    "test_macro_f1": 0.543854925694855,
    "test_ece": 0.15477884718123944,
    "test_per_class_f1": [
      0.40963855421686746,
      0.23728813559322035,
      0.5277777777777778,
      0.8079470198675497,
      0.422680412371134,
      0.3626373626373626,
      0.6438356164383562,
      0.8068331143232589,
      0.676056338028169
    ],
    "dev_error_rate": 30.22113022113022,
    "dev_macro_f1": 0.5951689283884346,
    "dev_ece": 0.12590271091724786,
    "stopping_strategy": "baseline",
    "phase1_seed_strategy": "last",
    "phase1_best_epoch": null,
    "lambda1_mean": 1.0302673593075857,
    "lambda1_std": 0.24333493641726456,
    "lambda2_mean": 0.5101458976959933,
    "lambda2_std": 0.19203458177851396
  },
  "n_trials": 10,
  "continued_from": null,
  "trials": [
    {
      "number": 0,
      "state": "COMPLETE",
      "params": {
        "lr": 0.0006398798193315736,
        "batch_size": 32,
        "cotrain_epochs": 17,
        "finetune_patience": 7,
        "weight_decay": 0.03202927088980392,
        "warmup_ratio": 0.06063538442466199
      },
      "dev_macro_f1": 0.077742,
      "duration_seconds": 680.1,
      "full_metrics": {
        "event": "kerala_floods_2018",
        "budget": 25,
        "seed_set": 1,
        "test_error_rate": 46.207332490518326,
        "test_macro_f1": 0.07772754258574234,
        "test_ece": 0.4220502330590741,
        "test_per_class_f1": [
          0.0,
          0.0,
          0.0,
          0.0,
          0.0,
          0.0,
          0.0,
          0.699547883271681,
          0.0
        ],
        "dev_error_rate": 46.1916461916462,
        "dev_macro_f1": 0.07774227902023428,
        "dev_ece": 0.42189358464037174,
        "stopping_strategy": "baseline",
        "phase1_seed_strategy": "last",
        "phase1_best_epoch": null,
        "lambda1_mean": 0.6282161762415595,
        "lambda1_std": 0.530606543995479,
        "lambda2_mean": 0.348568244739561,
        "lambda2_std": 0.3234105727013419
      }
    },
    {
      "number": 1,
      "state": "COMPLETE",
      "params": {
        "lr": 3.410156742863692e-05,
        "batch_size": 32,
        "cotrain_epochs": 15,
        "finetune_patience": 6,
        "weight_decay": 0.02504973451512589,
        "warmup_ratio": 0.11566308844706924
      },
      "dev_macro_f1": 0.566802,
      "duration_seconds": 609.0,
      "full_metrics": {
        "event": "kerala_floods_2018",
        "budget": 25,
        "seed_set": 1,
        "test_error_rate": 29.582806573957022,
        "test_macro_f1": 0.5533636293759143,
        "test_ece": 0.21046696661697173,
        "test_per_class_f1": [
          0.417910447761194,
          0.24242424242424243,
          0.5211267605633803,
          0.8235294117647058,
          0.4074074074074074,
          0.37168141592920356,
          0.6821705426356589,
          0.8473557692307693,
          0.6666666666666666
        ],
        "dev_error_rate": 30.712530712530718,
        "dev_macro_f1": 0.5668022184527309,
        "dev_ece": 0.2268104378216389,
        "stopping_strategy": "baseline",
        "phase1_seed_strategy": "last",
        "phase1_best_epoch": null,
        "lambda1_mean": 1.0767084332537156,
        "lambda1_std": 0.2013145483558414,
        "lambda2_mean": 0.6080266076265932,
        "lambda2_std": 0.17215351031421405
      }
    },
    {
      "number": 2,
      "state": "COMPLETE",
      "params": {
        "lr": 1.570584333074288e-05,
        "batch_size": 32,
        "cotrain_epochs": 8,
        "finetune_patience": 8,
        "weight_decay": 0.03642052560669736,
        "warmup_ratio": 0.04984532272552271
      },
      "dev_macro_f1": 0.5583,
      "duration_seconds": 375.3,
      "full_metrics": {
        "event": "kerala_floods_2018",
        "budget": 25,
        "seed_set": 1,
        "test_error_rate": 29.646017699115045,
        "test_macro_f1": 0.5312553617525949,
        "test_ece": 0.18640010698442966,
        "test_per_class_f1": [
          0.43902439024390244,
          0.0,
          0.52,
          0.8391608391608392,
          0.41414141414141414,
          0.42783505154639173,
          0.6285714285714286,
          0.837068443367656,
          0.6754966887417219
        ],
        "dev_error_rate": 28.501228501228503,
        "dev_macro_f1": 0.5583004432178301,
        "dev_ece": 0.1801752869854395,
        "stopping_strategy": "baseline",
        "phase1_seed_strategy": "last",
        "phase1_best_epoch": null,
        "lambda1_mean": 0.9940689818721529,
        "lambda1_std": 0.2713328681903883,
        "lambda2_mean": 0.44517751532435607,
        "lambda2_std": 0.19240669142493377
      }
    },
    {
      "number": 3,
      "state": "COMPLETE",
      "params": {
        "lr": 0.00017602466471604116,
        "batch_size": 8,
        "cotrain_epochs": 12,
        "finetune_patience": 5,
        "weight_decay": 0.055778156984728655,
        "warmup_ratio": 0.2192774946606735
      },
      "dev_macro_f1": 0.077742,
      "duration_seconds": 864.9,
      "full_metrics": {
        "event": "kerala_floods_2018",
        "budget": 25,
        "seed_set": 1,
        "test_error_rate": 46.207332490518326,
        "test_macro_f1": 0.07772754258574234,
        "test_ece": 0.20160048207275189,
        "test_per_class_f1": [
          0.0,
          0.0,
          0.0,
          0.0,
          0.0,
          0.0,
          0.0,
          0.699547883271681,
          0.0
        ],
        "dev_error_rate": 46.1916461916462,
        "dev_macro_f1": 0.07774227902023428,
        "dev_ece": 0.2017573456140349,
        "stopping_strategy": "baseline",
        "phase1_seed_strategy": "last",
        "phase1_best_epoch": null,
        "lambda1_mean": 0.6976634145811523,
        "lambda1_std": 0.4684193957625431,
        "lambda2_mean": 0.29759723711081043,
        "lambda2_std": 0.2746134433203225
      }
    },
    {
      "number": 4,
      "state": "COMPLETE",
      "params": {
        "lr": 4.881633065064551e-05,
        "batch_size": 16,
        "cotrain_epochs": 16,
        "finetune_patience": 9,
        "weight_decay": 0.09762538342625027,
        "warmup_ratio": 0.20366380518861232
      },
      "dev_macro_f1": 0.591468,
      "duration_seconds": 748.0,
      "full_metrics": {
        "event": "kerala_floods_2018",
        "budget": 25,
        "seed_set": 1,
        "test_error_rate": 32.49051833122629,
        "test_macro_f1": 0.554063163485781,
        "test_ece": 0.14789476161810902,
        "test_per_class_f1": [
          0.38,
          0.2857142857142857,
          0.556390977443609,
          0.8666666666666667,
          0.4375,
          0.3388888888888889,
          0.6064516129032258,
          0.8177083333333334,
          0.6972477064220184
        ],
        "dev_error_rate": 30.22113022113022,
        "dev_macro_f1": 0.5914678050184754,
        "dev_ece": 0.13746604133003765,
        "stopping_strategy": "baseline",
        "phase1_seed_strategy": "last",
        "phase1_best_epoch": null,
        "lambda1_mean": 1.05240839948062,
        "lambda1_std": 0.210115883078726,
        "lambda2_mean": 0.6634302682249984,
        "lambda2_std": 0.2069987031844291
      }
    },
    {
      "number": 5,
      "state": "COMPLETE",
      "params": {
        "lr": 0.000557119151834705,
        "batch_size": 16,
        "cotrain_epochs": 11,
        "finetune_patience": 4,
        "weight_decay": 0.054318140568074484,
        "warmup_ratio": 0.036366807283655024
      },
      "dev_macro_f1": 0.077742,