{
  "event": "hurricane_florence_2018",
  "budget": 10,
  "seed_set": 3,
  "test_error_rate": 23.529411764705888,
  "test_macro_f1": 0.6597616704612608,
  "test_ece": 0.14623178134610057,
  "test_per_class_f1": [
    0.7361963190184049,
    0.7984790874524715,
    0.5934065934065934,
    0.9322033898305084,
    0.8454545454545455,
    0.32323232323232326,
    0.0,
    0.8711864406779661,
    0.837696335078534
  ],
  "dev_error_rate": 22.22222222222222,
  "dev_macro_f1": 0.6658839709376149,
  "dev_ece": 0.13924649875488643,
  "stopping_strategy": "baseline",
  "phase1_seed_strategy": "last",
  "phase1_best_epoch": null,
  "lambda1_mean": 1.0463750456628953,
  "lambda1_std": 0.23327411344438678,
  "lambda2_mean": 0.4960576449668899,
  "lambda2_std": 0.16169279943700707
}