{
  "event": "california_wildfires_2018",
  "budget": 25,
  "seed_set": 2,
  "test_error_rate": 33.26488706365504,
  "test_macro_f1": 0.5881157011472263,
  "test_ece": 0.08326962278119346,
  "test_per_class_f1": [
    0.375,
    0.6375,
    0.49074074074074076,
    0.8104395604395604,
    0.45390070921985815,
    0.6878727634194831,
    0.36253776435045315,
    0.46511627906976744,
    0.8091603053435115,
    0.7888888888888889
  ],
  "dev_error_rate": 32.047872340425535,
  "dev_macro_f1": 0.5997646337936361,
  "dev_ece": 0.06333437381668926,
  "stopping_strategy": "baseline",
  "phase1_seed_strategy": "last",
  "phase1_best_epoch": null,
  "lambda1_mean": 0.6133526667038252,
  "lambda1_std": 0.0745350113300858,
  "lambda2_mean": 0.1385850993076168,
  "lambda2_std": 0.04318464369584753
}