{
  "event": "cyclone_idai_2019",
  "budget": 50,
  "seed_set": 2,
  "test_error_rate": 48.267008985879336,
  "test_macro_f1": 0.4028037127825745,
  "test_ece": 0.22424803429375256,
  "test_per_class_f1": [
    0.2830188679245283,
    0.18181818181818182,
    0.7058823529411765,
    0.8622754491017964,
    0.0,
    0.22580645161290322,
    0.22377622377622378,
    0.20224719101123595,
    0.5601436265709157,
    0.783068783068783
  ],
  "dev_error_rate": 49.12718204488778,
  "dev_macro_f1": 0.391413205779877,
  "dev_ece": 0.2316370940862451
}