{
  "event": "hurricane_irma_2017",
  "budget": 50,
  "seed_set": 3,
  "test_error_rate": 37.00322234156821,
  "test_macro_f1": 0.6156918804374719,
  "test_ece": 0.0597681791614641,
  "test_per_class_f1": [
    0.5433070866141733,
    0.815028901734104,
    0.7835926449787836,
    0.9209039548022598,
    0.488135593220339,
    0.3582089552238806,
    0.3392857142857143,
    0.6615853658536586,
    0.6311787072243346
  ],
  "dev_error_rate": 34.23799582463466,
  "dev_macro_f1": 0.641999612312033,
  "dev_ece": 0.05029055477744103,
  "stopping_strategy": "baseline",
  "phase1_seed_strategy": "last",
  "phase1_best_epoch": null,
  "lambda1_mean": 0.491087953244821,
  "lambda1_std": 0.09334367707373659,
  "lambda2_mean": 0.1057256334812247,
  "lambda2_std": 0.03949633621663581
}