{
  "event": "kaikoura_earthquake_2016",
  "budget": 5,
  "seed_set": 1,
  "status": "done",
  "best_params": {
    "lr": 0.0001239442653923724,
    "batch_size": 16,
    "cotrain_epochs": 12,
    "finetune_patience": 8,
    "weight_decay": 0.08511276216190661,
    "warmup_ratio": 0.12142498833328003
  },
  "best_value": 0.690396,
  "best_full_metrics": {
    "event": "kaikoura_earthquake_2016",
    "budget": 5,
    "seed_set": 1,
    "test_error_rate": 27.356321839080454,
    "test_macro_f1": 0.6563193378758183,
    "test_ece": 0.10032318878447874,
    "test_per_class_f1": [
      0.708994708994709,
      0.717948717948718,
      0.8208955223880597,
      0.9523809523809523,
      0.5411764705882353,
      0.45901639344262296,
      0.0,
      0.8292682926829268,
      0.8771929824561403
    ],
    "dev_error_rate": 29.464285714285708,
    "dev_macro_f1": 0.6903955887068673,
    "dev_ece": 0.09863623338086264,
    "stopping_strategy": "baseline",
    "phase1_seed_strategy": "last",
    "phase1_best_epoch": null,
    "lambda1_mean": 1.0079172612438458,
    "lambda1_std": 0.25484336211317205,
    "lambda2_mean": 0.49504610431142804,
    "lambda2_std": 0.2120261914753844
  },
  "n_trials": 10,
  "continued_from": null,
  "trials": [
    {
      "number": 0,
      "state": "COMPLETE",
      "params": {
        "lr": 1.1857016222826368e-05,
        "batch_size": 64,
        "cotrain_epochs": 7,
        "finetune_patience": 7,
        "weight_decay": 0.01601584308911255,
        "warmup_ratio": 0.2321735737354572
      },
      "dev_macro_f1": 0.543255,
      "duration_seconds": 89.3,
      "full_metrics": {
        "event": "kaikoura_earthquake_2016",
        "budget": 5,
        "seed_set": 1,
        "test_error_rate": 30.114942528735632,
        "test_macro_f1": 0.5484322373481011,
        "test_ece": 0.1612325048309633,
        "test_per_class_f1": [
          0.6815642458100558,
          0.0,
          0.7612903225806451,
          0.7894736842105263,
          0.4931506849315068,
          0.4881889763779528,
          0.0,
          0.8333333333333334,
          0.8888888888888888
        ],
        "dev_error_rate": 31.69642857142857,
        "dev_macro_f1": 0.5432550662388146,
        "dev_ece": 0.14308209218350904,
        "stopping_strategy": "baseline",
        "phase1_seed_strategy": "last",
        "phase1_best_epoch": null,
        "lambda1_mean": 0.45240790522227314,
        "lambda1_std": 0.1949850969753602,
        "lambda2_mean": 0.12717502004196907,
        "lambda2_std": 0.053339506137333834
      }
    },
    {
      "number": 1,
      "state": "COMPLETE",
      "params": {
        "lr": 0.0001239442653923724,
        "batch_size": 16,
        "cotrain_epochs": 12,
        "finetune_patience": 8,
        "weight_decay": 0.08511276216190661,
        "warmup_ratio": 0.12142498833328003
      },
      "dev_macro_f1": 0.690396,
      "duration_seconds": 165.0,
      "full_metrics": {
        "event": "kaikoura_earthquake_2016",
        "budget": 5,
        "seed_set": 1,
        "test_error_rate": 27.356321839080454,
        "test_macro_f1": 0.6563193378758183,
        "test_ece": 0.10032318878447874,
        "test_per_class_f1": [
          0.708994708994709,
          0.717948717948718,
          0.8208955223880597,
          0.9523809523809523,
          0.5411764705882353,
          0.45901639344262296,
          0.0,
          0.8292682926829268,
          0.8771929824561403
        ],
        "dev_error_rate": 29.464285714285708,
        "dev_macro_f1": 0.6903955887068673,
        "dev_ece": 0.09863623338086264,
        "stopping_strategy": "baseline",
        "phase1_seed_strategy": "last",
        "phase1_best_epoch": null,
        "lambda1_mean": 1.0079172612438458,
        "lambda1_std": 0.25484336211317205,
        "lambda2_mean": 0.49504610431142804,
        "lambda2_std": 0.2120261914753844
      }
    },
    {
      "number": 2,
      "state": "COMPLETE",
      "params": {
        "lr": 0.000651285537632313,
        "batch_size": 32,
        "cotrain_epochs": 19,
        "finetune_patience": 4,
        "weight_decay": 0.08553120292818078,
        "warmup_ratio": 0.07029343190514782
      },
      "dev_macro_f1": 0.036484,
      "duration_seconds": 201.3,
      "full_metrics": {
        "event": "kaikoura_earthquake_2016",
        "budget": 5,
        "seed_set": 1,
        "test_error_rate": 80.22988505747126,
        "test_macro_f1": 0.03668159522286202,
        "test_ece": 0.2504757061086852,
        "test_per_class_f1": [
          0.0,
          0.0,
          0.0,
          0.0,
          0.0,
          0.0,
          0.0,
          0.0,
          0.33013435700575816
        ],
        "dev_error_rate": 80.35714285714286,
        "dev_macro_f1": 0.03648424543946932,
        "dev_ece": 0.25174841843545437,
        "stopping_strategy": "baseline",
        "phase1_seed_strategy": "last",
        "phase1_best_epoch": null,
        "lambda1_mean": 0.3236727516264021,
        "lambda1_std": 0.22979128563047352,
        "lambda2_mean": 0.09409938083165056,
        "lambda2_std": 0.10495906226653208
      }
    },
    {
      "number": 3,
      "state": "COMPLETE",
      "params": {
        "lr": 0.0004227353219993206,
        "batch_size": 8,
        "cotrain_epochs": 8,
        "finetune_patience": 6,
        "weight_decay": 0.015146369085425626,
        "warmup_ratio": 0.1720122350738824
      },
      "dev_macro_f1": 0.036484,
      "duration_seconds": 163.6,
      "full_metrics": {
        "event": "kaikoura_earthquake_2016",
        "budget": 5,
        "seed_set": 1,
        "test_error_rate": 80.22988505747126,
        "test_macro_f1": 0.03668159522286202,
        "test_ece": 0.19610822906439332,
        "test_per_class_f1": [
          0.0,
          0.0,
          0.0,
          0.0,
          0.0,
          0.0,
          0.0,
          0.0,
          0.33013435700575816
        ],
        "dev_error_rate": 80.35714285714286,
        "dev_macro_f1": 0.03648424543946932,
        "dev_ece": 0.19738081204039712,
        "stopping_strategy": "baseline",
        "phase1_seed_strategy": "last",
        "phase1_best_epoch": null,
        "lambda1_mean": 0.21091677314993781,
        "lambda1_std": 0.14736831985496718,
        "lambda2_mean": 0.09375015186887056,
        "lambda2_std": 0.0840408749473636
      }
    },
    {
      "number": 4,
      "state": "COMPLETE",
      "params": {
        "lr": 0.000737901428853326,
        "batch_size": 32,
        "cotrain_epochs": 20,
        "finetune_patience": 7,
        "weight_decay": 0.08158046561806763,
        "warmup_ratio": 0.0759451972281553
      },
      "dev_macro_f1": 0.040552,
      "duration_seconds": 212.4,
      "full_metrics": {
        "event": "kaikoura_earthquake_2016",
        "budget": 5,
        "seed_set": 1,
        "test_error_rate": 77.47126436781609,
        "test_macro_f1": 0.04085887012716281,
        "test_ece": 0.32709694388269006,
        "test_per_class_f1": [
          0.3677298311444653,
          0.0,
          0.0,
          0.0,
          0.0,
          0.0,
          0.0,
          0.0,
          0.0
        ],
        "dev_error_rate": 77.67857142857143,
        "dev_macro_f1": 0.040551500405515,
        "dev_ece": 0.32917001204831264,
        "stopping_strategy": "baseline",
        "phase1_seed_strategy": "last",
        "phase1_best_epoch": null,
        "lambda1_mean": 0.3240119385633172,
        "lambda1_std": 0.2379509896447311,
        "lambda2_mean": 0.09614201865999102,
        "lambda2_std": 0.10741830039750214
      }
    },
    {
      "number": 5,
      "state": "COMPLETE",
      "params": {
        "lr": 0.00034179813688028985,
        "batch_size": 16,
        "cotrain_epochs": 9,
        "finetune_patience": 8,
        "weight_decay": 0.054580459099737993,
        "warmup_ratio": 0.288602738414203
      },
      "dev_macro_f1": 0.036484,
      "duration_seconds": 126.9,