{
  "event": "hurricane_maria_2017",
  "budget": 50,
  "seed_set": 1,
  "test_error_rate": 28.363384188626906,
  "test_macro_f1": 0.6880035796208425,
  "test_ece": 0.13287418742823037,
  "test_per_class_f1": [
    0.5964912280701754,
    0.7384615384615385,
    0.8655737704918033,
    0.928,
    0.3875,
    0.44097995545657015,
    0.7138643067846607,
    0.8125,
    0.7086614173228346
  ],
  "dev_error_rate": 28.706199460916437,
  "dev_macro_f1": 0.7032838428058473,
  "dev_ece": 0.1417306578866234,
  "stopping_strategy": "baseline",
  "phase1_seed_strategy": "last",
  "phase1_best_epoch": null,
  "lambda1_mean": 0.8870250666314232,
  "lambda1_std": 0.2839223708317881,
  "lambda2_mean": 0.33483716189386187,
  "lambda2_std": 0.16633912217023472
}