{
  "event": "hurricane_maria_2017",
  "budget": 25,
  "seed_set": 2,
  "status": "done",
  "best_params": {
    "lr": 7.318785600932256e-05,
    "batch_size": 32,
    "cotrain_epochs": 19,
    "finetune_patience": 9,
    "weight_decay": 0.03646007081767656,
    "warmup_ratio": 0.15048713591993565
  },
  "best_value": 0.690605,
  "best_full_metrics": {
    "event": "hurricane_maria_2017",
    "budget": 25,
    "seed_set": 2,
    "test_error_rate": 28.57142857142857,
    "test_macro_f1": 0.6709386425001678,
    "test_ece": 0.14755820984152587,
    "test_per_class_f1": [
      0.6153846153846154,
      0.6575342465753424,
      0.8529411764705882,
      0.8923076923076924,
      0.366412213740458,
      0.44396551724137934,
      0.6947368421052632,
      0.824969400244798,
      0.6901960784313725
    ],
    "dev_error_rate": 28.301886792452834,
    "dev_macro_f1": 0.6906047143412807,
    "dev_ece": 0.1642066194121086,
    "stopping_strategy": "baseline",
    "phase1_seed_strategy": "last",
    "phase1_best_epoch": null,
    "lambda1_mean": 1.0423601215732996,
    "lambda1_std": 0.21347527823475176,
    "lambda2_mean": 0.6529953074162635,
    "lambda2_std": 0.19428370727914332
  },
  "n_trials": 10,
  "continued_from": null,
  "trials": [
    {
      "number": 0,
      "state": "COMPLETE",
      "params": {
        "lr": 7.938071054426378e-05,
        "batch_size": 16,
        "cotrain_epochs": 17,
        "finetune_patience": 6,
        "weight_decay": 0.09082393321851279,
        "warmup_ratio": 0.060117595338496255
      },
      "dev_macro_f1": 0.678516,
      "duration_seconds": 804.9,
      "full_metrics": {
        "event": "hurricane_maria_2017",
        "budget": 25,
        "seed_set": 2,
        "test_error_rate": 30.02773925104022,
        "test_macro_f1": 0.6651330775589568,
        "test_ece": 0.13603802988416772,
        "test_per_class_f1": [
          0.5663716814159292,
          0.7142857142857143,
          0.8432956381260097,
          0.912,
          0.390625,
          0.43254817987152033,
          0.6491803278688525,
          0.8112244897959183,
          0.6666666666666666
        ],
        "dev_error_rate": 28.840970350404316,
        "dev_macro_f1": 0.6785156739865895,
        "dev_ece": 0.14581438312633338,
        "stopping_strategy": "baseline",
        "phase1_seed_strategy": "last",
        "phase1_best_epoch": null,
        "lambda1_mean": 0.9546234595770523,
        "lambda1_std": 0.301067441000707,
        "lambda2_mean": 0.6613175401432186,
        "lambda2_std": 0.27393545897785065
      }
    },
    {
      "number": 1,
      "state": "COMPLETE",
      "params": {
        "lr": 0.0001668553950673445,
        "batch_size": 64,
        "cotrain_epochs": 18,
        "finetune_patience": 6,
        "weight_decay": 0.006947814099506677,
        "warmup_ratio": 0.17161678793005594
      },
      "dev_macro_f1": 0.676087,
      "duration_seconds": 571.4,
      "full_metrics": {
        "event": "hurricane_maria_2017",
        "budget": 25,
        "seed_set": 2,
        "test_error_rate": 31.137309292649096,
        "test_macro_f1": 0.6669640866694864,
        "test_ece": 0.17961101539836016,
        "test_per_class_f1": [
          0.6213592233009708,
          0.6944444444444444,
          0.8472906403940886,
          0.9344262295081968,
          0.3673469387755102,
          0.4150197628458498,
          0.6241610738255033,
          0.7927461139896373,
          0.7058823529411765
        ],
        "dev_error_rate": 29.380053908355798,
        "dev_macro_f1": 0.6760868825071732,
        "dev_ece": 0.178038871995201,
        "stopping_strategy": "baseline",
        "phase1_seed_strategy": "last",
        "phase1_best_epoch": null,
        "lambda1_mean": 1.0005327180707848,
        "lambda1_std": 0.25601646709866466,
        "lambda2_mean": 0.6249747693438937,
        "lambda2_std": 0.21549573951872159
      }
    },
    {
      "number": 2,
      "state": "COMPLETE",
      "params": {
        "lr": 0.0001742917123577323,
        "batch_size": 8,
        "cotrain_epochs": 10,
        "finetune_patience": 4,
        "weight_decay": 0.05316632839869611,
        "warmup_ratio": 0.2605618273436611
      },
      "dev_macro_f1": 0.047552,
      "duration_seconds": 625.8,
      "full_metrics": {
        "event": "hurricane_maria_2017",
        "budget": 25,
        "seed_set": 2,
        "test_error_rate": 72.88488210818308,
        "test_macro_f1": 0.04740255804085591,
        "test_ece": 0.01723694679393184,
        "test_per_class_f1": [
          0.0,
          0.0,
          0.0,
          0.0,
          0.0,
          0.0,
          0.0,
          0.4266230223677032,
          0.0
        ],
        "dev_error_rate": 72.77628032345014,
        "dev_macro_f1": 0.04755178907721281,
        "dev_ece": 0.01832295902013137,
        "stopping_strategy": "baseline",
        "phase1_seed_strategy": "last",
        "phase1_best_epoch": null,
        "lambda1_mean": 0.5670221746170304,
        "lambda1_std": 0.2853175890779637,
        "lambda2_mean": 0.11640761359131231,
        "lambda2_std": 0.12639910812260047
      }
    },
    {
      "number": 3,
      "state": "COMPLETE",
      "params": {
        "lr": 7.318785600932256e-05,
        "batch_size": 32,
        "cotrain_epochs": 19,
        "finetune_patience": 9,
        "weight_decay": 0.03646007081767656,
        "warmup_ratio": 0.15048713591993565
      },
      "dev_macro_f1": 0.690605,
      "duration_seconds": 677.7,
      "full_metrics": {
        "event": "hurricane_maria_2017",
        "budget": 25,
        "seed_set": 2,
        "test_error_rate": 28.57142857142857,
        "test_macro_f1": 0.6709386425001678,
        "test_ece": 0.14755820984152587,
        "test_per_class_f1": [
          0.6153846153846154,
          0.6575342465753424,
          0.8529411764705882,
          0.8923076923076924,
          0.366412213740458,
          0.44396551724137934,
          0.6947368421052632,
          0.824969400244798,
          0.6901960784313725
        ],
        "dev_error_rate": 28.301886792452834,
        "dev_macro_f1": 0.6906047143412807,
        "dev_ece": 0.1642066194121086,
        "stopping_strategy": "baseline",
        "phase1_seed_strategy": "last",
        "phase1_best_epoch": null,
        "lambda1_mean": 1.0423601215732996,
        "lambda1_std": 0.21347527823475176,
        "lambda2_mean": 0.6529953074162635,
        "lambda2_std": 0.19428370727914332
      }
    },
    {
      "number": 4,
      "state": "COMPLETE",
      "params": {
        "lr": 0.0005058954411474353,
        "batch_size": 32,
        "cotrain_epochs": 17,
        "finetune_patience": 4,
        "weight_decay": 0.05135208825677004,
        "warmup_ratio": 0.2184802521664874
      },
      "dev_macro_f1": 0.047552,
      "duration_seconds": 590.7,
      "full_metrics": {
        "event": "hurricane_maria_2017",
        "budget": 25,
        "seed_set": 2,
        "test_error_rate": 72.88488210818308,
        "test_macro_f1": 0.04740255804085591,
        "test_ece": 0.31690729652297644,
        "test_per_class_f1": [
          0.0,
          0.0,
          0.0,
          0.0,
          0.0,
          0.0,
          0.0,
          0.4266230223677032,
          0.0
        ],
        "dev_error_rate": 72.77628032345014,
        "dev_macro_f1": 0.04755178907721281,
        "dev_ece": 0.31582128029627937,
        "stopping_strategy": "baseline",
        "phase1_seed_strategy": "last",
        "phase1_best_epoch": null,
        "lambda1_mean": 0.5158227147403764,
        "lambda1_std": 0.28104027834173145,
        "lambda2_mean": 0.12900964592076594,
        "lambda2_std": 0.1412920167716797
      }
    },
    {
      "number": 5,
      "state": "COMPLETE",
      "params": {
        "lr": 0.00027009570751646987,
        "batch_size": 64,
        "cotrain_epochs": 15,
        "finetune_patience": 8,
        "weight_decay": 0.09225626033121448,