{
  "event": "hurricane_dorian_2019",
  "budget": 10,
  "seed_set": 1,
  "test_error_rate": 62.0026525198939,
  "test_macro_f1": 0.3446020704771179,
  "test_ece": 0.20943190109982732,
  "test_per_class_f1": [
    0.25,
    0.19480519480519481,
    0.3231707317073171,
    0.13333333333333333,
    0.4175824175824176,
    0.3127413127413127,
    0.07017543859649122,
    0.6911764705882353,
    0.708433734939759
  ],
  "dev_error_rate": 62.371134020618555,
  "dev_macro_f1": 0.3540428888604681,
  "dev_ece": 0.22598090804345214,
  "stopping_strategy": "baseline",
  "phase1_seed_strategy": "last",
  "phase1_best_epoch": null,
  "lambda1_mean": 0.5802221628728984,
  "lambda1_std": 0.11634823230221049,
  "lambda2_mean": 0.15281385093965286,
  "lambda2_std": 0.04631960822267083
}