{
  "event": "kaikoura_earthquake_2016",
  "budget": 5,
  "seed_set": 1,
  "test_error_rate": 87.1264367816092,
  "test_macro_f1": 0.06343731607706764,
  "test_ece": 0.0097123773104843,
  "test_per_class_f1": [
    0.2693877551020408,
    0.06060606060606061,
    0.0,
    0.0,
    0.125,
    0.0,
    0.0,
    0.11594202898550725,
    0.0
  ],
  "dev_error_rate": 83.92857142857143,
  "dev_macro_f1": 0.08285275388723665,
  "dev_ece": 0.04185886311876988
}