{
  "event": "hurricane_irma_2017",
  "budget": 10,
  "seed_set": 3,
  "test_error_rate": 60.31149301825993,
  "test_macro_f1": 0.36653877359260567,
  "test_ece": 0.29135737236825276,
  "test_per_class_f1": [
    0.35365853658536583,
    0.18502202643171806,
    0.5299760191846523,
    0.5933503836317136,
    0.42857142857142855,
    0.0,
    0.07518796992481203,
    0.5201793721973094,
    0.6129032258064516
  ],
  "dev_error_rate": 62.21294363256785,
  "dev_macro_f1": 0.35305608827281343,
  "dev_ece": 0.3198981065310864,
  "stopping_strategy": "baseline",
  "phase1_seed_strategy": "last",
  "phase1_best_epoch": null,
  "lambda1_mean": 0.9575664881404929,
  "lambda1_std": 0.31970788282037965,
  "lambda2_mean": 0.4263344907552704,
  "lambda2_std": 0.19548302375451093
}