{
  "event": "hurricane_maria_2017",
  "budget": 50,
  "seed_set": 3,
  "test_error_rate": 33.495145631067956,
  "test_macro_f1": 0.6234166151646332,
  "test_ece": 0.14729437556494954,
  "test_per_class_f1": [
    0.5737704918032787,
    0.5647058823529412,
    0.8126094570928196,
    0.8405797101449275,
    0.33,
    0.38990825688073394,
    0.6175438596491228,
    0.8051612903225807,
    0.6764705882352942
  ],
  "dev_error_rate": 35.309973045822105,
  "dev_macro_f1": 0.598174976871173,
  "dev_ece": 0.14905658259867338,
  "stopping_strategy": "baseline",
  "phase1_seed_strategy": "last",
  "phase1_best_epoch": null,
  "lambda1_mean": 1.0640372609461244,
  "lambda1_std": 0.15486095008575435,
  "lambda2_mean": 0.5158916665554228,
  "lambda2_std": 0.14161367446035583
}