{
  "event": "hurricane_irma_2017",
  "budget": 10,
  "seed_set": 3,
  "status": "done",
  "best_params": {
    "lr": 4.1432953342355755e-05,
    "batch_size": 16,
    "cotrain_epochs": 6,
    "finetune_patience": 5,
    "weight_decay": 0.09878606307256252,
    "warmup_ratio": 0.11981747434600694
  },
  "best_value": 0.64707,
  "best_full_metrics": {
    "event": "hurricane_irma_2017",
    "budget": 10,
    "seed_set": 3,
    "test_error_rate": 34.04940923737916,
    "test_macro_f1": 0.6499931403351045,
    "test_ece": 0.21360183997773968,
    "test_per_class_f1": [
      0.5723905723905723,
      0.8168168168168168,
      0.7586206896551724,
      0.9405099150141643,
      0.5294117647058824,
      0.4481865284974093,
      0.4,
      0.703150912106136,
      0.6808510638297872
    ],
    "dev_error_rate": 34.864300626304804,
    "dev_macro_f1": 0.6470698353955461,
    "dev_ece": 0.23024920120617548,
    "stopping_strategy": "baseline",
    "phase1_seed_strategy": "last",
    "phase1_best_epoch": null,
    "lambda1_mean": 1.0632197294618004,
    "lambda1_std": 0.2170462655600687,
    "lambda2_mean": 0.46497519853614067,
    "lambda2_std": 0.15959813585775257
  },
  "n_trials": 10,
  "continued_from": null,
  "trials": [
    {
      "number": 0,
      "state": "COMPLETE",
      "params": {
        "lr": 4.1432953342355755e-05,
        "batch_size": 16,
        "cotrain_epochs": 6,
        "finetune_patience": 5,
        "weight_decay": 0.09878606307256252,
        "warmup_ratio": 0.11981747434600694
      },
      "dev_macro_f1": 0.64707,
      "duration_seconds": 393.4,
      "full_metrics": {
        "event": "hurricane_irma_2017",
        "budget": 10,
        "seed_set": 3,
        "test_error_rate": 34.04940923737916,
        "test_macro_f1": 0.6499931403351045,
        "test_ece": 0.21360183997773968,
        "test_per_class_f1": [
          0.5723905723905723,
          0.8168168168168168,
          0.7586206896551724,
          0.9405099150141643,
          0.5294117647058824,
          0.4481865284974093,
          0.4,
          0.703150912106136,
          0.6808510638297872
        ],
        "dev_error_rate": 34.864300626304804,
        "dev_macro_f1": 0.6470698353955461,
        "dev_ece": 0.23024920120617548,
        "stopping_strategy": "baseline",
        "phase1_seed_strategy": "last",
        "phase1_best_epoch": null,
        "lambda1_mean": 1.0632197294618004,
        "lambda1_std": 0.2170462655600687,
        "lambda2_mean": 0.46497519853614067,
        "lambda2_std": 0.15959813585775257
      }
    },
    {
      "number": 1,
      "state": "COMPLETE",
      "params": {
        "lr": 2.609594725674297e-05,
        "batch_size": 16,
        "cotrain_epochs": 11,
        "finetune_patience": 7,
        "weight_decay": 0.09802070817285952,
        "warmup_ratio": 0.2389368321600053
      },
      "dev_macro_f1": 0.626822,
      "duration_seconds": 615.3,
      "full_metrics": {
        "event": "hurricane_irma_2017",
        "budget": 10,
        "seed_set": 3,
        "test_error_rate": 35.44575725026853,
        "test_macro_f1": 0.6270608272546516,
        "test_ece": 0.26761816305965663,
        "test_per_class_f1": [
          0.588957055214724,
          0.7867867867867868,
          0.7394736842105263,
          0.9230769230769231,
          0.5353846153846153,
          0.30194805194805197,
          0.3880597014925373,
          0.7457142857142857,
          0.6341463414634146
        ],
        "dev_error_rate": 36.32567849686848,
        "dev_macro_f1": 0.6268224686935051,
        "dev_ece": 0.2798253668001649,
        "stopping_strategy": "baseline",
        "phase1_seed_strategy": "last",
        "phase1_best_epoch": null,
        "lambda1_mean": 1.043614533570601,
        "lambda1_std": 0.2529300786169675,
        "lambda2_mean": 0.5255636105431566,
        "lambda2_std": 0.1808466951531131
      }
    },
    {
      "number": 2,
      "state": "COMPLETE",
      "params": {
        "lr": 0.00017354828954558855,
        "batch_size": 8,
        "cotrain_epochs": 14,
        "finetune_patience": 9,
        "weight_decay": 0.014318225261586649,
        "warmup_ratio": 0.05681665577657342
      },
      "dev_macro_f1": 0.032143,
      "duration_seconds": 1160.3,
      "full_metrics": {
        "event": "hurricane_irma_2017",
        "budget": 10,
        "seed_set": 3,
        "test_error_rate": 83.0827067669173,
        "test_macro_f1": 0.03215434083601286,
        "test_ece": 0.4421833035577124,
        "test_per_class_f1": [
          0.0,
          0.0,
          0.0,
          0.0,
          0.0,
          0.0,
          0.0,
          0.28938906752411575,
          0.0
        ],
        "dev_error_rate": 83.08977035490605,
        "dev_macro_f1": 0.03214285714285715,
        "dev_ece": 0.4422539391696827,
        "stopping_strategy": "baseline",
        "phase1_seed_strategy": "last",
        "phase1_best_epoch": null,
        "lambda1_mean": 0.24154884397090545,
        "lambda1_std": 0.24225197577318586,
        "lambda2_mean": 0.12421845022760503,
        "lambda2_std": 0.1436496351033622
      }
    },
    {
      "number": 3,
      "state": "COMPLETE",
      "params": {
        "lr": 0.00016321278065292125,
        "batch_size": 64,
        "cotrain_epochs": 9,
        "finetune_patience": 4,
        "weight_decay": 0.06377036897771014,
        "warmup_ratio": 0.13466288330664164
      },
      "dev_macro_f1": 0.617438,
      "duration_seconds": 416.8,
      "full_metrics": {
        "event": "hurricane_irma_2017",
        "budget": 10,
        "seed_set": 3,
        "test_error_rate": 34.58646616541353,
        "test_macro_f1": 0.6352089383435746,
        "test_ece": 0.2681545629441162,
        "test_per_class_f1": [
          0.6054421768707483,
          0.78419452887538,
          0.7586206896551724,
          0.9204545454545454,
          0.5572755417956656,
          0.26916524701873934,
          0.4262295081967213,
          0.7427785419532325,
          0.6527196652719666
        ],
        "dev_error_rate": 37.05636743215032,
        "dev_macro_f1": 0.6174375673278453,
        "dev_ece": 0.2979978222501054,
        "stopping_strategy": "baseline",
        "phase1_seed_strategy": "last",
        "phase1_best_epoch": null,
        "lambda1_mean": 1.046848079569303,
        "lambda1_std": 0.243145545928904,
        "lambda2_mean": 0.5335476221753631,
        "lambda2_std": 0.1962397162677307
      }
    },
    {
      "number": 4,
      "state": "COMPLETE",
      "params": {
        "lr": 1.188169070350981e-05,
        "batch_size": 8,
        "cotrain_epochs": 20,
        "finetune_patience": 6,
        "weight_decay": 0.072920802344495,
        "warmup_ratio": 0.26528936017006494
      },
      "dev_macro_f1": 0.62089,
      "duration_seconds": 1618.8,
      "full_metrics": {
        "event": "hurricane_irma_2017",
        "budget": 10,
        "seed_set": 3,
        "test_error_rate": 34.74758324382384,
        "test_macro_f1": 0.6358573435852138,
        "test_ece": 0.24052725929194702,
        "test_per_class_f1": [
          0.5974025974025974,
          0.7851002865329513,
          0.7564625850340136,
          0.9310344827586207,
          0.5096774193548387,
          0.36443148688046645,
          0.379746835443038,
          0.7407407407407407,
          0.6581196581196581
        ],
        "dev_error_rate": 36.74321503131524,
        "dev_macro_f1": 0.6208898613059866,
        "dev_ece": 0.2576019578848602,
        "stopping_strategy": "baseline",
        "phase1_seed_strategy": "last",
        "phase1_best_epoch": null,
        "lambda1_mean": 1.061951527493773,
        "lambda1_std": 0.24917726566727855,
        "lambda2_mean": 0.5676430992882124,
        "lambda2_std": 0.17360636635231877
      }
    },
    {
      "number": 5,
      "state": "COMPLETE",
      "params": {
        "lr": 1.4179513578200942e-05,
        "batch_size": 64,
        "cotrain_epochs": 9,