{
  "event": "hurricane_irma_2017",
  "budget": 10,
  "seed_set": 2,
  "test_error_rate": 55.10204081632652,
  "test_macro_f1": 0.4400080014148667,
  "test_ece": 0.1245778985041425,
  "test_per_class_f1": [
    0.3988919667590028,
    0.35920177383592017,
    0.5128205128205128,
    0.7507692307692307,
    0.3651452282157676,
    0.2120253164556962,
    0.12698412698412698,
    0.6422338568935427,
    0.592
  ],
  "dev_error_rate": 52.92275574112735,
  "dev_macro_f1": 0.45753574431173966,
  "dev_ece": 0.11068468270259511,
  "stopping_strategy": "baseline",
  "phase1_seed_strategy": "last",
  "phase1_best_epoch": null,
  "lambda1_mean": 0.5986955857102599,
  "lambda1_std": 0.10029887672888459,
  "lambda2_mean": 0.16246729215707054,
  "lambda2_std": 0.04410005341795318
}