{
  "event": "kerala_floods_2018",
  "budget": 5,
  "seed_set": 1,
  "status": "done",
  "best_params": {
    "lr": 4.0312673019050514e-05,
    "batch_size": 32,
    "cotrain_epochs": 16,
    "finetune_patience": 10,
    "weight_decay": 0.06788115320741106,
    "warmup_ratio": 0.2946128627128371
  },
  "best_value": 0.612905,
  "best_full_metrics": {
    "event": "kerala_floods_2018",
    "budget": 5,
    "seed_set": 1,
    "test_error_rate": 28.381795195954485,
    "test_macro_f1": 0.5580362466803669,
    "test_ece": 0.2170156037762252,
    "test_per_class_f1": [
      0.5,
      0.16666666666666666,
      0.544,
      0.8217054263565892,
      0.40375586854460094,
      0.4,
      0.680672268907563,
      0.8534883720930233,
      0.6520376175548589
    ],
    "dev_error_rate": 27.149877149877156,
    "dev_macro_f1": 0.612905037000452,
    "dev_ece": 0.21046095460433634,
    "stopping_strategy": "baseline",
    "phase1_seed_strategy": "last",
    "phase1_best_epoch": null,
    "lambda1_mean": 1.0642754824433789,
    "lambda1_std": 0.22031233305344136,
    "lambda2_mean": 0.5606337720703167,
    "lambda2_std": 0.1759033658416367
  },
  "n_trials": 10,
  "continued_from": null,
  "trials": [
    {
      "number": 0,
      "state": "COMPLETE",
      "params": {
        "lr": 1.2520532301960279e-05,
        "batch_size": 64,
        "cotrain_epochs": 17,
        "finetune_patience": 8,
        "weight_decay": 0.08909382396737567,
        "warmup_ratio": 0.28199903528060594
      },
      "dev_macro_f1": 0.58225,
      "duration_seconds": 645.1,
      "full_metrics": {
        "event": "kerala_floods_2018",
        "budget": 5,
        "seed_set": 1,
        "test_error_rate": 30.08849557522124,
        "test_macro_f1": 0.5193279616308641,
        "test_ece": 0.19279734724390818,
        "test_per_class_f1": [
          0.52,
          0.0,
          0.49333333333333335,
          0.8055555555555556,
          0.3522727272727273,
          0.3956043956043956,
          0.607773851590106,
          0.8453237410071942,
          0.6540880503144654
        ],
        "dev_error_rate": 27.88697788697788,
        "dev_macro_f1": 0.5822496360071275,
        "dev_ece": 0.16743352756599827,
        "stopping_strategy": "baseline",
        "phase1_seed_strategy": "last",
        "phase1_best_epoch": null,
        "lambda1_mean": 0.9235891626644688,
        "lambda1_std": 0.3104531429987581,
        "lambda2_mean": 0.4296726445171918,
        "lambda2_std": 0.21999377811920784
      }
    },
    {
      "number": 1,
      "state": "COMPLETE",
      "params": {
        "lr": 9.022005995958916e-05,
        "batch_size": 32,
        "cotrain_epochs": 7,
        "finetune_patience": 7,
        "weight_decay": 0.05052874499257525,
        "warmup_ratio": 0.27449755524456515
      },
      "dev_macro_f1": 0.60122,
      "duration_seconds": 346.2,
      "full_metrics": {
        "event": "kerala_floods_2018",
        "budget": 5,
        "seed_set": 1,
        "test_error_rate": 28.128950695322374,
        "test_macro_f1": 0.5664239121932961,
        "test_ece": 0.17913485886399574,
        "test_per_class_f1": [
          0.5333333333333333,
          0.25806451612903225,
          0.5314685314685315,
          0.8251748251748252,
          0.3657142857142857,
          0.3941176470588235,
          0.6513409961685823,
          0.8589894242068156,
          0.6796116504854369
        ],
        "dev_error_rate": 26.781326781326786,
        "dev_macro_f1": 0.6012199548162331,
        "dev_ece": 0.17277567425436116,
        "stopping_strategy": "baseline",
        "phase1_seed_strategy": "last",
        "phase1_best_epoch": null,
        "lambda1_mean": 1.0316509408312764,
        "lambda1_std": 0.2495886564526983,
        "lambda2_mean": 0.45714757898519703,
        "lambda2_std": 0.1787923260284831
      }
    },
    {
      "number": 2,
      "state": "COMPLETE",
      "params": {
        "lr": 0.00033027364858578714,
        "batch_size": 32,
        "cotrain_epochs": 13,
        "finetune_patience": 4,
        "weight_decay": 0.05670612922607998,
        "warmup_ratio": 0.2667864006989112
      },
      "dev_macro_f1": 0.077742,
      "duration_seconds": 550.3,
      "full_metrics": {
        "event": "kerala_floods_2018",
        "budget": 5,
        "seed_set": 1,
        "test_error_rate": 46.207332490518326,
        "test_macro_f1": 0.07772754258574234,
        "test_ece": 0.37364843495274913,
        "test_per_class_f1": [
          0.0,
          0.0,
          0.0,
          0.0,
          0.0,
          0.0,
          0.0,
          0.699547883271681,
          0.0
        ],
        "dev_error_rate": 46.1916461916462,
        "dev_macro_f1": 0.07774227902023428,
        "dev_ece": 0.3734915771267632,
        "stopping_strategy": "baseline",
        "phase1_seed_strategy": "last",
        "phase1_best_epoch": null,
        "lambda1_mean": 0.7075028505684267,
        "lambda1_std": 0.4308018669930689,
        "lambda2_mean": 0.2845530092177154,
        "lambda2_std": 0.26816257800317034
      }
    },
    {
      "number": 3,
      "state": "COMPLETE",
      "params": {
        "lr": 4.0312673019050514e-05,
        "batch_size": 32,
        "cotrain_epochs": 16,
        "finetune_patience": 10,
        "weight_decay": 0.06788115320741106,
        "warmup_ratio": 0.2946128627128371
      },
      "dev_macro_f1": 0.612905,
      "duration_seconds": 664.6,
      "full_metrics": {
        "event": "kerala_floods_2018",
        "budget": 5,
        "seed_set": 1,
        "test_error_rate": 28.381795195954485,
        "test_macro_f1": 0.5580362466803669,
        "test_ece": 0.2170156037762252,
        "test_per_class_f1": [
          0.5,
          0.16666666666666666,
          0.544,
          0.8217054263565892,
          0.40375586854460094,
          0.4,
          0.680672268907563,
          0.8534883720930233,
          0.6520376175548589
        ],
        "dev_error_rate": 27.149877149877156,
        "dev_macro_f1": 0.612905037000452,
        "dev_ece": 0.21046095460433634,
        "stopping_strategy": "baseline",
        "phase1_seed_strategy": "last",
        "phase1_best_epoch": null,
        "lambda1_mean": 1.0642754824433789,
        "lambda1_std": 0.22031233305344136,
        "lambda2_mean": 0.5606337720703167,
        "lambda2_std": 0.1759033658416367
      }
    },
    {
      "number": 4,
      "state": "COMPLETE",
      "params": {
        "lr": 0.0005835262618036186,
        "batch_size": 64,
        "cotrain_epochs": 11,
        "finetune_patience": 4,
        "weight_decay": 0.03936510416652203,
        "warmup_ratio": 0.26803317066423993
      },
      "dev_macro_f1": 0.077742,
      "duration_seconds": 439.8,
      "full_metrics": {
        "event": "kerala_floods_2018",
        "budget": 5,
        "seed_set": 1,
        "test_error_rate": 46.207332490518326,
        "test_macro_f1": 0.07772754258574234,
        "test_ece": 0.3682819607134262,
        "test_per_class_f1": [
          0.0,
          0.0,
          0.0,
          0.0,
          0.0,
          0.0,
          0.0,
          0.699547883271681,
          0.0
        ],
        "dev_error_rate": 46.1916461916462,
        "dev_macro_f1": 0.07774227902023428,
        "dev_ece": 0.36812509834327045,
        "stopping_strategy": "baseline",
        "phase1_seed_strategy": "last",
        "phase1_best_epoch": null,
        "lambda1_mean": 0.7037718806432716,
        "lambda1_std": 0.4227562152129477,
        "lambda2_mean": 0.2692876333166604,
        "lambda2_std": 0.2504467916249868
      }
    },
    {
      "number": 5,
      "state": "COMPLETE",
      "params": {
        "lr": 0.00041285691908000136,
        "batch_size": 64,
        "cotrain_epochs": 10,
        "finetune_patience": 8,
        "weight_decay": 0.046938145327880335,
        "warmup_ratio": 0.11174158110769535
      },
      "dev_macro_f1": 0.077742,
      "duration_seconds": 412.5,