{
  "event": "california_wildfires_2018",
  "budget": 10,
  "seed_set": 1,
  "status": "done",
  "best_params": {
    "lr": 1.5137372646491712e-05,
    "batch_size": 64,
    "cotrain_epochs": 18,
    "finetune_patience": 6,
    "weight_decay": 0.06863831947431458,
    "warmup_ratio": 0.18273790967830839
  },
  "best_value": 0.606623,
  "best_full_metrics": {
    "event": "california_wildfires_2018",
    "budget": 10,
    "seed_set": 1,
    "test_error_rate": 26.9678302532512,
    "test_macro_f1": 0.6112280033808968,
    "test_ece": 0.11404437057209862,
    "test_per_class_f1": [
      0.6037735849056604,
      0.7428571428571429,
      0.5803108808290155,
      0.920881971465629,
      0.7,
      0.682842287694974,
      0.3086816720257235,
      0.0,
      0.8376383763837638,
      0.7352941176470589
    ],
    "dev_error_rate": 25.531914893617024,
    "dev_macro_f1": 0.6066233575555415,
    "dev_ece": 0.10524998375392973,
    "stopping_strategy": "baseline",
    "phase1_seed_strategy": "last",
    "phase1_best_epoch": null,
    "lambda1_mean": 0.9819652026464147,
    "lambda1_std": 0.30680669259700755,
    "lambda2_mean": 0.47085057441147166,
    "lambda2_std": 0.198230983290544
  },
  "n_trials": 10,
  "continued_from": null,
  "trials": [
    {
      "number": 0,
      "state": "COMPLETE",
      "params": {
        "lr": 0.0007934344599127996,
        "batch_size": 16,
        "cotrain_epochs": 12,
        "finetune_patience": 9,
        "weight_decay": 0.018059388195787406,
        "warmup_ratio": 0.13688197928082727
      },
      "dev_macro_f1": 0.030248,
      "duration_seconds": 535.4,
      "full_metrics": {
        "event": "california_wildfires_2018",
        "budget": 10,
        "seed_set": 1,
        "test_error_rate": 82.13552361396303,
        "test_macro_f1": 0.030313588850174218,
        "test_ece": 0.4137784245485805,
        "test_per_class_f1": [
          0.0,
          0.0,
          0.0,
          0.0,
          0.0,
          0.30313588850174217,
          0.0,
          0.0,
          0.0,
          0.0
        ],
        "dev_error_rate": 82.18085106382979,
        "dev_macro_f1": 0.030248306997742662,
        "dev_ece": 0.41423170006972676,
        "stopping_strategy": "baseline",
        "phase1_seed_strategy": "last",
        "phase1_best_epoch": null,
        "lambda1_mean": 0.2694828626655011,
        "lambda1_std": 0.24772429052130218,
        "lambda2_mean": 0.159855595584799,
        "lambda2_std": 0.1597510952182752
      }
    },
    {
      "number": 1,
      "state": "COMPLETE",
      "params": {
        "lr": 0.00026397805462050755,
        "batch_size": 8,
        "cotrain_epochs": 17,
        "finetune_patience": 10,
        "weight_decay": 0.09270881545226307,
        "warmup_ratio": 0.0664795670169816
      },
      "dev_macro_f1": 0.041851,
      "duration_seconds": 1054.3,
      "full_metrics": {
        "event": "california_wildfires_2018",
        "budget": 10,
        "seed_set": 1,
        "test_error_rate": 73.64818617385353,
        "test_macro_f1": 0.04171180931744312,
        "test_ece": 0.30415387487346224,
        "test_per_class_f1": [
          0.0,
          0.0,
          0.0,
          0.4171180931744312,
          0.0,
          0.0,
          0.0,
          0.0,
          0.0,
          0.0
        ],
        "dev_error_rate": 73.5372340425532,
        "dev_macro_f1": 0.04185068349106204,
        "dev_ece": 0.3030443528389677,
        "stopping_strategy": "baseline",
        "phase1_seed_strategy": "last",
        "phase1_best_epoch": null,
        "lambda1_mean": 0.2832646970164181,
        "lambda1_std": 0.23145955429388868,
        "lambda2_mean": 0.16528994379953246,
        "lambda2_std": 0.1551083010550416
      }
    },
    {
      "number": 2,
      "state": "COMPLETE",
      "params": {
        "lr": 0.00035057537639650755,
        "batch_size": 16,
        "cotrain_epochs": 10,
        "finetune_patience": 8,
        "weight_decay": 0.041992988258719104,
        "warmup_ratio": 0.17724598410589695
      },
      "dev_macro_f1": 0.041851,
      "duration_seconds": 455.5,
      "full_metrics": {
        "event": "california_wildfires_2018",
        "budget": 10,
        "seed_set": 1,
        "test_error_rate": 73.64818617385353,
        "test_macro_f1": 0.04171180931744312,
        "test_ece": 0.1345545472468847,
        "test_per_class_f1": [
          0.0,
          0.0,
          0.0,
          0.4171180931744312,
          0.0,
          0.0,
          0.0,
          0.0,
          0.0,
          0.0
        ],
        "dev_error_rate": 73.5372340425532,
        "dev_macro_f1": 0.04185068349106204,
        "dev_ece": 0.133445028176016,
        "stopping_strategy": "baseline",
        "phase1_seed_strategy": "last",
        "phase1_best_epoch": null,
        "lambda1_mean": 0.39177682700918004,
        "lambda1_std": 0.21204573454942918,
        "lambda2_mean": 0.14568794410371752,
        "lambda2_std": 0.09977876320058177
      }
    },
    {
      "number": 3,
      "state": "COMPLETE",
      "params": {
        "lr": 0.00012704534073737297,
        "batch_size": 16,
        "cotrain_epochs": 16,
        "finetune_patience": 5,
        "weight_decay": 0.08833279739004563,
        "warmup_ratio": 0.044546559714760466
      },
      "dev_macro_f1": 0.577375,
      "duration_seconds": 670.8,
      "full_metrics": {
        "event": "california_wildfires_2018",
        "budget": 10,
        "seed_set": 1,
        "test_error_rate": 32.101300479123886,
        "test_macro_f1": 0.5886680086151854,
        "test_ece": 0.1604344162179704,
        "test_per_class_f1": [
          0.36619718309859156,
          0.7209302325581395,
          0.550561797752809,
          0.8969210174029452,
          0.6666666666666666,
          0.679646017699115,
          0.3520408163265306,
          0.2028985507246377,
          0.7473002159827213,
          0.7035175879396985
        ],
        "dev_error_rate": 34.17553191489362,
        "dev_macro_f1": 0.5773752047907001,
        "dev_ece": 0.14703912666424154,
        "stopping_strategy": "baseline",
        "phase1_seed_strategy": "last",
        "phase1_best_epoch": null,
        "lambda1_mean": 0.35324556845897753,
        "lambda1_std": 0.1645712008350164,
        "lambda2_mean": 0.6078681742248057,
        "lambda2_std": 0.21904937610658265
      }
    },
    {
      "number": 4,
      "state": "COMPLETE",
      "params": {
        "lr": 0.00019675496328917712,
        "batch_size": 32,
        "cotrain_epochs": 14,
        "finetune_patience": 4,
        "weight_decay": 0.07271577225505634,
        "warmup_ratio": 0.25880716877111715
      },
      "dev_macro_f1": 0.041851,
      "duration_seconds": 524.2,
      "full_metrics": {
        "event": "california_wildfires_2018",
        "budget": 10,
        "seed_set": 1,
        "test_error_rate": 73.64818617385353,
        "test_macro_f1": 0.04171180931744312,
        "test_ece": 0.12241800099835665,
        "test_per_class_f1": [
          0.0,
          0.0,
          0.0,
          0.4171180931744312,
          0.0,
          0.0,
          0.0,
          0.0,
          0.0,
          0.0
        ],
        "dev_error_rate": 73.5372340425532,
        "dev_macro_f1": 0.04185068349106204,
        "dev_ece": 0.12130847561391106,
        "stopping_strategy": "baseline",
        "phase1_seed_strategy": "last",
        "phase1_best_epoch": null,
        "lambda1_mean": 0.5893038910475891,
        "lambda1_std": 0.22381556294605048,
        "lambda2_mean": 0.0921190867787303,
        "lambda2_std": 0.06971697538911663
      }
    },
    {
      "number": 5,
      "state": "COMPLETE",
      "params": {
        "lr": 1.5979530261853257e-05,
        "batch_size": 64,
        "cotrain_epochs": 20,
        "finetune_patience": 9,
        "weight_decay": 0.012772463482405306,
        "warmup_ratio": 0.09280511748470806
      },
      "dev_macro_f1": 0.596758,
      "duration_seconds": 659.4,