{
  "event": "cyclone_idai_2019",
  "budget": 10,
  "seed_set": 3,
  "test_error_rate": 67.26572528883183,
  "test_macro_f1": 0.0580335812106733,
  "test_ece": 0.215891384946443,
  "test_per_class_f1": [
    0.022813688212927757,
    0.0,
    0.0,
    0.0,
    0.0,
    0.0,
    0.0,
    0.0,
    0.5575221238938053,
    0.0
  ],
  "dev_error_rate": 64.58852867830424,
  "dev_macro_f1": 0.06498939656834393,
  "dev_ece": 0.24267040577686932
}