{
  "event": "hurricane_irma_2017",
  "budget": 5,
  "seed_set": 2,
  "status": "done",
  "best_params": {
    "lr": 1.1677535752077956e-05,
    "batch_size": 8,
    "cotrain_epochs": 18,
    "finetune_patience": 10,
    "weight_decay": 0.023168124874137153,
    "warmup_ratio": 0.004529816560195188
  },
  "best_value": 0.417414,
  "best_full_metrics": {
    "event": "hurricane_irma_2017",
    "budget": 5,
    "seed_set": 2,
    "test_error_rate": 57.25026852846402,
    "test_macro_f1": 0.4053445866914793,
    "test_ece": 0.5064591117499339,
    "test_per_class_f1": [
      0.38922155688622756,
      0.2,
      0.49028400597907323,
      0.7414634146341463,
      0.2794759825327511,
      0.2126984126984127,
      0.05813953488372093,
      0.6437908496732027,
      0.6330275229357798
    ],
    "dev_error_rate": 57.51565762004176,
    "dev_macro_f1": 0.4174144093247518,
    "dev_ece": 0.5141054049663105,
    "stopping_strategy": "baseline",
    "phase1_seed_strategy": "last",
    "phase1_best_epoch": null,
    "lambda1_mean": 1.117514098024814,
    "lambda1_std": 0.11817070080908894,
    "lambda2_mean": 0.6880886605097918,
    "lambda2_std": 0.11903433906201082
  },
  "n_trials": 10,
  "continued_from": null,
  "trials": [
    {
      "number": 0,
      "state": "COMPLETE",
      "params": {
        "lr": 0.0004979458069901447,
        "batch_size": 32,
        "cotrain_epochs": 15,
        "finetune_patience": 10,
        "weight_decay": 0.05580312874803575,
        "warmup_ratio": 0.05642643737890478
      },
      "dev_macro_f1": 0.037101,
      "duration_seconds": 711.0,
      "full_metrics": {
        "event": "hurricane_irma_2017",
        "budget": 5,
        "seed_set": 2,
        "test_error_rate": 80.02148227712138,
        "test_macro_f1": 0.037003879438973444,
        "test_ece": 0.08263714123361221,
        "test_per_class_f1": [
          0.0,
          0.0,
          0.333034914950761,
          0.0,
          0.0,
          0.0,
          0.0,
          0.0,
          0.0
        ],
        "dev_error_rate": 79.95824634655533,
        "dev_macro_f1": 0.037101449275362325,
        "dev_ece": 0.08200478429336389,
        "stopping_strategy": "baseline",
        "phase1_seed_strategy": "last",
        "phase1_best_epoch": null,
        "lambda1_mean": 0.23089699987928416,
        "lambda1_std": 0.1294399834368709,
        "lambda2_mean": 0.09648625764486558,
        "lambda2_std": 0.07302940127047118
      }
    },
    {
      "number": 1,
      "state": "COMPLETE",
      "params": {
        "lr": 4.673634116048644e-05,
        "batch_size": 32,
        "cotrain_epochs": 8,
        "finetune_patience": 10,
        "weight_decay": 0.05575381024077519,
        "warmup_ratio": 0.19822567935433402
      },
      "dev_macro_f1": 0.414278,
      "duration_seconds": 432.8,
      "full_metrics": {
        "event": "hurricane_irma_2017",
        "budget": 5,
        "seed_set": 2,
        "test_error_rate": 56.9280343716434,
        "test_macro_f1": 0.41004639893765327,
        "test_ece": 0.48155414867670016,
        "test_per_class_f1": [
          0.39263803680981596,
          0.19438444924406048,
          0.4916030534351145,
          0.7476190476190476,
          0.3017241379310345,
          0.21766561514195584,
          0.06134969325153374,
          0.6385737439222042,
          0.6448598130841121
        ],
        "dev_error_rate": 57.93319415448852,
        "dev_macro_f1": 0.4142779718055935,
        "dev_ece": 0.49537157013794575,
        "stopping_strategy": "baseline",
        "phase1_seed_strategy": "last",
        "phase1_best_epoch": null,
        "lambda1_mean": 1.0748510929958437,
        "lambda1_std": 0.16489275466284678,
        "lambda2_mean": 0.4913316555785549,
        "lambda2_std": 0.1453790108170335
      }
    },
    {
      "number": 2,
      "state": "COMPLETE",
      "params": {
        "lr": 7.887962164205515e-05,
        "batch_size": 64,
        "cotrain_epochs": 10,
        "finetune_patience": 8,
        "weight_decay": 0.07075898862327201,
        "warmup_ratio": 0.04501336702939267
      },
      "dev_macro_f1": 0.416231,
      "duration_seconds": 465.5,
      "full_metrics": {
        "event": "hurricane_irma_2017",
        "budget": 5,
        "seed_set": 2,
        "test_error_rate": 57.25026852846402,
        "test_macro_f1": 0.4116217118170025,
        "test_ece": 0.487515920359005,
        "test_per_class_f1": [
          0.3919308357348703,
          0.2088888888888889,
          0.5086206896551724,
          0.7672634271099744,
          0.3103448275862069,
          0.17857142857142858,
          0.06857142857142857,
          0.6225165562913907,
          0.647887323943662
        ],
        "dev_error_rate": 57.51565762004176,
        "dev_macro_f1": 0.41623137493890267,
        "dev_ece": 0.4971548012440289,
        "stopping_strategy": "baseline",
        "phase1_seed_strategy": "last",
        "phase1_best_epoch": null,
        "lambda1_mean": 1.1060335656567069,
        "lambda1_std": 0.13482739736708524,
        "lambda2_mean": 0.5720775285726916,
        "lambda2_std": 0.13746495612794574
      }
    },
    {
      "number": 3,
      "state": "COMPLETE",
      "params": {
        "lr": 0.00018346858031993485,
        "batch_size": 8,
        "cotrain_epochs": 12,
        "finetune_patience": 4,
        "weight_decay": 0.012164883066711553,
        "warmup_ratio": 0.123439558248649
      },
      "dev_macro_f1": 0.037101,
      "duration_seconds": 1039.9,
      "full_metrics": {
        "event": "hurricane_irma_2017",
        "budget": 5,
        "seed_set": 2,
        "test_error_rate": 80.02148227712138,
        "test_macro_f1": 0.037003879438973444,
        "test_ece": 0.34781594435203217,
        "test_per_class_f1": [
          0.0,
          0.0,
          0.333034914950761,
          0.0,
          0.0,
          0.0,
          0.0,
          0.0,
          0.0
        ],
        "dev_error_rate": 79.95824634655533,
        "dev_macro_f1": 0.037101449275362325,
        "dev_ece": 0.34717990965086637,
        "stopping_strategy": "baseline",
        "phase1_seed_strategy": "last",
        "phase1_best_epoch": null,
        "lambda1_mean": 0.22303433842670659,
        "lambda1_std": 0.19612715178424342,
        "lambda2_mean": 0.06315996714521374,
        "lambda2_std": 0.09452819820954028
      }
    },
    {
      "number": 4,
      "state": "COMPLETE",
      "params": {
        "lr": 0.0008975372126698547,
        "batch_size": 8,
        "cotrain_epochs": 10,
        "finetune_patience": 7,
        "weight_decay": 0.0884509807395951,
        "warmup_ratio": 0.11909986048258787
      },
      "dev_macro_f1": 0.037101,
      "duration_seconds": 908.9,
      "full_metrics": {
        "event": "hurricane_irma_2017",
        "budget": 5,
        "seed_set": 2,
        "test_error_rate": 80.02148227712138,
        "test_macro_f1": 0.037003879438973444,
        "test_ece": 0.08227570041229848,
        "test_per_class_f1": [
          0.0,
          0.0,
          0.333034914950761,
          0.0,
          0.0,
          0.0,
          0.0,
          0.0,
          0.0
        ],
        "dev_error_rate": 79.95824634655533,
        "dev_macro_f1": 0.037101449275362325,
        "dev_ece": 0.08164334091861464,
        "stopping_strategy": "baseline",
        "phase1_seed_strategy": "last",
        "phase1_best_epoch": null,
        "lambda1_mean": 0.17081506170772803,
        "lambda1_std": 0.11371124675585047,
        "lambda2_mean": 0.10945877349035606,
        "lambda2_std": 0.08370594108818638
      }
    },
    {
      "number": 5,
      "state": "COMPLETE",
      "params": {
        "lr": 1.1677535752077956e-05,
        "batch_size": 8,
        "cotrain_epochs": 18,
        "finetune_patience": 10,
        "weight_decay": 0.023168124874137153,
        "warmup_ratio": 0.004529816560195188
      },
      "dev_macro_f1": 0.417414,
      "duration_seconds": 1520.6,