{
  "event": "hurricane_irma_2017",
  "budget": 25,
  "seed_set": 3,
  "test_error_rate": 44.14607948442535,
  "test_macro_f1": 0.5534926309616892,
  "test_ece": 0.046347513554815825,
  "test_per_class_f1": [
    0.5114503816793893,
    0.7232704402515723,
    0.6147859922178989,
    0.8467532467532467,
    0.46557377049180326,
    0.26138032305433184,
    0.2564102564102564,
    0.6289120715350224,
    0.6728971962616822
  ],
  "dev_error_rate": 44.57202505219207,
  "dev_macro_f1": 0.554103893601445,
  "dev_ece": 0.053526873815034764,
  "stopping_strategy": "baseline",
  "phase1_seed_strategy": "last",
  "phase1_best_epoch": null,
  "lambda1_mean": 0.5478804364845611,
  "lambda1_std": 0.12657443539543675,
  "lambda2_mean": 0.1395576567407885,
  "lambda2_std": 0.05166019482387728
}