{
  "event": "hurricane_dorian_2019",
  "budget": 10,
  "seed_set": 3,
  "test_error_rate": 35.94164456233422,
  "test_macro_f1": 0.5107566059663817,
  "test_ece": 0.22267821071476773,
  "test_per_class_f1": [
    0.5755102040816327,
    0.875,
    0.577639751552795,
    0.0,
    0.610752688172043,
    0.35714285714285715,
    0.0,
    0.8246445497630331,
    0.7761194029850746
  ],
  "dev_error_rate": 38.53092783505154,
  "dev_macro_f1": 0.4895444880849934,
  "dev_ece": 0.24621522737686166,
  "stopping_strategy": "baseline",
  "phase1_seed_strategy": "last",
  "phase1_best_epoch": null,
  "lambda1_mean": 1.0338516534900632,
  "lambda1_std": 0.27015452291925296,
  "lambda2_mean": 0.5083439254667894,
  "lambda2_std": 0.17541543829956452
}