{
  "event": "canada_wildfires_2016",
  "budget": 10,
  "seed_set": 3,
  "status": "done",
  "best_params": {
    "lr": 5.7263360715823995e-05,
    "batch_size": 64,
    "cotrain_epochs": 19,
    "finetune_patience": 9,
    "weight_decay": 0.08528276786610378,
    "warmup_ratio": 0.028802661507617688
  },
  "best_value": 0.582054,
  "best_full_metrics": {
    "event": "canada_wildfires_2016",
    "budget": 10,
    "seed_set": 3,
    "test_error_rate": 22.92134831460674,
    "test_macro_f1": 0.5746424920313677,
    "test_ece": 0.18545620207036473,
    "test_per_class_f1": [
      0.36363636363636365,
      0.8553459119496856,
      0.8627450980392157,
      0.32,
      0.46846846846846846,
      0.0,
      0.8961748633879781,
      0.8307692307692308
    ],
    "dev_error_rate": 20.614035087719294,
    "dev_macro_f1": 0.5820544561095662,
    "dev_ece": 0.1733054986648392,
    "stopping_strategy": "baseline",
    "phase1_seed_strategy": "last",
    "phase1_best_epoch": null,
    "lambda1_mean": 1.0522714592229732,
    "lambda1_std": 0.23265991795899701,
    "lambda2_mean": 0.5933680058564267,
    "lambda2_std": 0.18818211739258092
  },
  "n_trials": 10,
  "continued_from": null,
  "trials": [
    {
      "number": 0,
      "state": "COMPLETE",
      "params": {
        "lr": 0.00038529633843247885,
        "batch_size": 32,
        "cotrain_epochs": 9,
        "finetune_patience": 5,
        "weight_decay": 0.015991106037489645,
        "warmup_ratio": 0.07401776990347146
      },
      "dev_macro_f1": 0.073529,
      "duration_seconds": 111.7,
      "full_metrics": {
        "event": "canada_wildfires_2016",
        "budget": 10,
        "seed_set": 3,
        "test_error_rate": 58.20224719101124,
        "test_macro_f1": 0.07369255150554675,
        "test_ece": 0.342599514629064,
        "test_per_class_f1": [
          0.0,
          0.0,
          0.0,
          0.0,
          0.0,
          0.0,
          0.589540412044374,
          0.0
        ],
        "dev_error_rate": 58.33333333333333,
        "dev_macro_f1": 0.07352941176470588,
        "dev_ece": 0.34390961496453537,
        "stopping_strategy": "baseline",
        "phase1_seed_strategy": "last",
        "phase1_best_epoch": null,
        "lambda1_mean": 0.46678321597617534,
        "lambda1_std": 0.4358848635559419,
        "lambda2_mean": 0.21726212499637526,
        "lambda2_std": 0.2340703640368185
      }
    },
    {
      "number": 1,
      "state": "COMPLETE",
      "params": {
        "lr": 1.72106072216281e-05,
        "batch_size": 64,
        "cotrain_epochs": 19,
        "finetune_patience": 10,
        "weight_decay": 0.08118790142605437,
        "warmup_ratio": 0.03332063132210798
      },
      "dev_macro_f1": 0.548865,
      "duration_seconds": 192.9,
      "full_metrics": {
        "event": "canada_wildfires_2016",
        "budget": 10,
        "seed_set": 3,
        "test_error_rate": 26.741573033707866,
        "test_macro_f1": 0.5533392360996505,
        "test_ece": 0.0787475388371542,
        "test_per_class_f1": [
          0.30434782608695654,
          0.8554216867469879,
          0.8823529411764706,
          0.2692307692307692,
          0.49586776859504134,
          0.0,
          0.8433734939759037,
          0.7761194029850746
        ],
        "dev_error_rate": 27.631578947368418,
        "dev_macro_f1": 0.5488653206138755,
        "dev_ece": 0.08569718936556268,
        "stopping_strategy": "baseline",
        "phase1_seed_strategy": "last",
        "phase1_best_epoch": null,
        "lambda1_mean": 0.9693478237966862,
        "lambda1_std": 0.24376422669933331,
        "lambda2_mean": 0.47422289196593537,
        "lambda2_std": 0.20744567686664858
      }
    },
    {
      "number": 2,
      "state": "COMPLETE",
      "params": {
        "lr": 0.00031238555664281733,
        "batch_size": 64,
        "cotrain_epochs": 9,
        "finetune_patience": 5,
        "weight_decay": 0.05300895492478777,
        "warmup_ratio": 0.18398200670198975
      },
      "dev_macro_f1": 0.484408,
      "duration_seconds": 106.0,
      "full_metrics": {
        "event": "canada_wildfires_2016",
        "budget": 10,
        "seed_set": 3,
        "test_error_rate": 29.21348314606742,
        "test_macro_f1": 0.4649682132121804,
        "test_ece": 0.21891576061757756,
        "test_per_class_f1": [
          0.07547169811320754,
          0.8450704225352113,
          0.8761904761904762,
          0.0,
          0.36538461538461536,
          0.0,
          0.8534031413612565,
          0.704225352112676
        ],
        "dev_error_rate": 28.50877192982456,
        "dev_macro_f1": 0.48440829619484255,
        "dev_ece": 0.23205106300220157,
        "stopping_strategy": "baseline",
        "phase1_seed_strategy": "last",
        "phase1_best_epoch": null,
        "lambda1_mean": 0.9217420656050687,
        "lambda1_std": 0.3222152094035686,
        "lambda2_mean": 0.2665718686805641,
        "lambda2_std": 0.21205675290873996
      }
    },
    {
      "number": 3,
      "state": "COMPLETE",
      "params": {
        "lr": 5.7263360715823995e-05,
        "batch_size": 64,
        "cotrain_epochs": 19,
        "finetune_patience": 9,
        "weight_decay": 0.08528276786610378,
        "warmup_ratio": 0.028802661507617688
      },
      "dev_macro_f1": 0.582054,
      "duration_seconds": 187.3,
      "full_metrics": {
        "event": "canada_wildfires_2016",
        "budget": 10,
        "seed_set": 3,
        "test_error_rate": 22.92134831460674,
        "test_macro_f1": 0.5746424920313677,
        "test_ece": 0.18545620207036473,
        "test_per_class_f1": [
          0.36363636363636365,
          0.8553459119496856,
          0.8627450980392157,
          0.32,
          0.46846846846846846,
          0.0,
          0.8961748633879781,
          0.8307692307692308
        ],
        "dev_error_rate": 20.614035087719294,
        "dev_macro_f1": 0.5820544561095662,
        "dev_ece": 0.1733054986648392,
        "stopping_strategy": "baseline",
        "phase1_seed_strategy": "last",
        "phase1_best_epoch": null,
        "lambda1_mean": 1.0522714592229732,
        "lambda1_std": 0.23265991795899701,
        "lambda2_mean": 0.5933680058564267,
        "lambda2_std": 0.18818211739258092
      }
    },
    {
      "number": 4,
      "state": "COMPLETE",
      "params": {
        "lr": 0.0003541293591958681,
        "batch_size": 32,
        "cotrain_epochs": 6,
        "finetune_patience": 4,
        "weight_decay": 0.0058593553380625555,
        "warmup_ratio": 0.2037040969965786
      },
      "dev_macro_f1": 0.073529,
      "duration_seconds": 84.6,
      "full_metrics": {
        "event": "canada_wildfires_2016",
        "budget": 10,
        "seed_set": 3,
        "test_error_rate": 58.20224719101124,
        "test_macro_f1": 0.07369255150554675,
        "test_ece": 0.1452299297525642,
        "test_per_class_f1": [
          0.0,
          0.0,
          0.0,
          0.0,
          0.0,
          0.0,
          0.589540412044374,
          0.0
        ],
        "dev_error_rate": 58.33333333333333,
        "dev_macro_f1": 0.07352941176470588,
        "dev_ece": 0.14645947019259137,
        "stopping_strategy": "baseline",
        "phase1_seed_strategy": "last",
        "phase1_best_epoch": null,
        "lambda1_mean": 0.4456461653743841,
        "lambda1_std": 0.3504853231264362,
        "lambda2_mean": 0.19613460291643123,
        "lambda2_std": 0.21034925332453824
      }
    },
    {
      "number": 5,
      "state": "COMPLETE",
      "params": {
        "lr": 5.295924773617083e-05,
        "batch_size": 16,
        "cotrain_epochs": 19,
        "finetune_patience": 7,
        "weight_decay": 0.088408152695852,
        "warmup_ratio": 0.23700883228356492
      },
      "dev_macro_f1": 0.560599,
      "duration_seconds": 230.8,
      "full_metrics": {
        "event": "canada_wildfires_2016",
        "budget": 10,
        "seed_set": 3,