{
  "event": "hurricane_harvey_2017",
  "budget": 50,
  "seed_set": 2,
  "status": "done",
  "best_params": {
    "lr": 3.7640424844901e-05,
    "batch_size": 16,
    "cotrain_epochs": 11,
    "finetune_patience": 6,
    "weight_decay": 0.07127492477518645,
    "warmup_ratio": 0.10256848184449129
  },
  "best_value": 0.691224,
  "best_full_metrics": {
    "event": "hurricane_harvey_2017",
    "budget": 50,
    "seed_set": 2,
    "test_error_rate": 28.088642659279785,
    "test_macro_f1": 0.682073036208972,
    "test_ece": 0.1364872552021058,
    "test_per_class_f1": [
      0.6175115207373272,
      0.8427672955974843,
      0.8225806451612904,
      0.9204152249134948,
      0.3333333333333333,
      0.5033557046979866,
      0.5,
      0.8263358778625954,
      0.7723577235772358
    ],
    "dev_error_rate": 28.31001076426265,
    "dev_macro_f1": 0.691223558577928,
    "dev_ece": 0.14409814391634052,
    "stopping_strategy": "baseline",
    "phase1_seed_strategy": "last",
    "phase1_best_epoch": null,
    "lambda1_mean": 0.9820185250433753,
    "lambda1_std": 0.27678237356410007,
    "lambda2_mean": 0.6696966801996782,
    "lambda2_std": 0.2660490744190416
  },
  "n_trials": 10,
  "continued_from": null,
  "trials": [
    {
      "number": 0,
      "state": "COMPLETE",
      "params": {
        "lr": 0.0009061938518022501,
        "batch_size": 8,
        "cotrain_epochs": 19,
        "finetune_patience": 9,
        "weight_decay": 0.009965530592199867,
        "warmup_ratio": 0.12529504675636594
      },
      "dev_macro_f1": 0.036069,
      "duration_seconds": 1466.5,
      "full_metrics": {
        "event": "hurricane_harvey_2017",
        "budget": 50,
        "seed_set": 2,
        "test_error_rate": 80.60941828254848,
        "test_macro_f1": 0.03609177623098737,
        "test_ece": 0.05147948874330918,
        "test_per_class_f1": [
          0.0,
          0.0,
          0.0,
          0.0,
          0.0,
          0.3248259860788863,
          0.0,
          0.0,
          0.0
        ],
        "dev_error_rate": 80.62432723358451,
        "dev_macro_f1": 0.03606853020739405,
        "dev_ece": 0.05133039925339661,
        "stopping_strategy": "baseline",
        "phase1_seed_strategy": "last",
        "phase1_best_epoch": null,
        "lambda1_mean": 0.36118607328199526,
        "lambda1_std": 0.4233922331533517,
        "lambda2_mean": 0.1815874413487246,
        "lambda2_std": 0.24295125917058008
      }
    },
    {
      "number": 1,
      "state": "COMPLETE",
      "params": {
        "lr": 3.7640424844901e-05,
        "batch_size": 16,
        "cotrain_epochs": 11,
        "finetune_patience": 6,
        "weight_decay": 0.07127492477518645,
        "warmup_ratio": 0.10256848184449129
      },
      "dev_macro_f1": 0.691224,
      "duration_seconds": 589.4,
      "full_metrics": {
        "event": "hurricane_harvey_2017",
        "budget": 50,
        "seed_set": 2,
        "test_error_rate": 28.088642659279785,
        "test_macro_f1": 0.682073036208972,
        "test_ece": 0.1364872552021058,
        "test_per_class_f1": [
          0.6175115207373272,
          0.8427672955974843,
          0.8225806451612904,
          0.9204152249134948,
          0.3333333333333333,
          0.5033557046979866,
          0.5,
          0.8263358778625954,
          0.7723577235772358
        ],
        "dev_error_rate": 28.31001076426265,
        "dev_macro_f1": 0.691223558577928,
        "dev_ece": 0.14409814391634052,
        "stopping_strategy": "baseline",
        "phase1_seed_strategy": "last",
        "phase1_best_epoch": null,
        "lambda1_mean": 0.9820185250433753,
        "lambda1_std": 0.27678237356410007,
        "lambda2_mean": 0.6696966801996782,
        "lambda2_std": 0.2660490744190416
      }
    },
    {
      "number": 2,
      "state": "COMPLETE",
      "params": {
        "lr": 0.0004395905557836785,
        "batch_size": 64,
        "cotrain_epochs": 20,
        "finetune_patience": 8,
        "weight_decay": 0.05299568862079671,
        "warmup_ratio": 0.18295510413831367
      },
      "dev_macro_f1": 0.052588,
      "duration_seconds": 763.0,
      "full_metrics": {
        "event": "hurricane_harvey_2017",
        "budget": 50,
        "seed_set": 2,
        "test_error_rate": 69.03047091412742,
        "test_macro_f1": 0.052547471329197216,
        "test_ece": 0.2016810105117734,
        "test_per_class_f1": [
          0.0,
          0.0,
          0.0,
          0.0,
          0.0,
          0.0,
          0.0,
          0.47292724196277497,
          0.0
        ],
        "dev_error_rate": 68.9989235737352,
        "dev_macro_f1": 0.05258833196384552,
        "dev_ece": 0.20136581330817788,
        "stopping_strategy": "baseline",
        "phase1_seed_strategy": "last",
        "phase1_best_epoch": null,
        "lambda1_mean": 0.5764468433201911,
        "lambda1_std": 0.3589617885178784,
        "lambda2_mean": 0.11600982027016246,
        "lambda2_std": 0.16426232289054474
      }
    },
    {
      "number": 3,
      "state": "COMPLETE",
      "params": {
        "lr": 7.998416859698118e-05,
        "batch_size": 8,
        "cotrain_epochs": 17,
        "finetune_patience": 9,
        "weight_decay": 0.08671616686749481,
        "warmup_ratio": 0.17816795563439086
      },
      "dev_macro_f1": 0.670463,
      "duration_seconds": 1285.8,
      "full_metrics": {
        "event": "hurricane_harvey_2017",
        "budget": 50,
        "seed_set": 2,
        "test_error_rate": 30.304709141274234,
        "test_macro_f1": 0.6649620163338363,
        "test_ece": 0.06347554742134179,
        "test_per_class_f1": [
          0.5813953488372093,
          0.8543689320388349,
          0.8122448979591836,
          0.891156462585034,
          0.36,
          0.4738675958188153,
          0.46706586826347307,
          0.8023715415019763,
          0.7421875
        ],
        "dev_error_rate": 30.139935414424112,
        "dev_macro_f1": 0.6704633822055681,
        "dev_ece": 0.0647235404623851,
        "stopping_strategy": "baseline",
        "phase1_seed_strategy": "last",
        "phase1_best_epoch": null,
        "lambda1_mean": 1.0259259007959007,
        "lambda1_std": 0.20795581423635662,
        "lambda2_mean": 0.6131934939805296,
        "lambda2_std": 0.18378806335036807
      }
    },
    {
      "number": 4,
      "state": "COMPLETE",
      "params": {
        "lr": 0.00013007867677808846,
        "batch_size": 32,
        "cotrain_epochs": 20,
        "finetune_patience": 8,
        "weight_decay": 0.008589555643102964,
        "warmup_ratio": 0.006714362798078499
      },
      "dev_macro_f1": 0.665308,
      "duration_seconds": 844.4,
      "full_metrics": {
        "event": "hurricane_harvey_2017",
        "budget": 50,
        "seed_set": 2,
        "test_error_rate": 30.304709141274234,
        "test_macro_f1": 0.6638156230076029,
        "test_ece": 0.10906116209532085,
        "test_per_class_f1": [
          0.5957446808510638,
          0.8695652173913043,
          0.7773584905660378,
          0.9097222222222222,
          0.3893129770992366,
          0.37209302325581395,
          0.4936708860759494,
          0.8264150943396227,
          0.7404580152671756
        ],
        "dev_error_rate": 30.355220667384287,
        "dev_macro_f1": 0.665308363442785,
        "dev_ece": 0.11371986630530095,
        "stopping_strategy": "baseline",
        "phase1_seed_strategy": "last",
        "phase1_best_epoch": null,
        "lambda1_mean": 1.0239675481110087,
        "lambda1_std": 0.20538480606239326,
        "lambda2_mean": 0.7364547579471518,
        "lambda2_std": 0.23630951456084387
      }
    },
    {
      "number": 5,
      "state": "COMPLETE",
      "params": {
        "lr": 1.4854201633240173e-05,
        "batch_size": 32,
        "cotrain_epochs": 8,
        "finetune_patience": 4,
        "weight_decay": 0.0901988639159874,
        "warmup_ratio": 0.09043304803214908
      },