{
  "event": "california_wildfires_2018",
  "budget": 50,
  "seed_set": 2,
  "test_error_rate": 32.4435318275154,
  "test_macro_f1": 0.5940201480129164,
  "test_ece": 0.061008847857239625,
  "test_per_class_f1": [
    0.3389830508474576,
    0.7333333333333333,
    0.5654450261780105,
    0.8273894436519258,
    0.45751633986928103,
    0.6872427983539094,
    0.3862928348909657,
    0.36666666666666664,
    0.796844181459566,
    0.7804878048780488
  ],
  "dev_error_rate": 33.37765957446809,
  "dev_macro_f1": 0.5972844954955498,
  "dev_ece": 0.0731922043883737,
  "stopping_strategy": "baseline",
  "phase1_seed_strategy": "last",
  "phase1_best_epoch": null,
  "lambda1_mean": 0.5091080805383195,
  "lambda1_std": 0.09207040343862892,
  "lambda2_mean": 0.10797566281644384,
  "lambda2_std": 0.044932478959124986
}