{
  "event": "kaikoura_earthquake_2016",
  "budget": 5,
  "seed_set": 2,
  "test_error_rate": 85.97701149425288,
  "test_macro_f1": 0.027440395861448492,
  "test_ece": 0.036122568362745744,
  "test_per_class_f1": [
    0.0,
    0.0,
    0.0,
    0.0,
    0.0,
    0.24696356275303644,
    0.0,
    0.0,
    0.0
  ],
  "dev_error_rate": 85.71428571428572,
  "dev_macro_f1": 0.027777777777777776,
  "dev_ece": 0.03305038374050388
}