{
  "event": "hurricane_harvey_2017",
  "budget": 5,
  "seed_set": 3,
  "test_error_rate": 32.46537396121884,
  "test_macro_f1": 0.6378718918837358,
  "test_ece": 0.21014925429695533,
  "test_per_class_f1": [
    0.5959183673469388,
    0.8258064516129032,
    0.7212475633528265,
    0.8928571428571429,
    0.39245283018867927,
    0.34552845528455284,
    0.4431137724550898,
    0.822429906542056,
    0.7014925373134329
  ],
  "dev_error_rate": 31.754574811625403,
  "dev_macro_f1": 0.6488131269404704,
  "dev_ece": 0.20648935379458447,
  "stopping_strategy": "baseline",
  "phase1_seed_strategy": "last",
  "phase1_best_epoch": null,
  "lambda1_mean": 1.0572018110130577,
  "lambda1_std": 0.22692292208126189,
  "lambda2_mean": 0.6210665867544544,
  "lambda2_std": 0.19661281688735477
}