{
  "event": "kerala_floods_2018",
  "budget": 25,
  "seed_set": 1,
  "test_error_rate": 44.87989886219975,
  "test_macro_f1": 0.417498645597615,
  "test_ece": 0.07487814830128672,
  "test_per_class_f1": [
    0.25225225225225223,
    0.07142857142857142,
    0.2987012987012987,
    0.7108433734939759,
    0.4291845493562232,
    0.1978798586572438,
    0.5064935064935064,
    0.7138849929873773,
    0.5768194070080862
  ],
  "dev_error_rate": 45.57739557739558,
  "dev_macro_f1": 0.437013818088866,
  "dev_ece": 0.0816116330261898,
  "stopping_strategy": "baseline",
  "phase1_seed_strategy": "last",
  "phase1_best_epoch": null,
  "lambda1_mean": 0.5154110532889477,
  "lambda1_std": 0.11011979544404596,
  "lambda2_mean": 0.11652263983060811,
  "lambda2_std": 0.023467135162111102
}