{
  "event": "hurricane_dorian_2019",
  "budget": 50,
  "seed_set": 2,
  "test_error_rate": 38.85941644562334,
  "test_macro_f1": 0.5686898220169443,
  "test_ece": 0.16097130903119433,
  "test_per_class_f1": [
    0.6221374045801527,
    0.9056603773584906,
    0.5825242718446602,
    0.375,
    0.4778156996587031,
    0.4500846023688663,
    0.13333333333333333,
    0.7696476964769647,
    0.8020050125313283
  ],
  "dev_error_rate": 37.628865979381445,
  "dev_macro_f1": 0.5890021379976701,
  "dev_ece": 0.14340567089540443
}