class_label,caution_and_advice,displaced_people_and_evacuations,infrastructure_and_utility_damage,injured_or_dead_people,not_humanitarian,other_relevant_information,requests_or_urgent_needs,rescue_volunteering_or_donation_effort,sympathy_and_support
caution_and_advice,0.7306889352818372,0.027139874739039668,0.05741127348643006,0.0010438413361169101,0.05636743215031315,0.09498956158663883,0.009394572025052192,0.013569937369519834,0.009394572025052192
displaced_people_and_evacuations,0.1443850267379679,0.8270944741532977,0.0,0.0,0.0071301247771836,0.0053475935828877,0.0053475935828877,0.008912655971479501,0.0017825311942959
infrastructure_and_utility_damage,0.11208406304728546,0.005253940455341506,0.5779334500875657,0.0035026269702276708,0.15761821366024517,0.03502626970227671,0.0017513134851138354,0.012259194395796848,0.09457092819614711
injured_or_dead_people,0.023809523809523808,0.0,0.11904761904761904,0.47619047619047616,0.2619047619047619,0.09523809523809523,0.0,0.0,0.023809523809523808
not_humanitarian,0.03104575163398693,0.011437908496732025,0.0196078431372549,0.008169934640522876,0.8513071895424836,0.016339869281045753,0.004901960784313725,0.004901960784313725,0.05228758169934641
other_relevant_information,0.3115727002967359,0.050445103857566766,0.09792284866468842,0.0009891196834817012,0.31849653808110784,0.10781404549950543,0.018793273986152326,0.05242334322453017,0.04154302670623145
requests_or_urgent_needs,0.28,0.048,0.016,0.0,0.088,0.104,0.224,0.2,0.04
rescue_volunteering_or_donation_effort,0.03183791606367583,0.049204052098408106,0.001447178002894356,0.0,0.05788712011577424,0.03328509406657019,0.015918958031837915,0.7988422575976846,0.011577424023154847
sympathy_and_support,0.048812664907651716,0.005277044854881266,0.0079155672823219,0.0013192612137203166,0.0316622691292876,0.00395778364116095,0.010554089709762533,0.06464379947229551,0.8258575197889182
