label,precision,recall,f1,support,error_rate
caution_and_advice,0.5494505494505495,0.7306889352818372,0.6272401433691756,958,0.2693110647181628
displaced_people_and_evacuations,0.7798319327731092,0.8270944741532977,0.8027681660899655,561,0.17290552584670227
infrastructure_and_utility_damage,0.6470588235294118,0.5779334500875657,0.6105457909343202,571,0.4220665499124343
injured_or_dead_people,0.6666666666666666,0.47619047619047616,0.5555555555555556,42,0.5238095238095238
not_humanitarian,0.48375116063138346,0.8513071895424836,0.6169330965068087,612,0.14869281045751637
other_relevant_information,0.39492753623188404,0.10781404549950543,0.16938616938616938,1011,0.8921859545004945
requests_or_urgent_needs,0.34146341463414637,0.224,0.2705314009661836,125,0.776
rescue_volunteering_or_donation_effort,0.7807637906647807,0.7988422575976846,0.7896995708154507,691,0.20115774240231543
sympathy_and_support,0.8046272493573264,0.8258575197889182,0.8151041666666667,758,0.1741424802110818
