{
  "event": "hurricane_maria_2017",
  "budget": 25,
  "seed_set": 1,
  "test_error_rate": 59.01525658807212,
  "test_macro_f1": 0.31685678325082595,
  "test_ece": 0.4822102437692278,
  "test_per_class_f1": [
    0.19138755980861244,
    0.0,
    0.0,
    0.5368421052631579,
    0.32673267326732675,
    0.0,
    0.45664739884393063,
    0.7197309417040358,
    0.6203703703703703
  ],
  "dev_error_rate": 57.41239892183289,
  "dev_macro_f1": 0.3231378749778779,
  "dev_ece": 0.47044795333857164,
  "stopping_strategy": "baseline",
  "phase1_seed_strategy": "last",
  "phase1_best_epoch": null,
  "lambda1_mean": 1.0483369089630576,
  "lambda1_std": 0.22078193774040247,
  "lambda2_mean": 0.5239003541881798,
  "lambda2_std": 0.1637618555529886
}