{
  "event": "cyclone_idai_2019",
  "budget": 5,
  "seed_set": 3,
  "test_error_rate": 87.29139922978177,
  "test_macro_f1": 0.09111352585094223,
  "test_ece": 0.26847218728800026,
  "test_per_class_f1": [
    0.06622516556291391,
    0.0,
    0.09090909090909091,
    0.32679738562091504,
    0.028169014084507043,
    0.0,
    0.0,
    0.055299539170506916,
    0.16551724137931034,
    0.1782178217821782
  ],
  "dev_error_rate": 84.53865336658353,
  "dev_macro_f1": 0.11009950147200147,
  "dev_ece": 0.23961496847377453,
  "stopping_strategy": "baseline",
  "phase1_seed_strategy": "last",
  "phase1_best_epoch": null,
  "lambda1_mean": 0.43173959106588045,
  "lambda1_std": 0.167339305797044,
  "lambda2_mean": 0.13979719205019833,
  "lambda2_std": 0.06060425920819548
}