{
  "event": "hurricane_florence_2018",
  "budget": 10,
  "seed_set": 2,
  "test_error_rate": 22.723609991941984,
  "test_macro_f1": 0.6864350648827853,
  "test_ece": 0.049377269424516104,
  "test_per_class_f1": [
    0.7638603696098563,
    0.8203389830508474,
    0.6086956521739131,
    0.8837209302325582,
    0.8372093023255814,
    0.4104803493449782,
    0.15384615384615385,
    0.8707482993197279,
    0.8290155440414507
  ],
  "dev_error_rate": 22.065727699530512,
  "dev_macro_f1": 0.6990603166850451,
  "dev_ece": 0.07293350437250865,
  "stopping_strategy": "baseline",
  "phase1_seed_strategy": "last",
  "phase1_best_epoch": null,
  "lambda1_mean": 1.0009959939580346,
  "lambda1_std": 0.2642004760419747,
  "lambda2_mean": 0.4374042091643256,
  "lambda2_std": 0.18243244175576925
}