{
  "event": "cyclone_idai_2019",
  "budget": 10,
  "seed_set": 3,
  "status": "done",
  "best_params": {
    "lr": 5.2504770872523974e-05,
    "batch_size": 16,
    "cotrain_epochs": 14,
    "finetune_patience": 7,
    "weight_decay": 0.056231020942165255,
    "warmup_ratio": 0.08487567342673905
  },
  "best_value": 0.536098,
  "best_full_metrics": {
    "event": "cyclone_idai_2019",
    "budget": 10,
    "seed_set": 3,
    "test_error_rate": 30.166880616174584,
    "test_macro_f1": 0.5801529857370784,
    "test_ece": 0.10997763574505955,
    "test_per_class_f1": [
      0.375,
      0.4444444444444444,
      0.7741935483870968,
      0.8819875776397516,
      0.5714285714285714,
      0.32727272727272727,
      0.38323353293413176,
      0.4418604651162791,
      0.784375,
      0.8177339901477833
    ],
    "dev_error_rate": 32.91770573566085,
    "dev_macro_f1": 0.5360983041667351,
    "dev_ece": 0.13087096037412824,
    "stopping_strategy": "baseline",
    "phase1_seed_strategy": "last",
    "phase1_best_epoch": null,
    "lambda1_mean": 1.0489907326531611,
    "lambda1_std": 0.25380424523083145,
    "lambda2_mean": 0.5801279243616909,
    "lambda2_std": 0.20863109514689362
  },
  "n_trials": 10,
  "continued_from": null,
  "trials": [
    {
      "number": 0,
      "state": "COMPLETE",
      "params": {
        "lr": 2.82795232965273e-05,
        "batch_size": 32,
        "cotrain_epochs": 18,
        "finetune_patience": 5,
        "weight_decay": 0.09602049772481404,
        "warmup_ratio": 0.14473899144381583
      },
      "dev_macro_f1": 0.531271,
      "duration_seconds": 356.3,
      "full_metrics": {
        "event": "cyclone_idai_2019",
        "budget": 10,
        "seed_set": 3,
        "test_error_rate": 23.87676508344031,
        "test_macro_f1": 0.4775044931018928,
        "test_ece": 0.1443303645192735,
        "test_per_class_f1": [
          0.2,
          0.19047619047619047,
          0.7605633802816901,
          0.872093023255814,
          0.0,
          0.19047619047619047,
          0.41975308641975306,
          0.45901639344262296,
          0.8826666666666667,
          0.8
        ],
        "dev_error_rate": 25.436408977556113,
        "dev_macro_f1": 0.5312712926493093,
        "dev_ece": 0.17371063792794728,
        "stopping_strategy": "baseline",
        "phase1_seed_strategy": "last",
        "phase1_best_epoch": null,
        "lambda1_mean": 0.9913244027244819,
        "lambda1_std": 0.32610255507106817,
        "lambda2_mean": 0.5287640758075252,
        "lambda2_std": 0.2141985951885209
      }
    },
    {
      "number": 1,
      "state": "COMPLETE",
      "params": {
        "lr": 5.2504770872523974e-05,
        "batch_size": 16,
        "cotrain_epochs": 14,
        "finetune_patience": 7,
        "weight_decay": 0.056231020942165255,
        "warmup_ratio": 0.08487567342673905
      },
      "dev_macro_f1": 0.536098,
      "duration_seconds": 355.6,
      "full_metrics": {
        "event": "cyclone_idai_2019",
        "budget": 10,
        "seed_set": 3,
        "test_error_rate": 30.166880616174584,
        "test_macro_f1": 0.5801529857370784,
        "test_ece": 0.10997763574505955,
        "test_per_class_f1": [
          0.375,
          0.4444444444444444,
          0.7741935483870968,
          0.8819875776397516,
          0.5714285714285714,
          0.32727272727272727,
          0.38323353293413176,
          0.4418604651162791,
          0.784375,
          0.8177339901477833
        ],
        "dev_error_rate": 32.91770573566085,
        "dev_macro_f1": 0.5360983041667351,
        "dev_ece": 0.13087096037412824,
        "stopping_strategy": "baseline",
        "phase1_seed_strategy": "last",
        "phase1_best_epoch": null,
        "lambda1_mean": 1.0489907326531611,
        "lambda1_std": 0.25380424523083145,
        "lambda2_mean": 0.5801279243616909,
        "lambda2_std": 0.20863109514689362
      }
    },
    {
      "number": 2,
      "state": "COMPLETE",
      "params": {
        "lr": 4.131407014831334e-05,
        "batch_size": 16,
        "cotrain_epochs": 19,
        "finetune_patience": 6,
        "weight_decay": 0.05520134562961501,
        "warmup_ratio": 0.2853706636374499
      },
      "dev_macro_f1": 0.488629,
      "duration_seconds": 419.7,
      "full_metrics": {
        "event": "cyclone_idai_2019",
        "budget": 10,
        "seed_set": 3,
        "test_error_rate": 23.23491655969191,
        "test_macro_f1": 0.5215859485933729,
        "test_ece": 0.12383655329570839,
        "test_per_class_f1": [
          0.30303030303030304,
          0.4,
          0.8028169014084507,
          0.9156626506024096,
          0.0,
          0.3888888888888889,
          0.4342105263157895,
          0.27450980392156865,
          0.8677248677248677,
          0.8290155440414507
        ],
        "dev_error_rate": 27.68079800498753,
        "dev_macro_f1": 0.4886289700720763,
        "dev_ece": 0.15691860811668734,
        "stopping_strategy": "baseline",
        "phase1_seed_strategy": "last",
        "phase1_best_epoch": null,
        "lambda1_mean": 0.9847489843643671,
        "lambda1_std": 0.3433063627006954,
        "lambda2_mean": 0.5384223736226453,
        "lambda2_std": 0.23273151137425785
      }
    },
    {
      "number": 3,
      "state": "COMPLETE",
      "params": {
        "lr": 0.000822613659712834,
        "batch_size": 16,
        "cotrain_epochs": 13,
        "finetune_patience": 9,
        "weight_decay": 0.05397744968141184,
        "warmup_ratio": 0.11970383606207768
      },
      "dev_macro_f1": 0.064527,
      "duration_seconds": 309.2,
      "full_metrics": {
        "event": "cyclone_idai_2019",
        "budget": 10,
        "seed_set": 3,
        "test_error_rate": 52.503209242618745,
        "test_macro_f1": 0.06440382941688425,
        "test_ece": 0.41119334564588494,
        "test_per_class_f1": [
          0.0,
          0.0,
          0.0,
          0.0,
          0.0,
          0.0,
          0.0,
          0.0,
          0.6440382941688425,
          0.0
        ],
        "dev_error_rate": 52.36907730673317,
        "dev_macro_f1": 0.06452702702702703,
        "dev_ece": 0.4098520319063468,
        "stopping_strategy": "baseline",
        "phase1_seed_strategy": "last",
        "phase1_best_epoch": null,
        "lambda1_mean": 0.5612756055101777,
        "lambda1_std": 0.5192253139345541,
        "lambda2_mean": 0.3064779147471742,
        "lambda2_std": 0.3081837495378526
      }
    },
    {
      "number": 4,
      "state": "COMPLETE",
      "params": {
        "lr": 0.0002619013830530145,
        "batch_size": 8,
        "cotrain_epochs": 12,
        "finetune_patience": 10,
        "weight_decay": 0.008715319318804704,
        "warmup_ratio": 0.2499078806412384
      },
      "dev_macro_f1": 0.064527,
      "duration_seconds": 428.7,
      "full_metrics": {
        "event": "cyclone_idai_2019",
        "budget": 10,
        "seed_set": 3,
        "test_error_rate": 52.503209242618745,
        "test_macro_f1": 0.06440382941688425,
        "test_ece": 0.3026088453991882,
        "test_per_class_f1": [
          0.0,
          0.0,
          0.0,
          0.0,
          0.0,
          0.0,
          0.0,
          0.0,
          0.6440382941688425,
          0.0
        ],
        "dev_error_rate": 52.36907730673317,
        "dev_macro_f1": 0.06452702702702703,
        "dev_ece": 0.3012673365802242,
        "stopping_strategy": "baseline",
        "phase1_seed_strategy": "last",
        "phase1_best_epoch": null,
        "lambda1_mean": 0.6284141117677203,
        "lambda1_std": 0.4896532997642397,
        "lambda2_mean": 0.2721270898712788,
        "lambda2_std": 0.27673685556239747
      }
    },
    {
      "number": 5,
      "state": "COMPLETE",
      "params": {
        "lr": 5.1130532761672886e-05,
        "batch_size": 8,
        "cotrain_epochs": 15,
        "finetune_patience": 7,