{
  "event": "kerala_floods_2018",
  "budget": 5,
  "seed_set": 3,
  "status": "done",
  "best_params": {
    "lr": 5.9830862089908386e-05,
    "batch_size": 32,
    "cotrain_epochs": 5,
    "finetune_patience": 8,
    "weight_decay": 0.07196641707265256,
    "warmup_ratio": 0.020791346828217625
  },
  "best_value": 0.605296,
  "best_full_metrics": {
    "event": "kerala_floods_2018",
    "budget": 5,
    "seed_set": 3,
    "test_error_rate": 29.772439949431096,
    "test_macro_f1": 0.5673710161565383,
    "test_ece": 0.19934168536164212,
    "test_per_class_f1": [
      0.5517241379310345,
      0.23076923076923078,
      0.4857142857142857,
      0.8405797101449275,
      0.38144329896907214,
      0.4486486486486487,
      0.6666666666666666,
      0.8363636363636363,
      0.6644295302013423
    ],
    "dev_error_rate": 28.869778869778873,
    "dev_macro_f1": 0.6052958949605947,
    "dev_ece": 0.19252471812527072,
    "stopping_strategy": "baseline",
    "phase1_seed_strategy": "last",
    "phase1_best_epoch": null,
    "lambda1_mean": 1.041681031477841,
    "lambda1_std": 0.21960430200352243,
    "lambda2_mean": 0.4114306938110984,
    "lambda2_std": 0.1491610664387857
  },
  "n_trials": 10,
  "continued_from": null,
  "trials": [
    {
      "number": 0,
      "state": "COMPLETE",
      "params": {
        "lr": 0.0007378433925311245,
        "batch_size": 8,
        "cotrain_epochs": 15,
        "finetune_patience": 8,
        "weight_decay": 0.08823332758676157,
        "warmup_ratio": 0.07228386591269913
      },
      "dev_macro_f1": 0.077742,
      "duration_seconds": 1052.7,
      "full_metrics": {
        "event": "kerala_floods_2018",
        "budget": 5,
        "seed_set": 3,
        "test_error_rate": 46.207332490518326,
        "test_macro_f1": 0.07772754258574234,
        "test_ece": 0.4394558046846715,
        "test_per_class_f1": [
          0.0,
          0.0,
          0.0,
          0.0,
          0.0,
          0.0,
          0.0,
          0.699547883271681,
          0.0
        ],
        "dev_error_rate": 46.1916461916462,
        "dev_macro_f1": 0.07774227902023428,
        "dev_ece": 0.43929894184304696,
        "stopping_strategy": "baseline",
        "phase1_seed_strategy": "last",
        "phase1_best_epoch": null,
        "lambda1_mean": 0.6164124746668072,
        "lambda1_std": 0.5323327593856387,
        "lambda2_mean": 0.3177784609722974,
        "lambda2_std": 0.3016204155527256
      }
    },
    {
      "number": 1,
      "state": "COMPLETE",
      "params": {
        "lr": 0.000220293006354843,
        "batch_size": 32,
        "cotrain_epochs": 15,
        "finetune_patience": 8,
        "weight_decay": 0.08657659130523598,
        "warmup_ratio": 0.17940186267602806
      },
      "dev_macro_f1": 0.077742,
      "duration_seconds": 623.5,
      "full_metrics": {
        "event": "kerala_floods_2018",
        "budget": 5,
        "seed_set": 3,
        "test_error_rate": 46.207332490518326,
        "test_macro_f1": 0.07772754258574234,
        "test_ece": 0.3181575517889523,
        "test_per_class_f1": [
          0.0,
          0.0,
          0.0,
          0.0,
          0.0,
          0.0,
          0.0,
          0.699547883271681,
          0.0
        ],
        "dev_error_rate": 46.1916461916462,
        "dev_macro_f1": 0.07774227902023428,
        "dev_ece": 0.3168021324079218,
        "stopping_strategy": "baseline",
        "phase1_seed_strategy": "last",
        "phase1_best_epoch": null,
        "lambda1_mean": 0.7562582085017943,
        "lambda1_std": 0.4111068467085483,
        "lambda2_mean": 0.28857437542840203,
        "lambda2_std": 0.2757784650657743
      }
    },
    {
      "number": 2,
      "state": "COMPLETE",
      "params": {
        "lr": 0.0006287254021008503,
        "batch_size": 16,
        "cotrain_epochs": 5,
        "finetune_patience": 4,
        "weight_decay": 0.06790192235010668,
        "warmup_ratio": 0.04279379350950217
      },
      "dev_macro_f1": 0.077742,
      "duration_seconds": 298.9,
      "full_metrics": {
        "event": "kerala_floods_2018",
        "budget": 5,
        "seed_set": 3,
        "test_error_rate": 46.207332490518326,
        "test_macro_f1": 0.07772754258574234,
        "test_ece": 0.3590004446006152,
        "test_per_class_f1": [
          0.0,
          0.0,
          0.0,
          0.0,
          0.0,
          0.0,
          0.0,
          0.699547883271681,
          0.0
        ],
        "dev_error_rate": 46.1916461916462,
        "dev_macro_f1": 0.07774227902023428,
        "dev_ece": 0.3588435816091168,
        "stopping_strategy": "baseline",
        "phase1_seed_strategy": "last",
        "phase1_best_epoch": null,
        "lambda1_mean": 0.5228387232363697,
        "lambda1_std": 0.3981141123815073,
        "lambda2_mean": 0.17969038852215197,
        "lambda2_std": 0.15737673602401525
      }
    },
    {
      "number": 3,
      "state": "COMPLETE",
      "params": {
        "lr": 5.9830862089908386e-05,
        "batch_size": 32,
        "cotrain_epochs": 5,
        "finetune_patience": 8,
        "weight_decay": 0.07196641707265256,
        "warmup_ratio": 0.020791346828217625
      },
      "dev_macro_f1": 0.605296,
      "duration_seconds": 277.3,
      "full_metrics": {
        "event": "kerala_floods_2018",
        "budget": 5,
        "seed_set": 3,
        "test_error_rate": 29.772439949431096,
        "test_macro_f1": 0.5673710161565383,
        "test_ece": 0.19934168536164212,
        "test_per_class_f1": [
          0.5517241379310345,
          0.23076923076923078,
          0.4857142857142857,
          0.8405797101449275,
          0.38144329896907214,
          0.4486486486486487,
          0.6666666666666666,
          0.8363636363636363,
          0.6644295302013423
        ],
        "dev_error_rate": 28.869778869778873,
        "dev_macro_f1": 0.6052958949605947,
        "dev_ece": 0.19252471812527072,
        "stopping_strategy": "baseline",
        "phase1_seed_strategy": "last",
        "phase1_best_epoch": null,
        "lambda1_mean": 1.041681031477841,
        "lambda1_std": 0.21960430200352243,
        "lambda2_mean": 0.4114306938110984,
        "lambda2_std": 0.1491610664387857
      }
    },
    {
      "number": 4,
      "state": "COMPLETE",
      "params": {
        "lr": 0.00027057011110727093,
        "batch_size": 64,
        "cotrain_epochs": 20,
        "finetune_patience": 10,
        "weight_decay": 0.05277717700962714,
        "warmup_ratio": 0.06371560280703772
      },
      "dev_macro_f1": 0.077742,
      "duration_seconds": 731.6,
      "full_metrics": {
        "event": "kerala_floods_2018",
        "budget": 5,
        "seed_set": 3,
        "test_error_rate": 46.207332490518326,
        "test_macro_f1": 0.07772754258574234,
        "test_ece": 0.3645418346983141,
        "test_per_class_f1": [
          0.0,
          0.0,
          0.0,
          0.0,
          0.0,
          0.0,
          0.0,
          0.699547883271681,
          0.0
        ],
        "dev_error_rate": 46.1916461916462,
        "dev_macro_f1": 0.07774227902023428,
        "dev_ece": 0.36407092008602404,
        "stopping_strategy": "baseline",
        "phase1_seed_strategy": "last",
        "phase1_best_epoch": null,
        "lambda1_mean": 0.7260981387709886,
        "lambda1_std": 0.4311984129108507,
        "lambda2_mean": 0.31210337070090277,
        "lambda2_std": 0.2941045119993668
      }
    },
    {
      "number": 5,
      "state": "COMPLETE",
      "params": {
        "lr": 6.826332930660737e-05,
        "batch_size": 32,
        "cotrain_epochs": 20,
        "finetune_patience": 10,
        "weight_decay": 0.04998039815801686,
        "warmup_ratio": 0.16103665373034196
      },
      "dev_macro_f1": 0.592123,
      "duration_seconds": 803.3,
      "full_metrics": {
        "event": "kerala_floods_2018",
        "budget": 5,
        "seed_set": 3,
        "test_error_rate": 29.45638432364096,