{
  "event": "hurricane_irma_2017",
  "budget": 5,
  "seed_set": 2,
  "test_error_rate": 87.05692803437164,
  "test_macro_f1": 0.05315429133092705,
  "test_ece": 0.005791565777471845,
  "test_per_class_f1": [
    0.04854368932038835,
    0.0,
    0.0,
    0.0,
    0.0,
    0.3555926544240401,
    0.026970954356846474,
    0.04728132387706856,
    0.0
  ],
  "dev_error_rate": 88.83089770354906,
  "dev_macro_f1": 0.046077837163210504,
  "dev_ece": 0.013550899953956646
}