{
  "event": "california_wildfires_2018",
  "budget": 10,
  "seed_set": 1,
  "test_error_rate": 69.60985626283367,
  "test_macro_f1": 0.15908778258998796,
  "test_ece": 0.5087876533050393,
  "test_per_class_f1": [
    0.1307901907356948,
    0.0,
    0.0,
    0.5851063829787234,
    0.17959183673469387,
    0.6173752310536045,
    0.0,
    0.07801418439716312,
    0.0,
    0.0
  ],
  "dev_error_rate": 68.21808510638299,
  "dev_macro_f1": 0.16270617609277643,
  "dev_ece": 0.5047050456892936,
  "stopping_strategy": "baseline",
  "phase1_seed_strategy": "last",
  "phase1_best_epoch": null,
  "lambda1_mean": 1.0315827001858613,
  "lambda1_std": 0.25531829479769336,
  "lambda2_mean": 0.5115232086652299,
  "lambda2_std": 0.18210367883220682
}