{
  "event": "hurricane_maria_2017",
  "budget": 5,
  "seed_set": 1,
  "test_error_rate": 30.513176144244103,
  "test_macro_f1": 0.6280066660402133,
  "test_ece": 0.1752506632993357,
  "test_per_class_f1": [
    0.5471698113207547,
    0.6493506493506493,
    0.8636363636363636,
    0.7972027972027972,
    0.24742268041237114,
    0.48148148148148145,
    0.6158730158730159,
    0.8047619047619048,
    0.6451612903225806
  ],
  "dev_error_rate": 29.24528301886793,
  "dev_macro_f1": 0.6664054938863415,
  "dev_ece": 0.1922071733163052,
  "stopping_strategy": "baseline",
  "phase1_seed_strategy": "last",
  "phase1_best_epoch": null,
  "lambda1_mean": 1.0453237393810935,
  "lambda1_std": 0.20193374312495443,
  "lambda2_mean": 0.07999053665346562,
  "lambda2_std": 0.07131199703062452
}