{
  "event": "california_wildfires_2018",
  "budget": 10,
  "seed_set": 2,
  "test_error_rate": 46.338124572210816,
  "test_macro_f1": 0.42891043039940857,
  "test_ece": 0.05617256515610307,
  "test_per_class_f1": [
    0.2127659574468085,
    0.23809523809523808,
    0.35537190082644626,
    0.7204783258594918,
    0.2014388489208633,
    0.5474137931034483,
    0.2572347266881029,
    0.24242424242424243,
    0.7775628626692457,
    0.736318407960199
  ],
  "dev_error_rate": 44.680851063829785,
  "dev_macro_f1": 0.4271892089305377,
  "dev_ece": 0.04747379882300789,
  "stopping_strategy": "baseline",
  "phase1_seed_strategy": "last",
  "phase1_best_epoch": null,
  "lambda1_mean": 0.54123477176458,
  "lambda1_std": 0.14689717465790644,
  "lambda2_mean": 0.13757426249235674,
  "lambda2_std": 0.049895409298167125
}