{
  "event": "hurricane_harvey_2017",
  "budget": 25,
  "seed_set": 3,
  "status": "done",
  "best_params": {
    "lr": 5.120424073243562e-05,
    "batch_size": 8,
    "cotrain_epochs": 10,
    "finetune_patience": 7,
    "weight_decay": 0.08356911413169119,
    "warmup_ratio": 0.16690967328661052
  },
  "best_value": 0.674839,
  "best_full_metrics": {
    "event": "hurricane_harvey_2017",
    "budget": 25,
    "seed_set": 3,
    "test_error_rate": 30.193905817174517,
    "test_macro_f1": 0.6523469477907876,
    "test_ece": 0.23605164854150068,
    "test_per_class_f1": [
      0.5921787709497207,
      0.825938566552901,
      0.7984790874524715,
      0.8975265017667845,
      0.299625468164794,
      0.48336252189141854,
      0.45714285714285713,
      0.8189964157706093,
      0.6978723404255319
    ],
    "dev_error_rate": 30.032292787944026,
    "dev_macro_f1": 0.6748394674792617,
    "dev_ece": 0.2386204800192584,
    "stopping_strategy": "baseline",
    "phase1_seed_strategy": "last",
    "phase1_best_epoch": null,
    "lambda1_mean": 0.9502334063332449,
    "lambda1_std": 0.2548904408254243,
    "lambda2_mean": 0.08945726397154889,
    "lambda2_std": 0.11034336540846944
  },
  "n_trials": 10,
  "continued_from": null,
  "trials": [
    {
      "number": 0,
      "state": "COMPLETE",
      "params": {
        "lr": 0.00024025568134170914,
        "batch_size": 8,
        "cotrain_epochs": 16,
        "finetune_patience": 10,
        "weight_decay": 0.04424365974817845,
        "warmup_ratio": 0.2404312486633182
      },
      "dev_macro_f1": 0.052588,
      "duration_seconds": 1198.2,
      "full_metrics": {
        "event": "hurricane_harvey_2017",
        "budget": 25,
        "seed_set": 3,
        "test_error_rate": 69.03047091412742,
        "test_macro_f1": 0.052547471329197216,
        "test_ece": 0.12900977085997195,
        "test_per_class_f1": [
          0.0,
          0.0,
          0.0,
          0.0,
          0.0,
          0.0,
          0.0,
          0.47292724196277497,
          0.0
        ],
        "dev_error_rate": 68.9989235737352,
        "dev_macro_f1": 0.05258833196384552,
        "dev_ece": 0.1293252446519289,
        "stopping_strategy": "baseline",
        "phase1_seed_strategy": "last",
        "phase1_best_epoch": null,
        "lambda1_mean": 0.5252622563117234,
        "lambda1_std": 0.32904880765737465,
        "lambda2_mean": 0.10882805979793303,
        "lambda2_std": 0.14276063475998416
      }
    },
    {
      "number": 1,
      "state": "COMPLETE",
      "params": {
        "lr": 1.4788738034723514e-05,
        "batch_size": 16,
        "cotrain_epochs": 15,
        "finetune_patience": 10,
        "weight_decay": 0.013379972890301295,
        "warmup_ratio": 0.2890824011536008
      },
      "dev_macro_f1": 0.645957,
      "duration_seconds": 797.2,
      "full_metrics": {
        "event": "hurricane_harvey_2017",
        "budget": 25,
        "seed_set": 3,
        "test_error_rate": 30.969529085872573,
        "test_macro_f1": 0.6582802216542981,
        "test_ece": 0.1664329793809854,
        "test_per_class_f1": [
          0.6324110671936759,
          0.8403908794788274,
          0.7975206611570248,
          0.8873239436619719,
          0.3739130434782609,
          0.47619047619047616,
          0.41739130434782606,
          0.8011988011988012,
          0.6981818181818182
        ],
        "dev_error_rate": 32.83100107642627,
        "dev_macro_f1": 0.6459574786610607,
        "dev_ece": 0.1892048311053873,
        "stopping_strategy": "baseline",
        "phase1_seed_strategy": "last",
        "phase1_best_epoch": null,
        "lambda1_mean": 1.023094779463785,
        "lambda1_std": 0.2711598683199377,
        "lambda2_mean": 0.5112501992144798,
        "lambda2_std": 0.1807233117753057
      }
    },
    {
      "number": 2,
      "state": "COMPLETE",
      "params": {
        "lr": 0.0008679368472171535,
        "batch_size": 64,
        "cotrain_epochs": 18,
        "finetune_patience": 10,
        "weight_decay": 0.09548491834452877,
        "warmup_ratio": 0.25043091789167976
      },
      "dev_macro_f1": 0.052588,
      "duration_seconds": 721.9,
      "full_metrics": {
        "event": "hurricane_harvey_2017",
        "budget": 25,
        "seed_set": 3,
        "test_error_rate": 69.03047091412742,
        "test_macro_f1": 0.052547471329197216,
        "test_ece": 0.4818728261707232,
        "test_per_class_f1": [
          0.0,
          0.0,
          0.0,
          0.0,
          0.0,
          0.0,
          0.0,
          0.47292724196277497,
          0.0
        ],
        "dev_error_rate": 68.9989235737352,
        "dev_macro_f1": 0.05258833196384552,
        "dev_ece": 0.48155736204625715,
        "stopping_strategy": "baseline",
        "phase1_seed_strategy": "last",
        "phase1_best_epoch": null,
        "lambda1_mean": 0.4735951365567018,
        "lambda1_std": 0.40539663948125365,
        "lambda2_mean": 0.1311184681634956,
        "lambda2_std": 0.18817179478296006
      }
    },
    {
      "number": 3,
      "state": "COMPLETE",
      "params": {
        "lr": 0.00048826202156295676,
        "batch_size": 32,
        "cotrain_epochs": 6,
        "finetune_patience": 9,
        "weight_decay": 0.09008599336784445,
        "warmup_ratio": 0.2515442968796846
      },
      "dev_macro_f1": 0.052588,
      "duration_seconds": 336.7,
      "full_metrics": {
        "event": "hurricane_harvey_2017",
        "budget": 25,
        "seed_set": 3,
        "test_error_rate": 69.03047091412742,
        "test_macro_f1": 0.052547471329197216,
        "test_ece": 0.017009480045773018,
        "test_per_class_f1": [
          0.0,
          0.0,
          0.0,
          0.0,
          0.0,
          0.0,
          0.0,
          0.47292724196277497,
          0.0
        ],
        "dev_error_rate": 68.9989235737352,
        "dev_macro_f1": 0.05258833196384552,
        "dev_ece": 0.017324952988116427,
        "stopping_strategy": "baseline",
        "phase1_seed_strategy": "last",
        "phase1_best_epoch": null,
        "lambda1_mean": 0.4523431618753833,
        "lambda1_std": 0.22274360616180855,
        "lambda2_mean": 0.07140609680698702,
        "lambda2_std": 0.07559392712842737
      }
    },
    {
      "number": 4,
      "state": "COMPLETE",
      "params": {
        "lr": 5.120424073243562e-05,
        "batch_size": 8,
        "cotrain_epochs": 10,
        "finetune_patience": 7,
        "weight_decay": 0.08356911413169119,
        "warmup_ratio": 0.16690967328661052
      },
      "dev_macro_f1": 0.674839,
      "duration_seconds": 840.9,
      "full_metrics": {
        "event": "hurricane_harvey_2017",
        "budget": 25,
        "seed_set": 3,
        "test_error_rate": 30.193905817174517,
        "test_macro_f1": 0.6523469477907876,
        "test_ece": 0.23605164854150068,
        "test_per_class_f1": [
          0.5921787709497207,
          0.825938566552901,
          0.7984790874524715,
          0.8975265017667845,
          0.299625468164794,
          0.48336252189141854,
          0.45714285714285713,
          0.8189964157706093,
          0.6978723404255319
        ],
        "dev_error_rate": 30.032292787944026,
        "dev_macro_f1": 0.6748394674792617,
        "dev_ece": 0.2386204800192584,
        "stopping_strategy": "baseline",
        "phase1_seed_strategy": "last",
        "phase1_best_epoch": null,
        "lambda1_mean": 0.9502334063332449,
        "lambda1_std": 0.2548904408254243,
        "lambda2_mean": 0.08945726397154889,
        "lambda2_std": 0.11034336540846944
      }
    },
    {
      "number": 5,
      "state": "COMPLETE",
      "params": {
        "lr": 0.0008849749291605686,
        "batch_size": 8,
        "cotrain_epochs": 6,
        "finetune_patience": 10,
        "weight_decay": 0.09369319062180238,
        "warmup_ratio": 0.2891067536971611
      },
      "dev_macro_f1": 0.052588,