{
  "event": "california_wildfires_2018",
  "budget": 5,
  "seed_set": 1,
  "test_error_rate": 75.70157426420259,
  "test_macro_f1": 0.1879871770955471,
  "test_ece": 0.13857582722478823,
  "test_per_class_f1": [
    0.0,
    0.03571428571428571,
    0.14681440443213298,
    0.06306306306306306,
    0.0,
    0.546236559139785,
    0.21782178217821782,
    0.08333333333333333,
    0.189873417721519,
    0.5970149253731343
  ],
  "dev_error_rate": 73.27127659574468,
  "dev_macro_f1": 0.22766633673834855,
  "dev_ece": 0.13084134895433772,
  "stopping_strategy": "baseline",
  "phase1_seed_strategy": "last",
  "phase1_best_epoch": null,
  "lambda1_mean": 0.4441851308037544,
  "lambda1_std": 0.15656867378395248,
  "lambda2_mean": 0.1414483534592744,
  "lambda2_std": 0.04022403026174431
}