{
  "event": "hurricane_harvey_2017",
  "budget": 10,
  "seed_set": 1,
  "test_error_rate": 30.083102493074787,
  "test_macro_f1": 0.6538384672418457,
  "test_ece": 0.18222057885410384,
  "test_per_class_f1": [
    0.6125461254612546,
    0.8421052631578947,
    0.779510022271715,
    0.8857142857142857,
    0.36923076923076925,
    0.47602131438721135,
    0.4444444444444444,
    0.8339483394833949,
    0.6410256410256411
  ],
  "dev_error_rate": 32.72335844994618,
  "dev_macro_f1": 0.6315673492604653,
  "dev_ece": 0.21613874030575175,
  "stopping_strategy": "baseline",
  "phase1_seed_strategy": "last",
  "phase1_best_epoch": null,
  "lambda1_mean": 1.0495781072223604,
  "lambda1_std": 0.24039717345744827,
  "lambda2_mean": 0.5186191535379843,
  "lambda2_std": 0.1700690316301229
}