{
  "event": "canada_wildfires_2016",
  "budget": 25,
  "seed_set": 3,
  "test_error_rate": 29.438202247191015,
  "test_macro_f1": 0.5166371863441563,
  "test_ece": 0.08343722813584833,
  "test_per_class_f1": [
    0.45614035087719296,
    0.788235294117647,
    0.6271186440677966,
    0.3404255319148936,
    0.2962962962962963,
    0.0,
    0.8786127167630058,
    0.746268656716418
  ],
  "dev_error_rate": 28.50877192982456,
  "dev_macro_f1": 0.5201890662633031,
  "dev_ece": 0.08153961853761427,
  "stopping_strategy": "baseline",
  "phase1_seed_strategy": "last",
  "phase1_best_epoch": null,
  "lambda1_mean": 0.9652923170979029,
  "lambda1_std": 0.21097544385128617,
  "lambda2_mean": 0.4038316369828711,
  "lambda2_std": 0.1734012393396766
}