{
  "event": "hurricane_dorian_2019",
  "budget": 10,
  "seed_set": 1,
  "status": "done",
  "best_params": {
    "lr": 0.00011043334017990024,
    "batch_size": 16,
    "cotrain_epochs": 5,
    "finetune_patience": 8,
    "weight_decay": 0.028762450332534575,
    "warmup_ratio": 0.057258274338443466
  },
  "best_value": 0.599541,
  "best_full_metrics": {
    "event": "hurricane_dorian_2019",
    "budget": 10,
    "seed_set": 1,
    "test_error_rate": 39.257294429708224,
    "test_macro_f1": 0.5670928109766443,
    "test_ece": 0.14236592656539984,
    "test_per_class_f1": [
      0.5278350515463918,
      0.8700564971751412,
      0.5649717514124294,
      0.4,
      0.4983388704318937,
      0.417910447761194,
      0.24427480916030533,
      0.7922705314009661,
      0.7881773399014779
    ],
    "dev_error_rate": 38.4020618556701,
    "dev_macro_f1": 0.5995411706047437,
    "dev_ece": 0.14910573452787915,
    "stopping_strategy": "baseline",
    "phase1_seed_strategy": "last",
    "phase1_best_epoch": null,
    "lambda1_mean": 0.24515119441529207,
    "lambda1_std": 0.08423424570501709,
    "lambda2_mean": 0.45594636147101,
    "lambda2_std": 0.18790828624325717
  },
  "n_trials": 10,
  "continued_from": null,
  "trials": [
    {
      "number": 0,
      "state": "COMPLETE",
      "params": {
        "lr": 6.573444946213914e-05,
        "batch_size": 16,
        "cotrain_epochs": 12,
        "finetune_patience": 10,
        "weight_decay": 0.036272095558767495,
        "warmup_ratio": 0.2933929296713577
      },
      "dev_macro_f1": 0.586352,
      "duration_seconds": 583.1,
      "full_metrics": {
        "event": "hurricane_dorian_2019",
        "budget": 10,
        "seed_set": 1,
        "test_error_rate": 37.3342175066313,
        "test_macro_f1": 0.5763518034228456,
        "test_ece": 0.14193629850917536,
        "test_per_class_f1": [
          0.5555555555555556,
          0.8707865168539326,
          0.5925925925925926,
          0.4117647058823529,
          0.5739644970414202,
          0.3894523326572008,
          0.17094017094017094,
          0.8249400479616307,
          0.7971698113207547
        ],
        "dev_error_rate": 38.65979381443299,
        "dev_macro_f1": 0.5863524041033807,
        "dev_ece": 0.15372728769542632,
        "stopping_strategy": "baseline",
        "phase1_seed_strategy": "last",
        "phase1_best_epoch": null,
        "lambda1_mean": 1.0270755268763216,
        "lambda1_std": 0.2686161512555265,
        "lambda2_mean": 0.5706349250206956,
        "lambda2_std": 0.20616517467806109
      }
    },
    {
      "number": 1,
      "state": "COMPLETE",
      "params": {
        "lr": 0.00011043334017990024,
        "batch_size": 16,
        "cotrain_epochs": 5,
        "finetune_patience": 8,
        "weight_decay": 0.028762450332534575,
        "warmup_ratio": 0.057258274338443466
      },
      "dev_macro_f1": 0.599541,
      "duration_seconds": 304.0,
      "full_metrics": {
        "event": "hurricane_dorian_2019",
        "budget": 10,
        "seed_set": 1,
        "test_error_rate": 39.257294429708224,
        "test_macro_f1": 0.5670928109766443,
        "test_ece": 0.14236592656539984,
        "test_per_class_f1": [
          0.5278350515463918,
          0.8700564971751412,
          0.5649717514124294,
          0.4,
          0.4983388704318937,
          0.417910447761194,
          0.24427480916030533,
          0.7922705314009661,
          0.7881773399014779
        ],
        "dev_error_rate": 38.4020618556701,
        "dev_macro_f1": 0.5995411706047437,
        "dev_ece": 0.14910573452787915,
        "stopping_strategy": "baseline",
        "phase1_seed_strategy": "last",
        "phase1_best_epoch": null,
        "lambda1_mean": 0.24515119441529207,
        "lambda1_std": 0.08423424570501709,
        "lambda2_mean": 0.45594636147101,
        "lambda2_std": 0.18790828624325717
      }
    },
    {
      "number": 2,
      "state": "COMPLETE",
      "params": {
        "lr": 2.4651798233722704e-05,
        "batch_size": 8,
        "cotrain_epochs": 6,
        "finetune_patience": 7,
        "weight_decay": 0.053496100438588295,
        "warmup_ratio": 0.06900251434543025
      },
      "dev_macro_f1": 0.558568,
      "duration_seconds": 480.5,
      "full_metrics": {
        "event": "hurricane_dorian_2019",
        "budget": 10,
        "seed_set": 1,
        "test_error_rate": 37.3342175066313,
        "test_macro_f1": 0.5248042293470677,
        "test_ece": 0.20607133892510549,
        "test_per_class_f1": [
          0.5551020408163265,
          0.8571428571428571,
          0.5763688760806917,
          0.2,
          0.5863013698630137,
          0.38735177865612647,
          0.0,
          0.801909307875895,
          0.7590618336886994
        ],
        "dev_error_rate": 39.5618556701031,
        "dev_macro_f1": 0.5585678512224727,
        "dev_ece": 0.2406818719446352,
        "stopping_strategy": "baseline",
        "phase1_seed_strategy": "last",
        "phase1_best_epoch": null,
        "lambda1_mean": 1.0549308736827165,
        "lambda1_std": 0.23729546790401812,
        "lambda2_mean": 0.4723748698463997,
        "lambda2_std": 0.16507946847771102
      }
    },
    {
      "number": 3,
      "state": "COMPLETE",
      "params": {
        "lr": 0.0003410610228155298,
        "batch_size": 8,
        "cotrain_epochs": 19,
        "finetune_patience": 4,
        "weight_decay": 0.0034726092622897387,
        "warmup_ratio": 0.2009816022062084
      },
      "dev_macro_f1": 0.033964,
      "duration_seconds": 1210.3,
      "full_metrics": {
        "event": "hurricane_dorian_2019",
        "budget": 10,
        "seed_set": 1,
        "test_error_rate": 82.0291777188329,
        "test_macro_f1": 0.03385172693773031,
        "test_ece": 0.2776297282832687,
        "test_per_class_f1": [
          0.3046655424395728,
          0.0,
          0.0,
          0.0,
          0.0,
          0.0,
          0.0,
          0.0,
          0.0
        ],
        "dev_error_rate": 81.95876288659794,
        "dev_macro_f1": 0.033964095099466275,
        "dev_ece": 0.27692558147858104,
        "stopping_strategy": "baseline",
        "phase1_seed_strategy": "last",
        "phase1_best_epoch": null,
        "lambda1_mean": 0.3635435348438632,
        "lambda1_std": 0.1939268889225889,
        "lambda2_mean": 0.09611767603580358,
        "lambda2_std": 0.09749042853366079
      }
    },
    {
      "number": 4,
      "state": "COMPLETE",
      "params": {
        "lr": 0.0009372099297031924,
        "batch_size": 16,
        "cotrain_epochs": 5,
        "finetune_patience": 10,
        "weight_decay": 0.007134081141239601,
        "warmup_ratio": 0.08702437837561694
      },
      "dev_macro_f1": 0.033964,
      "duration_seconds": 292.8,
      "full_metrics": {
        "event": "hurricane_dorian_2019",
        "budget": 10,
        "seed_set": 1,
        "test_error_rate": 82.0291777188329,
        "test_macro_f1": 0.03385172693773031,
        "test_ece": 0.17292728828419424,
        "test_per_class_f1": [
          0.3046655424395728,
          0.0,
          0.0,
          0.0,
          0.0,
          0.0,
          0.0,
          0.0,
          0.0
        ],
        "dev_error_rate": 81.95876288659794,
        "dev_macro_f1": 0.033964095099466275,
        "dev_ece": 0.17222314243464124,
        "stopping_strategy": "baseline",
        "phase1_seed_strategy": "last",
        "phase1_best_epoch": null,
        "lambda1_mean": 0.23003376896336647,
        "lambda1_std": 0.1464018797704095,
        "lambda2_mean": 0.12169647190914047,
        "lambda2_std": 0.08437995897677243
      }
    },
    {
      "number": 5,
      "state": "COMPLETE",
      "params": {
        "lr": 2.2017458603883645e-05,
        "batch_size": 8,
        "cotrain_epochs": 5,
        "finetune_patience": 8,
        "weight_decay": 0.044975612855500696,
        "warmup_ratio": 0.06936612217597889
      },