{
  "event": "hurricane_maria_2017",
  "budget": 5,
  "seed_set": 2,
  "status": "done",
  "best_params": {
    "lr": 4.7107069887024785e-05,
    "batch_size": 64,
    "cotrain_epochs": 15,
    "finetune_patience": 5,
    "weight_decay": 0.03490328483624481,
    "warmup_ratio": 0.004503262595154811
  },
  "best_value": 0.689808,
  "best_full_metrics": {
    "event": "hurricane_maria_2017",
    "budget": 5,
    "seed_set": 2,
    "test_error_rate": 29.542302357836338,
    "test_macro_f1": 0.6761174243515121,
    "test_ece": 0.13222134340652647,
    "test_per_class_f1": [
      0.6407766990291263,
      0.7384615384615385,
      0.8255613126079447,
      0.896,
      0.38961038961038963,
      0.407158836689038,
      0.6547619047619048,
      0.8391777509068924,
      0.6935483870967742
    ],
    "dev_error_rate": 28.975741239892184,
    "dev_macro_f1": 0.6898081271525143,
    "dev_ece": 0.15165298827735563,
    "stopping_strategy": "baseline",
    "phase1_seed_strategy": "last",
    "phase1_best_epoch": null,
    "lambda1_mean": 1.0839272032487415,
    "lambda1_std": 0.20490198105307814,
    "lambda2_mean": 0.6302570087173488,
    "lambda2_std": 0.16600989218299692
  },
  "n_trials": 10,
  "continued_from": null,
  "trials": [
    {
      "number": 0,
      "state": "COMPLETE",
      "params": {
        "lr": 0.00014952416062147657,
        "batch_size": 64,
        "cotrain_epochs": 13,
        "finetune_patience": 9,
        "weight_decay": 0.06303576887040532,
        "warmup_ratio": 0.052184586018452474
      },
      "dev_macro_f1": 0.672611,
      "duration_seconds": 451.0,
      "full_metrics": {
        "event": "hurricane_maria_2017",
        "budget": 5,
        "seed_set": 2,
        "test_error_rate": 30.235783633841883,
        "test_macro_f1": 0.6676439108497806,
        "test_ece": 0.19204170417025085,
        "test_per_class_f1": [
          0.7216494845360825,
          0.6575342465753424,
          0.8103727714748784,
          0.9180327868852459,
          0.38848920863309355,
          0.3682983682983683,
          0.6217948717948718,
          0.8315665488810365,
          0.6910569105691057
        ],
        "dev_error_rate": 29.380053908355798,
        "dev_macro_f1": 0.6726105046849246,
        "dev_ece": 0.20591708933407407,
        "stopping_strategy": "baseline",
        "phase1_seed_strategy": "last",
        "phase1_best_epoch": null,
        "lambda1_mean": 1.0644817612277202,
        "lambda1_std": 0.2311965095358414,
        "lambda2_mean": 0.599326175269559,
        "lambda2_std": 0.19404890057140559
      }
    },
    {
      "number": 1,
      "state": "COMPLETE",
      "params": {
        "lr": 1.6983902098319286e-05,
        "batch_size": 32,
        "cotrain_epochs": 5,
        "finetune_patience": 5,
        "weight_decay": 0.001318858799458611,
        "warmup_ratio": 0.0660904422650004
      },
      "dev_macro_f1": 0.657817,
      "duration_seconds": 247.3,
      "full_metrics": {
        "event": "hurricane_maria_2017",
        "budget": 5,
        "seed_set": 2,
        "test_error_rate": 30.79056865464632,
        "test_macro_f1": 0.6542690788756148,
        "test_ece": 0.1462162314770787,
        "test_per_class_f1": [
          0.6666666666666666,
          0.6388888888888888,
          0.8256,
          0.9047619047619048,
          0.41830065359477125,
          0.3069053708439898,
          0.6267806267806267,
          0.830952380952381,
          0.6695652173913044
        ],
        "dev_error_rate": 31.132075471698116,
        "dev_macro_f1": 0.6578171248898081,
        "dev_ece": 0.15237777505441497,
        "stopping_strategy": "baseline",
        "phase1_seed_strategy": "last",
        "phase1_best_epoch": null,
        "lambda1_mean": 0.9282850123106254,
        "lambda1_std": 0.28332883405378834,
        "lambda2_mean": 0.35665501994068854,
        "lambda2_std": 0.160449836369987
      }
    },
    {
      "number": 2,
      "state": "COMPLETE",
      "params": {
        "lr": 0.0002908191031404234,
        "batch_size": 64,
        "cotrain_epochs": 18,
        "finetune_patience": 6,
        "weight_decay": 0.07922537378753042,
        "warmup_ratio": 0.12467322038142412
      },
      "dev_macro_f1": 0.647545,
      "duration_seconds": 587.1,
      "full_metrics": {
        "event": "hurricane_maria_2017",
        "budget": 5,
        "seed_set": 2,
        "test_error_rate": 33.56449375866851,
        "test_macro_f1": 0.6170282819762982,
        "test_ece": 0.11353086844479329,
        "test_per_class_f1": [
          0.5490196078431373,
          0.6172839506172839,
          0.7952218430034129,
          0.9105691056910569,
          0.25287356321839083,
          0.37322515212981744,
          0.6153846153846154,
          0.7942583732057417,
          0.6454183266932271
        ],
        "dev_error_rate": 30.32345013477089,
        "dev_macro_f1": 0.6475447489981108,
        "dev_ece": 0.1358537244186247,
        "stopping_strategy": "baseline",
        "phase1_seed_strategy": "last",
        "phase1_best_epoch": null,
        "lambda1_mean": 0.4210211364619084,
        "lambda1_std": 0.1770403891179323,
        "lambda2_mean": 0.5828971460301706,
        "lambda2_std": 0.244815023882247
      }
    },
    {
      "number": 3,
      "state": "COMPLETE",
      "params": {
        "lr": 0.0006262194774999924,
        "batch_size": 64,
        "cotrain_epochs": 6,
        "finetune_patience": 10,
        "weight_decay": 0.016491881435723398,
        "warmup_ratio": 0.22043123183941685
      },
      "dev_macro_f1": 0.047552,
      "duration_seconds": 249.0,
      "full_metrics": {
        "event": "hurricane_maria_2017",
        "budget": 5,
        "seed_set": 2,
        "test_error_rate": 72.88488210818308,
        "test_macro_f1": 0.04740255804085591,
        "test_ece": 0.27521110374619995,
        "test_per_class_f1": [
          0.0,
          0.0,
          0.0,
          0.0,
          0.0,
          0.0,
          0.0,
          0.4266230223677032,
          0.0
        ],
        "dev_error_rate": 72.77628032345014,
        "dev_macro_f1": 0.04755178907721281,
        "dev_ece": 0.27412508536541874,
        "stopping_strategy": "baseline",
        "phase1_seed_strategy": "last",
        "phase1_best_epoch": null,
        "lambda1_mean": 0.4373166710690546,
        "lambda1_std": 0.24265337727205274,
        "lambda2_mean": 0.09318011568147566,
        "lambda2_std": 0.07981237524649445
      }
    },
    {
      "number": 4,
      "state": "COMPLETE",
      "params": {
        "lr": 0.000790047790893467,
        "batch_size": 16,
        "cotrain_epochs": 13,
        "finetune_patience": 5,
        "weight_decay": 0.0761311733998527,
        "warmup_ratio": 0.16204421473454875
      },
      "dev_macro_f1": 0.047552,
      "duration_seconds": 545.3,
      "full_metrics": {
        "event": "hurricane_maria_2017",
        "budget": 5,
        "seed_set": 2,
        "test_error_rate": 72.88488210818308,
        "test_macro_f1": 0.04740255804085591,
        "test_ece": 0.4806184829025427,
        "test_per_class_f1": [
          0.0,
          0.0,
          0.0,
          0.0,
          0.0,
          0.0,
          0.0,
          0.4266230223677032,
          0.0
        ],
        "dev_error_rate": 72.77628032345014,
        "dev_macro_f1": 0.04755178907721281,
        "dev_ece": 0.47953246513788267,
        "stopping_strategy": "baseline",
        "phase1_seed_strategy": "last",
        "phase1_best_epoch": null,
        "lambda1_mean": 0.35059557531111313,
        "lambda1_std": 0.3307404592419077,
        "lambda2_mean": 0.18147561250839173,
        "lambda2_std": 0.19140828632400494
      }
    },
    {
      "number": 5,
      "state": "COMPLETE",
      "params": {
        "lr": 0.0005014355228778628,
        "batch_size": 8,
        "cotrain_epochs": 7,
        "finetune_patience": 7,
        "weight_decay": 0.014214764462182694,