{
  "event": "hurricane_dorian_2019",
  "budget": 5,
  "seed_set": 3,
  "test_error_rate": 75.59681697612733,
  "test_macro_f1": 0.19122947752383757,
  "test_ece": 0.3861962449131657,
  "test_per_class_f1": [
    0.31493506493506496,
    0.3076923076923077,
    0.22294022617124395,
    0.0,
    0.18584070796460178,
    0.04878048780487805,
    0.03571428571428571,
    0.27387387387387385,
    0.3312883435582822
  ],
  "dev_error_rate": 73.1958762886598,
  "dev_macro_f1": 0.20324560210891696,
  "dev_ece": 0.36132878896578685
}