{
  "event": "hurricane_dorian_2019",
  "budget": 50,
  "seed_set": 2,
  "test_error_rate": 32.55968169761273,
  "test_macro_f1": 0.5815644368062934,
  "test_ece": 0.09913591048445564,
  "test_per_class_f1": [
    0.6367041198501873,
    0.8939828080229226,
    0.610738255033557,
    0.34782608695652173,
    0.6535626535626535,
    0.4583333333333333,
    0.0,
    0.8264058679706602,
    0.8065268065268065
  ],
  "dev_error_rate": 34.27835051546392,
  "dev_macro_f1": 0.6128333500678245,
  "dev_ece": 0.08255311040226945,
  "stopping_strategy": "baseline",
  "phase1_seed_strategy": "last",
  "phase1_best_epoch": null,
  "lambda1_mean": 1.0050162627458255,
  "lambda1_std": 0.28369486136156097,
  "lambda2_mean": 0.5084576240297076,
  "lambda2_std": 0.18901616442476352
}