{
  "event": "hurricane_maria_2017",
  "budget": 10,
  "seed_set": 2,
  "test_error_rate": 73.71705963938973,
  "test_macro_f1": 0.08529569332087034,
  "test_ece": 0.04944863824507069,
  "test_per_class_f1": [
    0.0,
    0.0,
    0.4392059553349876,
    0.0,
    0.0,
    0.3284552845528455,
    0.0,
    0.0,
    0.0
  ],
  "dev_error_rate": 73.58490566037736,
  "dev_macro_f1": 0.08651782372575828,
  "dev_ece": 0.049416983866627316
}