{
  "event": "california_wildfires_2018",
  "budget": 5,
  "seed_set": 1,
  "status": "done",
  "best_params": {
    "lr": 9.99518761520651e-05,
    "batch_size": 64,
    "cotrain_epochs": 19,
    "finetune_patience": 9,
    "weight_decay": 0.07162115022706299,
    "warmup_ratio": 0.08931627246709124
  },
  "best_value": 0.613971,
  "best_full_metrics": {
    "event": "california_wildfires_2018",
    "budget": 5,
    "seed_set": 1,
    "test_error_rate": 27.173169062286107,
    "test_macro_f1": 0.6005376203409459,
    "test_ece": 0.2052203070252501,
    "test_per_class_f1": [
      0.5862068965517241,
      0.7444444444444445,
      0.5586592178770949,
      0.9053708439897699,
      0.6865671641791045,
      0.7032590051457976,
      0.323943661971831,
      0.0,
      0.8302583025830258,
      0.6666666666666666
    ],
    "dev_error_rate": 25.79787234042553,
    "dev_macro_f1": 0.6139711558371206,
    "dev_ece": 0.19975256190655083,
    "stopping_strategy": "baseline",
    "phase1_seed_strategy": "last",
    "phase1_best_epoch": null,
    "lambda1_mean": 1.0765603557144485,
    "lambda1_std": 0.21128149949001987,
    "lambda2_mean": 0.6438421614325494,
    "lambda2_std": 0.1774686529060679
  },
  "n_trials": 10,
  "continued_from": null,
  "trials": [
    {
      "number": 0,
      "state": "COMPLETE",
      "params": {
        "lr": 1.0544246755051965e-05,
        "batch_size": 32,
        "cotrain_epochs": 8,
        "finetune_patience": 6,
        "weight_decay": 0.05172367616597338,
        "warmup_ratio": 0.03592787614090568
      },
      "dev_macro_f1": 0.504102,
      "duration_seconds": 349.9,
      "full_metrics": {
        "event": "california_wildfires_2018",
        "budget": 5,
        "seed_set": 1,
        "test_error_rate": 29.22655715263518,
        "test_macro_f1": 0.4942811149182522,
        "test_ece": 0.19937979841501563,
        "test_per_class_f1": [
          0.4897959183673469,
          0.7344632768361582,
          0.5251396648044693,
          0.8964677222898904,
          0.0,
          0.684887459807074,
          0.09821428571428571,
          0.0,
          0.8556149732620321,
          0.6582278481012658
        ],
        "dev_error_rate": 28.856382978723406,
        "dev_macro_f1": 0.5041018931470529,
        "dev_ece": 0.19827285662610478,
        "stopping_strategy": "baseline",
        "phase1_seed_strategy": "last",
        "phase1_best_epoch": null,
        "lambda1_mean": 0.9250225864093294,
        "lambda1_std": 0.3415927002567151,
        "lambda2_mean": 0.42876589321379627,
        "lambda2_std": 0.20256856949152016
      }
    },
    {
      "number": 1,
      "state": "COMPLETE",
      "params": {
        "lr": 9.99518761520651e-05,
        "batch_size": 64,
        "cotrain_epochs": 19,
        "finetune_patience": 9,
        "weight_decay": 0.07162115022706299,
        "warmup_ratio": 0.08931627246709124
      },
      "dev_macro_f1": 0.613971,
      "duration_seconds": 636.1,
      "full_metrics": {
        "event": "california_wildfires_2018",
        "budget": 5,
        "seed_set": 1,
        "test_error_rate": 27.173169062286107,
        "test_macro_f1": 0.6005376203409459,
        "test_ece": 0.2052203070252501,
        "test_per_class_f1": [
          0.5862068965517241,
          0.7444444444444445,
          0.5586592178770949,
          0.9053708439897699,
          0.6865671641791045,
          0.7032590051457976,
          0.323943661971831,
          0.0,
          0.8302583025830258,
          0.6666666666666666
        ],
        "dev_error_rate": 25.79787234042553,
        "dev_macro_f1": 0.6139711558371206,
        "dev_ece": 0.19975256190655083,
        "stopping_strategy": "baseline",
        "phase1_seed_strategy": "last",
        "phase1_best_epoch": null,
        "lambda1_mean": 1.0765603557144485,
        "lambda1_std": 0.21128149949001987,
        "lambda2_mean": 0.6438421614325494,
        "lambda2_std": 0.1774686529060679
      }
    },
    {
      "number": 2,
      "state": "COMPLETE",
      "params": {
        "lr": 0.0003246877823796993,
        "batch_size": 8,
        "cotrain_epochs": 9,
        "finetune_patience": 10,
        "weight_decay": 0.07980373990494227,
        "warmup_ratio": 0.29983147041403285
      },
      "dev_macro_f1": 0.041851,
      "duration_seconds": 607.5,
      "full_metrics": {
        "event": "california_wildfires_2018",
        "budget": 5,
        "seed_set": 1,
        "test_error_rate": 73.64818617385353,
        "test_macro_f1": 0.04171180931744312,
        "test_ece": 0.1624674515353744,
        "test_per_class_f1": [
          0.0,
          0.0,
          0.0,
          0.4171180931744312,
          0.0,
          0.0,
          0.0,
          0.0,
          0.0,
          0.0
        ],
        "dev_error_rate": 73.5372340425532,
        "dev_macro_f1": 0.04185068349106204,
        "dev_ece": 0.1613579655581332,
        "stopping_strategy": "baseline",
        "phase1_seed_strategy": "last",
        "phase1_best_epoch": null,
        "lambda1_mean": 0.27831477086500245,
        "lambda1_std": 0.1885469184942466,
        "lambda2_mean": 0.14491173056190695,
        "lambda2_std": 0.11133668396430371
      }
    },
    {
      "number": 3,
      "state": "COMPLETE",
      "params": {
        "lr": 0.00025085281755688913,
        "batch_size": 16,
        "cotrain_epochs": 20,
        "finetune_patience": 10,
        "weight_decay": 0.07149441666122609,
        "warmup_ratio": 0.002667452908633683
      },
      "dev_macro_f1": 0.041851,
      "duration_seconds": 824.3,
      "full_metrics": {
        "event": "california_wildfires_2018",
        "budget": 5,
        "seed_set": 1,
        "test_error_rate": 73.64818617385353,
        "test_macro_f1": 0.04171180931744312,
        "test_ece": 0.1320010820616605,
        "test_per_class_f1": [
          0.0,
          0.0,
          0.0,
          0.4171180931744312,
          0.0,
          0.0,
          0.0,
          0.0,
          0.0,
          0.0
        ],
        "dev_error_rate": 73.5372340425532,
        "dev_macro_f1": 0.04185068349106204,
        "dev_ece": 0.13089155980405653,
        "stopping_strategy": "baseline",
        "phase1_seed_strategy": "last",
        "phase1_best_epoch": null,
        "lambda1_mean": 0.2715550122465549,
        "lambda1_std": 0.15606877016557874,
        "lambda2_mean": 0.1585796498350567,
        "lambda2_std": 0.10845671674639384
      }
    },
    {
      "number": 4,
      "state": "COMPLETE",
      "params": {
        "lr": 0.0007045551016193897,
        "batch_size": 16,
        "cotrain_epochs": 15,
        "finetune_patience": 5,
        "weight_decay": 0.023795495171758763,
        "warmup_ratio": 0.07584806100091704
      },
      "dev_macro_f1": 0.030248,
      "duration_seconds": 636.5,
      "full_metrics": {
        "event": "california_wildfires_2018",
        "budget": 5,
        "seed_set": 1,
        "test_error_rate": 82.13552361396303,
        "test_macro_f1": 0.030313588850174218,
        "test_ece": 0.2721145954913754,
        "test_per_class_f1": [
          0.0,
          0.0,
          0.0,
          0.0,
          0.0,
          0.30313588850174217,
          0.0,
          0.0,
          0.0,
          0.0
        ],
        "dev_error_rate": 82.18085106382979,
        "dev_macro_f1": 0.030248306997742662,
        "dev_ece": 0.272567869025342,
        "stopping_strategy": "baseline",
        "phase1_seed_strategy": "last",
        "phase1_best_epoch": null,
        "lambda1_mean": 0.2787781640299726,
        "lambda1_std": 0.20674001131526382,
        "lambda2_mean": 0.15927487058431225,
        "lambda2_std": 0.13191369135711917
      }
    },
    {
      "number": 5,
      "state": "COMPLETE",
      "params": {
        "lr": 0.0003170407502102357,
        "batch_size": 64,
        "cotrain_epochs": 5,
        "finetune_patience": 6,
        "weight_decay": 0.0889467362683481,