{
  "event": "hurricane_harvey_2017",
  "budget": 5,
  "seed_set": 2,
  "test_error_rate": 76.84210526315789,
  "test_macro_f1": 0.18849309515290985,
  "test_ece": 0.12762235568996283,
  "test_per_class_f1": [
    0.28061224489795916,
    0.14054054054054055,
    0.32599118942731276,
    0.0,
    0.2072072072072072,
    0.0787037037037037,
    0.0,
    0.25925925925925924,
    0.4041237113402062
  ],
  "dev_error_rate": 77.93326157158235,
  "dev_macro_f1": 0.1812204654516233,
  "dev_ece": 0.14625495864705967,
  "stopping_strategy": "baseline",
  "phase1_seed_strategy": "last",
  "phase1_best_epoch": null,
  "lambda1_mean": 0.38201424012246615,
  "lambda1_std": 0.10209961261832336,
  "lambda2_mean": 0.13486788341427366,
  "lambda2_std": 0.025561223043489976
}