{
  "event": "cyclone_idai_2019",
  "budget": 10,
  "seed_set": 2,
  "status": "done",
  "best_params": {
    "lr": 0.000157895226612666,
    "batch_size": 64,
    "cotrain_epochs": 15,
    "finetune_patience": 7,
    "weight_decay": 0.03813422497404783,
    "warmup_ratio": 0.2397722914816429
  },
  "best_value": 0.494652,
  "best_full_metrics": {
    "event": "cyclone_idai_2019",
    "budget": 10,
    "seed_set": 2,
    "test_error_rate": 28.626444159178433,
    "test_macro_f1": 0.5149180534227638,
    "test_ece": 0.07904656430340547,
    "test_per_class_f1": [
      0.25,
      0.34782608695652173,
      0.7455621301775148,
      0.872093023255814,
      0.36363636363636365,
      0.25,
      0.3974358974358974,
      0.37735849056603776,
      0.8235294117647058,
      0.7217391304347827
    ],
    "dev_error_rate": 29.675810473815456,
    "dev_macro_f1": 0.4946523864944917,
    "dev_ece": 0.09061445797470741,
    "stopping_strategy": "baseline",
    "phase1_seed_strategy": "last",
    "phase1_best_epoch": null,
    "lambda1_mean": 0.917733284029228,
    "lambda1_std": 0.3849400201852818,
    "lambda2_mean": 0.5094545196762891,
    "lambda2_std": 0.24882193291696808
  },
  "n_trials": 10,
  "continued_from": null,
  "trials": [
    {
      "number": 0,
      "state": "COMPLETE",
      "params": {
        "lr": 5.2170359670733386e-05,
        "batch_size": 64,
        "cotrain_epochs": 6,
        "finetune_patience": 10,
        "weight_decay": 0.041961172219948675,
        "warmup_ratio": 0.2798084335375018
      },
      "dev_macro_f1": 0.481225,
      "duration_seconds": 168.0,
      "full_metrics": {
        "event": "cyclone_idai_2019",
        "budget": 10,
        "seed_set": 2,
        "test_error_rate": 26.44415917843389,
        "test_macro_f1": 0.5264656773044099,
        "test_ece": 0.046990908844939255,
        "test_per_class_f1": [
          0.3870967741935484,
          0.19047619047619047,
          0.7425149700598802,
          0.8863636363636364,
          0.42857142857142855,
          0.2608695652173913,
          0.3673469387755102,
          0.3611111111111111,
          0.8482269503546099,
          0.7920792079207921
        ],
        "dev_error_rate": 28.428927680798,
        "dev_macro_f1": 0.48122490148352226,
        "dev_ece": 0.07016342443569643,
        "stopping_strategy": "baseline",
        "phase1_seed_strategy": "last",
        "phase1_best_epoch": null,
        "lambda1_mean": 0.8322720155765925,
        "lambda1_std": 0.36609836088332554,
        "lambda2_mean": 0.28219760000872207,
        "lambda2_std": 0.18414672959054848
      }
    },
    {
      "number": 1,
      "state": "COMPLETE",
      "params": {
        "lr": 0.00010551998252006732,
        "batch_size": 8,
        "cotrain_epochs": 17,
        "finetune_patience": 9,
        "weight_decay": 0.04421793584494366,
        "warmup_ratio": 0.2931873210068954
      },
      "dev_macro_f1": 0.325967,
      "duration_seconds": 599.4,
      "full_metrics": {
        "event": "cyclone_idai_2019",
        "budget": 10,
        "seed_set": 2,
        "test_error_rate": 40.56482670089859,
        "test_macro_f1": 0.3333401278146743,
        "test_ece": 0.3213378506233206,
        "test_per_class_f1": [
          0.12698412698412698,
          0.0,
          0.6190476190476191,
          0.8505747126436781,
          0.0,
          0.10362694300518134,
          0.024390243902439025,
          0.08888888888888889,
          0.7842565597667639,
          0.735632183908046
        ],
        "dev_error_rate": 42.394014962593516,
        "dev_macro_f1": 0.32596693626541917,
        "dev_ece": 0.319232852047221,
        "stopping_strategy": "baseline",
        "phase1_seed_strategy": "last",
        "phase1_best_epoch": null,
        "lambda1_mean": 0.8144389094314762,
        "lambda1_std": 0.4240455201077427,
        "lambda2_mean": 0.2698024673561641,
        "lambda2_std": 0.27600097301381177
      }
    },
    {
      "number": 2,
      "state": "COMPLETE",
      "params": {
        "lr": 0.00010401092656330437,
        "batch_size": 16,
        "cotrain_epochs": 18,
        "finetune_patience": 6,
        "weight_decay": 0.009960175625309466,
        "warmup_ratio": 0.24644227452458728
      },
      "dev_macro_f1": 0.064527,
      "duration_seconds": 400.4,
      "full_metrics": {
        "event": "cyclone_idai_2019",
        "budget": 10,
        "seed_set": 2,
        "test_error_rate": 52.503209242618745,
        "test_macro_f1": 0.06440382941688425,
        "test_ece": 0.34899463901470806,
        "test_per_class_f1": [
          0.0,
          0.0,
          0.0,
          0.0,
          0.0,
          0.0,
          0.0,
          0.0,
          0.6440382941688425,
          0.0
        ],
        "dev_error_rate": 52.36907730673317,
        "dev_macro_f1": 0.06452702702702703,
        "dev_ece": 0.34765401430558085,
        "stopping_strategy": "baseline",
        "phase1_seed_strategy": "last",
        "phase1_best_epoch": null,
        "lambda1_mean": 0.7740339546539664,
        "lambda1_std": 0.3999337507846168,
        "lambda2_mean": 0.2476875869720462,
        "lambda2_std": 0.24725725580549643
      }
    },
    {
      "number": 3,
      "state": "COMPLETE",
      "params": {
        "lr": 0.000157895226612666,
        "batch_size": 64,
        "cotrain_epochs": 15,
        "finetune_patience": 7,
        "weight_decay": 0.03813422497404783,
        "warmup_ratio": 0.2397722914816429
      },
      "dev_macro_f1": 0.494652,
      "duration_seconds": 302.3,
      "full_metrics": {
        "event": "cyclone_idai_2019",
        "budget": 10,
        "seed_set": 2,
        "test_error_rate": 28.626444159178433,
        "test_macro_f1": 0.5149180534227638,
        "test_ece": 0.07904656430340547,
        "test_per_class_f1": [
          0.25,
          0.34782608695652173,
          0.7455621301775148,
          0.872093023255814,
          0.36363636363636365,
          0.25,
          0.3974358974358974,
          0.37735849056603776,
          0.8235294117647058,
          0.7217391304347827
        ],
        "dev_error_rate": 29.675810473815456,
        "dev_macro_f1": 0.4946523864944917,
        "dev_ece": 0.09061445797470741,
        "stopping_strategy": "baseline",
        "phase1_seed_strategy": "last",
        "phase1_best_epoch": null,
        "lambda1_mean": 0.917733284029228,
        "lambda1_std": 0.3849400201852818,
        "lambda2_mean": 0.5094545196762891,
        "lambda2_std": 0.24882193291696808
      }
    },
    {
      "number": 4,
      "state": "COMPLETE",
      "params": {
        "lr": 0.00012597352541919975,
        "batch_size": 8,
        "cotrain_epochs": 17,
        "finetune_patience": 6,
        "weight_decay": 0.05526064436711149,
        "warmup_ratio": 0.14292929528353043
      },
      "dev_macro_f1": 0.064527,
      "duration_seconds": 571.9,
      "full_metrics": {
        "event": "cyclone_idai_2019",
        "budget": 10,
        "seed_set": 2,
        "test_error_rate": 52.503209242618745,
        "test_macro_f1": 0.06440382941688425,
        "test_ece": 0.40267258867219724,
        "test_per_class_f1": [
          0.0,
          0.0,
          0.0,
          0.0,
          0.0,
          0.0,
          0.0,
          0.0,
          0.6440382941688425,
          0.0
        ],
        "dev_error_rate": 52.36907730673317,
        "dev_macro_f1": 0.06452702702702703,
        "dev_ece": 0.40133130327424504,
        "stopping_strategy": "baseline",
        "phase1_seed_strategy": "last",
        "phase1_best_epoch": null,
        "lambda1_mean": 0.6638852814029256,
        "lambda1_std": 0.455309485316866,
        "lambda2_mean": 0.27523579100589135,
        "lambda2_std": 0.280197088777856
      }
    },
    {
      "number": 5,
      "state": "COMPLETE",
      "params": {
        "lr": 0.0004513120490669486,
        "batch_size": 16,
        "cotrain_epochs": 19,
        "finetune_patience": 7,