{
  "event": "hurricane_dorian_2019",
  "budget": 10,
  "seed_set": 1,
  "test_error_rate": 39.257294429708224,
  "test_macro_f1": 0.5670928109766443,
  "test_ece": 0.14236592656539984,
  "test_per_class_f1": [
    0.5278350515463918,
    0.8700564971751412,
    0.5649717514124294,
    0.4,
    0.4983388704318937,
    0.417910447761194,
    0.24427480916030533,
    0.7922705314009661,
    0.7881773399014779
  ],
  "dev_error_rate": 38.4020618556701,
  "dev_macro_f1": 0.5995411706047437,
  "dev_ece": 0.14910573452787915,
  "stopping_strategy": "baseline",
  "phase1_seed_strategy": "last",
  "phase1_best_epoch": null,
  "lambda1_mean": 0.24515119441529207,
  "lambda1_std": 0.08423424570501709,
  "lambda2_mean": 0.45594636147101,
  "lambda2_std": 0.18790828624325717
}