{
  "event": "cyclone_idai_2019",
  "budget": 50,
  "seed_set": 2,
  "test_error_rate": 26.957637997432606,
  "test_macro_f1": 0.4040534310651765,
  "test_ece": 0.25811463395499445,
  "test_per_class_f1": [
    0.2608695652173913,
    0.0,
    0.8382352941176471,
    0.8235294117647058,
    0.0,
    0.10526315789473684,
    0.15384615384615385,
    0.15748031496062992,
    0.871523178807947,
    0.8297872340425532
  ],
  "dev_error_rate": 27.930174563591027,
  "dev_macro_f1": 0.4335629706583629,
  "dev_ece": 0.24852579081444962,
  "stopping_strategy": "baseline",
  "phase1_seed_strategy": "last",
  "phase1_best_epoch": null,
  "lambda1_mean": 0.9100972948413202,
  "lambda1_std": 0.3525256036531132,
  "lambda2_mean": 0.4155816068904622,
  "lambda2_std": 0.21110071368007713
}