{
  "event": "hurricane_florence_2018",
  "budget": 5,
  "seed_set": 2,
  "test_error_rate": 24.818694601128122,
  "test_macro_f1": 0.6460396182560287,
  "test_ece": 0.18703680073033407,
  "test_per_class_f1": [
    0.7201565557729941,
    0.7851851851851852,
    0.5882352941176471,
    0.9256198347107438,
    0.836027713625866,
    0.27835051546391754,
    0.0,
    0.8640275387263339,
    0.8167539267015707
  ],
  "dev_error_rate": 22.22222222222222,
  "dev_macro_f1": 0.6666333536059688,
  "dev_ece": 0.16784967726944755,
  "stopping_strategy": "baseline",
  "phase1_seed_strategy": "last",
  "phase1_best_epoch": null,
  "lambda1_mean": 1.0606616914221552,
  "lambda1_std": 0.20581499724346125,
  "lambda2_mean": 0.5024759669767439,
  "lambda2_std": 0.15393366290937086
}