{
  "event": "hurricane_maria_2017",
  "budget": 25,
  "seed_set": 3,
  "status": "done",
  "best_params": {
    "lr": 3.457581171436413e-05,
    "batch_size": 16,
    "cotrain_epochs": 9,
    "finetune_patience": 9,
    "weight_decay": 0.013376815458243041,
    "warmup_ratio": 0.07961573348790686
  },
  "best_value": 0.69471,
  "best_full_metrics": {
    "event": "hurricane_maria_2017",
    "budget": 25,
    "seed_set": 3,
    "test_error_rate": 29.33425797503467,
    "test_macro_f1": 0.680857684116896,
    "test_ece": 0.19960844938368144,
    "test_per_class_f1": [
      0.6476190476190476,
      0.6493506493506493,
      0.8447412353923205,
      0.9586776859504132,
      0.3870967741935484,
      0.4435483870967742,
      0.6666666666666666,
      0.8128872366790583,
      0.7171314741035857
    ],
    "dev_error_rate": 28.840970350404316,
    "dev_macro_f1": 0.694709603550244,
    "dev_ece": 0.19920065027041578,
    "stopping_strategy": "baseline",
    "phase1_seed_strategy": "last",
    "phase1_best_epoch": null,
    "lambda1_mean": 1.0522206296154637,
    "lambda1_std": 0.23558320302968708,
    "lambda2_mean": 0.5796126430896413,
    "lambda2_std": 0.19246690267048333
  },
  "n_trials": 10,
  "continued_from": null,
  "trials": [
    {
      "number": 0,
      "state": "COMPLETE",
      "params": {
        "lr": 0.0004236159294393236,
        "batch_size": 16,
        "cotrain_epochs": 13,
        "finetune_patience": 6,
        "weight_decay": 0.08006360064084583,
        "warmup_ratio": 0.10614838640858078
      },
      "dev_macro_f1": 0.047552,
      "duration_seconds": 538.1,
      "full_metrics": {
        "event": "hurricane_maria_2017",
        "budget": 25,
        "seed_set": 3,
        "test_error_rate": 72.88488210818308,
        "test_macro_f1": 0.04740255804085591,
        "test_ece": 0.045870310431875894,
        "test_per_class_f1": [
          0.0,
          0.0,
          0.0,
          0.0,
          0.0,
          0.0,
          0.0,
          0.4266230223677032,
          0.0
        ],
        "dev_error_rate": 72.77628032345014,
        "dev_macro_f1": 0.04755178907721281,
        "dev_ece": 0.044784293703313105,
        "stopping_strategy": "baseline",
        "phase1_seed_strategy": "last",
        "phase1_best_epoch": null,
        "lambda1_mean": 0.422851744177805,
        "lambda1_std": 0.26398539399197685,
        "lambda2_mean": 0.16331004703134822,
        "lambda2_std": 0.14088425556921289
      }
    },
    {
      "number": 1,
      "state": "COMPLETE",
      "params": {
        "lr": 0.0002121362602163786,
        "batch_size": 64,
        "cotrain_epochs": 14,
        "finetune_patience": 6,
        "weight_decay": 0.05014942435287706,
        "warmup_ratio": 0.24194078631847554
      },
      "dev_macro_f1": 0.647188,
      "duration_seconds": 462.7,
      "full_metrics": {
        "event": "hurricane_maria_2017",
        "budget": 25,
        "seed_set": 3,
        "test_error_rate": 34.95145631067961,
        "test_macro_f1": 0.6319783883337613,
        "test_ece": 0.14582266134627153,
        "test_per_class_f1": [
          0.4697986577181208,
          0.6578947368421053,
          0.7923076923076923,
          0.9243697478991597,
          0.37988826815642457,
          0.4311594202898551,
          0.5658914728682171,
          0.7803030303030303,
          0.6861924686192469
        ],
        "dev_error_rate": 33.692722371967655,
        "dev_macro_f1": 0.6471875272865218,
        "dev_ece": 0.16068845513374658,
        "stopping_strategy": "baseline",
        "phase1_seed_strategy": "last",
        "phase1_best_epoch": null,
        "lambda1_mean": 0.9576787268524383,
        "lambda1_std": 0.29330568062380374,
        "lambda2_mean": 0.6046953943797327,
        "lambda2_std": 0.2688530446040624
      }
    },
    {
      "number": 2,
      "state": "COMPLETE",
      "params": {
        "lr": 3.457581171436413e-05,
        "batch_size": 16,
        "cotrain_epochs": 9,
        "finetune_patience": 9,
        "weight_decay": 0.013376815458243041,
        "warmup_ratio": 0.07961573348790686
      },
      "dev_macro_f1": 0.69471,
      "duration_seconds": 459.0,
      "full_metrics": {
        "event": "hurricane_maria_2017",
        "budget": 25,
        "seed_set": 3,
        "test_error_rate": 29.33425797503467,
        "test_macro_f1": 0.680857684116896,
        "test_ece": 0.19960844938368144,
        "test_per_class_f1": [
          0.6476190476190476,
          0.6493506493506493,
          0.8447412353923205,
          0.9586776859504132,
          0.3870967741935484,
          0.4435483870967742,
          0.6666666666666666,
          0.8128872366790583,
          0.7171314741035857
        ],
        "dev_error_rate": 28.840970350404316,
        "dev_macro_f1": 0.694709603550244,
        "dev_ece": 0.19920065027041578,
        "stopping_strategy": "baseline",
        "phase1_seed_strategy": "last",
        "phase1_best_epoch": null,
        "lambda1_mean": 1.0522206296154637,
        "lambda1_std": 0.23558320302968708,
        "lambda2_mean": 0.5796126430896413,
        "lambda2_std": 0.19246690267048333
      }
    },
    {
      "number": 3,
      "state": "COMPLETE",
      "params": {
        "lr": 1.90976659700073e-05,
        "batch_size": 32,
        "cotrain_epochs": 6,
        "finetune_patience": 10,
        "weight_decay": 0.06055096233753601,
        "warmup_ratio": 0.1368735023107269
      },
      "dev_macro_f1": 0.692353,
      "duration_seconds": 300.8,
      "full_metrics": {
        "event": "hurricane_maria_2017",
        "budget": 25,
        "seed_set": 3,
        "test_error_rate": 27.877947295423024,
        "test_macro_f1": 0.7008720123688705,
        "test_ece": 0.13306841250100843,
        "test_per_class_f1": [
          0.7047619047619048,
          0.6933333333333334,
          0.8685524126455907,
          0.9354838709677419,
          0.42857142857142855,
          0.4691848906560636,
          0.6843853820598007,
          0.8191214470284238,
          0.7044534412955465
        ],
        "dev_error_rate": 28.4366576819407,
        "dev_macro_f1": 0.6923532092097475,
        "dev_ece": 0.1466211795083917,
        "stopping_strategy": "baseline",
        "phase1_seed_strategy": "last",
        "phase1_best_epoch": null,
        "lambda1_mean": 0.9495322524905672,
        "lambda1_std": 0.2714815872698968,
        "lambda2_mean": 0.3785096882926282,
        "lambda2_std": 0.17509627728907984
      }
    },
    {
      "number": 4,
      "state": "COMPLETE",
      "params": {
        "lr": 2.9687363049681323e-05,
        "batch_size": 8,
        "cotrain_epochs": 7,
        "finetune_patience": 10,
        "weight_decay": 0.0151099637097886,
        "warmup_ratio": 0.21843460544735616
      },
      "dev_macro_f1": 0.691867,
      "duration_seconds": 530.8,
      "full_metrics": {
        "event": "hurricane_maria_2017",
        "budget": 25,
        "seed_set": 3,
        "test_error_rate": 28.43273231622746,
        "test_macro_f1": 0.6862562302930089,
        "test_ece": 0.1663901768469777,
        "test_per_class_f1": [
          0.6666666666666666,
          0.6578947368421053,
          0.8614357262103506,
          0.9206349206349206,
          0.40816326530612246,
          0.43983402489626555,
          0.6976744186046512,
          0.8195488721804511,
          0.7044534412955465
        ],
        "dev_error_rate": 27.897574123989223,
        "dev_macro_f1": 0.6918665634263799,
        "dev_ece": 0.177893073892979,
        "stopping_strategy": "baseline",
        "phase1_seed_strategy": "last",
        "phase1_best_epoch": null,
        "lambda1_mean": 0.9844645966115837,
        "lambda1_std": 0.2906834893460961,
        "lambda2_mean": 0.5354275622910211,
        "lambda2_std": 0.2461925850761412
      }
    },
    {
      "number": 5,
      "state": "COMPLETE",
      "params": {
        "lr": 0.00011319347628162088,
        "batch_size": 16,