{
  "event": "kaikoura_earthquake_2016",
  "budget": 25,
  "seed_set": 1,
  "status": "done",
  "best_params": {
    "lr": 3.8618243670892974e-05,
    "batch_size": 16,
    "cotrain_epochs": 13,
    "finetune_patience": 8,
    "weight_decay": 0.08434927359726507,
    "warmup_ratio": 0.24570397280785117
  },
  "best_value": 0.700546,
  "best_full_metrics": {
    "event": "kaikoura_earthquake_2016",
    "budget": 25,
    "seed_set": 1,
    "test_error_rate": 25.287356321839084,
    "test_macro_f1": 0.7350388704260256,
    "test_ece": 0.0974840229270102,
    "test_per_class_f1": [
      0.6867469879518072,
      0.8571428571428571,
      0.8296296296296296,
      0.9333333333333333,
      0.5393258426966292,
      0.512,
      0.5,
      0.8470588235294118,
      0.9101123595505618
    ],
    "dev_error_rate": 27.23214285714286,
    "dev_macro_f1": 0.7005459233498335,
    "dev_ece": 0.10919570723282442,
    "stopping_strategy": "baseline",
    "phase1_seed_strategy": "last",
    "phase1_best_epoch": null,
    "lambda1_mean": 0.9999285414561794,
    "lambda1_std": 0.20798414499495302,
    "lambda2_mean": 0.4462554089256345,
    "lambda2_std": 0.17048279058162036
  },
  "n_trials": 10,
  "continued_from": null,
  "trials": [
    {
      "number": 0,
      "state": "COMPLETE",
      "params": {
        "lr": 3.8618243670892974e-05,
        "batch_size": 16,
        "cotrain_epochs": 13,
        "finetune_patience": 8,
        "weight_decay": 0.08434927359726507,
        "warmup_ratio": 0.24570397280785117
      },
      "dev_macro_f1": 0.700546,
      "duration_seconds": 165.3,
      "full_metrics": {
        "event": "kaikoura_earthquake_2016",
        "budget": 25,
        "seed_set": 1,
        "test_error_rate": 25.287356321839084,
        "test_macro_f1": 0.7350388704260256,
        "test_ece": 0.0974840229270102,
        "test_per_class_f1": [
          0.6867469879518072,
          0.8571428571428571,
          0.8296296296296296,
          0.9333333333333333,
          0.5393258426966292,
          0.512,
          0.5,
          0.8470588235294118,
          0.9101123595505618
        ],
        "dev_error_rate": 27.23214285714286,
        "dev_macro_f1": 0.7005459233498335,
        "dev_ece": 0.10919570723282442,
        "stopping_strategy": "baseline",
        "phase1_seed_strategy": "last",
        "phase1_best_epoch": null,
        "lambda1_mean": 0.9999285414561794,
        "lambda1_std": 0.20798414499495302,
        "lambda2_mean": 0.4462554089256345,
        "lambda2_std": 0.17048279058162036
      }
    },
    {
      "number": 1,
      "state": "COMPLETE",
      "params": {
        "lr": 2.9030466703734715e-05,
        "batch_size": 64,
        "cotrain_epochs": 7,
        "finetune_patience": 6,
        "weight_decay": 0.05797698446800849,
        "warmup_ratio": 0.2492504134702942
      },
      "dev_macro_f1": 0.670984,
      "duration_seconds": 92.9,
      "full_metrics": {
        "event": "kaikoura_earthquake_2016",
        "budget": 25,
        "seed_set": 1,
        "test_error_rate": 26.436781609195403,
        "test_macro_f1": 0.6961233954218111,
        "test_ece": 0.056192351380983996,
        "test_per_class_f1": [
          0.718562874251497,
          0.6511627906976745,
          0.8208955223880597,
          0.9090909090909091,
          0.5454545454545454,
          0.4793388429752066,
          0.4,
          0.8395061728395061,
          0.9010989010989011
        ],
        "dev_error_rate": 25.89285714285714,
        "dev_macro_f1": 0.6709835253313514,
        "dev_ece": 0.08278206403234173,
        "stopping_strategy": "baseline",
        "phase1_seed_strategy": "last",
        "phase1_best_epoch": null,
        "lambda1_mean": 0.6569542395324414,
        "lambda1_std": 0.2217142803676814,
        "lambda2_mean": 0.144818599237723,
        "lambda2_std": 0.08576978072941124
      }
    },
    {
      "number": 2,
      "state": "COMPLETE",
      "params": {
        "lr": 1.3346829428835724e-05,
        "batch_size": 8,
        "cotrain_epochs": 9,
        "finetune_patience": 8,
        "weight_decay": 0.03389812023061297,
        "warmup_ratio": 0.16071558302772948
      },
      "dev_macro_f1": 0.668765,
      "duration_seconds": 175.8,
      "full_metrics": {
        "event": "kaikoura_earthquake_2016",
        "budget": 25,
        "seed_set": 1,
        "test_error_rate": 23.908045977011493,
        "test_macro_f1": 0.7113141625259957,
        "test_ece": 0.09226282139619191,
        "test_per_class_f1": [
          0.7368421052631579,
          0.7317073170731707,
          0.835820895522388,
          0.9333333333333333,
          0.5813953488372093,
          0.5081967213114754,
          0.2857142857142857,
          0.8735632183908046,
          0.9152542372881356
        ],
        "dev_error_rate": 26.339285714285708,
        "dev_macro_f1": 0.6687646577563322,
        "dev_ece": 0.10633396510300891,
        "stopping_strategy": "baseline",
        "phase1_seed_strategy": "last",
        "phase1_best_epoch": null,
        "lambda1_mean": 0.9283859777065159,
        "lambda1_std": 0.2344342494130501,
        "lambda2_mean": 0.3496419582186653,
        "lambda2_std": 0.15020597038774813
      }
    },
    {
      "number": 3,
      "state": "COMPLETE",
      "params": {
        "lr": 0.00021093839972504213,
        "batch_size": 16,
        "cotrain_epochs": 18,
        "finetune_patience": 4,
        "weight_decay": 0.01036948194349654,
        "warmup_ratio": 0.26587179484099643
      },
      "dev_macro_f1": 0.040552,
      "duration_seconds": 201.2,
      "full_metrics": {
        "event": "kaikoura_earthquake_2016",
        "budget": 25,
        "seed_set": 1,
        "test_error_rate": 77.47126436781609,
        "test_macro_f1": 0.04085887012716281,
        "test_ece": 0.002935542765705068,
        "test_per_class_f1": [
          0.3677298311444653,
          0.0,
          0.0,
          0.0,
          0.0,
          0.0,
          0.0,
          0.0,
          0.0
        ],
        "dev_error_rate": 77.67857142857143,
        "dev_macro_f1": 0.040551500405515,
        "dev_ece": 0.005008803480969992,
        "stopping_strategy": "baseline",
        "phase1_seed_strategy": "last",
        "phase1_best_epoch": null,
        "lambda1_mean": 0.5690233321263571,
        "lambda1_std": 0.24837737135313256,
        "lambda2_mean": 0.09354550664301445,
        "lambda2_std": 0.08508166387676196
      }
    },
    {
      "number": 4,
      "state": "COMPLETE",
      "params": {
        "lr": 7.440852047366483e-05,
        "batch_size": 16,
        "cotrain_epochs": 13,
        "finetune_patience": 8,
        "weight_decay": 0.06370240947619352,
        "warmup_ratio": 0.100185627030861
      },
      "dev_macro_f1": 0.689681,
      "duration_seconds": 161.0,
      "full_metrics": {
        "event": "kaikoura_earthquake_2016",
        "budget": 25,
        "seed_set": 1,
        "test_error_rate": 31.95402298850575,
        "test_macro_f1": 0.6669561936036494,
        "test_ece": 0.21433854390834936,
        "test_per_class_f1": [
          0.4740740740740741,
          0.7567567567567568,
          0.8088235294117647,
          0.9130434782608695,
          0.5168539325842697,
          0.425,
          0.3076923076923077,
          0.8860759493670886,
          0.9142857142857143
        ],
        "dev_error_rate": 28.125,
        "dev_macro_f1": 0.6896808381116976,
        "dev_ece": 0.2482955277498279,
        "stopping_strategy": "baseline",
        "phase1_seed_strategy": "last",
        "phase1_best_epoch": null,
        "lambda1_mean": 1.0092626036491832,
        "lambda1_std": 0.21080962628065353,
        "lambda2_mean": 0.059332552937476246,
        "lambda2_std": 0.047579731384064704
      }
    },
    {
      "number": 5,
      "state": "COMPLETE",
      "params": {
        "lr": 0.0007269909377804569,
        "batch_size": 32,
        "cotrain_epochs": 15,
        "finetune_patience": 10,