{
  "event": "kaikoura_earthquake_2016",
  "budget": 5,
  "seed_set": 1,
  "status": "done",
  "best_params": {
    "lr": 7.337315458818927e-05,
    "batch_size": 8,
    "cotrain_epochs": 9,
    "finetune_patience": 6,
    "weight_decay": 0.03432622245269288,
    "warmup_ratio": 0.04067891162207982
  },
  "best_value": 0.571025,
  "best_full_metrics": {
    "event": "kaikoura_earthquake_2016",
    "budget": 5,
    "seed_set": 1,
    "test_error_rate": 40.22988505747126,
    "test_macro_f1": 0.5509890805598541,
    "test_ece": 0.26541177534508986,
    "test_per_class_f1": [
      0.49382716049382713,
      0.4444444444444444,
      0.8421052631578947,
      0.8421052631578947,
      0.29545454545454547,
      0.29357798165137616,
      0.1951219512195122,
      0.6451612903225806,
      0.907103825136612
    ],
    "dev_error_rate": 37.5,
    "dev_macro_f1": 0.571025112698017,
    "dev_ece": 0.2608092602874551,
    "stopping_strategy": "baseline",
    "phase1_seed_strategy": "last",
    "phase1_best_epoch": null,
    "lambda1_mean": 1.0085330159227162,
    "lambda1_std": 0.25709451321745974,
    "lambda2_mean": 0.4880123562606426,
    "lambda2_std": 0.19583691016383972
  },
  "n_trials": 10,
  "continued_from": null,
  "trials": [
    {
      "number": 0,
      "state": "COMPLETE",
      "params": {
        "lr": 0.0009172818542613443,
        "batch_size": 64,
        "cotrain_epochs": 16,
        "finetune_patience": 9,
        "weight_decay": 0.06184749663835905,
        "warmup_ratio": 0.19857817751926807
      },
      "dev_macro_f1": 0.040552,
      "duration_seconds": 368.5,
      "full_metrics": {
        "event": "kaikoura_earthquake_2016",
        "budget": 5,
        "seed_set": 1,
        "test_error_rate": 77.47126436781609,
        "test_macro_f1": 0.04085887012716281,
        "test_ece": 0.1277527855730605,
        "test_per_class_f1": [
          0.3677298311444653,
          0.0,
          0.0,
          0.0,
          0.0,
          0.0,
          0.0,
          0.0,
          0.0
        ],
        "dev_error_rate": 77.67857142857143,
        "dev_macro_f1": 0.040551500405515,
        "dev_ece": 0.12982585454093556,
        "stopping_strategy": "baseline",
        "phase1_seed_strategy": "last",
        "phase1_best_epoch": null,
        "lambda1_mean": 0.3748865907890835,
        "lambda1_std": 0.25032082297698655,
        "lambda2_mean": 0.07831860371437879,
        "lambda2_std": 0.07057659823807098
      }
    },
    {
      "number": 1,
      "state": "COMPLETE",
      "params": {
        "lr": 4.049082559083306e-05,
        "batch_size": 32,
        "cotrain_epochs": 12,
        "finetune_patience": 8,
        "weight_decay": 0.03065233206852428,
        "warmup_ratio": 0.19591746708456437
      },
      "dev_macro_f1": 0.546761,
      "duration_seconds": 317.9,
      "full_metrics": {
        "event": "kaikoura_earthquake_2016",
        "budget": 5,
        "seed_set": 1,
        "test_error_rate": 40.0,
        "test_macro_f1": 0.5421295072692842,
        "test_ece": 0.3003814873339116,
        "test_per_class_f1": [
          0.5389221556886228,
          0.4,
          0.8148148148148148,
          0.8648648648648649,
          0.2711864406779661,
          0.3418803418803419,
          0.15384615384615385,
          0.5714285714285714,
          0.9222222222222223
        ],
        "dev_error_rate": 38.39285714285714,
        "dev_macro_f1": 0.5467613464441827,
        "dev_ece": 0.29126503478203497,
        "stopping_strategy": "baseline",
        "phase1_seed_strategy": "last",
        "phase1_best_epoch": null,
        "lambda1_mean": 1.027202328986097,
        "lambda1_std": 0.18324862885905666,
        "lambda2_mean": 0.4049414504443088,
        "lambda2_std": 0.14427114063394114
      }
    },
    {
      "number": 2,
      "state": "COMPLETE",
      "params": {
        "lr": 0.0003905965000220237,
        "batch_size": 32,
        "cotrain_epochs": 15,
        "finetune_patience": 4,
        "weight_decay": 0.03715882105424079,
        "warmup_ratio": 0.08721680076988236
      },
      "dev_macro_f1": 0.036484,
      "duration_seconds": 382.5,
      "full_metrics": {
        "event": "kaikoura_earthquake_2016",
        "budget": 5,
        "seed_set": 1,
        "test_error_rate": 80.22988505747126,
        "test_macro_f1": 0.03668159522286202,
        "test_ece": 0.1747366692828036,
        "test_per_class_f1": [
          0.0,
          0.0,
          0.0,
          0.0,
          0.0,
          0.0,
          0.0,
          0.0,
          0.33013435700575816
        ],
        "dev_error_rate": 80.35714285714286,
        "dev_macro_f1": 0.03648424543946932,
        "dev_ece": 0.17600923191223825,
        "stopping_strategy": "baseline",
        "phase1_seed_strategy": "last",
        "phase1_best_epoch": null,
        "lambda1_mean": 0.38198787335033896,
        "lambda1_std": 0.23842847619100427,
        "lambda2_mean": 0.08703665980135637,
        "lambda2_std": 0.07322609174028642
      }
    },
    {
      "number": 3,
      "state": "COMPLETE",
      "params": {
        "lr": 0.00033280620572086927,
        "batch_size": 64,
        "cotrain_epochs": 7,
        "finetune_patience": 7,
        "weight_decay": 0.08259672097280041,
        "warmup_ratio": 0.013232700109871497
      },
      "dev_macro_f1": 0.413851,
      "duration_seconds": 199.2,
      "full_metrics": {
        "event": "kaikoura_earthquake_2016",
        "budget": 5,
        "seed_set": 1,
        "test_error_rate": 48.275862068965516,
        "test_macro_f1": 0.3972620986367261,
        "test_ece": 0.17543620165737195,
        "test_per_class_f1": [
          0.5521472392638037,
          0.24096385542168675,
          0.6883116883116883,
          0.12121212121212122,
          0.42857142857142855,
          0.12987012987012986,
          0.2222222222222222,
          0.3018867924528302,
          0.8901734104046243
        ],
        "dev_error_rate": 47.76785714285714,
        "dev_macro_f1": 0.41385072517590415,
        "dev_ece": 0.1538617525781904,
        "stopping_strategy": "baseline",
        "phase1_seed_strategy": "last",
        "phase1_best_epoch": null,
        "lambda1_mean": 0.7593432739903496,
        "lambda1_std": 0.37825408358458373,
        "lambda2_mean": 0.11009666315827546,
        "lambda2_std": 0.0873259756855255
      }
    },
    {
      "number": 4,
      "state": "COMPLETE",
      "params": {
        "lr": 0.00013833353861401976,
        "batch_size": 16,
        "cotrain_epochs": 7,
        "finetune_patience": 4,
        "weight_decay": 0.08623944080801811,
        "warmup_ratio": 0.2703061922068318
      },
      "dev_macro_f1": 0.56364,
      "duration_seconds": 227.7,
      "full_metrics": {
        "event": "kaikoura_earthquake_2016",
        "budget": 5,
        "seed_set": 1,
        "test_error_rate": 39.770114942528735,
        "test_macro_f1": 0.5425446563301285,
        "test_ece": 0.20966329026496275,
        "test_per_class_f1": [
          0.5730994152046783,
          0.35294117647058826,
          0.8029197080291971,
          0.8717948717948718,
          0.27692307692307694,
          0.2962962962962963,
          0.18867924528301888,
          0.6229508196721312,
          0.8972972972972973
        ],
        "dev_error_rate": 37.5,
        "dev_macro_f1": 0.56363950677633,
        "dev_ece": 0.2140686973663313,
        "stopping_strategy": "baseline",
        "phase1_seed_strategy": "last",
        "phase1_best_epoch": null,
        "lambda1_mean": 0.8945037575684752,
        "lambda1_std": 0.27188542684650957,
        "lambda2_mean": 0.3270743568498196,
        "lambda2_std": 0.20561982544158494
      }
    },
    {
      "number": 5,
      "state": "COMPLETE",
      "params": {
        "lr": 0.0001211739757355475,
        "batch_size": 64,
        "cotrain_epochs": 11,
        "finetune_patience": 9,
        "weight_decay": 0.03604964671688084,