{
  "event": "hurricane_irma_2017",
  "budget": 5,
  "seed_set": 3,
  "status": "done",
  "best_params": {
    "lr": 2.5712995420541456e-05,
    "batch_size": 64,
    "cotrain_epochs": 13,
    "finetune_patience": 4,
    "weight_decay": 0.03920272389327065,
    "warmup_ratio": 0.23482194644196863
  },
  "best_value": 0.419834,
  "best_full_metrics": {
    "event": "hurricane_irma_2017",
    "budget": 5,
    "seed_set": 3,
    "test_error_rate": 52.9001074113856,
    "test_macro_f1": 0.41872749012529337,
    "test_ece": 0.42569317576644505,
    "test_per_class_f1": [
      0.25742574257425743,
      0.04020100502512563,
      0.6723646723646723,
      0.8210023866348448,
      0.3115264797507788,
      0.2244039270687237,
      0.27419354838709675,
      0.6023738872403561,
      0.5650557620817844
    ],
    "dev_error_rate": 51.98329853862214,
    "dev_macro_f1": 0.41983440026198293,
    "dev_ece": 0.41814291309215335,
    "stopping_strategy": "baseline",
    "phase1_seed_strategy": "last",
    "phase1_best_epoch": null,
    "lambda1_mean": 1.0053218820435394,
    "lambda1_std": 0.2723383173299354,
    "lambda2_mean": 0.42640755972230404,
    "lambda2_std": 0.16446468366847533
  },
  "n_trials": 10,
  "continued_from": null,
  "trials": [
    {
      "number": 0,
      "state": "COMPLETE",
      "params": {
        "lr": 0.00021069738753790176,
        "batch_size": 32,
        "cotrain_epochs": 7,
        "finetune_patience": 8,
        "weight_decay": 0.03472492468142403,
        "warmup_ratio": 0.2516080539947478
      },
      "dev_macro_f1": 0.037101,
      "duration_seconds": 387.5,
      "full_metrics": {
        "event": "hurricane_irma_2017",
        "budget": 5,
        "seed_set": 3,
        "test_error_rate": 80.02148227712138,
        "test_macro_f1": 0.037003879438973444,
        "test_ece": 0.04239531468788099,
        "test_per_class_f1": [
          0.0,
          0.0,
          0.333034914950761,
          0.0,
          0.0,
          0.0,
          0.0,
          0.0,
          0.0
        ],
        "dev_error_rate": 79.95824634655533,
        "dev_macro_f1": 0.037101449275362325,
        "dev_ece": 0.04176295596896232,
        "stopping_strategy": "baseline",
        "phase1_seed_strategy": "last",
        "phase1_best_epoch": null,
        "lambda1_mean": 0.4992111253605602,
        "lambda1_std": 0.2077192877075128,
        "lambda2_mean": 0.05197647561588582,
        "lambda2_std": 0.04504999984903281
      }
    },
    {
      "number": 1,
      "state": "COMPLETE",
      "params": {
        "lr": 2.9402607306891087e-05,
        "batch_size": 8,
        "cotrain_epochs": 19,
        "finetune_patience": 6,
        "weight_decay": 0.005319080753472528,
        "warmup_ratio": 0.1442014864023747
      },
      "dev_macro_f1": 0.390396,
      "duration_seconds": 1560.5,
      "full_metrics": {
        "event": "hurricane_irma_2017",
        "budget": 5,
        "seed_set": 3,
        "test_error_rate": 55.15574650912997,
        "test_macro_f1": 0.3786179667457376,
        "test_ece": 0.13951840358121056,
        "test_per_class_f1": [
          0.18930041152263374,
          0.0,
          0.6466380543633763,
          0.7477876106194691,
          0.2824207492795389,
          0.211864406779661,
          0.20987654320987653,
          0.5889046941678521,
          0.5307692307692308
        ],
        "dev_error_rate": 53.54906054279749,
        "dev_macro_f1": 0.3903956325301367,
        "dev_ece": 0.12381713907380193,
        "stopping_strategy": "baseline",
        "phase1_seed_strategy": "last",
        "phase1_best_epoch": null,
        "lambda1_mean": 1.0614936260730408,
        "lambda1_std": 0.21802869284030998,
        "lambda2_mean": 0.018248402628495218,
        "lambda2_std": 0.021298056882397918
      }
    },
    {
      "number": 2,
      "state": "COMPLETE",
      "params": {
        "lr": 2.5712995420541456e-05,
        "batch_size": 64,
        "cotrain_epochs": 13,
        "finetune_patience": 4,
        "weight_decay": 0.03920272389327065,
        "warmup_ratio": 0.23482194644196863
      },
      "dev_macro_f1": 0.419834,
      "duration_seconds": 578.8,
      "full_metrics": {
        "event": "hurricane_irma_2017",
        "budget": 5,
        "seed_set": 3,
        "test_error_rate": 52.9001074113856,
        "test_macro_f1": 0.41872749012529337,
        "test_ece": 0.42569317576644505,
        "test_per_class_f1": [
          0.25742574257425743,
          0.04020100502512563,
          0.6723646723646723,
          0.8210023866348448,
          0.3115264797507788,
          0.2244039270687237,
          0.27419354838709675,
          0.6023738872403561,
          0.5650557620817844
        ],
        "dev_error_rate": 51.98329853862214,
        "dev_macro_f1": 0.41983440026198293,
        "dev_ece": 0.41814291309215335,
        "stopping_strategy": "baseline",
        "phase1_seed_strategy": "last",
        "phase1_best_epoch": null,
        "lambda1_mean": 1.0053218820435394,
        "lambda1_std": 0.2723383173299354,
        "lambda2_mean": 0.42640755972230404,
        "lambda2_std": 0.16446468366847533
      }
    },
    {
      "number": 3,
      "state": "COMPLETE",
      "params": {
        "lr": 0.00036464124780714614,
        "batch_size": 64,
        "cotrain_epochs": 10,
        "finetune_patience": 8,
        "weight_decay": 0.0670852923851304,
        "warmup_ratio": 0.13416076616498263
      },
      "dev_macro_f1": 0.41711,
      "duration_seconds": 490.5,
      "full_metrics": {
        "event": "hurricane_irma_2017",
        "budget": 5,
        "seed_set": 3,
        "test_error_rate": 54.726100966702475,
        "test_macro_f1": 0.4151613254578327,
        "test_ece": 0.0923572726123571,
        "test_per_class_f1": [
          0.21864951768488747,
          0.12837837837837837,
          0.6595419847328244,
          0.8264058679706602,
          0.27728613569321536,
          0.22849083215796898,
          0.22988505747126436,
          0.5791044776119403,
          0.5887096774193549
        ],
        "dev_error_rate": 55.42797494780793,
        "dev_macro_f1": 0.41711030048883946,
        "dev_ece": 0.09948010843768249,
        "stopping_strategy": "baseline",
        "phase1_seed_strategy": "last",
        "phase1_best_epoch": null,
        "lambda1_mean": 0.9982957691533465,
        "lambda1_std": 0.2603933148980017,
        "lambda2_mean": 0.05311728880600664,
        "lambda2_std": 0.039956518871104275
      }
    },
    {
      "number": 4,
      "state": "COMPLETE",
      "params": {
        "lr": 0.000313552628162374,
        "batch_size": 16,
        "cotrain_epochs": 17,
        "finetune_patience": 10,
        "weight_decay": 0.048278239204855904,
        "warmup_ratio": 0.24373300910302315
      },
      "dev_macro_f1": 0.037101,
      "duration_seconds": 901.0,
      "full_metrics": {
        "event": "hurricane_irma_2017",
        "budget": 5,
        "seed_set": 3,
        "test_error_rate": 80.02148227712138,
        "test_macro_f1": 0.037003879438973444,
        "test_ece": 0.2212637863757147,
        "test_per_class_f1": [
          0.0,
          0.0,
          0.333034914950761,
          0.0,
          0.0,
          0.0,
          0.0,
          0.0,
          0.0
        ],
        "dev_error_rate": 79.95824634655533,
        "dev_macro_f1": 0.037101449275362325,
        "dev_ece": 0.22063142708298555,
        "stopping_strategy": "baseline",
        "phase1_seed_strategy": "last",
        "phase1_best_epoch": null,
        "lambda1_mean": 0.3367127070590304,
        "lambda1_std": 0.18046562977736624,
        "lambda2_mean": 0.03678018765182694,
        "lambda2_std": 0.04637681493479782
      }
    },
    {
      "number": 5,
      "state": "COMPLETE",
      "params": {
        "lr": 2.581341879165577e-05,
        "batch_size": 32,
        "cotrain_epochs": 9,
        "finetune_patience": 4,
        "weight_decay": 0.04709764066573946,