{
  "event": "hurricane_harvey_2017",
  "budget": 5,
  "seed_set": 2,
  "test_error_rate": 33.51800554016621,
  "test_macro_f1": 0.6191812537508066,
  "test_ece": 0.2488513437334521,
  "test_per_class_f1": [
    0.624,
    0.82,
    0.7054409005628518,
    0.9124087591240876,
    0.3724137931034483,
    0.21445221445221446,
    0.4,
    0.8301886792452831,
    0.6937269372693727
  ],
  "dev_error_rate": 33.79978471474704,
  "dev_macro_f1": 0.6238831201761642,
  "dev_ece": 0.2506357349286936,
  "stopping_strategy": "baseline",
  "phase1_seed_strategy": "last",
  "phase1_best_epoch": null,
  "lambda1_mean": 1.0738127644521864,
  "lambda1_std": 0.21022068226216806,
  "lambda2_mean": 0.5598219598008122,
  "lambda2_std": 0.1585782190663699
}