{
  "event": "hurricane_dorian_2019",
  "budget": 5,
  "seed_set": 1,
  "status": "done",
  "best_params": {
    "lr": 6.386639420162284e-05,
    "batch_size": 64,
    "cotrain_epochs": 9,
    "finetune_patience": 9,
    "weight_decay": 0.09367781041843581,
    "warmup_ratio": 0.014033648906776419
  },
  "best_value": 0.599963,
  "best_full_metrics": {
    "event": "hurricane_dorian_2019",
    "budget": 5,
    "seed_set": 1,
    "test_error_rate": 37.0026525198939,
    "test_macro_f1": 0.5361102459578465,
    "test_ece": 0.11476154961383628,
    "test_per_class_f1": [
      0.5623762376237624,
      0.8167539267015707,
      0.5819397993311036,
      0.20689655172413793,
      0.5956284153005464,
      0.4332129963898917,
      0.05128205128205128,
      0.7953488372093023,
      0.7815533980582524
    ],
    "dev_error_rate": 37.24226804123711,
    "dev_macro_f1": 0.5999631027227881,
    "dev_ece": 0.13367079242526256,
    "stopping_strategy": "baseline",
    "phase1_seed_strategy": "last",
    "phase1_best_epoch": null,
    "lambda1_mean": 1.0661280978764274,
    "lambda1_std": 0.24047641274870232,
    "lambda2_mean": 0.5464365765186863,
    "lambda2_std": 0.17485907140109924
  },
  "n_trials": 10,
  "continued_from": null,
  "trials": [
    {
      "number": 0,
      "state": "COMPLETE",
      "params": {
        "lr": 1.2292941009593657e-05,
        "batch_size": 16,
        "cotrain_epochs": 11,
        "finetune_patience": 4,
        "weight_decay": 0.0046496010686693295,
        "warmup_ratio": 0.14698797925972412
      },
      "dev_macro_f1": 0.475665,
      "duration_seconds": 517.1,
      "full_metrics": {
        "event": "hurricane_dorian_2019",
        "budget": 5,
        "seed_set": 1,
        "test_error_rate": 36.80371352785146,
        "test_macro_f1": 0.4920677001234248,
        "test_ece": 0.29049545459310955,
        "test_per_class_f1": [
          0.624390243902439,
          0.8654970760233918,
          0.5565217391304348,
          0.0,
          0.6194690265486725,
          0.15835777126099707,
          0.0,
          0.8169014084507042,
          0.7874720357941835
        ],
        "dev_error_rate": 38.27319587628865,
        "dev_macro_f1": 0.47566468236527665,
        "dev_ece": 0.29714547439487937,
        "stopping_strategy": "baseline",
        "phase1_seed_strategy": "last",
        "phase1_best_epoch": null,
        "lambda1_mean": 1.0330906101057549,
        "lambda1_std": 0.27840624318209584,
        "lambda2_mean": 0.5075592592427391,
        "lambda2_std": 0.17595695755245788
      }
    },
    {
      "number": 1,
      "state": "COMPLETE",
      "params": {
        "lr": 0.0007192640420561439,
        "batch_size": 32,
        "cotrain_epochs": 10,
        "finetune_patience": 7,
        "weight_decay": 0.0016973359598281392,
        "warmup_ratio": 0.031421713971313645
      },
      "dev_macro_f1": 0.033964,
      "duration_seconds": 421.2,
      "full_metrics": {
        "event": "hurricane_dorian_2019",
        "budget": 5,
        "seed_set": 1,
        "test_error_rate": 82.0291777188329,
        "test_macro_f1": 0.03385172693773031,
        "test_ece": 0.2386170265805816,
        "test_per_class_f1": [
          0.3046655424395728,
          0.0,
          0.0,
          0.0,
          0.0,
          0.0,
          0.0,
          0.0,
          0.0
        ],
        "dev_error_rate": 81.95876288659794,
        "dev_macro_f1": 0.033964095099466275,
        "dev_ece": 0.23791287893179766,
        "stopping_strategy": "baseline",
        "phase1_seed_strategy": "last",
        "phase1_best_epoch": null,
        "lambda1_mean": 0.23808704870231284,
        "lambda1_std": 0.13476377856493915,
        "lambda2_mean": 0.10412985520095819,
        "lambda2_std": 0.06381592751447843
      }
    },
    {
      "number": 2,
      "state": "COMPLETE",
      "params": {
        "lr": 0.0006068693992468747,
        "batch_size": 16,
        "cotrain_epochs": 14,
        "finetune_patience": 5,
        "weight_decay": 0.03762231340167302,
        "warmup_ratio": 0.2689687284096111
      },
      "dev_macro_f1": 0.033964,
      "duration_seconds": 619.9,
      "full_metrics": {
        "event": "hurricane_dorian_2019",
        "budget": 5,
        "seed_set": 1,
        "test_error_rate": 82.0291777188329,
        "test_macro_f1": 0.03385172693773031,
        "test_ece": 0.29936689239202824,
        "test_per_class_f1": [
          0.3046655424395728,
          0.0,
          0.0,
          0.0,
          0.0,
          0.0,
          0.0,
          0.0,
          0.0
        ],
        "dev_error_rate": 81.95876288659794,
        "dev_macro_f1": 0.033964095099466275,
        "dev_ece": 0.2986627406987947,
        "stopping_strategy": "baseline",
        "phase1_seed_strategy": "last",
        "phase1_best_epoch": null,
        "lambda1_mean": 0.3795649425002935,
        "lambda1_std": 0.18635622634634424,
        "lambda2_mean": 0.08915067629769771,
        "lambda2_std": 0.09086399377863413
      }
    },
    {
      "number": 3,
      "state": "COMPLETE",
      "params": {
        "lr": 6.386639420162284e-05,
        "batch_size": 64,
        "cotrain_epochs": 9,
        "finetune_patience": 9,
        "weight_decay": 0.09367781041843581,
        "warmup_ratio": 0.014033648906776419
      },
      "dev_macro_f1": 0.599963,
      "duration_seconds": 381.7,
      "full_metrics": {
        "event": "hurricane_dorian_2019",
        "budget": 5,
        "seed_set": 1,
        "test_error_rate": 37.0026525198939,
        "test_macro_f1": 0.5361102459578465,
        "test_ece": 0.11476154961383628,
        "test_per_class_f1": [
          0.5623762376237624,
          0.8167539267015707,
          0.5819397993311036,
          0.20689655172413793,
          0.5956284153005464,
          0.4332129963898917,
          0.05128205128205128,
          0.7953488372093023,
          0.7815533980582524
        ],
        "dev_error_rate": 37.24226804123711,
        "dev_macro_f1": 0.5999631027227881,
        "dev_ece": 0.13367079242526256,
        "stopping_strategy": "baseline",
        "phase1_seed_strategy": "last",
        "phase1_best_epoch": null,
        "lambda1_mean": 1.0661280978764274,
        "lambda1_std": 0.24047641274870232,
        "lambda2_mean": 0.5464365765186863,
        "lambda2_std": 0.17485907140109924
      }
    },
    {
      "number": 4,
      "state": "COMPLETE",
      "params": {
        "lr": 0.0002724991371258628,
        "batch_size": 16,
        "cotrain_epochs": 17,
        "finetune_patience": 7,
        "weight_decay": 0.015101589217992884,
        "warmup_ratio": 0.22662672453933486
      },
      "dev_macro_f1": 0.022864,
      "duration_seconds": 737.6,
      "full_metrics": {
        "event": "hurricane_dorian_2019",
        "budget": 5,
        "seed_set": 1,
        "test_error_rate": 88.52785145888595,
        "test_macro_f1": 0.02286998479740895,
        "test_ece": 0.42297894774444544,
        "test_per_class_f1": [
          0.0,
          0.0,
          0.0,
          0.0,
          0.20582986317668056,
          0.0,
          0.0,
          0.0,
          0.0
        ],
        "dev_error_rate": 88.53092783505154,
        "dev_macro_f1": 0.022864482980089917,
        "dev_ece": 0.4230097110584839,
        "stopping_strategy": "baseline",
        "phase1_seed_strategy": "last",
        "phase1_best_epoch": null,
        "lambda1_mean": 0.44617036760712225,
        "lambda1_std": 0.17887261515123962,
        "lambda2_mean": 0.03742794758857579,
        "lambda2_std": 0.05289896686895093
      }
    },
    {
      "number": 5,
      "state": "COMPLETE",
      "params": {
        "lr": 0.00025261519359868855,
        "batch_size": 32,
        "cotrain_epochs": 5,
        "finetune_patience": 8,
        "weight_decay": 0.04699368463865477,
        "warmup_ratio": 0.02695947625805718
      },
      "dev_macro_f1": 0.44035,
      "duration_seconds": 258.0,