{
  "event": "cyclone_idai_2019",
  "budget": 5,
  "seed_set": 1,
  "test_error_rate": 25.80231065468549,
  "test_macro_f1": 0.4712671490935058,
  "test_ece": 0.09644788545729716,
  "test_per_class_f1": [
    0.2727272727272727,
    0.2727272727272727,
    0.7654320987654321,
    0.9028571428571428,
    0.0,
    0.0,
    0.4329896907216495,
    0.40625,
    0.8419540229885057,
    0.8177339901477833
  ],
  "dev_error_rate": 30.42394014962594,
  "dev_macro_f1": 0.45383391819672064,
  "dev_ece": 0.1034300339935427,
  "stopping_strategy": "baseline",
  "phase1_seed_strategy": "last",
  "phase1_best_epoch": null,
  "lambda1_mean": 0.929357535159804,
  "lambda1_std": 0.3572601869007709,
  "lambda2_mean": 0.42848157441582246,
  "lambda2_std": 0.2143952877814466
}