{
  "event": "kaikoura_earthquake_2016",
  "budget": 10,
  "seed_set": 1,
  "test_error_rate": 27.586206896551722,
  "test_macro_f1": 0.6331083155346382,
  "test_ece": 0.08565977839217787,
  "test_per_class_f1": [
    0.7085714285714285,
    0.5641025641025641,
    0.7714285714285715,
    0.8936170212765957,
    0.5238095238095238,
    0.4482758620689655,
    0.0,
    0.8695652173913043,
    0.9186046511627907
  ],
  "dev_error_rate": 28.125,
  "dev_macro_f1": 0.6395631790013971,
  "dev_ece": 0.09275865834206343,
  "stopping_strategy": "baseline",
  "phase1_seed_strategy": "last",
  "phase1_best_epoch": null,
  "lambda1_mean": 0.9209501810824234,
  "lambda1_std": 0.2623888903236855,
  "lambda2_mean": 0.3588887783500479,
  "lambda2_std": 0.15356042976478318
}