{
  "event": "kaikoura_earthquake_2016",
  "budget": 5,
  "seed_set": 2,
  "test_error_rate": 28.04597701149425,
  "test_macro_f1": 0.6583083403748627,
  "test_ece": 0.13567026161599433,
  "test_per_class_f1": [
    0.6459627329192547,
    0.8571428571428571,
    0.7108433734939759,
    0.9333333333333333,
    0.5074626865671642,
    0.5038167938931297,
    0.0,
    0.8539325842696629,
    0.9122807017543859
  ],
  "dev_error_rate": 27.23214285714286,
  "dev_macro_f1": 0.6535939605029858,
  "dev_ece": 0.160176877597613,
  "stopping_strategy": "baseline",
  "phase1_seed_strategy": "last",
  "phase1_best_epoch": null,
  "lambda1_mean": 0.9252297614531282,
  "lambda1_std": 0.24903353019730806,
  "lambda2_mean": 0.36411386941295604,
  "lambda2_std": 0.146572947401623
}