{
  "event": "hurricane_florence_2018",
  "budget": 25,
  "seed_set": 3,
  "test_error_rate": 22.240128928283642,
  "test_macro_f1": 0.6939810010873793,
  "test_ece": 0.048903189389384816,
  "test_per_class_f1": [
    0.7815126050420168,
    0.8079470198675497,
    0.6986301369863014,
    0.912,
    0.8501228501228502,
    0.4489795918367347,
    0.08695652173913043,
    0.8596802841918295,
    0.8
  ],
  "dev_error_rate": 21.909233176838818,
  "dev_macro_f1": 0.6815686247388141,
  "dev_ece": 0.05483075925068864,
  "stopping_strategy": "baseline",
  "phase1_seed_strategy": "last",
  "phase1_best_epoch": null,
  "lambda1_mean": 1.000916727684973,
  "lambda1_std": 0.2462684179361727,
  "lambda2_mean": 0.3950265650478588,
  "lambda2_std": 0.148881620202738
}