{
  "event": "california_wildfires_2018",
  "budget": 50,
  "seed_set": 3,
  "test_error_rate": 47.912388774811774,
  "test_macro_f1": 0.48217925745112106,
  "test_ece": 0.15640183972178218,
  "test_per_class_f1": [
    0.36,
    0.5225225225225225,
    0.5051546391752577,
    0.7,
    0.36363636363636365,
    0.352,
    0.403960396039604,
    0.1935483870967742,
    0.6431924882629108,
    0.7777777777777778
  ],
  "dev_error_rate": 43.75,
  "dev_macro_f1": 0.5223181533510969,
  "dev_ece": 0.12514793801497906
}