{
  "event": "cyclone_idai_2019",
  "budget": 25,
  "seed_set": 1,
  "test_error_rate": 30.29525032092426,
  "test_macro_f1": 0.600351769648132,
  "test_ece": 0.13032574938258712,
  "test_per_class_f1": [
    0.2857142857142857,
    0.37209302325581395,
    0.7755102040816326,
    0.9142857142857143,
    0.8571428571428571,
    0.34782608695652173,
    0.4222222222222222,
    0.41304347826086957,
    0.7719298245614035,
    0.84375
  ],
  "dev_error_rate": 31.670822942643394,
  "dev_macro_f1": 0.5610195324502355,
  "dev_ece": 0.14255873468748648,
  "stopping_strategy": "baseline",
  "phase1_seed_strategy": "last",
  "phase1_best_epoch": null,
  "lambda1_mean": 0.9919862476825376,
  "lambda1_std": 0.31234595241596697,
  "lambda2_mean": 0.5521408511146528,
  "lambda2_std": 0.22836642991224776
}