{
  "event": "cyclone_idai_2019",
  "budget": 25,
  "seed_set": 1,
  "status": "done",
  "best_params": {
    "lr": 2.797667951949144e-05,
    "batch_size": 16,
    "cotrain_epochs": 13,
    "finetune_patience": 10,
    "weight_decay": 0.009713455097862311,
    "warmup_ratio": 0.08096855631351604
  },
  "best_value": 0.56102,
  "best_full_metrics": {
    "event": "cyclone_idai_2019",
    "budget": 25,
    "seed_set": 1,
    "test_error_rate": 30.29525032092426,
    "test_macro_f1": 0.600351769648132,
    "test_ece": 0.13032574938258712,
    "test_per_class_f1": [
      0.2857142857142857,
      0.37209302325581395,
      0.7755102040816326,
      0.9142857142857143,
      0.8571428571428571,
      0.34782608695652173,
      0.4222222222222222,
      0.41304347826086957,
      0.7719298245614035,
      0.84375
    ],
    "dev_error_rate": 31.670822942643394,
    "dev_macro_f1": 0.5610195324502355,
    "dev_ece": 0.14255873468748648,
    "stopping_strategy": "baseline",
    "phase1_seed_strategy": "last",
    "phase1_best_epoch": null,
    "lambda1_mean": 0.9919862476825376,
    "lambda1_std": 0.31234595241596697,
    "lambda2_mean": 0.5521408511146528,
    "lambda2_std": 0.22836642991224776
  },
  "n_trials": 10,
  "continued_from": null,
  "trials": [
    {
      "number": 0,
      "state": "COMPLETE",
      "params": {
        "lr": 5.490265500807071e-05,
        "batch_size": 16,
        "cotrain_epochs": 10,
        "finetune_patience": 9,
        "weight_decay": 0.005985786226817724,
        "warmup_ratio": 0.02271744296098337
      },
      "dev_macro_f1": 0.548532,
      "duration_seconds": 254.4,
      "full_metrics": {
        "event": "cyclone_idai_2019",
        "budget": 25,
        "seed_set": 1,
        "test_error_rate": 29.525032092426184,
        "test_macro_f1": 0.5485105827203159,
        "test_ece": 0.09303734563434535,
        "test_per_class_f1": [
          0.23529411764705882,
          0.35714285714285715,
          0.7483870967741936,
          0.9125,
          0.3333333333333333,
          0.45454545454545453,
          0.4,
          0.4117647058823529,
          0.8073959938366718,
          0.8247422680412371
        ],
        "dev_error_rate": 32.66832917705735,
        "dev_macro_f1": 0.5485316515447828,
        "dev_ece": 0.12184762657431888,
        "stopping_strategy": "baseline",
        "phase1_seed_strategy": "last",
        "phase1_best_epoch": null,
        "lambda1_mean": 0.9801336834002066,
        "lambda1_std": 0.30151464541518336,
        "lambda2_mean": 0.5741565861047709,
        "lambda2_std": 0.24765192153423654
      }
    },
    {
      "number": 1,
      "state": "COMPLETE",
      "params": {
        "lr": 0.00027331164254436563,
        "batch_size": 32,
        "cotrain_epochs": 13,
        "finetune_patience": 5,
        "weight_decay": 0.011161107709140717,
        "warmup_ratio": 0.20260233418977153
      },
      "dev_macro_f1": 0.064527,
      "duration_seconds": 262.1,
      "full_metrics": {
        "event": "cyclone_idai_2019",
        "budget": 25,
        "seed_set": 1,
        "test_error_rate": 52.503209242618745,
        "test_macro_f1": 0.06440382941688425,
        "test_ece": 0.1483045135444181,
        "test_per_class_f1": [
          0.0,
          0.0,
          0.0,
          0.0,
          0.0,
          0.0,
          0.0,
          0.0,
          0.6440382941688425,
          0.0
        ],
        "dev_error_rate": 52.36907730673317,
        "dev_macro_f1": 0.06452702702702703,
        "dev_ece": 0.1496378430850488,
        "stopping_strategy": "baseline",
        "phase1_seed_strategy": "last",
        "phase1_best_epoch": null,
        "lambda1_mean": 0.7425778630523762,
        "lambda1_std": 0.43107418987391116,
        "lambda2_mean": 0.26966606866234133,
        "lambda2_std": 0.2645189596591419
      }
    },
    {
      "number": 2,
      "state": "COMPLETE",
      "params": {
        "lr": 3.319074627386816e-05,
        "batch_size": 64,
        "cotrain_epochs": 15,
        "finetune_patience": 10,
        "weight_decay": 0.08874733420925196,
        "warmup_ratio": 0.2199805565057448
      },
      "dev_macro_f1": 0.464225,
      "duration_seconds": 296.3,
      "full_metrics": {
        "event": "cyclone_idai_2019",
        "budget": 25,
        "seed_set": 1,
        "test_error_rate": 29.268292682926834,
        "test_macro_f1": 0.5477119163237497,
        "test_ece": 0.07140906124503682,
        "test_per_class_f1": [
          0.2978723404255319,
          0.2926829268292683,
          0.75,
          0.8938547486033519,
          0.6666666666666666,
          0.35714285714285715,
          0.25757575757575757,
          0.3225806451612903,
          0.8228228228228228,
          0.8159203980099502
        ],
        "dev_error_rate": 31.17206982543641,
        "dev_macro_f1": 0.4642246740154299,
        "dev_ece": 0.06563107565305473,
        "stopping_strategy": "baseline",
        "phase1_seed_strategy": "last",
        "phase1_best_epoch": null,
        "lambda1_mean": 0.9109938184660766,
        "lambda1_std": 0.3760891495700658,
        "lambda2_mean": 0.4113622102828217,
        "lambda2_std": 0.22876211875986327
      }
    },
    {
      "number": 3,
      "state": "COMPLETE",
      "params": {
        "lr": 0.00041370318791949254,
        "batch_size": 64,
        "cotrain_epochs": 20,
        "finetune_patience": 10,
        "weight_decay": 0.06954939367551272,
        "warmup_ratio": 0.11815257378699796
      },
      "dev_macro_f1": 0.064527,
      "duration_seconds": 347.6,
      "full_metrics": {
        "event": "cyclone_idai_2019",
        "budget": 25,
        "seed_set": 1,
        "test_error_rate": 52.503209242618745,
        "test_macro_f1": 0.06440382941688425,
        "test_ece": 0.45977253678215335,
        "test_per_class_f1": [
          0.0,
          0.0,
          0.0,
          0.0,
          0.0,
          0.0,
          0.0,
          0.0,
          0.6440382941688425,
          0.0
        ],
        "dev_error_rate": 52.36907730673317,
        "dev_macro_f1": 0.06452702702702703,
        "dev_ece": 0.4584305423156282,
        "stopping_strategy": "baseline",
        "phase1_seed_strategy": "last",
        "phase1_best_epoch": null,
        "lambda1_mean": 0.5988314638106871,
        "lambda1_std": 0.5018806552329071,
        "lambda2_mean": 0.3325717834956872,
        "lambda2_std": 0.3312005419795634
      }
    },
    {
      "number": 4,
      "state": "COMPLETE",
      "params": {
        "lr": 2.797667951949144e-05,
        "batch_size": 16,
        "cotrain_epochs": 13,
        "finetune_patience": 10,
        "weight_decay": 0.009713455097862311,
        "warmup_ratio": 0.08096855631351604
      },
      "dev_macro_f1": 0.56102,
      "duration_seconds": 346.4,
      "full_metrics": {
        "event": "cyclone_idai_2019",
        "budget": 25,
        "seed_set": 1,
        "test_error_rate": 30.29525032092426,
        "test_macro_f1": 0.600351769648132,
        "test_ece": 0.13032574938258712,
        "test_per_class_f1": [
          0.2857142857142857,
          0.37209302325581395,
          0.7755102040816326,
          0.9142857142857143,
          0.8571428571428571,
          0.34782608695652173,
          0.4222222222222222,
          0.41304347826086957,
          0.7719298245614035,
          0.84375
        ],
        "dev_error_rate": 31.670822942643394,
        "dev_macro_f1": 0.5610195324502355,
        "dev_ece": 0.14255873468748648,
        "stopping_strategy": "baseline",
        "phase1_seed_strategy": "last",
        "phase1_best_epoch": null,
        "lambda1_mean": 0.9919862476825376,
        "lambda1_std": 0.31234595241596697,
        "lambda2_mean": 0.5521408511146528,
        "lambda2_std": 0.22836642991224776
      }
    },
    {
      "number": 5,
      "state": "COMPLETE",
      "params": {
        "lr": 7.238674330229613e-05,
        "batch_size": 8,
        "cotrain_epochs": 19,