{
  "event": "kaikoura_earthquake_2016",
  "budget": 5,
  "seed_set": 2,
  "status": "done",
  "best_params": {
    "lr": 3.4037236427106435e-05,
    "batch_size": 32,
    "cotrain_epochs": 19,
    "finetune_patience": 9,
    "weight_decay": 0.07959071989088792,
    "warmup_ratio": 0.28413012869760046
  },
  "best_value": 0.657145,
  "best_full_metrics": {
    "event": "kaikoura_earthquake_2016",
    "budget": 5,
    "seed_set": 2,
    "test_error_rate": 24.827586206896555,
    "test_macro_f1": 0.6809606399650376,
    "test_ece": 0.17475768457884072,
    "test_per_class_f1": [
      0.7093023255813954,
      0.8205128205128205,
      0.8053691275167785,
      0.9545454545454546,
      0.5714285714285714,
      0.4666666666666667,
      0.0,
      0.8705882352941177,
      0.9302325581395349
    ],
    "dev_error_rate": 27.23214285714286,
    "dev_macro_f1": 0.6571450536024882,
    "dev_ece": 0.1789994202554226,
    "stopping_strategy": "baseline",
    "phase1_seed_strategy": "last",
    "phase1_best_epoch": null,
    "lambda1_mean": 1.058365520241441,
    "lambda1_std": 0.16662624945855808,
    "lambda2_mean": 0.47374332187930696,
    "lambda2_std": 0.12452274959205892
  },
  "n_trials": 10,
  "continued_from": null,
  "trials": [
    {
      "number": 0,
      "state": "COMPLETE",
      "params": {
        "lr": 0.0005000367194247224,
        "batch_size": 16,
        "cotrain_epochs": 14,
        "finetune_patience": 6,
        "weight_decay": 0.025183402625391704,
        "warmup_ratio": 0.037413974793170775
      },
      "dev_macro_f1": 0.040552,
      "duration_seconds": 178.0,
      "full_metrics": {
        "event": "kaikoura_earthquake_2016",
        "budget": 5,
        "seed_set": 2,
        "test_error_rate": 77.47126436781609,
        "test_macro_f1": 0.04085887012716281,
        "test_ece": 0.15831035670192764,
        "test_per_class_f1": [
          0.3677298311444653,
          0.0,
          0.0,
          0.0,
          0.0,
          0.0,
          0.0,
          0.0,
          0.0
        ],
        "dev_error_rate": 77.67857142857143,
        "dev_macro_f1": 0.040551500405515,
        "dev_ece": 0.1603834449446627,
        "stopping_strategy": "baseline",
        "phase1_seed_strategy": "last",
        "phase1_best_epoch": null,
        "lambda1_mean": 0.23278545220934044,
        "lambda1_std": 0.16927023361066665,
        "lambda2_mean": 0.129416766780431,
        "lambda2_std": 0.10835566300046735
      }
    },
    {
      "number": 1,
      "state": "COMPLETE",
      "params": {
        "lr": 1.410412646605841e-05,
        "batch_size": 16,
        "cotrain_epochs": 8,
        "finetune_patience": 4,
        "weight_decay": 0.08564284019399311,
        "warmup_ratio": 0.0711623100313466
      },
      "dev_macro_f1": 0.629324,
      "duration_seconds": 116.8,
      "full_metrics": {
        "event": "kaikoura_earthquake_2016",
        "budget": 5,
        "seed_set": 2,
        "test_error_rate": 25.51724137931034,
        "test_macro_f1": 0.6753587014500981,
        "test_ece": 0.1402170966411459,
        "test_per_class_f1": [
          0.735632183908046,
          0.8823529411764706,
          0.7421383647798742,
          0.9333333333333333,
          0.5454545454545454,
          0.45614035087719296,
          0.0,
          0.8636363636363636,
          0.9195402298850575
        ],
        "dev_error_rate": 29.464285714285708,
        "dev_macro_f1": 0.6293240273610076,
        "dev_ece": 0.1640027947723866,
        "stopping_strategy": "baseline",
        "phase1_seed_strategy": "last",
        "phase1_best_epoch": null,
        "lambda1_mean": 0.9156853751697046,
        "lambda1_std": 0.2395639680662228,
        "lambda2_mean": 0.3520542226129961,
        "lambda2_std": 0.14732075083631854
      }
    },
    {
      "number": 2,
      "state": "COMPLETE",
      "params": {
        "lr": 0.0009028480377122018,
        "batch_size": 32,
        "cotrain_epochs": 5,
        "finetune_patience": 7,
        "weight_decay": 0.09945973851158141,
        "warmup_ratio": 0.18475799471930113
      },
      "dev_macro_f1": 0.036484,
      "duration_seconds": 75.6,
      "full_metrics": {
        "event": "kaikoura_earthquake_2016",
        "budget": 5,
        "seed_set": 2,
        "test_error_rate": 80.22988505747126,
        "test_macro_f1": 0.03668159522286202,
        "test_ece": 0.26466982022099117,
        "test_per_class_f1": [
          0.0,
          0.0,
          0.0,
          0.0,
          0.0,
          0.0,
          0.0,
          0.0,
          0.33013435700575816
        ],
        "dev_error_rate": 80.35714285714286,
        "dev_macro_f1": 0.03648424543946932,
        "dev_ece": 0.2659423969952124,
        "stopping_strategy": "baseline",
        "phase1_seed_strategy": "last",
        "phase1_best_epoch": null,
        "lambda1_mean": 0.22874845129495208,
        "lambda1_std": 0.17143541020498168,
        "lambda2_mean": 0.07591115782995678,
        "lambda2_std": 0.0791982520001285
      }
    },
    {
      "number": 3,
      "state": "COMPLETE",
      "params": {
        "lr": 2.847115093426141e-05,
        "batch_size": 64,
        "cotrain_epochs": 14,
        "finetune_patience": 4,
        "weight_decay": 0.05715713450751835,
        "warmup_ratio": 0.07490603237483319
      },
      "dev_macro_f1": 0.639188,
      "duration_seconds": 145.3,
      "full_metrics": {
        "event": "kaikoura_earthquake_2016",
        "budget": 5,
        "seed_set": 2,
        "test_error_rate": 25.287356321839084,
        "test_macro_f1": 0.6738240601163819,
        "test_ece": 0.19443286506608984,
        "test_per_class_f1": [
          0.7065217391304348,
          0.8,
          0.7947019867549668,
          0.9333333333333333,
          0.5641025641025641,
          0.4482758620689655,
          0.0,
          0.898876404494382,
          0.9186046511627907
        ],
        "dev_error_rate": 29.464285714285708,
        "dev_macro_f1": 0.6391881293392498,
        "dev_ece": 0.18137294093945197,
        "stopping_strategy": "baseline",
        "phase1_seed_strategy": "last",
        "phase1_best_epoch": null,
        "lambda1_mean": 0.9630495748508708,
        "lambda1_std": 0.24315003847771782,
        "lambda2_mean": 0.4036139131646573,
        "lambda2_std": 0.15773916999642376
      }
    },
    {
      "number": 4,
      "state": "COMPLETE",
      "params": {
        "lr": 3.4037236427106435e-05,
        "batch_size": 32,
        "cotrain_epochs": 19,
        "finetune_patience": 9,
        "weight_decay": 0.07959071989088792,
        "warmup_ratio": 0.28413012869760046
      },
      "dev_macro_f1": 0.657145,
      "duration_seconds": 209.6,
      "full_metrics": {
        "event": "kaikoura_earthquake_2016",
        "budget": 5,
        "seed_set": 2,
        "test_error_rate": 24.827586206896555,
        "test_macro_f1": 0.6809606399650376,
        "test_ece": 0.17475768457884072,
        "test_per_class_f1": [
          0.7093023255813954,
          0.8205128205128205,
          0.8053691275167785,
          0.9545454545454546,
          0.5714285714285714,
          0.4666666666666667,
          0.0,
          0.8705882352941177,
          0.9302325581395349
        ],
        "dev_error_rate": 27.23214285714286,
        "dev_macro_f1": 0.6571450536024882,
        "dev_ece": 0.1789994202554226,
        "stopping_strategy": "baseline",
        "phase1_seed_strategy": "last",
        "phase1_best_epoch": null,
        "lambda1_mean": 1.058365520241441,
        "lambda1_std": 0.16662624945855808,
        "lambda2_mean": 0.47374332187930696,
        "lambda2_std": 0.12452274959205892
      }
    },
    {
      "number": 5,
      "state": "COMPLETE",
      "params": {
        "lr": 0.00046619736051900756,
        "batch_size": 64,
        "cotrain_epochs": 20,
        "finetune_patience": 8,
        "weight_decay": 0.03614727540129771,
        "warmup_ratio": 0.27981846624315254
      },