{
  "event": "hurricane_maria_2017",
  "budget": 50,
  "seed_set": 2,
  "test_error_rate": 28.155339805825243,
  "test_macro_f1": 0.6849702012259671,
  "test_ece": 0.11813129581790027,
  "test_per_class_f1": [
    0.660377358490566,
    0.6944444444444444,
    0.841025641025641,
    0.9047619047619048,
    0.3875968992248062,
    0.463768115942029,
    0.7018633540372671,
    0.8391959798994975,
    0.6716981132075471
  ],
  "dev_error_rate": 27.35849056603774,
  "dev_macro_f1": 0.699455626920752,
  "dev_ece": 0.11966802264159579,
  "stopping_strategy": "baseline",
  "phase1_seed_strategy": "last",
  "phase1_best_epoch": null,
  "lambda1_mean": 0.9417892821558561,
  "lambda1_std": 0.2910315313646465,
  "lambda2_mean": 0.48602013591621207,
  "lambda2_std": 0.23210295361984498
}