{
  "event": "california_wildfires_2018",
  "budget": 5,
  "seed_set": 1,
  "test_error_rate": 27.104722792607806,
  "test_macro_f1": 0.5975980381483542,
  "test_ece": 0.19745029956816323,
  "test_per_class_f1": [
    0.5901639344262295,
    0.7790697674418605,
    0.5524861878453039,
    0.9171974522292994,
    0.6486486486486487,
    0.6872852233676976,
    0.2704626334519573,
    0.0,
    0.8457350272232305,
    0.684931506849315
  ],
  "dev_error_rate": 25.132978723404253,
  "dev_macro_f1": 0.6113054564963805,
  "dev_ece": 0.18149602746075777,
  "stopping_strategy": "baseline",
  "phase1_seed_strategy": "last",
  "phase1_best_epoch": null,
  "lambda1_mean": 1.0277778358259881,
  "lambda1_std": 0.26353250193763395,
  "lambda2_mean": 0.5000428914352589,
  "lambda2_std": 0.18938867384230518
}