{
  "event": "hurricane_dorian_2019",
  "budget": 5,
  "seed_set": 2,
  "status": "done",
  "best_params": {
    "lr": 2.0697583878164983e-05,
    "batch_size": 64,
    "cotrain_epochs": 14,
    "finetune_patience": 8,
    "weight_decay": 0.07455845704726724,
    "warmup_ratio": 0.292386054584698
  },
  "best_value": 0.600729,
  "best_full_metrics": {
    "event": "hurricane_dorian_2019",
    "budget": 5,
    "seed_set": 2,
    "test_error_rate": 35.87533156498674,
    "test_macro_f1": 0.5516624433975692,
    "test_ece": 0.15499107822262004,
    "test_per_class_f1": [
      0.596745027124774,
      0.856338028169014,
      0.5942492012779552,
      0.35294117647058826,
      0.6091370558375635,
      0.35095137420718814,
      0.0,
      0.8036951501154734,
      0.8009049773755657
    ],
    "dev_error_rate": 35.824742268041234,
    "dev_macro_f1": 0.6007285558800515,
    "dev_ece": 0.13902267729191436,
    "stopping_strategy": "baseline",
    "phase1_seed_strategy": "last",
    "phase1_best_epoch": null,
    "lambda1_mean": 1.004352432778137,
    "lambda1_std": 0.28125216871705383,
    "lambda2_mean": 0.4349403464759608,
    "lambda2_std": 0.15571891343489175
  },
  "n_trials": 10,
  "continued_from": null,
  "trials": [
    {
      "number": 0,
      "state": "COMPLETE",
      "params": {
        "lr": 1.1650403664484104e-05,
        "batch_size": 16,
        "cotrain_epochs": 10,
        "finetune_patience": 8,
        "weight_decay": 0.08022533440637651,
        "warmup_ratio": 0.0532953114512671
      },
      "dev_macro_f1": 0.485336,
      "duration_seconds": 508.9,
      "full_metrics": {
        "event": "hurricane_dorian_2019",
        "budget": 5,
        "seed_set": 2,
        "test_error_rate": 35.47745358090185,
        "test_macro_f1": 0.5100944195023194,
        "test_ece": 0.25319995306214854,
        "test_per_class_f1": [
          0.6309148264984227,
          0.8546511627906976,
          0.5987654320987654,
          0.0,
          0.6195899772209568,
          0.2506527415143603,
          0.0,
          0.8308457711442786,
          0.8054298642533937
        ],
        "dev_error_rate": 38.144329896907216,
        "dev_macro_f1": 0.4853357486307704,
        "dev_ece": 0.2776361698880023,
        "stopping_strategy": "baseline",
        "phase1_seed_strategy": "last",
        "phase1_best_epoch": null,
        "lambda1_mean": 1.0376866114158694,
        "lambda1_std": 0.2693304858641433,
        "lambda2_mean": 0.534109964254923,
        "lambda2_std": 0.18030908642812546
      }
    },
    {
      "number": 1,
      "state": "COMPLETE",
      "params": {
        "lr": 1.6358534571243152e-05,
        "batch_size": 64,
        "cotrain_epochs": 20,
        "finetune_patience": 8,
        "weight_decay": 0.001993731532849119,
        "warmup_ratio": 0.13231513510383636
      },
      "dev_macro_f1": 0.485986,
      "duration_seconds": 718.6,
      "full_metrics": {
        "event": "hurricane_dorian_2019",
        "budget": 5,
        "seed_set": 2,
        "test_error_rate": 35.27851458885941,
        "test_macro_f1": 0.5155367720047312,
        "test_ece": 0.20943407392233054,
        "test_per_class_f1": [
          0.6333907056798623,
          0.8507042253521127,
          0.5663716814159292,
          0.0,
          0.6220095693779905,
          0.3211009174311927,
          0.0,
          0.8354430379746836,
          0.8108108108108109
        ],
        "dev_error_rate": 38.91752577319587,
        "dev_macro_f1": 0.4859863451154939,
        "dev_ece": 0.23268140341664095,
        "stopping_strategy": "baseline",
        "phase1_seed_strategy": "last",
        "phase1_best_epoch": null,
        "lambda1_mean": 1.0408700485481885,
        "lambda1_std": 0.2693827736506557,
        "lambda2_mean": 0.5364678253266582,
        "lambda2_std": 0.17153188338832073
      }
    },
    {
      "number": 2,
      "state": "COMPLETE",
      "params": {
        "lr": 2.7728383767591042e-05,
        "batch_size": 8,
        "cotrain_epochs": 18,
        "finetune_patience": 7,
        "weight_decay": 0.013606948050928725,
        "warmup_ratio": 0.15056164565668956
      },
      "dev_macro_f1": 0.590409,
      "duration_seconds": 1266.7,
      "full_metrics": {
        "event": "hurricane_dorian_2019",
        "budget": 5,
        "seed_set": 2,
        "test_error_rate": 35.87533156498674,
        "test_macro_f1": 0.5638568715178915,
        "test_ece": 0.12980346187000563,
        "test_per_class_f1": [
          0.6373626373626373,
          0.8571428571428571,
          0.5825242718446602,
          0.32,
          0.5959367945823928,
          0.24533333333333332,
          0.20408163265306123,
          0.845,
          0.7873303167420814
        ],
        "dev_error_rate": 39.5618556701031,
        "dev_macro_f1": 0.5904087698415736,
        "dev_ece": 0.12748145292868324,
        "stopping_strategy": "baseline",
        "phase1_seed_strategy": "last",
        "phase1_best_epoch": null,
        "lambda1_mean": 0.6176799682153641,
        "lambda1_std": 0.17348135215292645,
        "lambda2_mean": 0.6363491564162225,
        "lambda2_std": 0.16664020007777786
      }
    },
    {
      "number": 3,
      "state": "COMPLETE",
      "params": {
        "lr": 0.0004744849261800676,
        "batch_size": 8,
        "cotrain_epochs": 18,
        "finetune_patience": 8,
        "weight_decay": 0.015643823323805605,
        "warmup_ratio": 0.04759998545262035
      },
      "dev_macro_f1": 0.033964,
      "duration_seconds": 1252.6,
      "full_metrics": {
        "event": "hurricane_dorian_2019",
        "budget": 5,
        "seed_set": 2,
        "test_error_rate": 82.0291777188329,
        "test_macro_f1": 0.03385172693773031,
        "test_ece": 0.49127308965045513,
        "test_per_class_f1": [
          0.3046655424395728,
          0.0,
          0.0,
          0.0,
          0.0,
          0.0,
          0.0,
          0.0,
          0.0
        ],
        "dev_error_rate": 81.95876288659794,
        "dev_macro_f1": 0.033964095099466275,
        "dev_ece": 0.4905689430144644,
        "stopping_strategy": "baseline",
        "phase1_seed_strategy": "last",
        "phase1_best_epoch": null,
        "lambda1_mean": 0.2575581037129924,
        "lambda1_std": 0.25635220284657373,
        "lambda2_mean": 0.14714629816100153,
        "lambda2_std": 0.1598063728596797
      }
    },
    {
      "number": 4,
      "state": "COMPLETE",
      "params": {
        "lr": 0.000276045802113283,
        "batch_size": 32,
        "cotrain_epochs": 6,
        "finetune_patience": 6,
        "weight_decay": 0.07616441023021928,
        "warmup_ratio": 0.15722598545489852
      },
      "dev_macro_f1": 0.437373,
      "duration_seconds": 290.4,
      "full_metrics": {
        "event": "hurricane_dorian_2019",
        "budget": 5,
        "seed_set": 2,
        "test_error_rate": 40.58355437665783,
        "test_macro_f1": 0.4478136057640416,
        "test_ece": 0.11042226099011435,
        "test_per_class_f1": [
          0.6332179930795848,
          0.8421052631578947,
          0.48548812664907653,
          0.0,
          0.5792811839323467,
          0.0,
          0.0,
          0.7402298850574712,
          0.75
        ],
        "dev_error_rate": 41.88144329896907,
        "dev_macro_f1": 0.43737342357118564,
        "dev_ece": 0.07576940538956949,
        "stopping_strategy": "baseline",
        "phase1_seed_strategy": "last",
        "phase1_best_epoch": null,
        "lambda1_mean": 0.8417818331442785,
        "lambda1_std": 0.2977854875083111,
        "lambda2_mean": 0.0796600707641588,
        "lambda2_std": 0.06462742313578902
      }
    },
    {
      "number": 5,
      "state": "COMPLETE",
      "params": {
        "lr": 2.0697583878164983e-05,
        "batch_size": 64,
        "cotrain_epochs": 14,
        "finetune_patience": 8,
        "weight_decay": 0.07455845704726724,