{
  "event": "hurricane_florence_2018",
  "budget": 50,
  "seed_set": 2,
  "test_error_rate": 26.91377921031426,
  "test_macro_f1": 0.6842914456380437,
  "test_ece": 0.05095288391607025,
  "test_per_class_f1": [
    0.7240704500978473,
    0.8214285714285714,
    0.5974025974025974,
    0.9206349206349206,
    0.832,
    0.4090909090909091,
    0.23255813953488372,
    0.7881040892193308,
    0.8333333333333334
  ],
  "dev_error_rate": 26.76056338028169,
  "dev_macro_f1": 0.6734992390189615,
  "dev_ece": 0.048915786082755805,
  "stopping_strategy": "baseline",
  "phase1_seed_strategy": "last",
  "phase1_best_epoch": null,
  "lambda1_mean": 0.5053447146806823,
  "lambda1_std": 0.11899223328029204,
  "lambda2_mean": 0.12865431778493844,
  "lambda2_std": 0.047414667553110544
}