{
  "event": "hurricane_dorian_2019",
  "budget": 50,
  "seed_set": 3,
  "status": "done",
  "best_params": {
    "lr": 3.157417074357954e-05,
    "batch_size": 16,
    "cotrain_epochs": 7,
    "finetune_patience": 9,
    "weight_decay": 0.013236570485862555,
    "warmup_ratio": 0.27415164843831763
  },
  "best_value": 0.636324,
  "best_full_metrics": {
    "event": "hurricane_dorian_2019",
    "budget": 50,
    "seed_set": 3,
    "test_error_rate": 35.27851458885941,
    "test_macro_f1": 0.5764868956220526,
    "test_ece": 0.07466982039240061,
    "test_per_class_f1": [
      0.6481802426343154,
      0.8587257617728532,
      0.6781609195402298,
      0.3684210526315789,
      0.5743073047858942,
      0.2872340425531915,
      0.13333333333333333,
      0.8105263157894737,
      0.8294930875576036
    ],
    "dev_error_rate": 34.02061855670103,
    "dev_macro_f1": 0.636324099627321,
    "dev_ece": 0.08346753784445757,
    "stopping_strategy": "baseline",
    "phase1_seed_strategy": "last",
    "phase1_best_epoch": null,
    "lambda1_mean": 0.9308584322765315,
    "lambda1_std": 0.3072318170607917,
    "lambda2_mean": 0.5206770932162851,
    "lambda2_std": 0.2477486786088179
  },
  "n_trials": 10,
  "continued_from": null,
  "trials": [
    {
      "number": 0,
      "state": "COMPLETE",
      "params": {
        "lr": 4.022658253667321e-05,
        "batch_size": 32,
        "cotrain_epochs": 15,
        "finetune_patience": 7,
        "weight_decay": 0.06607812532961259,
        "warmup_ratio": 0.07312087459338015
      },
      "dev_macro_f1": 0.611552,
      "duration_seconds": 565.5,
      "full_metrics": {
        "event": "hurricane_dorian_2019",
        "budget": 50,
        "seed_set": 3,
        "test_error_rate": 34.217506631299734,
        "test_macro_f1": 0.594031087909709,
        "test_ece": 0.07956974911911101,
        "test_per_class_f1": [
          0.6423611111111112,
          0.8806818181818182,
          0.6666666666666666,
          0.3181818181818182,
          0.5828571428571429,
          0.37986270022883295,
          0.24175824175824176,
          0.8190954773869347,
          0.8148148148148148
        ],
        "dev_error_rate": 35.30927835051546,
        "dev_macro_f1": 0.6115521913602323,
        "dev_ece": 0.0994908485907255,
        "stopping_strategy": "baseline",
        "phase1_seed_strategy": "last",
        "phase1_best_epoch": null,
        "lambda1_mean": 1.0160999500481551,
        "lambda1_std": 0.2592435941897764,
        "lambda2_mean": 0.6687003530601958,
        "lambda2_std": 0.23211827022853773
      }
    },
    {
      "number": 1,
      "state": "COMPLETE",
      "params": {
        "lr": 0.00031558466886595594,
        "batch_size": 32,
        "cotrain_epochs": 8,
        "finetune_patience": 9,
        "weight_decay": 0.0038355941693835275,
        "warmup_ratio": 0.1651352597478201
      },
      "dev_macro_f1": 0.035392,
      "duration_seconds": 354.6,
      "full_metrics": {
        "event": "hurricane_dorian_2019",
        "budget": 50,
        "seed_set": 3,
        "test_error_rate": 81.03448275862068,
        "test_macro_f1": 0.03542673107890499,
        "test_ece": 0.06559836015164534,
        "test_per_class_f1": [
          0.0,
          0.0,
          0.0,
          0.0,
          0.0,
          0.3188405797101449,
          0.0,
          0.0,
          0.0
        ],
        "dev_error_rate": 81.05670103092784,
        "dev_macro_f1": 0.03539183820873962,
        "dev_ece": 0.06537617764138069,
        "stopping_strategy": "baseline",
        "phase1_seed_strategy": "last",
        "phase1_best_epoch": null,
        "lambda1_mean": 0.4196598329433834,
        "lambda1_std": 0.16741449498461755,
        "lambda2_mean": 0.06518289476542159,
        "lambda2_std": 0.06316426609904194
      }
    },
    {
      "number": 2,
      "state": "COMPLETE",
      "params": {
        "lr": 0.00028269641583846217,
        "batch_size": 32,
        "cotrain_epochs": 10,
        "finetune_patience": 5,
        "weight_decay": 0.07894194153752142,
        "warmup_ratio": 0.26357400037137585
      },
      "dev_macro_f1": 0.20267,
      "duration_seconds": 418.8,
      "full_metrics": {
        "event": "hurricane_dorian_2019",
        "budget": 50,
        "seed_set": 3,
        "test_error_rate": 64.58885941644562,
        "test_macro_f1": 0.20686477408535278,
        "test_ece": 0.14603312895571524,
        "test_per_class_f1": [
          0.0,
          0.6796875,
          0.0,
          0.0,
          0.0,
          0.37524950099800397,
          0.0,
          0.0,
          0.8068459657701712
        ],
        "dev_error_rate": 65.33505154639175,
        "dev_macro_f1": 0.20267018586177765,
        "dev_ece": 0.1408920480495261,
        "stopping_strategy": "baseline",
        "phase1_seed_strategy": "last",
        "phase1_best_epoch": null,
        "lambda1_mean": 0.9076117488436201,
        "lambda1_std": 0.2819535011635746,
        "lambda2_mean": 0.051732929400756966,
        "lambda2_std": 0.05222615502425528
      }
    },
    {
      "number": 3,
      "state": "COMPLETE",
      "params": {
        "lr": 3.157417074357954e-05,
        "batch_size": 16,
        "cotrain_epochs": 7,
        "finetune_patience": 9,
        "weight_decay": 0.013236570485862555,
        "warmup_ratio": 0.27415164843831763
      },
      "dev_macro_f1": 0.636324,
      "duration_seconds": 362.8,
      "full_metrics": {
        "event": "hurricane_dorian_2019",
        "budget": 50,
        "seed_set": 3,
        "test_error_rate": 35.27851458885941,
        "test_macro_f1": 0.5764868956220526,
        "test_ece": 0.07466982039240061,
        "test_per_class_f1": [
          0.6481802426343154,
          0.8587257617728532,
          0.6781609195402298,
          0.3684210526315789,
          0.5743073047858942,
          0.2872340425531915,
          0.13333333333333333,
          0.8105263157894737,
          0.8294930875576036
        ],
        "dev_error_rate": 34.02061855670103,
        "dev_macro_f1": 0.636324099627321,
        "dev_ece": 0.08346753784445757,
        "stopping_strategy": "baseline",
        "phase1_seed_strategy": "last",
        "phase1_best_epoch": null,
        "lambda1_mean": 0.9308584322765315,
        "lambda1_std": 0.3072318170607917,
        "lambda2_mean": 0.5206770932162851,
        "lambda2_std": 0.2477486786088179
      }
    },
    {
      "number": 4,
      "state": "COMPLETE",
      "params": {
        "lr": 0.00019845821022837972,
        "batch_size": 8,
        "cotrain_epochs": 11,
        "finetune_patience": 10,
        "weight_decay": 0.09805701680146771,
        "warmup_ratio": 0.013720595276736724
      },
      "dev_macro_f1": 0.035392,
      "duration_seconds": 735.0,
      "full_metrics": {
        "event": "hurricane_dorian_2019",
        "budget": 50,
        "seed_set": 3,
        "test_error_rate": 81.03448275862068,
        "test_macro_f1": 0.03542673107890499,
        "test_ece": 0.07039113631793137,
        "test_per_class_f1": [
          0.0,
          0.0,
          0.0,
          0.0,
          0.0,
          0.3188405797101449,
          0.0,
          0.0,
          0.0
        ],
        "dev_error_rate": 81.05670103092784,
        "dev_macro_f1": 0.03539183820873962,
        "dev_ece": 0.07016895347534073,
        "stopping_strategy": "baseline",
        "phase1_seed_strategy": "last",
        "phase1_best_epoch": null,
        "lambda1_mean": 0.24183422387140802,
        "lambda1_std": 0.15516202067225363,
        "lambda2_mean": 0.13377381074287684,
        "lambda2_std": 0.09790292648613812
      }
    },
    {
      "number": 5,
      "state": "COMPLETE",
      "params": {
        "lr": 8.17592232187733e-05,
        "batch_size": 32,
        "cotrain_epochs": 14,
        "finetune_patience": 7,
        "weight_decay": 0.02639889967948955,
        "warmup_ratio": 0.1892174263736547
      },
      "dev_macro_f1": 0.603378,