{
  "event": "hurricane_harvey_2017",
  "budget": 10,
  "seed_set": 1,
  "test_error_rate": 30.526315789473678,
  "test_macro_f1": 0.6536101783684041,
  "test_ece": 0.16049412518657147,
  "test_per_class_f1": [
    0.5991902834008097,
    0.8197879858657244,
    0.7743271221532091,
    0.896797153024911,
    0.36792452830188677,
    0.43283582089552236,
    0.48314606741573035,
    0.8258887876025525,
    0.6825938566552902
  ],
  "dev_error_rate": 29.60172228202368,
  "dev_macro_f1": 0.6668578947784817,
  "dev_ece": 0.15857038883526436,
  "stopping_strategy": "baseline",
  "phase1_seed_strategy": "last",
  "phase1_best_epoch": null,
  "lambda1_mean": 1.059154685493595,
  "lambda1_std": 0.20027468366008502,
  "lambda2_mean": 0.4839814714097063,
  "lambda2_std": 0.15946824040382257
}