{
  "event": "kaikoura_earthquake_2016",
  "budget": 25,
  "seed_set": 3,
  "test_error_rate": 24.827586206896555,
  "test_macro_f1": 0.7402126274182437,
  "test_ece": 0.11593382982001908,
  "test_per_class_f1": [
    0.7461139896373057,
    0.75,
    0.8091603053435115,
    1.0,
    0.5405405405405406,
    0.5294117647058824,
    0.5454545454545454,
    0.8536585365853658,
    0.8875739644970414
  ],
  "dev_error_rate": 26.785714285714292,
  "dev_macro_f1": 0.693064383421905,
  "dev_ece": 0.07391272644911495,
  "stopping_strategy": "baseline",
  "phase1_seed_strategy": "last",
  "phase1_best_epoch": null,
  "lambda1_mean": 0.8384307600279809,
  "lambda1_std": 0.2869076290536887,
  "lambda2_mean": 0.4039331682753185,
  "lambda2_std": 0.24499768413226353
}