{
  "event": "california_wildfires_2018",
  "budget": 50,
  "seed_set": 2,
  "test_error_rate": 32.23819301848049,
  "test_macro_f1": 0.6072812005551566,
  "test_ece": 0.12032071663695276,
  "test_per_class_f1": [
    0.37037037037037035,
    0.7682119205298014,
    0.5360824742268041,
    0.8431654676258993,
    0.4594594594594595,
    0.6748971193415638,
    0.4517766497461929,
    0.41379310344827586,
    0.7811860940695297,
    0.7738693467336684
  ],
  "dev_error_rate": 33.24468085106383,
  "dev_macro_f1": 0.6019997615832019,
  "dev_ece": 0.12986444733402827,
  "stopping_strategy": "baseline",
  "phase1_seed_strategy": "last",
  "phase1_best_epoch": null,
  "lambda1_mean": 1.013493359742979,
  "lambda1_std": 0.22682982435829074,
  "lambda2_mean": 0.5041789737809227,
  "lambda2_std": 0.1871279537390678
}