{
  "event": "california_wildfires_2018",
  "budget": 25,
  "seed_set": 1,
  "test_error_rate": 27.31006160164271,
  "test_macro_f1": 0.5986928854313973,
  "test_ece": 0.1849165171446007,
  "test_per_class_f1": [
    0.4888888888888889,
    0.7950310559006211,
    0.5621621621621622,
    0.918648310387985,
    0.6764705882352942,
    0.675,
    0.3641791044776119,
    0.0,
    0.8279773156899811,
    0.6785714285714286
  ],
  "dev_error_rate": 26.196808510638302,
  "dev_macro_f1": 0.5990980743123924,
  "dev_ece": 0.17731094088880933,
  "stopping_strategy": "baseline",
  "phase1_seed_strategy": "last",
  "phase1_best_epoch": null,
  "lambda1_mean": 0.9996420112857441,
  "lambda1_std": 0.2944111847473728,
  "lambda2_mean": 0.49147640437866497,
  "lambda2_std": 0.20872090665108164
}