{
  "event": "cyclone_idai_2019",
  "budget": 50,
  "seed_set": 2,
  "test_error_rate": 26.572528883183566,
  "test_macro_f1": 0.5858847484375029,
  "test_ece": 0.054884590179837586,
  "test_per_class_f1": [
    0.4,
    0.47619047619047616,
    0.7972027972027972,
    0.875,
    0.4,
    0.3793103448275862,
    0.4189189189189189,
    0.4657534246575342,
    0.8259587020648967,
    0.8205128205128205
  ],
  "dev_error_rate": 26.43391521197007,
  "dev_macro_f1": 0.551899591638843,
  "dev_ece": 0.0739916163935626,
  "stopping_strategy": "baseline",
  "phase1_seed_strategy": "last",
  "phase1_best_epoch": null,
  "lambda1_mean": 0.9863810010171609,
  "lambda1_std": 0.3198270391225567,
  "lambda2_mean": 0.6314176054813404,
  "lambda2_std": 0.23748321235979575
}