{
  "event": "kaikoura_earthquake_2016",
  "budget": 50,
  "seed_set": 2,
  "test_error_rate": 37.93103448275862,
  "test_macro_f1": 0.5173192197872499,
  "test_ece": 0.11703900215269505,
  "test_per_class_f1": [
    0.5521472392638037,
    0.3283582089552239,
    0.7226890756302521,
    0.4864864864864865,
    0.5217391304347826,
    0.2696629213483146,
    0.0,
    0.8571428571428571,
    0.9176470588235294
  ],
  "dev_error_rate": 33.48214285714286,
  "dev_macro_f1": 0.5560610417494538,
  "dev_ece": 0.10802064290536303
}