{
  "event": "hurricane_florence_2018",
  "budget": 5,
  "seed_set": 2,
  "test_error_rate": 23.448831587429495,
  "test_macro_f1": 0.6552569811509592,
  "test_ece": 0.12403844675164753,
  "test_per_class_f1": [
    0.7222222222222222,
    0.7781350482315113,
    0.6,
    0.928,
    0.8584905660377359,
    0.2826086956521739,
    0.0,
    0.8803986710963455,
    0.847457627118644
  ],
  "dev_error_rate": 21.283255086071982,
  "dev_macro_f1": 0.6692753976967567,
  "dev_ece": 0.12416630419020727,
  "stopping_strategy": "baseline",
  "phase1_seed_strategy": "last",
  "phase1_best_epoch": null,
  "lambda1_mean": 1.007497817487182,
  "lambda1_std": 0.24188660436769263,
  "lambda2_mean": 0.3919163037181489,
  "lambda2_std": 0.1521112604626574
}