{
  "event": "cyclone_idai_2019",
  "budget": 25,
  "seed_set": 2,
  "test_error_rate": 25.41720154043645,
  "test_macro_f1": 0.48740925569373356,
  "test_ece": 0.10129530574834698,
  "test_per_class_f1": [
    0.32653061224489793,
    0.13333333333333333,
    0.8076923076923077,
    0.9265536723163842,
    0.0,
    0.26666666666666666,
    0.35374149659863946,
    0.4,
    0.8595744680851064,
    0.8
  ],
  "dev_error_rate": 28.179551122194514,
  "dev_macro_f1": 0.4712192429845749,
  "dev_ece": 0.08852641496277806,
  "stopping_strategy": "baseline",
  "phase1_seed_strategy": "last",
  "phase1_best_epoch": null,
  "lambda1_mean": 0.9201621099928049,
  "lambda1_std": 0.35843601054172214,
  "lambda2_mean": 0.4189817869810019,
  "lambda2_std": 0.20537998941449603
}