{
  "event": "hurricane_florence_2018",
  "budget": 5,
  "seed_set": 1,
  "test_error_rate": 94.92344883158744,
  "test_macro_f1": 0.010736196319018405,
  "test_ece": 0.9134434124426338,
  "test_per_class_f1": [
    0.0,
    0.0,
    0.09662576687116564,
    0.0,
    0.0,
    0.0,
    0.0,
    0.0,
    0.0
  ],
  "dev_error_rate": 94.83568075117371,
  "dev_macro_f1": 0.010912698412698412,
  "dev_ece": 0.9227066609967669,
  "stopping_strategy": "baseline",
  "phase1_seed_strategy": "last",
  "phase1_best_epoch": null,
  "lambda1_mean": 1.0626866836514013,
  "lambda1_std": 0.3130297368196123,
  "lambda2_mean": 0.5993400397905501,
  "lambda2_std": 0.18096896625958456
}