{
  "event": "hurricane_harvey_2017",
  "budget": 5,
  "seed_set": 1,
  "status": "done",
  "best_params": {
    "lr": 9.962263135249408e-05,
    "batch_size": 16,
    "cotrain_epochs": 12,
    "finetune_patience": 8,
    "weight_decay": 0.012296963758818625,
    "warmup_ratio": 0.16909842570118053
  },
  "best_value": 0.646043,
  "best_full_metrics": {
    "event": "hurricane_harvey_2017",
    "budget": 5,
    "seed_set": 1,
    "test_error_rate": 31.02493074792244,
    "test_macro_f1": 0.6496722318475908,
    "test_ece": 0.17345604787572932,
    "test_per_class_f1": [
      0.6008230452674898,
      0.8206896551724138,
      0.7417218543046358,
      0.8776978417266187,
      0.3745019920318725,
      0.44324324324324327,
      0.45751633986928103,
      0.8297491039426523,
      0.7011070110701108
    ],
    "dev_error_rate": 31.216361679224967,
    "dev_macro_f1": 0.6460427484642961,
    "dev_ece": 0.16331522097756968,
    "stopping_strategy": "baseline",
    "phase1_seed_strategy": "last",
    "phase1_best_epoch": null,
    "lambda1_mean": 1.0571687242320196,
    "lambda1_std": 0.22569899506720675,
    "lambda2_mean": 0.5760986217917433,
    "lambda2_std": 0.1831713810613599
  },
  "n_trials": 10,
  "continued_from": null,
  "trials": [
    {
      "number": 0,
      "state": "COMPLETE",
      "params": {
        "lr": 4.299098635083878e-05,
        "batch_size": 8,
        "cotrain_epochs": 14,
        "finetune_patience": 9,
        "weight_decay": 0.04008164061478192,
        "warmup_ratio": 0.1827496555155972
      },
      "dev_macro_f1": 0.644079,
      "duration_seconds": 1134.9,
      "full_metrics": {
        "event": "hurricane_harvey_2017",
        "budget": 5,
        "seed_set": 1,
        "test_error_rate": 31.412742382271464,
        "test_macro_f1": 0.6395526167526441,
        "test_ece": 0.20221811387677607,
        "test_per_class_f1": [
          0.5748987854251012,
          0.8316151202749141,
          0.7383966244725738,
          0.8832116788321168,
          0.40707964601769914,
          0.4030131826741996,
          0.422360248447205,
          0.8379588182632051,
          0.657439446366782
        ],
        "dev_error_rate": 30.89343379978472,
        "dev_macro_f1": 0.6440791947304834,
        "dev_ece": 0.19896889403382215,
        "stopping_strategy": "baseline",
        "phase1_seed_strategy": "last",
        "phase1_best_epoch": null,
        "lambda1_mean": 1.0731402276519768,
        "lambda1_std": 0.2142099359562738,
        "lambda2_mean": 0.6139479059446428,
        "lambda2_std": 0.17643722896590908
      }
    },
    {
      "number": 1,
      "state": "COMPLETE",
      "params": {
        "lr": 9.962263135249408e-05,
        "batch_size": 16,
        "cotrain_epochs": 12,
        "finetune_patience": 8,
        "weight_decay": 0.012296963758818625,
        "warmup_ratio": 0.16909842570118053
      },
      "dev_macro_f1": 0.646043,
      "duration_seconds": 672.6,
      "full_metrics": {
        "event": "hurricane_harvey_2017",
        "budget": 5,
        "seed_set": 1,
        "test_error_rate": 31.02493074792244,
        "test_macro_f1": 0.6496722318475908,
        "test_ece": 0.17345604787572932,
        "test_per_class_f1": [
          0.6008230452674898,
          0.8206896551724138,
          0.7417218543046358,
          0.8776978417266187,
          0.3745019920318725,
          0.44324324324324327,
          0.45751633986928103,
          0.8297491039426523,
          0.7011070110701108
        ],
        "dev_error_rate": 31.216361679224967,
        "dev_macro_f1": 0.6460427484642961,
        "dev_ece": 0.16331522097756968,
        "stopping_strategy": "baseline",
        "phase1_seed_strategy": "last",
        "phase1_best_epoch": null,
        "lambda1_mean": 1.0571687242320196,
        "lambda1_std": 0.22569899506720675,
        "lambda2_mean": 0.5760986217917433,
        "lambda2_std": 0.1831713810613599
      }
    },
    {
      "number": 2,
      "state": "COMPLETE",
      "params": {
        "lr": 2.7399346505110422e-05,
        "batch_size": 32,
        "cotrain_epochs": 19,
        "finetune_patience": 5,
        "weight_decay": 0.01709569274872842,
        "warmup_ratio": 0.2639844228714182
      },
      "dev_macro_f1": 0.624795,
      "duration_seconds": 846.0,
      "full_metrics": {
        "event": "hurricane_harvey_2017",
        "budget": 5,
        "seed_set": 1,
        "test_error_rate": 33.01939058171746,
        "test_macro_f1": 0.6210215935580576,
        "test_ece": 0.25801826249859666,
        "test_per_class_f1": [
          0.5982905982905983,
          0.7959183673469388,
          0.7175572519083969,
          0.8945454545454545,
          0.3781818181818182,
          0.2894168466522678,
          0.40601503759398494,
          0.8308237378210807,
          0.6784452296819788
        ],
        "dev_error_rate": 33.04628632938643,
        "dev_macro_f1": 0.624794848289015,
        "dev_ece": 0.26199832869807926,
        "stopping_strategy": "baseline",
        "phase1_seed_strategy": "last",
        "phase1_best_epoch": null,
        "lambda1_mean": 1.0666785901984857,
        "lambda1_std": 0.22584721923786383,
        "lambda2_mean": 0.5710131709568912,
        "lambda2_std": 0.1687827608220743
      }
    },
    {
      "number": 3,
      "state": "COMPLETE",
      "params": {
        "lr": 0.00034684189444007536,
        "batch_size": 16,
        "cotrain_epochs": 14,
        "finetune_patience": 4,
        "weight_decay": 0.03240757547808853,
        "warmup_ratio": 0.17127901050818034
      },
      "dev_macro_f1": 0.052588,
      "duration_seconds": 724.6,
      "full_metrics": {
        "event": "hurricane_harvey_2017",
        "budget": 5,
        "seed_set": 1,
        "test_error_rate": 69.03047091412742,
        "test_macro_f1": 0.052547471329197216,
        "test_ece": 0.4385210720125658,
        "test_per_class_f1": [
          0.0,
          0.0,
          0.0,
          0.0,
          0.0,
          0.0,
          0.0,
          0.47292724196277497,
          0.0
        ],
        "dev_error_rate": 68.9989235737352,
        "dev_macro_f1": 0.05258833196384552,
        "dev_ece": 0.43820559933573106,
        "stopping_strategy": "baseline",
        "phase1_seed_strategy": "last",
        "phase1_best_epoch": null,
        "lambda1_mean": 0.5298314045002206,
        "lambda1_std": 0.3362309463686303,
        "lambda2_mean": 0.1124344302983222,
        "lambda2_std": 0.14865703140874534
      }
    },
    {
      "number": 4,
      "state": "COMPLETE",
      "params": {
        "lr": 8.9617345020675e-05,
        "batch_size": 8,
        "cotrain_epochs": 19,
        "finetune_patience": 4,
        "weight_decay": 0.010917761447786856,
        "warmup_ratio": 0.12210278403814323
      },
      "dev_macro_f1": 0.615595,
      "duration_seconds": 1400.2,
      "full_metrics": {
        "event": "hurricane_harvey_2017",
        "budget": 5,
        "seed_set": 1,
        "test_error_rate": 32.853185595567865,
        "test_macro_f1": 0.6222033648024008,
        "test_ece": 0.24371204156624648,
        "test_per_class_f1": [
          0.5702479338842975,
          0.8041958041958042,
          0.73828125,
          0.8794326241134752,
          0.3771043771043771,
          0.26222222222222225,
          0.4369747899159664,
          0.8317515099223468,
          0.6996197718631179
        ],
        "dev_error_rate": 33.15392895586652,
        "dev_macro_f1": 0.6155948564229831,
        "dev_ece": 0.2445292567154563,
        "stopping_strategy": "baseline",
        "phase1_seed_strategy": "last",
        "phase1_best_epoch": null,
        "lambda1_mean": 1.0283220291117818,
        "lambda1_std": 0.26207932928719885,
        "lambda2_mean": 0.556381930635359,
        "lambda2_std": 0.22765904110850482
      }
    },
    {
      "number": 5,
      "state": "COMPLETE",
      "params": {
        "lr": 8.986539311683284e-05,
        "batch_size": 16,