{
  "event": "kaikoura_earthquake_2016",
  "budget": 50,
  "seed_set": 1,
  "status": "done",
  "best_params": {
    "lr": 3.7746868931226425e-05,
    "batch_size": 32,
    "cotrain_epochs": 11,
    "finetune_patience": 6,
    "weight_decay": 0.06618374369617151,
    "warmup_ratio": 0.2957095721464508
  },
  "best_value": 0.704439,
  "best_full_metrics": {
    "event": "kaikoura_earthquake_2016",
    "budget": 50,
    "seed_set": 1,
    "test_error_rate": 25.51724137931034,
    "test_macro_f1": 0.6816244926226975,
    "test_ece": 0.09130690556833115,
    "test_per_class_f1": [
      0.6746987951807228,
      0.8125,
      0.8372093023255814,
      0.9302325581395349,
      0.5454545454545454,
      0.5379310344827586,
      0.0,
      0.891566265060241,
      0.9050279329608939
    ],
    "dev_error_rate": 24.10714285714286,
    "dev_macro_f1": 0.7044388084910645,
    "dev_ece": 0.09397682866879872,
    "stopping_strategy": "baseline",
    "phase1_seed_strategy": "last",
    "phase1_best_epoch": null,
    "lambda1_mean": 0.7923881123974363,
    "lambda1_std": 0.24464796130105412,
    "lambda2_mean": 0.2691000601229492,
    "lambda2_std": 0.1520623846977446
  },
  "n_trials": 10,
  "continued_from": null,
  "trials": [
    {
      "number": 0,
      "state": "COMPLETE",
      "params": {
        "lr": 0.0005719275526808349,
        "batch_size": 8,
        "cotrain_epochs": 9,
        "finetune_patience": 6,
        "weight_decay": 0.08788959830807501,
        "warmup_ratio": 0.29949368620638256
      },
      "dev_macro_f1": 0.040552,
      "duration_seconds": 175.8,
      "full_metrics": {
        "event": "kaikoura_earthquake_2016",
        "budget": 50,
        "seed_set": 1,
        "test_error_rate": 77.47126436781609,
        "test_macro_f1": 0.04085887012716281,
        "test_ece": 0.08035197634806579,
        "test_per_class_f1": [
          0.3677298311444653,
          0.0,
          0.0,
          0.0,
          0.0,
          0.0,
          0.0,
          0.0,
          0.0
        ],
        "dev_error_rate": 77.67857142857143,
        "dev_macro_f1": 0.040551500405515,
        "dev_ece": 0.07827890185373171,
        "stopping_strategy": "baseline",
        "phase1_seed_strategy": "last",
        "phase1_best_epoch": null,
        "lambda1_mean": 0.4376603220277451,
        "lambda1_std": 0.19918409555949831,
        "lambda2_mean": 0.08372490293942673,
        "lambda2_std": 0.06782590302968229
      }
    },
    {
      "number": 1,
      "state": "COMPLETE",
      "params": {
        "lr": 0.00043123470332123205,
        "batch_size": 64,
        "cotrain_epochs": 19,
        "finetune_patience": 4,
        "weight_decay": 0.012958629025271319,
        "warmup_ratio": 0.04665594014030776
      },
      "dev_macro_f1": 0.036484,
      "duration_seconds": 158.3,
      "full_metrics": {
        "event": "kaikoura_earthquake_2016",
        "budget": 50,
        "seed_set": 1,
        "test_error_rate": 80.22988505747126,
        "test_macro_f1": 0.03668159522286202,
        "test_ece": 0.060742923240552,
        "test_per_class_f1": [
          0.0,
          0.0,
          0.0,
          0.0,
          0.0,
          0.0,
          0.0,
          0.0,
          0.33013435700575816
        ],
        "dev_error_rate": 80.35714285714286,
        "dev_macro_f1": 0.03648424543946932,
        "dev_ece": 0.05947034526616335,
        "stopping_strategy": "baseline",
        "phase1_seed_strategy": "last",
        "phase1_best_epoch": null,
        "lambda1_mean": 0.5046772073315382,
        "lambda1_std": 0.23639047851738249,
        "lambda2_mean": 0.09363646483644653,
        "lambda2_std": 0.07438977452541784
      }
    },
    {
      "number": 2,
      "state": "COMPLETE",
      "params": {
        "lr": 0.00011758654218414413,
        "batch_size": 32,
        "cotrain_epochs": 18,
        "finetune_patience": 4,
        "weight_decay": 0.04174941540283335,
        "warmup_ratio": 0.14356742220350655
      },
      "dev_macro_f1": 0.624377,
      "duration_seconds": 165.3,
      "full_metrics": {
        "event": "kaikoura_earthquake_2016",
        "budget": 50,
        "seed_set": 1,
        "test_error_rate": 30.804597701149426,
        "test_macro_f1": 0.6175577200533968,
        "test_ece": 0.07176261016692237,
        "test_per_class_f1": [
          0.5850340136054422,
          0.5714285714285714,
          0.8217054263565892,
          0.9130434782608695,
          0.4946236559139785,
          0.49635036496350365,
          0.0,
          0.8095238095238095,
          0.8663101604278075
        ],
        "dev_error_rate": 29.01785714285714,
        "dev_macro_f1": 0.6243770918485404,
        "dev_ece": 0.07374640461057426,
        "stopping_strategy": "baseline",
        "phase1_seed_strategy": "last",
        "phase1_best_epoch": null,
        "lambda1_mean": 1.013119604779767,
        "lambda1_std": 0.29663786318138435,
        "lambda2_mean": 0.5494147768433328,
        "lambda2_std": 0.21606545053074075
      }
    },
    {
      "number": 3,
      "state": "COMPLETE",
      "params": {
        "lr": 2.155254526754739e-05,
        "batch_size": 32,
        "cotrain_epochs": 16,
        "finetune_patience": 7,
        "weight_decay": 0.05577345315993262,
        "warmup_ratio": 0.21922814129790813
      },
      "dev_macro_f1": 0.674391,
      "duration_seconds": 161.6,
      "full_metrics": {
        "event": "kaikoura_earthquake_2016",
        "budget": 50,
        "seed_set": 1,
        "test_error_rate": 22.528735632183906,
        "test_macro_f1": 0.7467005188727815,
        "test_ece": 0.07691718771539885,
        "test_per_class_f1": [
          0.7444444444444445,
          0.7142857142857143,
          0.859375,
          0.9545454545454546,
          0.6067415730337079,
          0.5289256198347108,
          0.5,
          0.8809523809523809,
          0.9310344827586207
        ],
        "dev_error_rate": 24.55357142857143,
        "dev_macro_f1": 0.674390756445538,
        "dev_ece": 0.10978895119790519,
        "stopping_strategy": "baseline",
        "phase1_seed_strategy": "last",
        "phase1_best_epoch": null,
        "lambda1_mean": 0.9113771968223694,
        "lambda1_std": 0.213187952222787,
        "lambda2_mean": 0.3093148027733966,
        "lambda2_std": 0.1448107308472742
      }
    },
    {
      "number": 4,
      "state": "COMPLETE",
      "params": {
        "lr": 0.00019043862002607358,
        "batch_size": 8,
        "cotrain_epochs": 15,
        "finetune_patience": 8,
        "weight_decay": 0.01810375857788632,
        "warmup_ratio": 0.09366275656608154
      },
      "dev_macro_f1": 0.040552,
      "duration_seconds": 252.8,
      "full_metrics": {
        "event": "kaikoura_earthquake_2016",
        "budget": 50,
        "seed_set": 1,
        "test_error_rate": 77.47126436781609,
        "test_macro_f1": 0.04085887012716281,
        "test_ece": 0.0974507426393443,
        "test_per_class_f1": [
          0.3677298311444653,
          0.0,
          0.0,
          0.0,
          0.0,
          0.0,
          0.0,
          0.0,
          0.0
        ],
        "dev_error_rate": 77.67857142857143,
        "dev_macro_f1": 0.040551500405515,
        "dev_ece": 0.0953776664765818,
        "stopping_strategy": "baseline",
        "phase1_seed_strategy": "last",
        "phase1_best_epoch": null,
        "lambda1_mean": 0.34861332930231687,
        "lambda1_std": 0.24934216124732636,
        "lambda2_mean": 0.1050064531570378,
        "lambda2_std": 0.11814254046027257
      }
    },
    {
      "number": 5,
      "state": "COMPLETE",
      "params": {
        "lr": 6.326650474235899e-05,
        "batch_size": 32,
        "cotrain_epochs": 17,
        "finetune_patience": 5,
        "weight_decay": 0.088867841930453,
        "warmup_ratio": 0.016350330094044362
      },
      "dev_macro_f1": 0.681889,
      "duration_seconds": 166.1,