{
  "event": "kerala_floods_2018",
  "budget": 10,
  "seed_set": 3,
  "test_error_rate": 92.22503160556258,
  "test_macro_f1": 0.03251140334884501,
  "test_ece": 0.052151198375277805,
  "test_per_class_f1": [
    0.0,
    0.0,
    0.07390817469204927,
    0.0,
    0.018018018018018018,
    0.20067643742953778,
    0.0,
    0.0,
    0.0
  ],
  "dev_error_rate": 92.38329238329239,
  "dev_macro_f1": 0.03678171360843595,
  "dev_ece": 0.05337038682888122
}