{
  "event": "kaikoura_earthquake_2016",
  "budget": 25,
  "seed_set": 1,
  "test_error_rate": 25.51724137931034,
  "test_macro_f1": 0.6620327318988479,
  "test_ece": 0.08988184867234064,
  "test_per_class_f1": [
    0.7167630057803468,
    0.7058823529411765,
    0.8148148148148148,
    0.9130434782608695,
    0.5581395348837209,
    0.48333333333333334,
    0.0,
    0.851063829787234,
    0.9152542372881356
  ],
  "dev_error_rate": 24.55357142857143,
  "dev_macro_f1": 0.6868378270920533,
  "dev_ece": 0.10052829089441466,
  "stopping_strategy": "baseline",
  "phase1_seed_strategy": "last",
  "phase1_best_epoch": null,
  "lambda1_mean": 0.9082422950974051,
  "lambda1_std": 0.24262696487010282,
  "lambda2_mean": 0.329832525736143,
  "lambda2_std": 0.1419560134003462
}