{
  "event": "california_wildfires_2018",
  "budget": 50,
  "seed_set": 2,
  "test_error_rate": 25.73579739904175,
  "test_macro_f1": 0.6157292292257522,
  "test_ece": 0.05520313471290529,
  "test_per_class_f1": [
    0.52,
    0.7471264367816092,
    0.5989304812834224,
    0.9236739974126779,
    0.6947368421052632,
    0.7020109689213894,
    0.4144144144144144,
    0.0,
    0.8367729831144465,
    0.719626168224299
  ],
  "dev_error_rate": 25.930851063829785,
  "dev_macro_f1": 0.6120059896729156,
  "dev_ece": 0.0696000610775453,
  "stopping_strategy": "baseline",
  "phase1_seed_strategy": "last",
  "phase1_best_epoch": null,
  "lambda1_mean": 0.9575049069201848,
  "lambda1_std": 0.32469724606393036,
  "lambda2_mean": 0.5028188875292512,
  "lambda2_std": 0.22247420130304996
}