{
  "event": "california_wildfires_2018",
  "budget": 10,
  "seed_set": 1,
  "test_error_rate": 26.9678302532512,
  "test_macro_f1": 0.6112280033808968,
  "test_ece": 0.11404437057209862,
  "test_per_class_f1": [
    0.6037735849056604,
    0.7428571428571429,
    0.5803108808290155,
    0.920881971465629,
    0.7,
    0.682842287694974,
    0.3086816720257235,
    0.0,
    0.8376383763837638,
    0.7352941176470589
  ],
  "dev_error_rate": 25.531914893617024,
  "dev_macro_f1": 0.6066233575555415,
  "dev_ece": 0.10524998375392973,
  "stopping_strategy": "baseline",
  "phase1_seed_strategy": "last",
  "phase1_best_epoch": null,
  "lambda1_mean": 0.9819652026464147,
  "lambda1_std": 0.30680669259700755,
  "lambda2_mean": 0.47085057441147166,
  "lambda2_std": 0.198230983290544
}