{
  "event": "kerala_floods_2018",
  "budget": 10,
  "seed_set": 3,
  "test_error_rate": 56.447534766118835,
  "test_macro_f1": 0.22700065752656456,
  "test_ece": 0.34939369801361253,
  "test_per_class_f1": [
    0.0,
    0.0,
    0.147239263803681,
    0.48520710059171596,
    0.4017467248908297,
    0.0,
    0.016129032258064516,
    0.608806636885769,
    0.3838771593090211
  ],
  "dev_error_rate": 54.17690417690417,
  "dev_macro_f1": 0.22901696022042162,
  "dev_ece": 0.33940631250052256,
  "stopping_strategy": "baseline",
  "phase1_seed_strategy": "last",
  "phase1_best_epoch": null,
  "lambda1_mean": 0.9412394353987038,
  "lambda1_std": 0.36250104380859255,
  "lambda2_mean": 0.44999487164322627,
  "lambda2_std": 0.21353838724510807
}