{
  "event": "canada_wildfires_2016",
  "budget": 5,
  "seed_set": 2,
  "status": "done",
  "best_params": {
    "lr": 2.0943216301825913e-05,
    "batch_size": 32,
    "cotrain_epochs": 18,
    "finetune_patience": 9,
    "weight_decay": 0.054907528529220796,
    "warmup_ratio": 0.18529404676095051
  },
  "best_value": 0.548552,
  "best_full_metrics": {
    "event": "canada_wildfires_2016",
    "budget": 5,
    "seed_set": 2,
    "test_error_rate": 23.370786516853936,
    "test_macro_f1": 0.5566378849644132,
    "test_ece": 0.1677865250057049,
    "test_per_class_f1": [
      0.25806451612903225,
      0.8805031446540881,
      0.8932038834951457,
      0.2857142857142857,
      0.42201834862385323,
      0.0,
      0.9010989010989011,
      0.8125
    ],
    "dev_error_rate": 22.807017543859654,
    "dev_macro_f1": 0.5485520254341674,
    "dev_ece": 0.17136850508681517,
    "stopping_strategy": "baseline",
    "phase1_seed_strategy": "last",
    "phase1_best_epoch": null,
    "lambda1_mean": 1.0284849453518454,
    "lambda1_std": 0.22242836883183237,
    "lambda2_mean": 0.4922131043189372,
    "lambda2_std": 0.17191630536405542
  },
  "n_trials": 10,
  "continued_from": null,
  "trials": [
    {
      "number": 0,
      "state": "COMPLETE",
      "params": {
        "lr": 0.0004997827858580167,
        "batch_size": 32,
        "cotrain_epochs": 20,
        "finetune_patience": 7,
        "weight_decay": 0.031920870332406925,
        "warmup_ratio": 0.07533910817964773
      },
      "dev_macro_f1": 0.073529,
      "duration_seconds": 217.2,
      "full_metrics": {
        "event": "canada_wildfires_2016",
        "budget": 5,
        "seed_set": 2,
        "test_error_rate": 58.20224719101124,
        "test_macro_f1": 0.07369255150554675,
        "test_ece": 0.45863790579056474,
        "test_per_class_f1": [
          0.0,
          0.0,
          0.0,
          0.0,
          0.0,
          0.0,
          0.589540412044374,
          0.0
        ],
        "dev_error_rate": 58.33333333333333,
        "dev_macro_f1": 0.07352941176470588,
        "dev_ece": 0.45994876481984787,
        "stopping_strategy": "baseline",
        "phase1_seed_strategy": "last",
        "phase1_best_epoch": null,
        "lambda1_mean": 0.5320675663993679,
        "lambda1_std": 0.4268924601645749,
        "lambda2_mean": 0.21340284303853535,
        "lambda2_std": 0.25018669079350364
      }
    },
    {
      "number": 1,
      "state": "COMPLETE",
      "params": {
        "lr": 0.000357266329113275,
        "batch_size": 64,
        "cotrain_epochs": 13,
        "finetune_patience": 5,
        "weight_decay": 0.0872883696628026,
        "warmup_ratio": 0.14750173441661893
      },
      "dev_macro_f1": 0.073529,
      "duration_seconds": 137.7,
      "full_metrics": {
        "event": "canada_wildfires_2016",
        "budget": 5,
        "seed_set": 2,
        "test_error_rate": 58.20224719101124,
        "test_macro_f1": 0.07369255150554675,
        "test_ece": 0.2978956723481082,
        "test_per_class_f1": [
          0.0,
          0.0,
          0.0,
          0.0,
          0.0,
          0.0,
          0.589540412044374,
          0.0
        ],
        "dev_error_rate": 58.33333333333333,
        "dev_macro_f1": 0.07352941176470588,
        "dev_ece": 0.2992064809067207,
        "stopping_strategy": "baseline",
        "phase1_seed_strategy": "last",
        "phase1_best_epoch": null,
        "lambda1_mean": 0.6614746678722211,
        "lambda1_std": 0.33221220328658685,
        "lambda2_mean": 0.18533161276696059,
        "lambda2_std": 0.19877707911978487
      }
    },
    {
      "number": 2,
      "state": "COMPLETE",
      "params": {
        "lr": 1.8707876899402997e-05,
        "batch_size": 64,
        "cotrain_epochs": 17,
        "finetune_patience": 8,
        "weight_decay": 0.09784513472688214,
        "warmup_ratio": 0.20285825685494174
      },
      "dev_macro_f1": 0.547323,
      "duration_seconds": 181.9,
      "full_metrics": {
        "event": "canada_wildfires_2016",
        "budget": 5,
        "seed_set": 2,
        "test_error_rate": 26.96629213483146,
        "test_macro_f1": 0.5572359000101019,
        "test_ece": 0.061166569992397606,
        "test_per_class_f1": [
          0.3333333333333333,
          0.8862275449101796,
          0.8846153846153846,
          0.3050847457627119,
          0.37383177570093457,
          0.0,
          0.8493975903614458,
          0.8253968253968254
        ],
        "dev_error_rate": 27.192982456140346,
        "dev_macro_f1": 0.5473229236065189,
        "dev_ece": 0.051737362486228594,
        "stopping_strategy": "baseline",
        "phase1_seed_strategy": "last",
        "phase1_best_epoch": null,
        "lambda1_mean": 0.934567222187233,
        "lambda1_std": 0.2414265264265964,
        "lambda2_mean": 0.3841557811450336,
        "lambda2_std": 0.1696570085290808
      }
    },
    {
      "number": 3,
      "state": "COMPLETE",
      "params": {
        "lr": 0.00048251160665133504,
        "batch_size": 32,
        "cotrain_epochs": 7,
        "finetune_patience": 5,
        "weight_decay": 0.06858146018446104,
        "warmup_ratio": 0.2361516625301363
      },
      "dev_macro_f1": 0.073529,
      "duration_seconds": 95.4,
      "full_metrics": {
        "event": "canada_wildfires_2016",
        "budget": 5,
        "seed_set": 2,
        "test_error_rate": 58.20224719101124,
        "test_macro_f1": 0.07369255150554675,
        "test_ece": 0.28357652640074826,
        "test_per_class_f1": [
          0.0,
          0.0,
          0.0,
          0.0,
          0.0,
          0.0,
          0.589540412044374,
          0.0
        ],
        "dev_error_rate": 58.33333333333333,
        "dev_macro_f1": 0.07352941176470588,
        "dev_ece": 0.28488738834857935,
        "stopping_strategy": "baseline",
        "phase1_seed_strategy": "last",
        "phase1_best_epoch": null,
        "lambda1_mean": 0.5902670390890816,
        "lambda1_std": 0.3466653158254515,
        "lambda2_mean": 0.18296406608985746,
        "lambda2_std": 0.18286806717273824
      }
    },
    {
      "number": 4,
      "state": "COMPLETE",
      "params": {
        "lr": 0.00029532665204601353,
        "batch_size": 8,
        "cotrain_epochs": 16,
        "finetune_patience": 9,
        "weight_decay": 0.027765365845263103,
        "warmup_ratio": 0.09714219151350952
      },
      "dev_macro_f1": 0.073529,
      "duration_seconds": 335.7,
      "full_metrics": {
        "event": "canada_wildfires_2016",
        "budget": 5,
        "seed_set": 2,
        "test_error_rate": 58.20224719101124,
        "test_macro_f1": 0.07369255150554675,
        "test_ece": 0.5047265170665269,
        "test_per_class_f1": [
          0.0,
          0.0,
          0.0,
          0.0,
          0.0,
          0.0,
          0.589540412044374,
          0.0
        ],
        "dev_error_rate": 58.33333333333333,
        "dev_macro_f1": 0.07352941176470588,
        "dev_ece": 0.5060373782588725,
        "stopping_strategy": "baseline",
        "phase1_seed_strategy": "last",
        "phase1_best_epoch": null,
        "lambda1_mean": 0.5074564818370156,
        "lambda1_std": 0.4862014790121863,
        "lambda2_mean": 0.27335483564904733,
        "lambda2_std": 0.3348936156789265
      }
    },
    {
      "number": 5,
      "state": "COMPLETE",
      "params": {
        "lr": 1.6772024646503495e-05,
        "batch_size": 16,
        "cotrain_epochs": 9,
        "finetune_patience": 8,
        "weight_decay": 0.09887229209891861,
        "warmup_ratio": 0.0990148844169625
      },
      "dev_macro_f1": 0.529726,
      "duration_seconds": 130.9,
      "full_metrics": {
        "event": "canada_wildfires_2016",
        "budget": 5,
        "seed_set": 2,
        "test_error_rate": 23.146067415730343,
        "test_macro_f1": 0.547284791573383,
        "test_ece": 0.15220337664143424,