{
  "event": "cyclone_idai_2019",
  "budget": 50,
  "seed_set": 1,
  "status": "done",
  "best_params": {
    "lr": 6.886398881395743e-05,
    "batch_size": 16,
    "cotrain_epochs": 13,
    "finetune_patience": 5,
    "weight_decay": 0.0887716777242426,
    "warmup_ratio": 0.23301334172655627
  },
  "best_value": 0.575641,
  "best_full_metrics": {
    "event": "cyclone_idai_2019",
    "budget": 50,
    "seed_set": 1,
    "test_error_rate": 26.059050064184852,
    "test_macro_f1": 0.6400009957773927,
    "test_ece": 0.11276569051981276,
    "test_per_class_f1": [
      0.3880597014925373,
      0.5,
      0.7837837837837838,
      0.9195402298850575,
      0.8571428571428571,
      0.4,
      0.39436619718309857,
      0.5,
      0.828101644245142,
      0.8290155440414507
    ],
    "dev_error_rate": 27.68079800498753,
    "dev_macro_f1": 0.5756412537118002,
    "dev_ece": 0.1358211641745674,
    "stopping_strategy": "baseline",
    "phase1_seed_strategy": "last",
    "phase1_best_epoch": null,
    "lambda1_mean": 0.9617489960860665,
    "lambda1_std": 0.3143730414211517,
    "lambda2_mean": 0.5774571823783972,
    "lambda2_std": 0.2613932086677595
  },
  "n_trials": 10,
  "continued_from": null,
  "trials": [
    {
      "number": 0,
      "state": "COMPLETE",
      "params": {
        "lr": 1.9630438583243636e-05,
        "batch_size": 8,
        "cotrain_epochs": 13,
        "finetune_patience": 10,
        "weight_decay": 0.09038838030090718,
        "warmup_ratio": 0.0975516378933688
      },
      "dev_macro_f1": 0.554889,
      "duration_seconds": 446.4,
      "full_metrics": {
        "event": "cyclone_idai_2019",
        "budget": 50,
        "seed_set": 1,
        "test_error_rate": 27.599486521181007,
        "test_macro_f1": 0.590631024344087,
        "test_ece": 0.08424002877095857,
        "test_per_class_f1": [
          0.40816326530612246,
          0.4878048780487805,
          0.76,
          0.9239766081871345,
          0.4,
          0.4074074074074074,
          0.36129032258064514,
          0.5,
          0.8079268292682927,
          0.8497409326424871
        ],
        "dev_error_rate": 27.930174563591027,
        "dev_macro_f1": 0.5548888057464878,
        "dev_ece": 0.09749262454801073,
        "stopping_strategy": "baseline",
        "phase1_seed_strategy": "last",
        "phase1_best_epoch": null,
        "lambda1_mean": 0.963386712858712,
        "lambda1_std": 0.31531555818078916,
        "lambda2_mean": 0.5988651480759305,
        "lambda2_std": 0.25604688328912817
      }
    },
    {
      "number": 1,
      "state": "COMPLETE",
      "params": {
        "lr": 0.0008589815856541291,
        "batch_size": 16,
        "cotrain_epochs": 5,
        "finetune_patience": 10,
        "weight_decay": 0.07012621040536904,
        "warmup_ratio": 0.2707329792972403
      },
      "dev_macro_f1": 0.021778,
      "duration_seconds": 156.0,
      "full_metrics": {
        "event": "cyclone_idai_2019",
        "budget": 50,
        "seed_set": 1,
        "test_error_rate": 87.8048780487805,
        "test_macro_f1": 0.021739130434782608,
        "test_ece": 0.04374040230936507,
        "test_per_class_f1": [
          0.0,
          0.0,
          0.0,
          0.0,
          0.0,
          0.0,
          0.0,
          0.0,
          0.0,
          0.21739130434782608
        ],
        "dev_error_rate": 87.78054862842892,
        "dev_macro_f1": 0.021777777777777778,
        "dev_ece": 0.04349710805309087,
        "stopping_strategy": "baseline",
        "phase1_seed_strategy": "last",
        "phase1_best_epoch": null,
        "lambda1_mean": 0.633233180126888,
        "lambda1_std": 0.4295554387596358,
        "lambda2_mean": 0.20229050759915887,
        "lambda2_std": 0.19029819977697707
      }
    },
    {
      "number": 2,
      "state": "COMPLETE",
      "params": {
        "lr": 1.3682156414426972e-05,
        "batch_size": 32,
        "cotrain_epochs": 5,
        "finetune_patience": 8,
        "weight_decay": 0.05024254353300191,
        "warmup_ratio": 0.1075163558907786
      },
      "dev_macro_f1": 0.475244,
      "duration_seconds": 193.9,
      "full_metrics": {
        "event": "cyclone_idai_2019",
        "budget": 50,
        "seed_set": 1,
        "test_error_rate": 29.910141206675224,
        "test_macro_f1": 0.6059172785934488,
        "test_ece": 0.04650087273931933,
        "test_per_class_f1": [
          0.42105263157894735,
          0.3902439024390244,
          0.7945205479452054,
          0.9120879120879121,
          0.8571428571428571,
          0.35714285714285715,
          0.37142857142857144,
          0.37894736842105264,
          0.7851622874806801,
          0.7914438502673797
        ],
        "dev_error_rate": 35.411471321695764,
        "dev_macro_f1": 0.475243642883152,
        "dev_ece": 0.07208026206106914,
        "stopping_strategy": "baseline",
        "phase1_seed_strategy": "last",
        "phase1_best_epoch": null,
        "lambda1_mean": 0.7215196286814145,
        "lambda1_std": 0.3572022539235674,
        "lambda2_mean": 0.24251182545994648,
        "lambda2_std": 0.1546793153211354
      }
    },
    {
      "number": 3,
      "state": "COMPLETE",
      "params": {
        "lr": 0.00027427458083387386,
        "batch_size": 8,
        "cotrain_epochs": 13,
        "finetune_patience": 5,
        "weight_decay": 0.059639987061017335,
        "warmup_ratio": 0.2176428678021935
      },
      "dev_macro_f1": 0.064527,
      "duration_seconds": 414.4,
      "full_metrics": {
        "event": "cyclone_idai_2019",
        "budget": 50,
        "seed_set": 1,
        "test_error_rate": 52.503209242618745,
        "test_macro_f1": 0.06440382941688425,
        "test_ece": 0.3529536179978214,
        "test_per_class_f1": [
          0.0,
          0.0,
          0.0,
          0.0,
          0.0,
          0.0,
          0.0,
          0.0,
          0.6440382941688425,
          0.0
        ],
        "dev_error_rate": 52.36907730673317,
        "dev_macro_f1": 0.06452702702702703,
        "dev_ece": 0.35429493733623674,
        "stopping_strategy": "baseline",
        "phase1_seed_strategy": "last",
        "phase1_best_epoch": null,
        "lambda1_mean": 0.7271646279097163,
        "lambda1_std": 0.4505571126774275,
        "lambda2_mean": 0.2780951701068878,
        "lambda2_std": 0.26053030073789557
      }
    },
    {
      "number": 4,
      "state": "COMPLETE",
      "params": {
        "lr": 2.4512645156917617e-05,
        "batch_size": 8,
        "cotrain_epochs": 8,
        "finetune_patience": 5,
        "weight_decay": 0.003019761824338163,
        "warmup_ratio": 0.09482987396550457
      },
      "dev_macro_f1": 0.526638,
      "duration_seconds": 294.5,
      "full_metrics": {
        "event": "cyclone_idai_2019",
        "budget": 50,
        "seed_set": 1,
        "test_error_rate": 27.08600770218228,
        "test_macro_f1": 0.6389318999278999,
        "test_ece": 0.04498274553571952,
        "test_per_class_f1": [
          0.5416666666666666,
          0.5555555555555556,
          0.7814569536423841,
          0.9310344827586207,
          0.6666666666666666,
          0.3333333333333333,
          0.37362637362637363,
          0.5625,
          0.8030534351145038,
          0.8404255319148937
        ],
        "dev_error_rate": 30.17456359102244,
        "dev_macro_f1": 0.5266376520351568,
        "dev_ece": 0.06377517708816433,
        "stopping_strategy": "baseline",
        "phase1_seed_strategy": "last",
        "phase1_best_epoch": null,
        "lambda1_mean": 0.939231247972184,
        "lambda1_std": 0.3196554691920938,
        "lambda2_mean": 0.5662237106793402,
        "lambda2_std": 0.2733532125505004
      }
    },
    {
      "number": 5,
      "state": "COMPLETE",
      "params": {
        "lr": 0.000590932695670348,
        "batch_size": 32,
        "cotrain_epochs": 15,
        "finetune_patience": 9,