{
  "event": "kaikoura_earthquake_2016",
  "budget": 5,
  "seed_set": 3,
  "test_error_rate": 67.35632183908045,
  "test_macro_f1": 0.18686617821595047,
  "test_ece": 0.10558020215609977,
  "test_per_class_f1": [
    0.3431372549019608,
    0.14432989690721648,
    0.18867924528301888,
    0.25688073394495414,
    0.0,
    0.0,
    0.0,
    0.0,
    0.7487684729064039
  ],
  "dev_error_rate": 66.07142857142857,
  "dev_macro_f1": 0.19880475323098273,
  "dev_ece": 0.0981132152623364,
  "stopping_strategy": "baseline",
  "phase1_seed_strategy": "last",
  "phase1_best_epoch": null,
  "lambda1_mean": 0.8714185932569624,
  "lambda1_std": 0.3652032594635302,
  "lambda2_mean": 0.3641370664463274,
  "lambda2_std": 0.19522263405638798
}