{
  "event": "kerala_floods_2018",
  "budget": 25,
  "seed_set": 3,
  "status": "done",
  "best_params": {
    "lr": 3.720244592715538e-05,
    "batch_size": 32,
    "cotrain_epochs": 5,
    "finetune_patience": 10,
    "weight_decay": 0.04951784660262785,
    "warmup_ratio": 0.08114937071971987
  },
  "best_value": 0.597154,
  "best_full_metrics": {
    "event": "kerala_floods_2018",
    "budget": 25,
    "seed_set": 3,
    "test_error_rate": 35.145385587863466,
    "test_macro_f1": 0.5552948303511493,
    "test_ece": 0.14549179038906515,
    "test_per_class_f1": [
      0.5263157894736842,
      0.18181818181818182,
      0.5170068027210885,
      0.8666666666666667,
      0.4236453201970443,
      0.3982102908277405,
      0.6413793103448275,
      0.7652777777777777,
      0.6773333333333333
    ],
    "dev_error_rate": 33.53808353808354,
    "dev_macro_f1": 0.5971543632934156,
    "dev_ece": 0.14250061472452244,
    "stopping_strategy": "baseline",
    "phase1_seed_strategy": "last",
    "phase1_best_epoch": null,
    "lambda1_mean": 1.0119536273320437,
    "lambda1_std": 0.27077588479864495,
    "lambda2_mean": 0.4411281808795518,
    "lambda2_std": 0.17642231252138235
  },
  "n_trials": 10,
  "continued_from": null,
  "trials": [
    {
      "number": 0,
      "state": "COMPLETE",
      "params": {
        "lr": 3.720244592715538e-05,
        "batch_size": 32,
        "cotrain_epochs": 5,
        "finetune_patience": 10,
        "weight_decay": 0.04951784660262785,
        "warmup_ratio": 0.08114937071971987
      },
      "dev_macro_f1": 0.597154,
      "duration_seconds": 296.2,
      "full_metrics": {
        "event": "kerala_floods_2018",
        "budget": 25,
        "seed_set": 3,
        "test_error_rate": 35.145385587863466,
        "test_macro_f1": 0.5552948303511493,
        "test_ece": 0.14549179038906515,
        "test_per_class_f1": [
          0.5263157894736842,
          0.18181818181818182,
          0.5170068027210885,
          0.8666666666666667,
          0.4236453201970443,
          0.3982102908277405,
          0.6413793103448275,
          0.7652777777777777,
          0.6773333333333333
        ],
        "dev_error_rate": 33.53808353808354,
        "dev_macro_f1": 0.5971543632934156,
        "dev_ece": 0.14250061472452244,
        "stopping_strategy": "baseline",
        "phase1_seed_strategy": "last",
        "phase1_best_epoch": null,
        "lambda1_mean": 1.0119536273320437,
        "lambda1_std": 0.27077588479864495,
        "lambda2_mean": 0.4411281808795518,
        "lambda2_std": 0.17642231252138235
      }
    },
    {
      "number": 1,
      "state": "COMPLETE",
      "params": {
        "lr": 0.0005920252090308636,
        "batch_size": 8,
        "cotrain_epochs": 10,
        "finetune_patience": 6,
        "weight_decay": 0.0756543923349028,
        "warmup_ratio": 0.18035605424838438
      },
      "dev_macro_f1": 0.077742,
      "duration_seconds": 739.0,
      "full_metrics": {
        "event": "kerala_floods_2018",
        "budget": 25,
        "seed_set": 3,
        "test_error_rate": 46.207332490518326,
        "test_macro_f1": 0.07772754258574234,
        "test_ece": 0.40185796508068683,
        "test_per_class_f1": [
          0.0,
          0.0,
          0.0,
          0.0,
          0.0,
          0.0,
          0.0,
          0.699547883271681,
          0.0
        ],
        "dev_error_rate": 46.1916461916462,
        "dev_macro_f1": 0.07774227902023428,
        "dev_ece": 0.4020148299323253,
        "stopping_strategy": "baseline",
        "phase1_seed_strategy": "last",
        "phase1_best_epoch": null,
        "lambda1_mean": 0.6180271307178478,
        "lambda1_std": 0.5171300789673786,
        "lambda2_mean": 0.3057927034044621,
        "lambda2_std": 0.28399319666400114
      }
    },
    {
      "number": 2,
      "state": "COMPLETE",
      "params": {
        "lr": 0.00014688406788397444,
        "batch_size": 64,
        "cotrain_epochs": 16,
        "finetune_patience": 7,
        "weight_decay": 0.026648098891917906,
        "warmup_ratio": 0.024204789580016792
      },
      "dev_macro_f1": 0.591658,
      "duration_seconds": 590.9,
      "full_metrics": {
        "event": "kerala_floods_2018",
        "budget": 25,
        "seed_set": 3,
        "test_error_rate": 30.21491782553729,
        "test_macro_f1": 0.5591337550751029,
        "test_ece": 0.19473535236908424,
        "test_per_class_f1": [
          0.4838709677419355,
          0.22641509433962265,
          0.5112781954887218,
          0.8088235294117647,
          0.4489795918367347,
          0.37988826815642457,
          0.6774193548387096,
          0.8332337118947998,
          0.6622950819672131
        ],
        "dev_error_rate": 28.62407862407862,
        "dev_macro_f1": 0.5916584962266384,
        "dev_ece": 0.19123528714701352,
        "stopping_strategy": "baseline",
        "phase1_seed_strategy": "last",
        "phase1_best_epoch": null,
        "lambda1_mean": 1.0793495303794935,
        "lambda1_std": 0.19382956855904726,
        "lambda2_mean": 0.6762490749261776,
        "lambda2_std": 0.1837540142262813
      }
    },
    {
      "number": 3,
      "state": "COMPLETE",
      "params": {
        "lr": 7.7133732897928e-05,
        "batch_size": 16,
        "cotrain_epochs": 9,
        "finetune_patience": 4,
        "weight_decay": 0.03531138827714288,
        "warmup_ratio": 0.11125499207247604
      },
      "dev_macro_f1": 0.557041,
      "duration_seconds": 462.1,
      "full_metrics": {
        "event": "kerala_floods_2018",
        "budget": 25,
        "seed_set": 3,
        "test_error_rate": 34.89254108723136,
        "test_macro_f1": 0.536415664770321,
        "test_ece": 0.1799712325016557,
        "test_per_class_f1": [
          0.379746835443038,
          0.24242424242424243,
          0.5333333333333333,
          0.8082191780821918,
          0.40540540540540543,
          0.37583892617449666,
          0.6245847176079734,
          0.7876344086021505,
          0.6705539358600583
        ],
        "dev_error_rate": 35.5036855036855,
        "dev_macro_f1": 0.5570412565105172,
        "dev_ece": 0.1742585304145145,
        "stopping_strategy": "baseline",
        "phase1_seed_strategy": "last",
        "phase1_best_epoch": null,
        "lambda1_mean": 1.0027847475627292,
        "lambda1_std": 0.2383238450102497,
        "lambda2_mean": 0.2627196864533752,
        "lambda2_std": 0.23290100515148018
      }
    },
    {
      "number": 4,
      "state": "COMPLETE",
      "params": {
        "lr": 0.0004418056328920561,
        "batch_size": 16,
        "cotrain_epochs": 11,
        "finetune_patience": 4,
        "weight_decay": 0.09290425699064057,
        "warmup_ratio": 0.14658752088863017
      },
      "dev_macro_f1": 0.077742,
      "duration_seconds": 529.5,
      "full_metrics": {
        "event": "kerala_floods_2018",
        "budget": 25,
        "seed_set": 3,
        "test_error_rate": 46.207332490518326,
        "test_macro_f1": 0.07772754258574234,
        "test_ece": 0.12778364417676524,
        "test_per_class_f1": [
          0.0,
          0.0,
          0.0,
          0.0,
          0.0,
          0.0,
          0.0,
          0.699547883271681,
          0.0
        ],
        "dev_error_rate": 46.1916461916462,
        "dev_macro_f1": 0.07774227902023428,
        "dev_ece": 0.12762685013930397,
        "stopping_strategy": "baseline",
        "phase1_seed_strategy": "last",
        "phase1_best_epoch": null,
        "lambda1_mean": 0.6246076669136338,
        "lambda1_std": 0.5252334150897912,
        "lambda2_mean": 0.3343981238403506,
        "lambda2_std": 0.3112317034821338
      }
    },
    {
      "number": 5,
      "state": "COMPLETE",
      "params": {
        "lr": 0.00017944326947460604,
        "batch_size": 8,
        "cotrain_epochs": 16,
        "finetune_patience": 7,
        "weight_decay": 0.04207912870416513,