{
  "event": "hurricane_dorian_2019",
  "budget": 50,
  "seed_set": 1,
  "test_error_rate": 41.44562334217506,
  "test_macro_f1": 0.5291487744365858,
  "test_ece": 0.15360910009681705,
  "test_per_class_f1": [
    0.5481481481481482,
    0.8818443804034583,
    0.5872576177285319,
    0.2857142857142857,
    0.5714285714285714,
    0.12462908011869436,
    0.1651376146788991,
    0.7696078431372549,
    0.8285714285714286
  ],
  "dev_error_rate": 43.81443298969072,
  "dev_macro_f1": 0.5161571504564056,
  "dev_ece": 0.17017446855832008,
  "stopping_strategy": "baseline",
  "phase1_seed_strategy": "last",
  "phase1_best_epoch": null,
  "lambda1_mean": 1.0539107729293076,
  "lambda1_std": 0.1830449126950002,
  "lambda2_mean": 0.5570843759895834,
  "lambda2_std": 0.1600015437283943
}