{
  "event": "kerala_floods_2018",
  "budget": 10,
  "seed_set": 2,
  "test_error_rate": 94.75347661188368,
  "test_macro_f1": 0.02802166356118769,
  "test_ece": 0.10653448929979588,
  "test_per_class_f1": [
    0.0,
    0.0,
    0.06602475928473177,
    0.0,
    0.0,
    0.18617021276595744,
    0.0,
    0.0,
    0.0
  ],
  "dev_error_rate": 93.98034398034399,
  "dev_macro_f1": 0.03340842777462496,
  "dev_ece": 0.09835506168352004
}