{
  "event": "hurricane_dorian_2019",
  "budget": 10,
  "seed_set": 2,
  "test_error_rate": 63.395225464190986,
  "test_macro_f1": 0.3033976264335305,
  "test_ece": 0.2721892477307143,
  "test_per_class_f1": [
    0.44991212653778556,
    0.722972972972973,
    0.0,
    0.07476635514018691,
    0.39285714285714285,
    0.0,
    0.10101010101010101,
    0.37994722955145116,
    0.6091127098321343
  ],
  "dev_error_rate": 63.27319587628865,
  "dev_macro_f1": 0.2983377486443005,
  "dev_ece": 0.27125927665722127,
  "stopping_strategy": "baseline",
  "phase1_seed_strategy": "last",
  "phase1_best_epoch": null,
  "lambda1_mean": 0.9818358900229108,
  "lambda1_std": 0.316777731923908,
  "lambda2_mean": 0.4794708558632018,
  "lambda2_std": 0.21545104869906026
}