{
  "event": "hurricane_irma_2017",
  "budget": 25,
  "seed_set": 2,
  "test_error_rate": 40.65520945220194,
  "test_macro_f1": 0.5765209012595958,
  "test_ece": 0.08729730259174946,
  "test_per_class_f1": [
    0.4979253112033195,
    0.7436619718309859,
    0.7112232030264817,
    0.8923884514435696,
    0.4496124031007752,
    0.31550068587105623,
    0.29508196721311475,
    0.6352941176470588,
    0.648
  ],
  "dev_error_rate": 38.51774530271399,
  "dev_macro_f1": 0.5975252169287155,
  "dev_ece": 0.10158954344549857,
  "stopping_strategy": "baseline",
  "phase1_seed_strategy": "last",
  "phase1_best_epoch": null,
  "lambda1_mean": 0.578962461260186,
  "lambda1_std": 0.1101862692271146,
  "lambda2_mean": 0.15091684320974966,
  "lambda2_std": 0.03817958851023295
}