{
  "event": "kaikoura_earthquake_2016",
  "budget": 25,
  "seed_set": 2,
  "status": "done",
  "best_params": {
    "lr": 4.887675698368669e-05,
    "batch_size": 16,
    "cotrain_epochs": 12,
    "finetune_patience": 4,
    "weight_decay": 0.07955675417318109,
    "warmup_ratio": 0.2525055883850388
  },
  "best_value": 0.692545,
  "best_full_metrics": {
    "event": "kaikoura_earthquake_2016",
    "budget": 25,
    "seed_set": 2,
    "test_error_rate": 26.89655172413793,
    "test_macro_f1": 0.6751647368211433,
    "test_ece": 0.0998731594661186,
    "test_per_class_f1": [
      0.6375,
      0.8823529411764706,
      0.8091603053435115,
      0.9090909090909091,
      0.5714285714285714,
      0.5308641975308642,
      0.0,
      0.8372093023255814,
      0.898876404494382
    ],
    "dev_error_rate": 24.10714285714286,
    "dev_macro_f1": 0.6925449985309942,
    "dev_ece": 0.09967342750834562,
    "stopping_strategy": "baseline",
    "phase1_seed_strategy": "last",
    "phase1_best_epoch": null,
    "lambda1_mean": 0.9614660482220015,
    "lambda1_std": 0.24056665617772272,
    "lambda2_mean": 0.45461317769727005,
    "lambda2_std": 0.18639947094029138
  },
  "n_trials": 10,
  "continued_from": null,
  "trials": [
    {
      "number": 0,
      "state": "COMPLETE",
      "params": {
        "lr": 4.887675698368669e-05,
        "batch_size": 16,
        "cotrain_epochs": 12,
        "finetune_patience": 4,
        "weight_decay": 0.07955675417318109,
        "warmup_ratio": 0.2525055883850388
      },
      "dev_macro_f1": 0.692545,
      "duration_seconds": 144.7,
      "full_metrics": {
        "event": "kaikoura_earthquake_2016",
        "budget": 25,
        "seed_set": 2,
        "test_error_rate": 26.89655172413793,
        "test_macro_f1": 0.6751647368211433,
        "test_ece": 0.0998731594661186,
        "test_per_class_f1": [
          0.6375,
          0.8823529411764706,
          0.8091603053435115,
          0.9090909090909091,
          0.5714285714285714,
          0.5308641975308642,
          0.0,
          0.8372093023255814,
          0.898876404494382
        ],
        "dev_error_rate": 24.10714285714286,
        "dev_macro_f1": 0.6925449985309942,
        "dev_ece": 0.09967342750834562,
        "stopping_strategy": "baseline",
        "phase1_seed_strategy": "last",
        "phase1_best_epoch": null,
        "lambda1_mean": 0.9614660482220015,
        "lambda1_std": 0.24056665617772272,
        "lambda2_mean": 0.45461317769727005,
        "lambda2_std": 0.18639947094029138
      }
    },
    {
      "number": 1,
      "state": "COMPLETE",
      "params": {
        "lr": 1.4436808052962953e-05,
        "batch_size": 64,
        "cotrain_epochs": 15,
        "finetune_patience": 7,
        "weight_decay": 0.04354338038663535,
        "warmup_ratio": 0.29986283308197953
      },
      "dev_macro_f1": 0.670032,
      "duration_seconds": 149.0,
      "full_metrics": {
        "event": "kaikoura_earthquake_2016",
        "budget": 25,
        "seed_set": 2,
        "test_error_rate": 25.51724137931034,
        "test_macro_f1": 0.6670493981755661,
        "test_ece": 0.10958880562891908,
        "test_per_class_f1": [
          0.7150837988826816,
          0.7333333333333333,
          0.8142857142857143,
          0.9130434782608695,
          0.56,
          0.49624060150375937,
          0.0,
          0.8602150537634409,
          0.9112426035502958
        ],
        "dev_error_rate": 25.44642857142857,
        "dev_macro_f1": 0.6700321152067629,
        "dev_ece": 0.13092297076114587,
        "stopping_strategy": "baseline",
        "phase1_seed_strategy": "last",
        "phase1_best_epoch": null,
        "lambda1_mean": 0.7539302945583176,
        "lambda1_std": 0.21439254243228098,
        "lambda2_mean": 0.1899635805086559,
        "lambda2_std": 0.10250743840392684
      }
    },
    {
      "number": 2,
      "state": "COMPLETE",
      "params": {
        "lr": 1.1912955709403196e-05,
        "batch_size": 32,
        "cotrain_epochs": 7,
        "finetune_patience": 4,
        "weight_decay": 0.06497924593796961,
        "warmup_ratio": 0.09214387941379777
      },
      "dev_macro_f1": 0.666354,
      "duration_seconds": 97.6,
      "full_metrics": {
        "event": "kaikoura_earthquake_2016",
        "budget": 25,
        "seed_set": 2,
        "test_error_rate": 25.977011494252878,
        "test_macro_f1": 0.643970031460223,
        "test_ece": 0.08363285544274868,
        "test_per_class_f1": [
          0.7096774193548387,
          0.5454545454545454,
          0.8382352941176471,
          0.8936170212765957,
          0.5263157894736842,
          0.5238095238095238,
          0.0,
          0.8505747126436781,
          0.9080459770114943
        ],
        "dev_error_rate": 25.89285714285714,
        "dev_macro_f1": 0.6663537405920121,
        "dev_ece": 0.10713253103728804,
        "stopping_strategy": "baseline",
        "phase1_seed_strategy": "last",
        "phase1_best_epoch": null,
        "lambda1_mean": 0.6551264456928051,
        "lambda1_std": 0.24795060550513004,
        "lambda2_mean": 0.19138749643949213,
        "lambda2_std": 0.10427994270682707
      }
    },
    {
      "number": 3,
      "state": "COMPLETE",
      "params": {
        "lr": 0.00026587877402212807,
        "batch_size": 8,
        "cotrain_epochs": 14,
        "finetune_patience": 8,
        "weight_decay": 0.03582819215636216,
        "warmup_ratio": 0.16269916678652607
      },
      "dev_macro_f1": 0.040552,
      "duration_seconds": 241.8,
      "full_metrics": {
        "event": "kaikoura_earthquake_2016",
        "budget": 25,
        "seed_set": 2,
        "test_error_rate": 77.47126436781609,
        "test_macro_f1": 0.04085887012716281,
        "test_ece": 0.09519254852985512,
        "test_per_class_f1": [
          0.3677298311444653,
          0.0,
          0.0,
          0.0,
          0.0,
          0.0,
          0.0,
          0.0,
          0.0
        ],
        "dev_error_rate": 77.67857142857143,
        "dev_macro_f1": 0.040551500405515,
        "dev_ece": 0.0931194785184094,
        "stopping_strategy": "baseline",
        "phase1_seed_strategy": "last",
        "phase1_best_epoch": null,
        "lambda1_mean": 0.40917064958431393,
        "lambda1_std": 0.20319333924907684,
        "lambda2_mean": 0.07922547508420313,
        "lambda2_std": 0.06740626647263577
      }
    },
    {
      "number": 4,
      "state": "COMPLETE",
      "params": {
        "lr": 0.0004277993671406589,
        "batch_size": 32,
        "cotrain_epochs": 7,
        "finetune_patience": 7,
        "weight_decay": 0.06456683439950951,
        "warmup_ratio": 0.14075858203710026
      },
      "dev_macro_f1": 0.040552,
      "duration_seconds": 94.9,
      "full_metrics": {
        "event": "kaikoura_earthquake_2016",
        "budget": 25,
        "seed_set": 2,
        "test_error_rate": 77.47126436781609,
        "test_macro_f1": 0.04085887012716281,
        "test_ece": 0.09085220852117429,
        "test_per_class_f1": [
          0.3677298311444653,
          0.0,
          0.0,
          0.0,
          0.0,
          0.0,
          0.0,
          0.0,
          0.0
        ],
        "dev_error_rate": 77.67857142857143,
        "dev_macro_f1": 0.040551500405515,
        "dev_ece": 0.0887791863642633,
        "stopping_strategy": "baseline",
        "phase1_seed_strategy": "last",
        "phase1_best_epoch": null,
        "lambda1_mean": 0.5654080209199563,
        "lambda1_std": 0.30420668480763485,
        "lambda2_mean": 0.08651372475841712,
        "lambda2_std": 0.06820247857664542
      }
    },
    {
      "number": 5,
      "state": "COMPLETE",
      "params": {
        "lr": 6.11053758003227e-05,
        "batch_size": 8,
        "cotrain_epochs": 18,
        "finetune_patience": 10,
        "weight_decay": 0.09879854944281896,
        "warmup_ratio": 0.11395025472940667
      },
      "dev_macro_f1": 0.632385,