{
  "event": "kerala_floods_2018",
  "budget": 5,
  "seed_set": 1,
  "test_error_rate": 73.76738305941845,
  "test_macro_f1": 0.10453246499689449,
  "test_ece": 0.11007776088758305,
  "test_per_class_f1": [
    0.0,
    0.03713527851458886,
    0.1188118811881188,
    0.045454545454545456,
    0.0,
    0.0,
    0.25507246376811593,
    0.48431801604668123,
    0.0
  ],
  "dev_error_rate": 74.69287469287468,
  "dev_macro_f1": 0.1156670216382189,
  "dev_ece": 0.13182687852760497,
  "stopping_strategy": "baseline",
  "phase1_seed_strategy": "last",
  "phase1_best_epoch": null,
  "lambda1_mean": 0.46010710315454917,
  "lambda1_std": 0.15328768382948643,
  "lambda2_mean": 0.15279073096643864,
  "lambda2_std": 0.04270725682891283
}