{
  "event": "california_wildfires_2018",
  "budget": 25,
  "seed_set": 2,
  "test_error_rate": 37.577002053388085,
  "test_macro_f1": 0.5403836006142404,
  "test_ece": 0.16372006050451904,
  "test_per_class_f1": [
    0.3584905660377358,
    0.546583850931677,
    0.502283105022831,
    0.7403993855606759,
    0.3425414364640884,
    0.6666666666666666,
    0.33540372670807456,
    0.32727272727272727,
    0.8217636022514071,
    0.7624309392265194
  ],
  "dev_error_rate": 37.76595744680851,
  "dev_macro_f1": 0.5281065229349726,
  "dev_ece": 0.17809055517724853,
  "stopping_strategy": "baseline",
  "phase1_seed_strategy": "last",
  "phase1_best_epoch": null,
  "lambda1_mean": 1.0162651234742008,
  "lambda1_std": 0.2652713300220253,
  "lambda2_mean": 0.4861117631945841,
  "lambda2_std": 0.18567564969020478
}