{
  "event": "hurricane_maria_2017",
  "budget": 5,
  "seed_set": 1,
  "test_error_rate": 80.37447988904299,
  "test_macro_f1": 0.0364573268921095,
  "test_ece": 0.803395201858965,
  "test_per_class_f1": [
    0.0,
    0.0,
    0.32811594202898553,
    0.0,
    0.0,
    0.0,
    0.0,
    0.0,
    0.0
  ],
  "dev_error_rate": 80.45822102425876,
  "dev_macro_f1": 0.03632719528999123,
  "dev_ece": 0.804226039715533,
  "stopping_strategy": "baseline",
  "phase1_seed_strategy": "last",
  "phase1_best_epoch": null,
  "lambda1_mean": 1.156820011543321,
  "lambda1_std": 0.09725316453719732,
  "lambda2_mean": 0.6557746904051861,
  "lambda2_std": 0.05712289004656621
}