{
  "event": "hurricane_irma_2017",
  "budget": 5,
  "seed_set": 2,
  "test_error_rate": 74.22126745435015,
  "test_macro_f1": 0.20236248199772644,
  "test_ece": 0.5801457505189003,
  "test_per_class_f1": [
    0.2646657571623465,
    0.16058394160583941,
    0.24088748019017434,
    0.0,
    0.2608695652173913,
    0.0,
    0.0,
    0.5267857142857143,
    0.3674698795180723
  ],
  "dev_error_rate": 72.54697286012527,
  "dev_macro_f1": 0.22430484456112032,
  "dev_ece": 0.5734585687860317,
  "stopping_strategy": "baseline",
  "phase1_seed_strategy": "last",
  "phase1_best_epoch": null,
  "lambda1_mean": 0.9694573671181025,
  "lambda1_std": 0.3133385879582645,
  "lambda2_mean": 0.44476259252708006,
  "lambda2_std": 0.21412163674316226
}