{
  "event": "hurricane_maria_2017",
  "budget": 10,
  "seed_set": 2,
  "test_error_rate": 48.40499306518724,
  "test_macro_f1": 0.4738645023344975,
  "test_ece": 0.11979349328517584,
  "test_per_class_f1": [
    0.5686274509803921,
    0.20540540540540542,
    0.6159695817490495,
    0.5230769230769231,
    0.3286384976525822,
    0.096045197740113,
    0.5830903790087464,
    0.6990291262135923,
    0.6448979591836734
  ],
  "dev_error_rate": 47.57412398921833,
  "dev_macro_f1": 0.4689938521842934,
  "dev_ece": 0.11730079216295178,
  "stopping_strategy": "baseline",
  "phase1_seed_strategy": "last",
  "phase1_best_epoch": null,
  "lambda1_mean": 0.6163423077339972,
  "lambda1_std": 0.07569867670900156,
  "lambda2_mean": 0.15394155835587786,
  "lambda2_std": 0.03462069407843904
}