{
  "event": "hurricane_dorian_2019",
  "budget": 5,
  "seed_set": 3,
  "status": "done",
  "best_params": {
    "lr": 6.239645575812142e-05,
    "batch_size": 16,
    "cotrain_epochs": 15,
    "finetune_patience": 5,
    "weight_decay": 0.07916216388056573,
    "warmup_ratio": 0.2780721606757395
  },
  "best_value": 0.589543,
  "best_full_metrics": {
    "event": "hurricane_dorian_2019",
    "budget": 5,
    "seed_set": 3,
    "test_error_rate": 35.809018567639264,
    "test_macro_f1": 0.5748644600198041,
    "test_ece": 0.1772764986603266,
    "test_per_class_f1": [
      0.5981981981981982,
      0.8672566371681416,
      0.5581395348837209,
      0.43478260869565216,
      0.6244131455399061,
      0.37662337662337664,
      0.11320754716981132,
      0.8113207547169812,
      0.789838337182448
    ],
    "dev_error_rate": 37.371134020618555,
    "dev_macro_f1": 0.5895431463042556,
    "dev_ece": 0.20794526844755892,
    "stopping_strategy": "baseline",
    "phase1_seed_strategy": "last",
    "phase1_best_epoch": null,
    "lambda1_mean": 1.0486478477146257,
    "lambda1_std": 0.2520400138351863,
    "lambda2_mean": 0.5959209035265105,
    "lambda2_std": 0.1970444927285825
  },
  "n_trials": 10,
  "continued_from": null,
  "trials": [
    {
      "number": 0,
      "state": "COMPLETE",
      "params": {
        "lr": 0.00020605405407248052,
        "batch_size": 8,
        "cotrain_epochs": 16,
        "finetune_patience": 8,
        "weight_decay": 0.08983445742487012,
        "warmup_ratio": 0.18118889174949412
      },
      "dev_macro_f1": 0.033964,
      "duration_seconds": 1097.5,
      "full_metrics": {
        "event": "hurricane_dorian_2019",
        "budget": 5,
        "seed_set": 3,
        "test_error_rate": 82.0291777188329,
        "test_macro_f1": 0.03385172693773031,
        "test_ece": 0.3677851499628957,
        "test_per_class_f1": [
          0.3046655424395728,
          0.0,
          0.0,
          0.0,
          0.0,
          0.0,
          0.0,
          0.0,
          0.0
        ],
        "dev_error_rate": 81.95876288659794,
        "dev_macro_f1": 0.033964095099466275,
        "dev_ece": 0.36708100117051723,
        "stopping_strategy": "baseline",
        "phase1_seed_strategy": "last",
        "phase1_best_epoch": null,
        "lambda1_mean": 0.3880475883215497,
        "lambda1_std": 0.19834467034748926,
        "lambda2_mean": 0.07871531151183922,
        "lambda2_std": 0.09230009350295638
      }
    },
    {
      "number": 1,
      "state": "COMPLETE",
      "params": {
        "lr": 0.0003603397050981873,
        "batch_size": 32,
        "cotrain_epochs": 13,
        "finetune_patience": 9,
        "weight_decay": 0.0389199171705987,
        "warmup_ratio": 0.05487620636331236
      },
      "dev_macro_f1": 0.033964,
      "duration_seconds": 526.1,
      "full_metrics": {
        "event": "hurricane_dorian_2019",
        "budget": 5,
        "seed_set": 3,
        "test_error_rate": 82.0291777188329,
        "test_macro_f1": 0.03385172693773031,
        "test_ece": 0.1761017849061154,
        "test_per_class_f1": [
          0.3046655424395728,
          0.0,
          0.0,
          0.0,
          0.0,
          0.0,
          0.0,
          0.0,
          0.0
        ],
        "dev_error_rate": 81.95876288659794,
        "dev_macro_f1": 0.033964095099466275,
        "dev_ece": 0.17539763439101044,
        "stopping_strategy": "baseline",
        "phase1_seed_strategy": "last",
        "phase1_best_epoch": null,
        "lambda1_mean": 0.29609340510516396,
        "lambda1_std": 0.1440924500565322,
        "lambda2_mean": 0.12228712695883423,
        "lambda2_std": 0.07912386512941508
      }
    },
    {
      "number": 2,
      "state": "COMPLETE",
      "params": {
        "lr": 0.00016371889359569715,
        "batch_size": 32,
        "cotrain_epochs": 6,
        "finetune_patience": 8,
        "weight_decay": 0.07852474879835031,
        "warmup_ratio": 0.27719677447039465
      },
      "dev_macro_f1": 0.452299,
      "duration_seconds": 292.5,
      "full_metrics": {
        "event": "hurricane_dorian_2019",
        "budget": 5,
        "seed_set": 3,
        "test_error_rate": 38.12997347480106,
        "test_macro_f1": 0.46850543977891246,
        "test_ece": 0.11332279645321544,
        "test_per_class_f1": [
          0.6500732064421669,
          0.8614457831325302,
          0.5565749235474006,
          0.0,
          0.5882352941176471,
          0.0,
          0.0,
          0.7790432801822323,
          0.7811764705882352
        ],
        "dev_error_rate": 40.07731958762887,
        "dev_macro_f1": 0.45229868393001177,
        "dev_ece": 0.07751242641705221,
        "stopping_strategy": "baseline",
        "phase1_seed_strategy": "last",
        "phase1_best_epoch": null,
        "lambda1_mean": 0.992401210644059,
        "lambda1_std": 0.27615791258333344,
        "lambda2_mean": 0.05333828429153087,
        "lambda2_std": 0.05043520130814308
      }
    },
    {
      "number": 3,
      "state": "COMPLETE",
      "params": {
        "lr": 9.005318060210753e-05,
        "batch_size": 32,
        "cotrain_epochs": 15,
        "finetune_patience": 5,
        "weight_decay": 0.08109179128667526,
        "warmup_ratio": 0.13760897356331822
      },
      "dev_macro_f1": 0.515291,
      "duration_seconds": 599.4,
      "full_metrics": {
        "event": "hurricane_dorian_2019",
        "budget": 5,
        "seed_set": 3,
        "test_error_rate": 35.145888594164454,
        "test_macro_f1": 0.5555063475111793,
        "test_ece": 0.24189341933879047,
        "test_per_class_f1": [
          0.6210350584307178,
          0.8596491228070176,
          0.6089743589743589,
          0.21052631578947367,
          0.6233766233766234,
          0.3027295285359802,
          0.15384615384615385,
          0.8157248157248157,
          0.8036951501154734
        ],
        "dev_error_rate": 38.78865979381443,
        "dev_macro_f1": 0.5152908525985317,
        "dev_ece": 0.28356401557006783,
        "stopping_strategy": "baseline",
        "phase1_seed_strategy": "last",
        "phase1_best_epoch": null,
        "lambda1_mean": 1.0690324289312703,
        "lambda1_std": 0.2312340102744621,
        "lambda2_mean": 0.6222985371411281,
        "lambda2_std": 0.18476188261554888
      }
    },
    {
      "number": 4,
      "state": "COMPLETE",
      "params": {
        "lr": 0.0005850204102605137,
        "batch_size": 64,
        "cotrain_epochs": 20,
        "finetune_patience": 4,
        "weight_decay": 0.0425802395531092,
        "warmup_ratio": 0.018866735071564143
      },
      "dev_macro_f1": 0.033964,
      "duration_seconds": 684.5,
      "full_metrics": {
        "event": "hurricane_dorian_2019",
        "budget": 5,
        "seed_set": 3,
        "test_error_rate": 82.0291777188329,
        "test_macro_f1": 0.03385172693773031,
        "test_ece": 0.3619235850850846,
        "test_per_class_f1": [
          0.3046655424395728,
          0.0,
          0.0,
          0.0,
          0.0,
          0.0,
          0.0,
          0.0,
          0.0
        ],
        "dev_error_rate": 81.95876288659794,
        "dev_macro_f1": 0.033964095099466275,
        "dev_ece": 0.3612194388490362,
        "stopping_strategy": "baseline",
        "phase1_seed_strategy": "last",
        "phase1_best_epoch": null,
        "lambda1_mean": 0.25291542833549635,
        "lambda1_std": 0.20159252061807365,
        "lambda2_mean": 0.12826929941711832,
        "lambda2_std": 0.11648691253002019
      }
    },
    {
      "number": 5,
      "state": "COMPLETE",
      "params": {
        "lr": 0.0003645734134725649,
        "batch_size": 32,
        "cotrain_epochs": 11,
        "finetune_patience": 10,
        "weight_decay": 0.015276238246952067,
        "warmup_ratio": 0.08126762262339313
      },
      "dev_macro_f1": 0.033964,
      "duration_seconds": 459.2,