{
  "event": "canada_wildfires_2016",
  "budget": 50,
  "seed_set": 3,
  "test_error_rate": 25.842696629213478,
  "test_macro_f1": 0.57579440526645,
  "test_ece": 0.10844374948673036,
  "test_per_class_f1": [
    0.2926829268292683,
    0.84472049689441,
    0.8867924528301887,
    0.2564102564102564,
    0.4444444444444444,
    0.2,
    0.8688046647230321,
    0.8125
  ],
  "dev_error_rate": 23.684210526315784,
  "dev_macro_f1": 0.6502908288423408,
  "dev_ece": 0.09279657638909525,
  "stopping_strategy": "baseline",
  "phase1_seed_strategy": "last",
  "phase1_best_epoch": null,
  "lambda1_mean": 0.9746643378755027,
  "lambda1_std": 0.2714280569447138,
  "lambda2_mean": 0.6498896192563649,
  "lambda2_std": 0.2576261515143641
}