{
  "event": "kerala_floods_2018",
  "budget": 50,
  "seed_set": 3,
  "test_error_rate": 38.495575221238944,
  "test_macro_f1": 0.5085948941296156,
  "test_ece": 0.1735463085503102,
  "test_per_class_f1": [
    0.37037037037037035,
    0.16,
    0.5277777777777778,
    0.8461538461538461,
    0.45226130653266333,
    0.31210191082802546,
    0.5818181818181818,
    0.7468706536856745,
    0.58
  ],
  "dev_error_rate": 37.59213759213759,
  "dev_macro_f1": 0.5373538719052577,
  "dev_ece": 0.16280250954247222,
  "stopping_strategy": "baseline",
  "phase1_seed_strategy": "last",
  "phase1_best_epoch": null,
  "lambda1_mean": 1.0347724636681206,
  "lambda1_std": 0.22082961566592607,
  "lambda2_mean": 0.5315760384135234,
  "lambda2_std": 0.17441677459262012
}