{
  "event": "hurricane_dorian_2019",
  "budget": 10,
  "seed_set": 3,
  "test_error_rate": 68.23607427055703,
  "test_macro_f1": 0.2112295464975711,
  "test_ece": 0.3241622503006964,
  "test_per_class_f1": [
    0.4026548672566372,
    0.4083333333333333,
    0.25165562913907286,
    0.0,
    0.011494252873563218,
    0.3204868154158215,
    0.036036036036036036,
    0.0,
    0.470404984423676
  ],
  "dev_error_rate": 69.3298969072165,
  "dev_macro_f1": 0.20719058773820798,
  "dev_ece": 0.33774196185632466
}