{
  "event": "kaikoura_earthquake_2016",
  "budget": 10,
  "seed_set": 3,
  "test_error_rate": 27.586206896551722,
  "test_macro_f1": 0.6104938363249179,
  "test_ece": 0.13232969059341254,
  "test_per_class_f1": [
    0.717391304347826,
    0.43478260869565216,
    0.8148148148148148,
    0.7916666666666666,
    0.5384615384615384,
    0.4745762711864407,
    0.0,
    0.8444444444444444,
    0.8783068783068783
  ],
  "dev_error_rate": 31.25,
  "dev_macro_f1": 0.6076439098571895,
  "dev_ece": 0.15714749241513865,
  "stopping_strategy": "baseline",
  "phase1_seed_strategy": "last",
  "phase1_best_epoch": null,
  "lambda1_mean": 0.9231348443979799,
  "lambda1_std": 0.25386863634549206,
  "lambda2_mean": 0.34974554380479833,
  "lambda2_std": 0.15062238149786825
}