{
  "event": "hurricane_maria_2017",
  "budget": 5,
  "seed_set": 3,
  "test_error_rate": 30.235783633841883,
  "test_macro_f1": 0.6721225964975878,
  "test_ece": 0.22593552758723465,
  "test_per_class_f1": [
    0.6808510638297872,
    0.7027027027027027,
    0.819047619047619,
    0.9411764705882353,
    0.42962962962962964,
    0.3793911007025761,
    0.6163934426229508,
    0.8159437280187574,
    0.6639676113360324
  ],
  "dev_error_rate": 30.45822102425876,
  "dev_macro_f1": 0.6706463313868233,
  "dev_ece": 0.24043402975460265,
  "stopping_strategy": "baseline",
  "phase1_seed_strategy": "last",
  "phase1_best_epoch": null,
  "lambda1_mean": 1.050077283846184,
  "lambda1_std": 0.21813930525087263,
  "lambda2_mean": 0.5059136865326875,
  "lambda2_std": 0.16660235154260727
}