{
  "event": "hurricane_maria_2017",
  "budget": 10,
  "seed_set": 1,
  "test_error_rate": 62.48266296809986,
  "test_macro_f1": 0.328739188197383,
  "test_ece": 0.27654371852889637,
  "test_per_class_f1": [
    0.5210084033613446,
    0.11726384364820847,
    0.2617283950617284,
    0.4793388429752066,
    0.3372093023255814,
    0.05970149253731343,
    0.19661016949152543,
    0.667384284176534,
    0.31840796019900497
  ],
  "dev_error_rate": 63.07277628032345,
  "dev_macro_f1": 0.3163275454073264,
  "dev_ece": 0.2818644639215058
}