{
  "event": "hurricane_maria_2017",
  "budget": 50,
  "seed_set": 1,
  "test_error_rate": 35.71428571428571,
  "test_macro_f1": 0.591216659496758,
  "test_ece": 0.20339839709160562,
  "test_per_class_f1": [
    0.5555555555555556,
    0.37398373983739835,
    0.7891156462585034,
    0.8769230769230769,
    0.34523809523809523,
    0.305,
    0.6435331230283912,
    0.7900912646675359,
    0.6415094339622641
  ],
  "dev_error_rate": 35.57951482479784,
  "dev_macro_f1": 0.5896488876768867,
  "dev_ece": 0.19358757881302077,
  "stopping_strategy": "baseline",
  "phase1_seed_strategy": "last",
  "phase1_best_epoch": null,
  "lambda1_mean": 1.0549458784343917,
  "lambda1_std": 0.17240567889455735,
  "lambda2_mean": 0.5016680479790101,
  "lambda2_std": 0.14197048025858144
}