{
  "event": "hurricane_irma_2017",
  "budget": 50,
  "seed_set": 3,
  "test_error_rate": 35.82169709989259,
  "test_macro_f1": 0.6208900846166684,
  "test_ece": 0.1920315770054222,
  "test_per_class_f1": [
    0.5733788395904437,
    0.7873563218390804,
    0.8031496062992126,
    0.8789473684210526,
    0.5239616613418531,
    0.2911392405063291,
    0.36,
    0.6948640483383686,
    0.6752136752136753
  ],
  "dev_error_rate": 33.92484342379958,
  "dev_macro_f1": 0.6501905322908207,
  "dev_ece": 0.17501754685458662,
  "stopping_strategy": "baseline",
  "phase1_seed_strategy": "last",
  "phase1_best_epoch": null,
  "lambda1_mean": 1.0526362681853645,
  "lambda1_std": 0.22587901958772458,
  "lambda2_mean": 0.5437191628234268,
  "lambda2_std": 0.16449513276857838
}