{
  "event": "kerala_floods_2018",
  "budget": 25,
  "seed_set": 3,
  "test_error_rate": 71.04930467762325,
  "test_macro_f1": 0.27918668011607095,
  "test_ece": 0.37160003651522205,
  "test_per_class_f1": [
    0.09386281588447654,
    0.023255813953488372,
    0.2571428571428571,
    0.5142857142857142,
    0.2875816993464052,
    0.09933774834437085,
    0.37057220708446864,
    0.3149171270718232,
    0.5517241379310345
  ],
  "dev_error_rate": 69.77886977886978,
  "dev_macro_f1": 0.3001407114927881,
  "dev_ece": 0.3625471321751503
}