{
  "event": "hurricane_harvey_2017",
  "budget": 10,
  "seed_set": 3,
  "test_error_rate": 32.46537396121884,
  "test_macro_f1": 0.626180662617013,
  "test_ece": 0.22604570953469533,
  "test_per_class_f1": [
    0.5581395348837209,
    0.8079470198675497,
    0.7027027027027027,
    0.9039145907473309,
    0.36860068259385664,
    0.29193899782135074,
    0.40350877192982454,
    0.8408091468777484,
    0.7580645161290323
  ],
  "dev_error_rate": 31.431646932185142,
  "dev_macro_f1": 0.6502234446257096,
  "dev_ece": 0.22649615014972418,
  "stopping_strategy": "baseline",
  "phase1_seed_strategy": "last",
  "phase1_best_epoch": null,
  "lambda1_mean": 1.020768324118157,
  "lambda1_std": 0.2512272077257626,
  "lambda2_mean": 0.4912650191546649,
  "lambda2_std": 0.19548555817037805
}