{
  "event": "kerala_floods_2018",
  "budget": 5,
  "seed_set": 1,
  "test_error_rate": 92.41466498103667,
  "test_macro_f1": 0.04656380951676135,
  "test_ece": 0.8815093163480952,
  "test_per_class_f1": [
    0.0,
    0.023121387283236993,
    0.09191489361702128,
    0.0,
    0.0,
    0.0,
    0.30403800475059384,
    0.0,
    0.0
  ],
  "dev_error_rate": 93.73464373464373,
  "dev_macro_f1": 0.04090877389591378,
  "dev_ece": 0.894482915429284,
  "stopping_strategy": "baseline",
  "phase1_seed_strategy": "last",
  "phase1_best_epoch": null,
  "lambda1_mean": 1.074528649102757,
  "lambda1_std": 0.2150682225077096,
  "lambda2_mean": 0.5553301014062902,
  "lambda2_std": 0.17618151298985238
}