{
  "event": "canada_wildfires_2016",
  "budget": 5,
  "seed_set": 3,
  "test_error_rate": 61.12359550561798,
  "test_macro_f1": 0.0786833855799373,
  "test_ece": 0.24784694896655135,
  "test_per_class_f1": [
    0.0,
    0.0,
    0.0,
    0.0,
    0.0,
    0.03636363636363636,
    0.593103448275862,
    0.0
  ],
  "dev_error_rate": 61.40350877192983,
  "dev_macro_f1": 0.07236842105263158,
  "dev_ece": 0.24510665009157698
}