{
  "event": "hurricane_harvey_2017",
  "budget": 25,
  "seed_set": 2,
  "test_error_rate": 42.770083102493075,
  "test_macro_f1": 0.5435821513470339,
  "test_ece": 0.044982050677085515,
  "test_per_class_f1": [
    0.5760869565217391,
    0.6333333333333333,
    0.5601436265709157,
    0.84,
    0.3548387096774194,
    0.26746506986027946,
    0.3,
    0.7090558766859345,
    0.6513157894736842
  ],
  "dev_error_rate": 41.8729817007535,
  "dev_macro_f1": 0.567196559737145,
  "dev_ece": 0.05304774305150632,
  "stopping_strategy": "baseline",
  "phase1_seed_strategy": "last",
  "phase1_best_epoch": null,
  "lambda1_mean": 0.577018569737708,
  "lambda1_std": 0.11511836676200442,
  "lambda2_mean": 0.13446010780029957,
  "lambda2_std": 0.04010725669049103
}