{
  "event": "hurricane_harvey_2017",
  "budget": 5,
  "seed_set": 3,
  "test_error_rate": 83.10249307479225,
  "test_macro_f1": 0.14947694521193708,
  "test_ece": 0.4536895499335102,
  "test_per_class_f1": [
    0.44660194174757284,
    0.06091370558375635,
    0.08888888888888889,
    0.06382978723404255,
    0.0975609756097561,
    0.2811158798283262,
    0.06493506493506493,
    0.08539944903581267,
    0.15604681404421328
  ],
  "dev_error_rate": 79.1173304628633,
  "dev_macro_f1": 0.19381232428767733,
  "dev_ece": 0.41479025838898637
}