{
  "event": "hurricane_maria_2017",
  "budget": 25,
  "seed_set": 3,
  "test_error_rate": 50.48543689320388,
  "test_macro_f1": 0.4846707427522651,
  "test_ece": 0.25734982059831923,
  "test_per_class_f1": [
    0.5614035087719298,
    0.14342629482071714,
    0.46396396396396394,
    0.7317073170731707,
    0.3146067415730337,
    0.22171945701357465,
    0.5607476635514018,
    0.6977950713359273,
    0.6666666666666666
  ],
  "dev_error_rate": 49.73045822102426,
  "dev_macro_f1": 0.4784937748848189,
  "dev_ece": 0.2657146133341879
}