{
  "event": "hurricane_maria_2017",
  "budget": 5,
  "seed_set": 3,
  "test_error_rate": 82.38557558945908,
  "test_macro_f1": 0.1681371087479572,
  "test_ece": 0.19819606705239345,
  "test_per_class_f1": [
    0.31137724550898205,
    0.02857142857142857,
    0.17266187050359713,
    0.1527777777777778,
    0.0,
    0.23765432098765432,
    0.2595419847328244,
    0.0,
    0.35064935064935066
  ],
  "dev_error_rate": 81.13207547169812,
  "dev_macro_f1": 0.17592346236220424,
  "dev_ece": 0.183544397494703,
  "stopping_strategy": "baseline",
  "phase1_seed_strategy": "last",
  "phase1_best_epoch": null,
  "lambda1_mean": 0.4008011081067977,
  "lambda1_std": 0.11615268701560096,
  "lambda2_mean": 0.14022074274035506,
  "lambda2_std": 0.03359529208864842
}