{
  "event": "kerala_floods_2018",
  "budget": 10,
  "seed_set": 2,
  "test_error_rate": 30.08849557522124,
  "test_macro_f1": 0.5589191357810559,
  "test_ece": 0.22916284785635402,
  "test_per_class_f1": [
    0.509090909090909,
    0.20689655172413793,
    0.5692307692307692,
    0.8148148148148148,
    0.3645320197044335,
    0.3726027397260274,
    0.6787330316742082,
    0.8412322274881516,
    0.6731391585760518
  ],
  "dev_error_rate": 28.132678132678134,
  "dev_macro_f1": 0.6010265822184735,
  "dev_ece": 0.2213863239827261,
  "stopping_strategy": "baseline",
  "phase1_seed_strategy": "last",
  "phase1_best_epoch": null,
  "lambda1_mean": 1.0969173110401285,
  "lambda1_std": 0.17347277585470894,
  "lambda2_mean": 0.6463982547952576,
  "lambda2_std": 0.15453630254497133
}