{
  "event": "kerala_floods_2018",
  "budget": 25,
  "seed_set": 3,
  "test_error_rate": 35.145385587863466,
  "test_macro_f1": 0.5552948303511493,
  "test_ece": 0.14549179038906515,
  "test_per_class_f1": [
    0.5263157894736842,
    0.18181818181818182,
    0.5170068027210885,
    0.8666666666666667,
    0.4236453201970443,
    0.3982102908277405,
    0.6413793103448275,
    0.7652777777777777,
    0.6773333333333333
  ],
  "dev_error_rate": 33.53808353808354,
  "dev_macro_f1": 0.5971543632934156,
  "dev_ece": 0.14250061472452244,
  "stopping_strategy": "baseline",
  "phase1_seed_strategy": "last",
  "phase1_best_epoch": null,
  "lambda1_mean": 1.0119536273320437,
  "lambda1_std": 0.27077588479864495,
  "lambda2_mean": 0.4411281808795518,
  "lambda2_std": 0.17642231252138235
}