{
  "event": "kerala_floods_2018",
  "budget": 25,
  "seed_set": 1,
  "test_error_rate": 85.33501896333755,
  "test_macro_f1": 0.1091905777317012,
  "test_ece": 0.012669762094916043,
  "test_per_class_f1": [
    0.0,
    0.0,
    0.0,
    0.336283185840708,
    0.23529411764705882,
    0.0,
    0.17405582922824303,
    0.0,
    0.23708206686930092
  ],
  "dev_error_rate": 85.995085995086,
  "dev_macro_f1": 0.11280805636644112,
  "dev_ece": 0.018805744387300947
}