{
  "event": "hurricane_harvey_2017",
  "budget": 50,
  "seed_set": 1,
  "test_error_rate": 36.066481994459835,
  "test_macro_f1": 0.6067221960663715,
  "test_ece": 0.16465431105066863,
  "test_per_class_f1": [
    0.6306306306306306,
    0.7102803738317757,
    0.6352459016393442,
    0.852112676056338,
    0.3372093023255814,
    0.47318611987381703,
    0.37168141592920356,
    0.7651139742319127,
    0.6850393700787402
  ],
  "dev_error_rate": 37.1367061356297,
  "dev_macro_f1": 0.610224935507092,
  "dev_ece": 0.18101347070207385
}