{
  "event": "california_wildfires_2018",
  "budget": 5,
  "seed_set": 3,
  "test_error_rate": 70.91033538672143,
  "test_macro_f1": 0.19425589572352236,
  "test_ece": 0.33569977085203606,
  "test_per_class_f1": [
    0.17647058823529413,
    0.03571428571428571,
    0.1839080459770115,
    0.07481296758104738,
    0.09302325581395349,
    0.5866261398176292,
    0.009523809523809525,
    0.015384615384615385,
    0.2719812426729191,
    0.495114006514658
  ],
  "dev_error_rate": 70.07978723404256,
  "dev_macro_f1": 0.19372733201411113,
  "dev_ece": 0.33896324805360534
}