{
  "event": "cyclone_idai_2019",
  "budget": 5,
  "seed_set": 2,
  "test_error_rate": 25.032092426187425,
  "test_macro_f1": 0.44220444369443024,
  "test_ece": 0.0864022785034963,
  "test_per_class_f1": [
    0.2,
    0.0,
    0.7721518987341772,
    0.9017341040462428,
    0.0,
    0.0,
    0.46445497630331756,
    0.39436619718309857,
    0.8542857142857143,
    0.8350515463917526
  ],
  "dev_error_rate": 30.17456359102244,
  "dev_macro_f1": 0.4355492409696534,
  "dev_ece": 0.09157317404883758,
  "stopping_strategy": "baseline",
  "phase1_seed_strategy": "last",
  "phase1_best_epoch": null,
  "lambda1_mean": 0.9237762312300063,
  "lambda1_std": 0.36131736413468774,
  "lambda2_mean": 0.42803200232254596,
  "lambda2_std": 0.20797943926157378
}