{
  "event": "hurricane_harvey_2017",
  "budget": 5,
  "seed_set": 3,
  "status": "done",
  "best_params": {
    "lr": 7.530593102334366e-05,
    "batch_size": 8,
    "cotrain_epochs": 17,
    "finetune_patience": 4,
    "weight_decay": 0.024895494570299038,
    "warmup_ratio": 0.2756241003845977
  },
  "best_value": 0.648813,
  "best_full_metrics": {
    "event": "hurricane_harvey_2017",
    "budget": 5,
    "seed_set": 3,
    "test_error_rate": 32.46537396121884,
    "test_macro_f1": 0.6378718918837358,
    "test_ece": 0.21014925429695533,
    "test_per_class_f1": [
      0.5959183673469388,
      0.8258064516129032,
      0.7212475633528265,
      0.8928571428571429,
      0.39245283018867927,
      0.34552845528455284,
      0.4431137724550898,
      0.822429906542056,
      0.7014925373134329
    ],
    "dev_error_rate": 31.754574811625403,
    "dev_macro_f1": 0.6488131269404704,
    "dev_ece": 0.20648935379458447,
    "stopping_strategy": "baseline",
    "phase1_seed_strategy": "last",
    "phase1_best_epoch": null,
    "lambda1_mean": 1.0572018110130577,
    "lambda1_std": 0.22692292208126189,
    "lambda2_mean": 0.6210665867544544,
    "lambda2_std": 0.19661281688735477
  },
  "n_trials": 10,
  "continued_from": null,
  "trials": [
    {
      "number": 0,
      "state": "COMPLETE",
      "params": {
        "lr": 0.0007893777622025888,
        "batch_size": 8,
        "cotrain_epochs": 7,
        "finetune_patience": 5,
        "weight_decay": 0.037961529142257144,
        "warmup_ratio": 0.25644208152896547
      },
      "dev_macro_f1": 0.052588,
      "duration_seconds": 618.9,
      "full_metrics": {
        "event": "hurricane_harvey_2017",
        "budget": 5,
        "seed_set": 3,
        "test_error_rate": 69.03047091412742,
        "test_macro_f1": 0.052547471329197216,
        "test_ece": 0.32342904783021714,
        "test_per_class_f1": [
          0.0,
          0.0,
          0.0,
          0.0,
          0.0,
          0.0,
          0.0,
          0.47292724196277497,
          0.0
        ],
        "dev_error_rate": 68.9989235737352,
        "dev_macro_f1": 0.05258833196384552,
        "dev_ece": 0.323113577678976,
        "stopping_strategy": "baseline",
        "phase1_seed_strategy": "last",
        "phase1_best_epoch": null,
        "lambda1_mean": 0.27519988006592827,
        "lambda1_std": 0.23316130687952646,
        "lambda2_mean": 0.11079050126706151,
        "lambda2_std": 0.10010347393723497
      }
    },
    {
      "number": 1,
      "state": "COMPLETE",
      "params": {
        "lr": 0.00024569549687476343,
        "batch_size": 32,
        "cotrain_epochs": 13,
        "finetune_patience": 10,
        "weight_decay": 0.05281900572094919,
        "warmup_ratio": 0.09481107393389655
      },
      "dev_macro_f1": 0.052588,
      "duration_seconds": 612.0,
      "full_metrics": {
        "event": "hurricane_harvey_2017",
        "budget": 5,
        "seed_set": 3,
        "test_error_rate": 69.03047091412742,
        "test_macro_f1": 0.052547471329197216,
        "test_ece": 0.37219943452079535,
        "test_per_class_f1": [
          0.0,
          0.0,
          0.0,
          0.0,
          0.0,
          0.0,
          0.0,
          0.47292724196277497,
          0.0
        ],
        "dev_error_rate": 68.9989235737352,
        "dev_macro_f1": 0.05258833196384552,
        "dev_ece": 0.37188396034250987,
        "stopping_strategy": "baseline",
        "phase1_seed_strategy": "last",
        "phase1_best_epoch": null,
        "lambda1_mean": 0.6529840496649075,
        "lambda1_std": 0.3033971437585627,
        "lambda2_mean": 0.10035038193671333,
        "lambda2_std": 0.12653962759988346
      }
    },
    {
      "number": 2,
      "state": "COMPLETE",
      "params": {
        "lr": 6.307259949967707e-05,
        "batch_size": 16,
        "cotrain_epochs": 14,
        "finetune_patience": 4,
        "weight_decay": 8.457143408728829e-05,
        "warmup_ratio": 0.26907790462302483
      },
      "dev_macro_f1": 0.642418,
      "duration_seconds": 741.6,
      "full_metrics": {
        "event": "hurricane_harvey_2017",
        "budget": 5,
        "seed_set": 3,
        "test_error_rate": 31.800554016620495,
        "test_macro_f1": 0.6513279603366754,
        "test_ece": 0.2242835710253412,
        "test_per_class_f1": [
          0.6065573770491803,
          0.7747747747747747,
          0.7557251908396947,
          0.896797153024911,
          0.3843137254901961,
          0.37524177949709864,
          0.509090909090909,
          0.8114832535885167,
          0.7479674796747967
        ],
        "dev_error_rate": 32.83100107642627,
        "dev_macro_f1": 0.6424181516378541,
        "dev_ece": 0.23247954948726074,
        "stopping_strategy": "baseline",
        "phase1_seed_strategy": "last",
        "phase1_best_epoch": null,
        "lambda1_mean": 1.077135224028414,
        "lambda1_std": 0.1986097363151574,
        "lambda2_mean": 0.6005792696712968,
        "lambda2_std": 0.16780744927259422
      }
    },
    {
      "number": 3,
      "state": "COMPLETE",
      "params": {
        "lr": 0.0005185079650773777,
        "batch_size": 8,
        "cotrain_epochs": 14,
        "finetune_patience": 5,
        "weight_decay": 0.032840630087114846,
        "warmup_ratio": 0.052869006422776844
      },
      "dev_macro_f1": 0.052588,
      "duration_seconds": 1092.1,
      "full_metrics": {
        "event": "hurricane_harvey_2017",
        "budget": 5,
        "seed_set": 3,
        "test_error_rate": 69.03047091412742,
        "test_macro_f1": 0.052547471329197216,
        "test_ece": 0.3935212772969064,
        "test_per_class_f1": [
          0.0,
          0.0,
          0.0,
          0.0,
          0.0,
          0.0,
          0.0,
          0.47292724196277497,
          0.0
        ],
        "dev_error_rate": 68.9989235737352,
        "dev_macro_f1": 0.05258833196384552,
        "dev_ece": 0.39320580335684824,
        "stopping_strategy": "baseline",
        "phase1_seed_strategy": "last",
        "phase1_best_epoch": null,
        "lambda1_mean": 0.29174895286257085,
        "lambda1_std": 0.2603948406316332,
        "lambda2_mean": 0.12568047637014387,
        "lambda2_std": 0.12048483837036252
      }
    },
    {
      "number": 4,
      "state": "COMPLETE",
      "params": {
        "lr": 7.530593102334366e-05,
        "batch_size": 8,
        "cotrain_epochs": 17,
        "finetune_patience": 4,
        "weight_decay": 0.024895494570299038,
        "warmup_ratio": 0.2756241003845977
      },
      "dev_macro_f1": 0.648813,
      "duration_seconds": 1281.5,
      "full_metrics": {
        "event": "hurricane_harvey_2017",
        "budget": 5,
        "seed_set": 3,
        "test_error_rate": 32.46537396121884,
        "test_macro_f1": 0.6378718918837358,
        "test_ece": 0.21014925429695533,
        "test_per_class_f1": [
          0.5959183673469388,
          0.8258064516129032,
          0.7212475633528265,
          0.8928571428571429,
          0.39245283018867927,
          0.34552845528455284,
          0.4431137724550898,
          0.822429906542056,
          0.7014925373134329
        ],
        "dev_error_rate": 31.754574811625403,
        "dev_macro_f1": 0.6488131269404704,
        "dev_ece": 0.20648935379458447,
        "stopping_strategy": "baseline",
        "phase1_seed_strategy": "last",
        "phase1_best_epoch": null,
        "lambda1_mean": 1.0572018110130577,
        "lambda1_std": 0.22692292208126189,
        "lambda2_mean": 0.6210665867544544,
        "lambda2_std": 0.19661281688735477
      }
    },
    {
      "number": 5,
      "state": "COMPLETE",
      "params": {
        "lr": 0.00010394786288175067,
        "batch_size": 8,
        "cotrain_epochs": 17,
        "finetune_patience": 9,
        "weight_decay": 0.053926732144953096,
        "warmup_ratio": 0.049787427002026194
      },
      "dev_macro_f1": 0.551838,