{
  "event": "canada_wildfires_2016",
  "budget": 50,
  "seed_set": 3,
  "status": "done",
  "best_params": {
    "lr": 0.0001269532261463235,
    "batch_size": 64,
    "cotrain_epochs": 17,
    "finetune_patience": 10,
    "weight_decay": 0.02531636783380872,
    "warmup_ratio": 0.04070395967810581
  },
  "best_value": 0.650291,
  "best_full_metrics": {
    "event": "canada_wildfires_2016",
    "budget": 50,
    "seed_set": 3,
    "test_error_rate": 25.842696629213478,
    "test_macro_f1": 0.57579440526645,
    "test_ece": 0.10844374948673036,
    "test_per_class_f1": [
      0.2926829268292683,
      0.84472049689441,
      0.8867924528301887,
      0.2564102564102564,
      0.4444444444444444,
      0.2,
      0.8688046647230321,
      0.8125
    ],
    "dev_error_rate": 23.684210526315784,
    "dev_macro_f1": 0.6502908288423408,
    "dev_ece": 0.09279657638909525,
    "stopping_strategy": "baseline",
    "phase1_seed_strategy": "last",
    "phase1_best_epoch": null,
    "lambda1_mean": 0.9746643378755027,
    "lambda1_std": 0.2714280569447138,
    "lambda2_mean": 0.6498896192563649,
    "lambda2_std": 0.2576261515143641
  },
  "n_trials": 10,
  "continued_from": null,
  "trials": [
    {
      "number": 0,
      "state": "COMPLETE",
      "params": {
        "lr": 0.0006021254108478173,
        "batch_size": 64,
        "cotrain_epochs": 13,
        "finetune_patience": 9,
        "weight_decay": 0.014765419281470083,
        "warmup_ratio": 0.11889585149190181
      },
      "dev_macro_f1": 0.073529,
      "duration_seconds": 122.7,
      "full_metrics": {
        "event": "canada_wildfires_2016",
        "budget": 50,
        "seed_set": 3,
        "test_error_rate": 58.20224719101124,
        "test_macro_f1": 0.07369255150554675,
        "test_ece": 0.15237336761496045,
        "test_per_class_f1": [
          0.0,
          0.0,
          0.0,
          0.0,
          0.0,
          0.0,
          0.589540412044374,
          0.0
        ],
        "dev_error_rate": 58.33333333333333,
        "dev_macro_f1": 0.07352941176470588,
        "dev_ece": 0.15368422892009997,
        "stopping_strategy": "baseline",
        "phase1_seed_strategy": "last",
        "phase1_best_epoch": null,
        "lambda1_mean": 0.6291826921441612,
        "lambda1_std": 0.4419773864899923,
        "lambda2_mean": 0.2573370571888513,
        "lambda2_std": 0.2734069249870396
      }
    },
    {
      "number": 1,
      "state": "COMPLETE",
      "params": {
        "lr": 0.000718838344863932,
        "batch_size": 64,
        "cotrain_epochs": 12,
        "finetune_patience": 7,
        "weight_decay": 0.0047605955424136264,
        "warmup_ratio": 0.221421264411186
      },
      "dev_macro_f1": 0.073529,
      "duration_seconds": 114.0,
      "full_metrics": {
        "event": "canada_wildfires_2016",
        "budget": 50,
        "seed_set": 3,
        "test_error_rate": 58.20224719101124,
        "test_macro_f1": 0.07369255150554675,
        "test_ece": 0.2634871230701382,
        "test_per_class_f1": [
          0.0,
          0.0,
          0.0,
          0.0,
          0.0,
          0.0,
          0.589540412044374,
          0.0
        ],
        "dev_error_rate": 58.33333333333333,
        "dev_macro_f1": 0.07352941176470588,
        "dev_ece": 0.2621762955790026,
        "stopping_strategy": "baseline",
        "phase1_seed_strategy": "last",
        "phase1_best_epoch": null,
        "lambda1_mean": 0.6975496154600039,
        "lambda1_std": 0.38155712286690274,
        "lambda2_mean": 0.19813836541156282,
        "lambda2_std": 0.19034967832820068
      }
    },
    {
      "number": 2,
      "state": "COMPLETE",
      "params": {
        "lr": 0.00015465478850336416,
        "batch_size": 8,
        "cotrain_epochs": 6,
        "finetune_patience": 8,
        "weight_decay": 0.05896998490598974,
        "warmup_ratio": 0.054432608662697654
      },
      "dev_macro_f1": 0.073529,
      "duration_seconds": 137.8,
      "full_metrics": {
        "event": "canada_wildfires_2016",
        "budget": 50,
        "seed_set": 3,
        "test_error_rate": 58.20224719101124,
        "test_macro_f1": 0.07369255150554675,
        "test_ece": 0.25949117447553055,
        "test_per_class_f1": [
          0.0,
          0.0,
          0.0,
          0.0,
          0.0,
          0.0,
          0.589540412044374,
          0.0
        ],
        "dev_error_rate": 58.33333333333333,
        "dev_macro_f1": 0.07352941176470588,
        "dev_ece": 0.25818034607851714,
        "stopping_strategy": "baseline",
        "phase1_seed_strategy": "last",
        "phase1_best_epoch": null,
        "lambda1_mean": 0.7795846381561945,
        "lambda1_std": 0.3674963805050165,
        "lambda2_mean": 0.20869503358454647,
        "lambda2_std": 0.17219045188192222
      }
    },
    {
      "number": 3,
      "state": "COMPLETE",
      "params": {
        "lr": 2.522799031526689e-05,
        "batch_size": 64,
        "cotrain_epochs": 18,
        "finetune_patience": 6,
        "weight_decay": 0.06733730629923167,
        "warmup_ratio": 0.01100730874665724
      },
      "dev_macro_f1": 0.572373,
      "duration_seconds": 173.3,
      "full_metrics": {
        "event": "canada_wildfires_2016",
        "budget": 50,
        "seed_set": 3,
        "test_error_rate": 22.92134831460674,
        "test_macro_f1": 0.5763488717075114,
        "test_ece": 0.06628678370727585,
        "test_per_class_f1": [
          0.3404255319148936,
          0.8625,
          0.9056603773584906,
          0.36363636363636365,
          0.44660194174757284,
          0.0,
          0.8919667590027701,
          0.8
        ],
        "dev_error_rate": 21.92982456140351,
        "dev_macro_f1": 0.5723730886038088,
        "dev_ece": 0.08661154487676789,
        "stopping_strategy": "baseline",
        "phase1_seed_strategy": "last",
        "phase1_best_epoch": null,
        "lambda1_mean": 0.9625306091834065,
        "lambda1_std": 0.27830026673494856,
        "lambda2_mean": 0.5099790148726996,
        "lambda2_std": 0.23183000595088912
      }
    },
    {
      "number": 4,
      "state": "COMPLETE",
      "params": {
        "lr": 0.0001269532261463235,
        "batch_size": 64,
        "cotrain_epochs": 17,
        "finetune_patience": 10,
        "weight_decay": 0.02531636783380872,
        "warmup_ratio": 0.04070395967810581
      },
      "dev_macro_f1": 0.650291,
      "duration_seconds": 164.9,
      "full_metrics": {
        "event": "canada_wildfires_2016",
        "budget": 50,
        "seed_set": 3,
        "test_error_rate": 25.842696629213478,
        "test_macro_f1": 0.57579440526645,
        "test_ece": 0.10844374948673036,
        "test_per_class_f1": [
          0.2926829268292683,
          0.84472049689441,
          0.8867924528301887,
          0.2564102564102564,
          0.4444444444444444,
          0.2,
          0.8688046647230321,
          0.8125
        ],
        "dev_error_rate": 23.684210526315784,
        "dev_macro_f1": 0.6502908288423408,
        "dev_ece": 0.09279657638909525,
        "stopping_strategy": "baseline",
        "phase1_seed_strategy": "last",
        "phase1_best_epoch": null,
        "lambda1_mean": 0.9746643378755027,
        "lambda1_std": 0.2714280569447138,
        "lambda2_mean": 0.6498896192563649,
        "lambda2_std": 0.2576261515143641
      }
    },
    {
      "number": 5,
      "state": "COMPLETE",
      "params": {
        "lr": 0.00018831628895205448,
        "batch_size": 64,
        "cotrain_epochs": 14,
        "finetune_patience": 8,
        "weight_decay": 0.05615875232550217,
        "warmup_ratio": 0.23246179969449646
      },
      "dev_macro_f1": 0.600135,
      "duration_seconds": 145.0,
      "full_metrics": {
        "event": "canada_wildfires_2016",
        "budget": 50,
        "seed_set": 3,
        "test_error_rate": 27.640449438202253,
        "test_macro_f1": 0.5478411229721601,