{
  "event": "kaikoura_earthquake_2016",
  "budget": 50,
  "seed_set": 3,
  "status": "done",
  "best_params": {
    "lr": 2.6237078282273143e-05,
    "batch_size": 64,
    "cotrain_epochs": 6,
    "finetune_patience": 10,
    "weight_decay": 0.009010554446487462,
    "warmup_ratio": 0.24251261669045526
  },
  "best_value": 0.678254,
  "best_full_metrics": {
    "event": "kaikoura_earthquake_2016",
    "budget": 50,
    "seed_set": 3,
    "test_error_rate": 24.13793103448276,
    "test_macro_f1": 0.7081397147645485,
    "test_ece": 0.07218531746973934,
    "test_per_class_f1": [
      0.7486033519553073,
      0.7027027027027027,
      0.8421052631578947,
      0.9333333333333333,
      0.47058823529411764,
      0.5203252032520326,
      0.3333333333333333,
      0.896551724137931,
      0.9257142857142857
    ],
    "dev_error_rate": 24.10714285714286,
    "dev_macro_f1": 0.6782542796420408,
    "dev_ece": 0.09837299186204163,
    "stopping_strategy": "baseline",
    "phase1_seed_strategy": "last",
    "phase1_best_epoch": null,
    "lambda1_mean": 0.3757603117093455,
    "lambda1_std": 0.18923664264533654,
    "lambda2_mean": 0.10556486183535585,
    "lambda2_std": 0.04051234545168484
  },
  "n_trials": 10,
  "continued_from": null,
  "trials": [
    {
      "number": 0,
      "state": "COMPLETE",
      "params": {
        "lr": 0.00028942334965559015,
        "batch_size": 8,
        "cotrain_epochs": 7,
        "finetune_patience": 6,
        "weight_decay": 0.05957882740912084,
        "warmup_ratio": 0.2201179896877342
      },
      "dev_macro_f1": 0.040552,
      "duration_seconds": 152.8,
      "full_metrics": {
        "event": "kaikoura_earthquake_2016",
        "budget": 50,
        "seed_set": 3,
        "test_error_rate": 77.47126436781609,
        "test_macro_f1": 0.04085887012716281,
        "test_ece": 0.09350992311006304,
        "test_per_class_f1": [
          0.3677298311444653,
          0.0,
          0.0,
          0.0,
          0.0,
          0.0,
          0.0,
          0.0,
          0.0
        ],
        "dev_error_rate": 77.67857142857143,
        "dev_macro_f1": 0.040551500405515,
        "dev_ece": 0.09143685576106822,
        "stopping_strategy": "baseline",
        "phase1_seed_strategy": "last",
        "phase1_best_epoch": null,
        "lambda1_mean": 0.5118649561524617,
        "lambda1_std": 0.2244478577558461,
        "lambda2_mean": 0.08770381369488374,
        "lambda2_std": 0.07076991736024142
      }
    },
    {
      "number": 1,
      "state": "COMPLETE",
      "params": {
        "lr": 0.00020804132347434348,
        "batch_size": 16,
        "cotrain_epochs": 19,
        "finetune_patience": 8,
        "weight_decay": 0.05399475764110179,
        "warmup_ratio": 0.030816142893304865
      },
      "dev_macro_f1": 0.040552,
      "duration_seconds": 204.9,
      "full_metrics": {
        "event": "kaikoura_earthquake_2016",
        "budget": 50,
        "seed_set": 3,
        "test_error_rate": 77.47126436781609,
        "test_macro_f1": 0.04085887012716281,
        "test_ece": 0.09006149744850464,
        "test_per_class_f1": [
          0.3677298311444653,
          0.0,
          0.0,
          0.0,
          0.0,
          0.0,
          0.0,
          0.0,
          0.0
        ],
        "dev_error_rate": 77.67857142857143,
        "dev_macro_f1": 0.040551500405515,
        "dev_ece": 0.08798842664275852,
        "stopping_strategy": "baseline",
        "phase1_seed_strategy": "last",
        "phase1_best_epoch": null,
        "lambda1_mean": 0.47622317542189047,
        "lambda1_std": 0.2052104753376768,
        "lambda2_mean": 0.1279123152181837,
        "lambda2_std": 0.11386878700320767
      }
    },
    {
      "number": 2,
      "state": "COMPLETE",
      "params": {
        "lr": 5.1329369273664404e-05,
        "batch_size": 64,
        "cotrain_epochs": 16,
        "finetune_patience": 4,
        "weight_decay": 0.05495057474550452,
        "warmup_ratio": 0.12751935077985047
      },
      "dev_macro_f1": 0.664574,
      "duration_seconds": 139.0,
      "full_metrics": {
        "event": "kaikoura_earthquake_2016",
        "budget": 50,
        "seed_set": 3,
        "test_error_rate": 25.057471264367813,
        "test_macro_f1": 0.6785072248994595,
        "test_ece": 0.08437560461033351,
        "test_per_class_f1": [
          0.6829268292682927,
          0.7777777777777778,
          0.8153846153846154,
          0.9333333333333333,
          0.5647058823529412,
          0.5547445255474452,
          0.0,
          0.8705882352941177,
          0.907103825136612
        ],
        "dev_error_rate": 26.785714285714292,
        "dev_macro_f1": 0.66457377014819,
        "dev_ece": 0.08636984029518706,
        "stopping_strategy": "baseline",
        "phase1_seed_strategy": "last",
        "phase1_best_epoch": null,
        "lambda1_mean": 0.9598756856701832,
        "lambda1_std": 0.2330933770717218,
        "lambda2_mean": 0.38703776005224383,
        "lambda2_std": 0.16167260927663243
      }
    },
    {
      "number": 3,
      "state": "COMPLETE",
      "params": {
        "lr": 2.6237078282273143e-05,
        "batch_size": 64,
        "cotrain_epochs": 6,
        "finetune_patience": 10,
        "weight_decay": 0.009010554446487462,
        "warmup_ratio": 0.24251261669045526
      },
      "dev_macro_f1": 0.678254,
      "duration_seconds": 85.4,
      "full_metrics": {
        "event": "kaikoura_earthquake_2016",
        "budget": 50,
        "seed_set": 3,
        "test_error_rate": 24.13793103448276,
        "test_macro_f1": 0.7081397147645485,
        "test_ece": 0.07218531746973934,
        "test_per_class_f1": [
          0.7486033519553073,
          0.7027027027027027,
          0.8421052631578947,
          0.9333333333333333,
          0.47058823529411764,
          0.5203252032520326,
          0.3333333333333333,
          0.896551724137931,
          0.9257142857142857
        ],
        "dev_error_rate": 24.10714285714286,
        "dev_macro_f1": 0.6782542796420408,
        "dev_ece": 0.09837299186204163,
        "stopping_strategy": "baseline",
        "phase1_seed_strategy": "last",
        "phase1_best_epoch": null,
        "lambda1_mean": 0.3757603117093455,
        "lambda1_std": 0.18923664264533654,
        "lambda2_mean": 0.10556486183535585,
        "lambda2_std": 0.04051234545168484
      }
    },
    {
      "number": 4,
      "state": "COMPLETE",
      "params": {
        "lr": 1.4363803577284056e-05,
        "batch_size": 32,
        "cotrain_epochs": 6,
        "finetune_patience": 9,
        "weight_decay": 0.06295935268953683,
        "warmup_ratio": 0.05215330134673763
      },
      "dev_macro_f1": 0.673044,
      "duration_seconds": 87.9,
      "full_metrics": {
        "event": "kaikoura_earthquake_2016",
        "budget": 50,
        "seed_set": 3,
        "test_error_rate": 23.2183908045977,
        "test_macro_f1": 0.6728247058632568,
        "test_ece": 0.09103426433157648,
        "test_per_class_f1": [
          0.7513812154696132,
          0.6111111111111112,
          0.8527131782945736,
          0.9047619047619048,
          0.575,
          0.5826771653543307,
          0.0,
          0.8666666666666667,
          0.9111111111111111
        ],
        "dev_error_rate": 25.44642857142857,
        "dev_macro_f1": 0.6730440252141593,
        "dev_ece": 0.1030870834365487,
        "stopping_strategy": "baseline",
        "phase1_seed_strategy": "last",
        "phase1_best_epoch": null,
        "lambda1_mean": 0.5997217191708561,
        "lambda1_std": 0.2604001485444104,
        "lambda2_mean": 0.18448256546287267,
        "lambda2_std": 0.11144439876177653
      }
    },
    {
      "number": 5,
      "state": "COMPLETE",
      "params": {
        "lr": 0.0002878934888745914,
        "batch_size": 8,
        "cotrain_epochs": 20,
        "finetune_patience": 8,
        "weight_decay": 0.008890144111349097,