{
  "event": "kaikoura_earthquake_2016",
  "budget": 50,
  "seed_set": 2,
  "test_error_rate": 26.436781609195403,
  "test_macro_f1": 0.6657100526123239,
  "test_ece": 0.05061025999743363,
  "test_per_class_f1": [
    0.6410256410256411,
    0.6976744186046512,
    0.8444444444444444,
    0.9767441860465116,
    0.5227272727272727,
    0.48484848484848486,
    0.0,
    0.896551724137931,
    0.9273743016759777
  ],
  "dev_error_rate": 27.67857142857143,
  "dev_macro_f1": 0.6347235720180975,
  "dev_ece": 0.07969552451478583,
  "stopping_strategy": "baseline",
  "phase1_seed_strategy": "last",
  "phase1_best_epoch": null,
  "lambda1_mean": 0.4498642487035458,
  "lambda1_std": 0.08326407539676059,
  "lambda2_mean": 0.10623067584222885,
  "lambda2_std": 0.037820696091342365
}