{
  "event": "kaikoura_earthquake_2016",
  "budget": 5,
  "seed_set": 2,
  "test_error_rate": 58.62068965517242,
  "test_macro_f1": 0.21152394315365383,
  "test_ece": 0.3903145835317414,
  "test_per_class_f1": [
    0.45427728613569324,
    0.14285714285714285,
    0.0,
    0.0,
    0.449438202247191,
    0.0,
    0.0,
    0.0,
    0.8571428571428571
  ],
  "dev_error_rate": 61.60714285714286,
  "dev_macro_f1": 0.1904108897393693,
  "dev_ece": 0.42056553571351935,
  "stopping_strategy": "baseline",
  "phase1_seed_strategy": "last",
  "phase1_best_epoch": null,
  "lambda1_mean": 0.8358610739871165,
  "lambda1_std": 0.4109674935139624,
  "lambda2_mean": 0.3803388917072408,
  "lambda2_std": 0.23682215455468408
}