{
  "event": "kerala_floods_2018",
  "budget": 5,
  "seed_set": 2,
  "status": "done",
  "best_params": {
    "lr": 1.0592064066313974e-05,
    "batch_size": 16,
    "cotrain_epochs": 19,
    "finetune_patience": 10,
    "weight_decay": 0.05174927492194647,
    "warmup_ratio": 0.015383241955514115
  },
  "best_value": 0.611905,
  "best_full_metrics": {
    "event": "kerala_floods_2018",
    "budget": 5,
    "seed_set": 2,
    "test_error_rate": 29.013906447534765,
    "test_macro_f1": 0.554393635806233,
    "test_ece": 0.22441453990607735,
    "test_per_class_f1": [
      0.4827586206896552,
      0.13953488372093023,
      0.5354330708661418,
      0.8529411764705882,
      0.37254901960784315,
      0.41225626740947074,
      0.6869565217391305,
      0.8473193473193473,
      0.6597938144329897
    ],
    "dev_error_rate": 27.764127764127768,
    "dev_macro_f1": 0.6119048215064231,
    "dev_ece": 0.21786299106237048,
    "stopping_strategy": "baseline",
    "phase1_seed_strategy": "last",
    "phase1_best_epoch": null,
    "lambda1_mean": 1.083210907628837,
    "lambda1_std": 0.20132624396876547,
    "lambda2_mean": 0.6466275851035223,
    "lambda2_std": 0.17174566232170352
  },
  "n_trials": 10,
  "continued_from": null,
  "trials": [
    {
      "number": 0,
      "state": "COMPLETE",
      "params": {
        "lr": 1.0575668331779238e-05,
        "batch_size": 16,
        "cotrain_epochs": 17,
        "finetune_patience": 4,
        "weight_decay": 0.038077424690898413,
        "warmup_ratio": 0.21100878291895472
      },
      "dev_macro_f1": 0.586985,
      "duration_seconds": 774.3,
      "full_metrics": {
        "event": "kerala_floods_2018",
        "budget": 5,
        "seed_set": 2,
        "test_error_rate": 28.634639696586596,
        "test_macro_f1": 0.553112059792172,
        "test_ece": 0.22275704243391112,
        "test_per_class_f1": [
          0.5098039215686274,
          0.13333333333333333,
          0.5546218487394958,
          0.8175182481751825,
          0.40540540540540543,
          0.3806818181818182,
          0.6666666666666666,
          0.8518303312027891,
          0.65814696485623
        ],
        "dev_error_rate": 27.149877149877156,
        "dev_macro_f1": 0.5869851468385172,
        "dev_ece": 0.2079452120261931,
        "stopping_strategy": "baseline",
        "phase1_seed_strategy": "last",
        "phase1_best_epoch": null,
        "lambda1_mean": 1.0405474063003024,
        "lambda1_std": 0.24421536952643835,
        "lambda2_mean": 0.5352203257964206,
        "lambda2_std": 0.1910924552335653
      }
    },
    {
      "number": 1,
      "state": "COMPLETE",
      "params": {
        "lr": 0.00024087198597519337,
        "batch_size": 32,
        "cotrain_epochs": 19,
        "finetune_patience": 4,
        "weight_decay": 0.024692738164433514,
        "warmup_ratio": 0.2605814325483329
      },
      "dev_macro_f1": 0.077742,
      "duration_seconds": 758.3,
      "full_metrics": {
        "event": "kerala_floods_2018",
        "budget": 5,
        "seed_set": 2,
        "test_error_rate": 46.207332490518326,
        "test_macro_f1": 0.07772754258574234,
        "test_ece": 0.3554095542611726,
        "test_per_class_f1": [
          0.0,
          0.0,
          0.0,
          0.0,
          0.0,
          0.0,
          0.0,
          0.699547883271681,
          0.0
        ],
        "dev_error_rate": 46.1916461916462,
        "dev_macro_f1": 0.07774227902023428,
        "dev_ece": 0.35525269260863424,
        "stopping_strategy": "baseline",
        "phase1_seed_strategy": "last",
        "phase1_best_epoch": null,
        "lambda1_mean": 0.744484655765785,
        "lambda1_std": 0.3921669764433607,
        "lambda2_mean": 0.3002679234310288,
        "lambda2_std": 0.2857040270729539
      }
    },
    {
      "number": 2,
      "state": "COMPLETE",
      "params": {
        "lr": 0.0003328797419796176,
        "batch_size": 32,
        "cotrain_epochs": 19,
        "finetune_patience": 9,
        "weight_decay": 0.069802180862456,
        "warmup_ratio": 0.23774630748755848
      },
      "dev_macro_f1": 0.077742,
      "duration_seconds": 767.7,
      "full_metrics": {
        "event": "kerala_floods_2018",
        "budget": 5,
        "seed_set": 2,
        "test_error_rate": 46.207332490518326,
        "test_macro_f1": 0.07772754258574234,
        "test_ece": 0.3725953691753213,
        "test_per_class_f1": [
          0.0,
          0.0,
          0.0,
          0.0,
          0.0,
          0.0,
          0.0,
          0.699547883271681,
          0.0
        ],
        "dev_error_rate": 46.1916461916462,
        "dev_macro_f1": 0.07774227902023428,
        "dev_ece": 0.37244128514566355,
        "stopping_strategy": "baseline",
        "phase1_seed_strategy": "last",
        "phase1_best_epoch": null,
        "lambda1_mean": 0.7297479408900707,
        "lambda1_std": 0.4331150242328438,
        "lambda2_mean": 0.32334642565745664,
        "lambda2_std": 0.305667132501574
      }
    },
    {
      "number": 3,
      "state": "COMPLETE",
      "params": {
        "lr": 9.882071738620215e-05,
        "batch_size": 16,
        "cotrain_epochs": 15,
        "finetune_patience": 4,
        "weight_decay": 0.06354206404115297,
        "warmup_ratio": 0.2599794512358875
      },
      "dev_macro_f1": 0.583363,
      "duration_seconds": 705.3,
      "full_metrics": {
        "event": "kerala_floods_2018",
        "budget": 5,
        "seed_set": 2,
        "test_error_rate": 30.59418457648546,
        "test_macro_f1": 0.5608511582854503,
        "test_ece": 0.19638008730752127,
        "test_per_class_f1": [
          0.5396825396825397,
          0.24561403508771928,
          0.5142857142857142,
          0.8,
          0.45739910313901344,
          0.35962145110410093,
          0.6412213740458015,
          0.8320288982540638,
          0.6578073089700996
        ],
        "dev_error_rate": 29.115479115479115,
        "dev_macro_f1": 0.5833626789905414,
        "dev_ece": 0.1741557949444586,
        "stopping_strategy": "baseline",
        "phase1_seed_strategy": "last",
        "phase1_best_epoch": null,
        "lambda1_mean": 1.0659836420075552,
        "lambda1_std": 0.21195730115264907,
        "lambda2_mean": 0.5962733618849135,
        "lambda2_std": 0.18530084472672934
      }
    },
    {
      "number": 4,
      "state": "COMPLETE",
      "params": {
        "lr": 1.0592064066313974e-05,
        "batch_size": 16,
        "cotrain_epochs": 19,
        "finetune_patience": 10,
        "weight_decay": 0.05174927492194647,
        "warmup_ratio": 0.015383241955514115
      },
      "dev_macro_f1": 0.611905,
      "duration_seconds": 878.5,
      "full_metrics": {
        "event": "kerala_floods_2018",
        "budget": 5,
        "seed_set": 2,
        "test_error_rate": 29.013906447534765,
        "test_macro_f1": 0.554393635806233,
        "test_ece": 0.22441453990607735,
        "test_per_class_f1": [
          0.4827586206896552,
          0.13953488372093023,
          0.5354330708661418,
          0.8529411764705882,
          0.37254901960784315,
          0.41225626740947074,
          0.6869565217391305,
          0.8473193473193473,
          0.6597938144329897
        ],
        "dev_error_rate": 27.764127764127768,
        "dev_macro_f1": 0.6119048215064231,
        "dev_ece": 0.21786299106237048,
        "stopping_strategy": "baseline",
        "phase1_seed_strategy": "last",
        "phase1_best_epoch": null,
        "lambda1_mean": 1.083210907628837,
        "lambda1_std": 0.20132624396876547,
        "lambda2_mean": 0.6466275851035223,
        "lambda2_std": 0.17174566232170352
      }
    },
    {
      "number": 5,
      "state": "COMPLETE",
      "params": {
        "lr": 8.869032883142531e-05,
        "batch_size": 16,
        "cotrain_epochs": 5,
        "finetune_patience": 8,
        "weight_decay": 0.0966741345949952,