{
  "event": "kerala_floods_2018",
  "budget": 50,
  "seed_set": 2,
  "test_error_rate": 41.08723135271808,
  "test_macro_f1": 0.4696973849531998,
  "test_ece": 0.1631947811010062,
  "test_per_class_f1": [
    0.29357798165137616,
    0.10752688172043011,
    0.4024390243902439,
    0.8242424242424242,
    0.4105263157894737,
    0.32947976878612717,
    0.5409252669039146,
    0.7354385964912281,
    0.5831202046035806
  ],
  "dev_error_rate": 38.20638820638821,
  "dev_macro_f1": 0.5254841995908298,
  "dev_ece": 0.14719935081880858,
  "stopping_strategy": "baseline",
  "phase1_seed_strategy": "last",
  "phase1_best_epoch": null,
  "lambda1_mean": 1.0137472931466747,
  "lambda1_std": 0.2489348075941814,
  "lambda2_mean": 0.5127239585644857,
  "lambda2_std": 0.18537200775497625
}