{
  "event": "canada_wildfires_2016",
  "budget": 25,
  "seed_set": 2,
  "test_error_rate": 37.30337078651685,
  "test_macro_f1": 0.5229315722722507,
  "test_ece": 0.1591080180044924,
  "test_per_class_f1": [
    0.18181818181818182,
    0.7236842105263158,
    0.660377358490566,
    0.27586206896551724,
    0.35714285714285715,
    0.4444444444444444,
    0.7901234567901234,
    0.75
  ],
  "dev_error_rate": 37.28070175438597,
  "dev_macro_f1": 0.543722121903583,
  "dev_ece": 0.15524685853405998
}