{
  "event": "hurricane_harvey_2017",
  "budget": 25,
  "seed_set": 2,
  "status": "done",
  "best_params": {
    "lr": 2.7521984753648796e-05,
    "batch_size": 64,
    "cotrain_epochs": 8,
    "finetune_patience": 7,
    "weight_decay": 0.011634701916681001,
    "warmup_ratio": 0.051060938374633366
  },
  "best_value": 0.67059,
  "best_full_metrics": {
    "event": "hurricane_harvey_2017",
    "budget": 25,
    "seed_set": 2,
    "test_error_rate": 29.418282548476448,
    "test_macro_f1": 0.6661846300118065,
    "test_ece": 0.11482076009224657,
    "test_per_class_f1": [
      0.6044444444444445,
      0.8516129032258064,
      0.8068669527896996,
      0.9241379310344827,
      0.35874439461883406,
      0.463768115942029,
      0.43781094527363185,
      0.8237476808905381,
      0.7245283018867924
    ],
    "dev_error_rate": 30.462863293864373,
    "dev_macro_f1": 0.670589894829663,
    "dev_ece": 0.13001677644137294,
    "stopping_strategy": "baseline",
    "phase1_seed_strategy": "last",
    "phase1_best_epoch": null,
    "lambda1_mean": 1.011422043766949,
    "lambda1_std": 0.2807927452620238,
    "lambda2_mean": 0.4743197325231459,
    "lambda2_std": 0.18003431858311142
  },
  "n_trials": 10,
  "continued_from": null,
  "trials": [
    {
      "number": 0,
      "state": "COMPLETE",
      "params": {
        "lr": 0.0003043842605492667,
        "batch_size": 32,
        "cotrain_epochs": 9,
        "finetune_patience": 5,
        "weight_decay": 0.05047836332506222,
        "warmup_ratio": 0.16350332810456547
      },
      "dev_macro_f1": 0.641983,
      "duration_seconds": 461.8,
      "full_metrics": {
        "event": "hurricane_harvey_2017",
        "budget": 25,
        "seed_set": 2,
        "test_error_rate": 33.9612188365651,
        "test_macro_f1": 0.6096739093610152,
        "test_ece": 0.17279494488173247,
        "test_per_class_f1": [
          0.5,
          0.8166089965397924,
          0.8100208768267223,
          0.8949152542372881,
          0.25555555555555554,
          0.4398496240601504,
          0.3684210526315789,
          0.7593097184377838,
          0.6423841059602649
        ],
        "dev_error_rate": 32.72335844994618,
        "dev_macro_f1": 0.6419828998671834,
        "dev_ece": 0.18475851894579867,
        "stopping_strategy": "baseline",
        "phase1_seed_strategy": "last",
        "phase1_best_epoch": null,
        "lambda1_mean": 0.9014949769257092,
        "lambda1_std": 0.27496587776362613,
        "lambda2_mean": 0.08304164721403125,
        "lambda2_std": 0.10694388219336896
      }
    },
    {
      "number": 1,
      "state": "COMPLETE",
      "params": {
        "lr": 9.386371446275921e-05,
        "batch_size": 8,
        "cotrain_epochs": 5,
        "finetune_patience": 10,
        "weight_decay": 0.05818869838579321,
        "warmup_ratio": 0.032719962720010196
      },
      "dev_macro_f1": 0.668203,
      "duration_seconds": 507.0,
      "full_metrics": {
        "event": "hurricane_harvey_2017",
        "budget": 25,
        "seed_set": 2,
        "test_error_rate": 31.68975069252078,
        "test_macro_f1": 0.6546811816464644,
        "test_ece": 0.2330243439060169,
        "test_per_class_f1": [
          0.5563380281690141,
          0.8633093525179856,
          0.8620689655172413,
          0.9041095890410958,
          0.345679012345679,
          0.5192629815745393,
          0.3225806451612903,
          0.7718940936863544,
          0.7468879668049793
        ],
        "dev_error_rate": 31.001076426264795,
        "dev_macro_f1": 0.6682032598598683,
        "dev_ece": 0.2368267862641516,
        "stopping_strategy": "baseline",
        "phase1_seed_strategy": "last",
        "phase1_best_epoch": null,
        "lambda1_mean": 0.3850488972446642,
        "lambda1_std": 0.20684706137043124,
        "lambda2_mean": 0.4914250427970255,
        "lambda2_std": 0.30571854137992643
      }
    },
    {
      "number": 2,
      "state": "COMPLETE",
      "params": {
        "lr": 0.00016648257132074323,
        "batch_size": 32,
        "cotrain_epochs": 18,
        "finetune_patience": 8,
        "weight_decay": 0.019147959091100265,
        "warmup_ratio": 0.005525470546087185
      },
      "dev_macro_f1": 0.637147,
      "duration_seconds": 798.1,
      "full_metrics": {
        "event": "hurricane_harvey_2017",
        "budget": 25,
        "seed_set": 2,
        "test_error_rate": 27.867036011080337,
        "test_macro_f1": 0.6536129440492999,
        "test_ece": 0.22292700715342384,
        "test_per_class_f1": [
          0.6229508196721312,
          0.8193548387096774,
          0.825,
          0.89198606271777,
          0.3105590062111801,
          0.47619047619047616,
          0.40310077519379844,
          0.8454312553373186,
          0.6879432624113475
        ],
        "dev_error_rate": 30.678148546824545,
        "dev_macro_f1": 0.6371467680839424,
        "dev_ece": 0.19227825576766314,
        "stopping_strategy": "baseline",
        "phase1_seed_strategy": "last",
        "phase1_best_epoch": null,
        "lambda1_mean": 0.9589565430142534,
        "lambda1_std": 0.28058014854471985,
        "lambda2_mean": 0.08217654023171349,
        "lambda2_std": 0.10184605660350941
      }
    },
    {
      "number": 3,
      "state": "COMPLETE",
      "params": {
        "lr": 1.0581821062870672e-05,
        "batch_size": 64,
        "cotrain_epochs": 7,
        "finetune_patience": 9,
        "weight_decay": 0.026328752798738808,
        "warmup_ratio": 0.032306707246035515
      },
      "dev_macro_f1": 0.537203,
      "duration_seconds": 342.7,
      "full_metrics": {
        "event": "hurricane_harvey_2017",
        "budget": 25,
        "seed_set": 2,
        "test_error_rate": 35.180055401662045,
        "test_macro_f1": 0.5364082217074053,
        "test_ece": 0.25015440271171496,
        "test_per_class_f1": [
          0.6176470588235294,
          0.7396449704142012,
          0.6928571428571428,
          0.8881118881118881,
          0.36900369003690037,
          0.0,
          0.0,
          0.8329092451229856,
          0.6875
        ],
        "dev_error_rate": 35.6297093649085,
        "dev_macro_f1": 0.5372032838901031,
        "dev_ece": 0.25417864268126344,
        "stopping_strategy": "baseline",
        "phase1_seed_strategy": "last",
        "phase1_best_epoch": null,
        "lambda1_mean": 0.868388714068774,
        "lambda1_std": 0.3108869158989747,
        "lambda2_mean": 0.3490045989132448,
        "lambda2_std": 0.1665261765066517
      }
    },
    {
      "number": 4,
      "state": "COMPLETE",
      "params": {
        "lr": 0.00032926123762418657,
        "batch_size": 32,
        "cotrain_epochs": 6,
        "finetune_patience": 8,
        "weight_decay": 0.0352433365352532,
        "warmup_ratio": 0.16606440762968838
      },
      "dev_macro_f1": 0.052588,
      "duration_seconds": 333.0,
      "full_metrics": {
        "event": "hurricane_harvey_2017",
        "budget": 25,
        "seed_set": 2,
        "test_error_rate": 69.03047091412742,
        "test_macro_f1": 0.052547471329197216,
        "test_ece": 0.15062187363566454,
        "test_per_class_f1": [
          0.0,
          0.0,
          0.0,
          0.0,
          0.0,
          0.0,
          0.0,
          0.47292724196277497,
          0.0
        ],
        "dev_error_rate": 68.9989235737352,
        "dev_macro_f1": 0.05258833196384552,
        "dev_ece": 0.15030718744763516,
        "stopping_strategy": "baseline",
        "phase1_seed_strategy": "last",
        "phase1_best_epoch": null,
        "lambda1_mean": 0.31336476345175557,
        "lambda1_std": 0.2928608029516965,
        "lambda2_mean": 0.10413431541658161,
        "lambda2_std": 0.1410651103094534
      }
    },
    {
      "number": 5,
      "state": "COMPLETE",
      "params": {
        "lr": 0.0003386896733294398,
        "batch_size": 8,
        "cotrain_epochs": 20,