{
  "event": "hurricane_florence_2018",
  "budget": 10,
  "seed_set": 3,
  "test_error_rate": 80.58017727639,
  "test_macro_f1": 0.182439051205474,
  "test_ece": 0.40579399366853314,
  "test_per_class_f1": [
    0.1322314049586777,
    0.3492063492063492,
    0.1015625,
    0.3364485981308411,
    0.037383177570093455,
    0.11353711790393013,
    0.057803468208092484,
    0.2235294117647059,
    0.29024943310657597
  ],
  "dev_error_rate": 78.56025039123631,
  "dev_macro_f1": 0.20361304548799725,
  "dev_ece": 0.3885293466524339
}