class_label,caution_and_advice,displaced_people_and_evacuations,infrastructure_and_utility_damage,injured_or_dead_people,not_humanitarian,other_relevant_information,requests_or_urgent_needs,rescue_volunteering_or_donation_effort,sympathy_and_support
caution_and_advice,0.693565976008724,0.022900763358778626,0.14830970556161396,0.003271537622682661,0.026172300981461286,0.09269356597600872,0.003271537622682661,0.0054525627044711015,0.004362050163576881
displaced_people_and_evacuations,0.14349775784753363,0.7982062780269058,0.002242152466367713,0.002242152466367713,0.02242152466367713,0.002242152466367713,0.002242152466367713,0.02466367713004484,0.002242152466367713
infrastructure_and_utility_damage,0.07142857142857142,0.008928571428571428,0.7946428571428571,0.0,0.03571428571428571,0.03125,0.0,0.026785714285714284,0.03125
injured_or_dead_people,0.019230769230769232,0.0,0.019230769230769232,0.8846153846153846,0.04326923076923077,0.014423076923076924,0.0,0.004807692307692308,0.014423076923076924
not_humanitarian,0.0215633423180593,0.008086253369272238,0.0215633423180593,0.004043126684636119,0.8962264150943396,0.014824797843665768,0.006738544474393531,0.006738544474393531,0.02021563342318059
other_relevant_information,0.19550561797752808,0.060674157303370786,0.1550561797752809,0.0022471910112359553,0.28314606741573034,0.20224719101123595,0.024719101123595506,0.04719101123595506,0.029213483146067417
requests_or_urgent_needs,0.02631578947368421,0.0,0.0,0.0,0.13157894736842105,0.0,0.2631578947368421,0.5526315789473685,0.02631578947368421
rescue_volunteering_or_donation_effort,0.013539651837524178,0.04932301740812379,0.012572533849129593,0.0029013539651837525,0.04448742746615087,0.024177949709864602,0.010638297872340425,0.8317214700193424,0.010638297872340425
sympathy_and_support,0.045454545454545456,0.006060606060606061,0.0030303030303030303,0.006060606060606061,0.012121212121212121,0.0030303030303030303,0.006060606060606061,0.051515151515151514,0.8666666666666667
