label,precision,recall,f1,support,error_rate
caution_and_advice,0.7456037514654161,0.693565976008724,0.7186440677966102,917,0.30643402399127595
displaced_people_and_evacuations,0.7655913978494624,0.7982062780269058,0.7815587266739846,446,0.2017937219730942
infrastructure_and_utility_damage,0.4258373205741627,0.7946428571428571,0.5545171339563862,224,0.2053571428571429
injured_or_dead_people,0.934010152284264,0.8846153846153846,0.9086419753086419,208,0.11538461538461542
not_humanitarian,0.7413600891861761,0.8962264150943396,0.8114704087858451,742,0.10377358490566035
other_relevant_information,0.40358744394618834,0.20224719101123595,0.2694610778443114,445,0.797752808988764
requests_or_urgent_needs,0.23255813953488372,0.2631578947368421,0.24691358024691357,38,0.736842105263158
rescue_volunteering_or_donation_effort,0.9081309398099261,0.8317214700193424,0.8682483594144371,1034,0.16827852998065762
sympathy_and_support,0.8387096774193549,0.8666666666666667,0.8524590163934426,330,0.1333333333333333
