{
  "event": "hurricane_maria_2017",
  "budget": 5,
  "seed_set": 1,
  "status": "done",
  "best_params": {
    "lr": 6.921716957374709e-05,
    "batch_size": 16,
    "cotrain_epochs": 5,
    "finetune_patience": 8,
    "weight_decay": 0.03598182786558738,
    "warmup_ratio": 0.12205141083874074
  },
  "best_value": 0.666405,
  "best_full_metrics": {
    "event": "hurricane_maria_2017",
    "budget": 5,
    "seed_set": 1,
    "test_error_rate": 30.513176144244103,
    "test_macro_f1": 0.6280066660402133,
    "test_ece": 0.1752506632993357,
    "test_per_class_f1": [
      0.5471698113207547,
      0.6493506493506493,
      0.8636363636363636,
      0.7972027972027972,
      0.24742268041237114,
      0.48148148148148145,
      0.6158730158730159,
      0.8047619047619048,
      0.6451612903225806
    ],
    "dev_error_rate": 29.24528301886793,
    "dev_macro_f1": 0.6664054938863415,
    "dev_ece": 0.1922071733163052,
    "stopping_strategy": "baseline",
    "phase1_seed_strategy": "last",
    "phase1_best_epoch": null,
    "lambda1_mean": 1.0453237393810935,
    "lambda1_std": 0.20193374312495443,
    "lambda2_mean": 0.07999053665346562,
    "lambda2_std": 0.07131199703062452
  },
  "n_trials": 10,
  "continued_from": null,
  "trials": [
    {
      "number": 0,
      "state": "COMPLETE",
      "params": {
        "lr": 6.921716957374709e-05,
        "batch_size": 16,
        "cotrain_epochs": 5,
        "finetune_patience": 8,
        "weight_decay": 0.03598182786558738,
        "warmup_ratio": 0.12205141083874074
      },
      "dev_macro_f1": 0.666405,
      "duration_seconds": 296.5,
      "full_metrics": {
        "event": "hurricane_maria_2017",
        "budget": 5,
        "seed_set": 1,
        "test_error_rate": 30.513176144244103,
        "test_macro_f1": 0.6280066660402133,
        "test_ece": 0.1752506632993357,
        "test_per_class_f1": [
          0.5471698113207547,
          0.6493506493506493,
          0.8636363636363636,
          0.7972027972027972,
          0.24742268041237114,
          0.48148148148148145,
          0.6158730158730159,
          0.8047619047619048,
          0.6451612903225806
        ],
        "dev_error_rate": 29.24528301886793,
        "dev_macro_f1": 0.6664054938863415,
        "dev_ece": 0.1922071733163052,
        "stopping_strategy": "baseline",
        "phase1_seed_strategy": "last",
        "phase1_best_epoch": null,
        "lambda1_mean": 1.0453237393810935,
        "lambda1_std": 0.20193374312495443,
        "lambda2_mean": 0.07999053665346562,
        "lambda2_std": 0.07131199703062452
      }
    },
    {
      "number": 1,
      "state": "COMPLETE",
      "params": {
        "lr": 0.00015165820460434932,
        "batch_size": 16,
        "cotrain_epochs": 18,
        "finetune_patience": 10,
        "weight_decay": 0.035355194883045,
        "warmup_ratio": 0.13350005548395863
      },
      "dev_macro_f1": 0.047552,
      "duration_seconds": 735.0,
      "full_metrics": {
        "event": "hurricane_maria_2017",
        "budget": 5,
        "seed_set": 1,
        "test_error_rate": 72.88488210818308,
        "test_macro_f1": 0.04740255804085591,
        "test_ece": 0.44133749236346287,
        "test_per_class_f1": [
          0.0,
          0.0,
          0.0,
          0.0,
          0.0,
          0.0,
          0.0,
          0.4266230223677032,
          0.0
        ],
        "dev_error_rate": 72.77628032345014,
        "dev_macro_f1": 0.04755178907721281,
        "dev_ece": 0.4402514744319041,
        "stopping_strategy": "baseline",
        "phase1_seed_strategy": "last",
        "phase1_best_epoch": null,
        "lambda1_mean": 0.5211521194826741,
        "lambda1_std": 0.30618307730103406,
        "lambda2_mean": 0.12457545589195727,
        "lambda2_std": 0.14499847160906926
      }
    },
    {
      "number": 2,
      "state": "COMPLETE",
      "params": {
        "lr": 0.0005596572464089112,
        "batch_size": 8,
        "cotrain_epochs": 7,
        "finetune_patience": 4,
        "weight_decay": 0.0856724168589465,
        "warmup_ratio": 0.014532295641474811
      },
      "dev_macro_f1": 0.047552,
      "duration_seconds": 511.5,
      "full_metrics": {
        "event": "hurricane_maria_2017",
        "budget": 5,
        "seed_set": 1,
        "test_error_rate": 72.88488210818308,
        "test_macro_f1": 0.04740255804085591,
        "test_ece": 0.35659099241070213,
        "test_per_class_f1": [
          0.0,
          0.0,
          0.0,
          0.0,
          0.0,
          0.0,
          0.0,
          0.4266230223677032,
          0.0
        ],
        "dev_error_rate": 72.77628032345014,
        "dev_macro_f1": 0.04755178907721281,
        "dev_ece": 0.3555049746023677,
        "stopping_strategy": "baseline",
        "phase1_seed_strategy": "last",
        "phase1_best_epoch": null,
        "lambda1_mean": 0.3067503237639922,
        "lambda1_std": 0.23162757259386452,
        "lambda2_mean": 0.13646633746598916,
        "lambda2_std": 0.1135845904489699
      }
    },
    {
      "number": 3,
      "state": "COMPLETE",
      "params": {
        "lr": 4.23876265389564e-05,
        "batch_size": 64,
        "cotrain_epochs": 16,
        "finetune_patience": 6,
        "weight_decay": 0.004253783480986962,
        "warmup_ratio": 0.03281334986650294
      },
      "dev_macro_f1": 0.657421,
      "duration_seconds": 529.7,
      "full_metrics": {
        "event": "hurricane_maria_2017",
        "budget": 5,
        "seed_set": 1,
        "test_error_rate": 30.859916782246877,
        "test_macro_f1": 0.6630350206951479,
        "test_ece": 0.24987915844427894,
        "test_per_class_f1": [
          0.6363636363636364,
          0.7246376811594203,
          0.8077544426494345,
          0.9310344827586207,
          0.3918918918918919,
          0.37850467289719625,
          0.6138613861386139,
          0.8193325661680092,
          0.6639344262295082
        ],
        "dev_error_rate": 30.99730458221024,
        "dev_macro_f1": 0.6574205174676815,
        "dev_ece": 0.26117970218073644,
        "stopping_strategy": "baseline",
        "phase1_seed_strategy": "last",
        "phase1_best_epoch": null,
        "lambda1_mean": 1.0895693921923864,
        "lambda1_std": 0.1889624639776235,
        "lambda2_mean": 0.6269123062635141,
        "lambda2_std": 0.1613240782215398
      }
    },
    {
      "number": 4,
      "state": "COMPLETE",
      "params": {
        "lr": 1.0623377267787248e-05,
        "batch_size": 32,
        "cotrain_epochs": 17,
        "finetune_patience": 9,
        "weight_decay": 0.07692883489923034,
        "warmup_ratio": 0.10914183400147766
      },
      "dev_macro_f1": 0.647358,
      "duration_seconds": 637.2,
      "full_metrics": {
        "event": "hurricane_maria_2017",
        "budget": 5,
        "seed_set": 1,
        "test_error_rate": 31.48404993065187,
        "test_macro_f1": 0.6592752212898744,
        "test_ece": 0.24070827288865715,
        "test_per_class_f1": [
          0.6595744680851063,
          0.7586206896551724,
          0.8204283360790774,
          0.9243697478991597,
          0.3875,
          0.3491271820448878,
          0.5928338762214984,
          0.815068493150685,
          0.6259541984732825
        ],
        "dev_error_rate": 32.21024258760108,
        "dev_macro_f1": 0.6473581530385855,
        "dev_ece": 0.2588792303501756,
        "stopping_strategy": "baseline",
        "phase1_seed_strategy": "last",
        "phase1_best_epoch": null,
        "lambda1_mean": 1.0364879120217303,
        "lambda1_std": 0.24262594326766007,
        "lambda2_mean": 0.5250477750270431,
        "lambda2_std": 0.18113098884977324
      }
    },
    {
      "number": 5,
      "state": "COMPLETE",
      "params": {
        "lr": 0.00011676332239578866,
        "batch_size": 8,
        "cotrain_epochs": 13,
        "finetune_patience": 8,
        "weight_decay": 0.09421033819636648,