{
  "event": "hurricane_maria_2017",
  "budget": 5,
  "seed_set": 2,
  "status": "done",
  "best_params": {
    "lr": 0.00014653614112743044,
    "batch_size": 32,
    "cotrain_epochs": 20,
    "finetune_patience": 6,
    "weight_decay": 0.0400221557175107,
    "warmup_ratio": 0.15178035778176924
  },
  "best_value": 0.486369,
  "best_full_metrics": {
    "event": "hurricane_maria_2017",
    "budget": 5,
    "seed_set": 2,
    "test_error_rate": 48.82108183079057,
    "test_macro_f1": 0.45842805425695743,
    "test_ece": 0.09411173352090729,
    "test_per_class_f1": [
      0.515625,
      0.1927710843373494,
      0.5770065075921909,
      0.4594594594594595,
      0.14893617021276595,
      0.25806451612903225,
      0.6305084745762712,
      0.6934812760055479,
      0.65
    ],
    "dev_error_rate": 45.28301886792453,
    "dev_macro_f1": 0.48636919274395346,
    "dev_ece": 0.08150078141384043,
    "stopping_strategy": "baseline",
    "phase1_seed_strategy": "last",
    "phase1_best_epoch": null,
    "lambda1_mean": 0.36552282809588527,
    "lambda1_std": 0.1105173095836481,
    "lambda2_mean": 0.6669166805006459,
    "lambda2_std": 0.14899554532222484
  },
  "n_trials": 10,
  "continued_from": null,
  "trials": [
    {
      "number": 0,
      "state": "COMPLETE",
      "params": {
        "lr": 0.0002560883411828805,
        "batch_size": 16,
        "cotrain_epochs": 9,
        "finetune_patience": 7,
        "weight_decay": 0.02340532123191611,
        "warmup_ratio": 0.1983540370003856
      },
      "dev_macro_f1": 0.047552,
      "duration_seconds": 815.6,
      "full_metrics": {
        "event": "hurricane_maria_2017",
        "budget": 5,
        "seed_set": 2,
        "test_error_rate": 72.88488210818308,
        "test_macro_f1": 0.04740255804085591,
        "test_ece": 0.2603970838403239,
        "test_per_class_f1": [
          0.0,
          0.0,
          0.0,
          0.0,
          0.0,
          0.0,
          0.0,
          0.4266230223677032,
          0.0
        ],
        "dev_error_rate": 72.77628032345014,
        "dev_macro_f1": 0.04755178907721281,
        "dev_ece": 0.2593110659212436,
        "stopping_strategy": "baseline",
        "phase1_seed_strategy": "last",
        "phase1_best_epoch": null,
        "lambda1_mean": 0.26232762215625227,
        "lambda1_std": 0.2095410148306972,
        "lambda2_mean": 0.08432069877363887,
        "lambda2_std": 0.10266953547429726
      }
    },
    {
      "number": 1,
      "state": "COMPLETE",
      "params": {
        "lr": 0.00013336470139118083,
        "batch_size": 8,
        "cotrain_epochs": 11,
        "finetune_patience": 5,
        "weight_decay": 0.05210400487996436,
        "warmup_ratio": 0.02502471677696715
      },
      "dev_macro_f1": 0.062101,
      "duration_seconds": 1122.8,
      "full_metrics": {
        "event": "hurricane_maria_2017",
        "budget": 5,
        "seed_set": 2,
        "test_error_rate": 72.26074895977808,
        "test_macro_f1": 0.06084663726641889,
        "test_ece": 0.21555256111942608,
        "test_per_class_f1": [
          0.0,
          0.0,
          0.0,
          0.0,
          0.0,
          0.0,
          0.11842105263157894,
          0.429198682766191,
          0.0
        ],
        "dev_error_rate": 72.10242587601078,
        "dev_macro_f1": 0.062100972548733736,
        "dev_ece": 0.21456504751729835,
        "stopping_strategy": "baseline",
        "phase1_seed_strategy": "last",
        "phase1_best_epoch": null,
        "lambda1_mean": 0.229882987989497,
        "lambda1_std": 0.15693739462954603,
        "lambda2_mean": 0.10574695645846577,
        "lambda2_std": 0.08400409926012409
      }
    },
    {
      "number": 2,
      "state": "COMPLETE",
      "params": {
        "lr": 1.746299789234038e-05,
        "batch_size": 16,
        "cotrain_epochs": 8,
        "finetune_patience": 8,
        "weight_decay": 0.06308940709309636,
        "warmup_ratio": 0.25021326494682083
      },
      "dev_macro_f1": 0.469814,
      "duration_seconds": 782.4,
      "full_metrics": {
        "event": "hurricane_maria_2017",
        "budget": 5,
        "seed_set": 2,
        "test_error_rate": 50.34674063800277,
        "test_macro_f1": 0.45162141049380966,
        "test_ece": 0.3815254844962806,
        "test_per_class_f1": [
          0.559322033898305,
          0.17843866171003717,
          0.650887573964497,
          0.4192139737991266,
          0.3,
          0.0,
          0.6438356164383562,
          0.6752136752136753,
          0.6376811594202898
        ],
        "dev_error_rate": 46.90026954177897,
        "dev_macro_f1": 0.4698139905723606,
        "dev_ece": 0.35430600323445716,
        "stopping_strategy": "baseline",
        "phase1_seed_strategy": "last",
        "phase1_best_epoch": null,
        "lambda1_mean": 1.0335659007648719,
        "lambda1_std": 0.21069920792997565,
        "lambda2_mean": 0.42163245650765413,
        "lambda2_std": 0.13210677928471612
      }
    },
    {
      "number": 3,
      "state": "COMPLETE",
      "params": {
        "lr": 0.000590978666190423,
        "batch_size": 64,
        "cotrain_epochs": 16,
        "finetune_patience": 9,
        "weight_decay": 0.008475378273808,
        "warmup_ratio": 0.03922230533595764
      },
      "dev_macro_f1": 0.047552,
      "duration_seconds": 1088.2,
      "full_metrics": {
        "event": "hurricane_maria_2017",
        "budget": 5,
        "seed_set": 2,
        "test_error_rate": 72.88488210818308,
        "test_macro_f1": 0.04740255804085591,
        "test_ece": 0.30961045606291737,
        "test_per_class_f1": [
          0.0,
          0.0,
          0.0,
          0.0,
          0.0,
          0.0,
          0.0,
          0.4266230223677032,
          0.0
        ],
        "dev_error_rate": 72.77628032345014,
        "dev_macro_f1": 0.04755178907721281,
        "dev_ece": 0.3085244379917566,
        "stopping_strategy": "baseline",
        "phase1_seed_strategy": "last",
        "phase1_best_epoch": null,
        "lambda1_mean": 0.29076272504291606,
        "lambda1_std": 0.24120109027121714,
        "lambda2_mean": 0.11019208195254486,
        "lambda2_std": 0.12317715490238558
      }
    },
    {
      "number": 4,
      "state": "COMPLETE",
      "params": {
        "lr": 0.0007560137371569913,
        "batch_size": 8,
        "cotrain_epochs": 14,
        "finetune_patience": 9,
        "weight_decay": 0.039042791867526586,
        "warmup_ratio": 0.00562236753060541
      },
      "dev_macro_f1": 0.047552,
      "duration_seconds": 1402.2,
      "full_metrics": {
        "event": "hurricane_maria_2017",
        "budget": 5,
        "seed_set": 2,
        "test_error_rate": 72.88488210818308,
        "test_macro_f1": 0.04740255804085591,
        "test_ece": 0.35582578793974096,
        "test_per_class_f1": [
          0.0,
          0.0,
          0.0,
          0.0,
          0.0,
          0.0,
          0.0,
          0.4266230223677032,
          0.0
        ],
        "dev_error_rate": 72.77628032345014,
        "dev_macro_f1": 0.04755178907721281,
        "dev_ece": 0.3547397700924115,
        "stopping_strategy": "baseline",
        "phase1_seed_strategy": "last",
        "phase1_best_epoch": null,
        "lambda1_mean": 0.2292352932522538,
        "lambda1_std": 0.22667694771668623,
        "lambda2_mean": 0.12219101823689367,
        "lambda2_std": 0.12992228811475814
      }
    },
    {
      "number": 5,
      "state": "COMPLETE",
      "params": {
        "lr": 0.0003722274391573682,
        "batch_size": 16,
        "cotrain_epochs": 6,
        "finetune_patience": 10,
        "weight_decay": 0.09399933211227329,
        "warmup_ratio": 0.1720524119828679
      },
      "dev_macro_f1": 0.047552,
      "duration_seconds": 601.2,
      "full_metrics": {
        "event": "hurricane_maria_2017",
        "budget": 5,
        "seed_set": 2,
        "test_error_rate": 72.88488210818308,