{
  "event": "hurricane_harvey_2017",
  "budget": 25,
  "seed_set": 3,
  "test_error_rate": 50.85872576177286,
  "test_macro_f1": 0.46837273928135187,
  "test_ece": 0.22279922522996604,
  "test_per_class_f1": [
    0.5506072874493927,
    0.3843843843843844,
    0.5460869565217391,
    0.5363636363636364,
    0.33613445378151263,
    0.2513089005235602,
    0.30952380952380953,
    0.6710239651416122,
    0.6299212598425197
  ],
  "dev_error_rate": 52.529601722282024,
  "dev_macro_f1": 0.477838621503202,
  "dev_ece": 0.23678129388518687
}