{
  "event": "hurricane_maria_2017",
  "budget": 50,
  "seed_set": 3,
  "test_error_rate": 40.707350901525665,
  "test_macro_f1": 0.5698426536030121,
  "test_ece": 0.1348556669302357,
  "test_per_class_f1": [
    0.6373626373626373,
    0.2634730538922156,
    0.7084078711985689,
    0.8421052631578947,
    0.33980582524271846,
    0.3712574850299401,
    0.5806451612903226,
    0.739612188365651,
    0.6459143968871596
  ],
  "dev_error_rate": 39.21832884097035,
  "dev_macro_f1": 0.5749031329659686,
  "dev_ece": 0.14187122098197835
}