{
  "event": "hurricane_maria_2017",
  "budget": 25,
  "seed_set": 3,
  "test_error_rate": 29.33425797503467,
  "test_macro_f1": 0.680857684116896,
  "test_ece": 0.19960844938368144,
  "test_per_class_f1": [
    0.6476190476190476,
    0.6493506493506493,
    0.8447412353923205,
    0.9586776859504132,
    0.3870967741935484,
    0.4435483870967742,
    0.6666666666666666,
    0.8128872366790583,
    0.7171314741035857
  ],
  "dev_error_rate": 28.840970350404316,
  "dev_macro_f1": 0.694709603550244,
  "dev_ece": 0.19920065027041578,
  "stopping_strategy": "baseline",
  "phase1_seed_strategy": "last",
  "phase1_best_epoch": null,
  "lambda1_mean": 1.0522206296154637,
  "lambda1_std": 0.23558320302968708,
  "lambda2_mean": 0.5796126430896413,
  "lambda2_std": 0.19246690267048333
}