{
  "event": "hurricane_dorian_2019",
  "budget": 25,
  "seed_set": 1,
  "test_error_rate": 34.3501326259947,
  "test_macro_f1": 0.5464954997072318,
  "test_ece": 0.12728494896852371,
  "test_per_class_f1": [
    0.6252285191956124,
    0.8626373626373627,
    0.6167664670658682,
    0.09523809523809523,
    0.6378378378378379,
    0.3795309168443497,
    0.08333333333333333,
    0.8027210884353742,
    0.8151658767772512
  ],
  "dev_error_rate": 34.79381443298969,
  "dev_macro_f1": 0.616248892719481,
  "dev_ece": 0.11720768110730603,
  "stopping_strategy": "baseline",
  "phase1_seed_strategy": "last",
  "phase1_best_epoch": null,
  "lambda1_mean": 1.0171378685388557,
  "lambda1_std": 0.295432892877324,
  "lambda2_mean": 0.5154927194105561,
  "lambda2_std": 0.18514743820075577
}