{
  "event": "california_wildfires_2018",
  "budget": 25,
  "seed_set": 1,
  "test_error_rate": 28.06297056810404,
  "test_macro_f1": 0.6445386933680259,
  "test_ece": 0.09995283452637138,
  "test_per_class_f1": [
    0.5172413793103449,
    0.7515151515151515,
    0.5638766519823789,
    0.8987854251012146,
    0.7529411764705882,
    0.6805293005671077,
    0.40993788819875776,
    0.38095238095238093,
    0.8201160541586073,
    0.6694915254237288
  ],
  "dev_error_rate": 27.393617021276594,
  "dev_macro_f1": 0.6436581930363949,
  "dev_ece": 0.09840772610078466,
  "stopping_strategy": "baseline",
  "phase1_seed_strategy": "last",
  "phase1_best_epoch": null,
  "lambda1_mean": 1.049346567858115,
  "lambda1_std": 0.24342833533710023,
  "lambda2_mean": 0.5907694256742676,
  "lambda2_std": 0.20055135229319193
}