{
  "event": "kerala_floods_2018",
  "budget": 50,
  "seed_set": 2,
  "status": "done",
  "best_params": {
    "lr": 7.226246100019664e-05,
    "batch_size": 32,
    "cotrain_epochs": 14,
    "finetune_patience": 10,
    "weight_decay": 0.09736611399812631,
    "warmup_ratio": 0.04296023708372741
  },
  "best_value": 0.623066,
  "best_full_metrics": {
    "event": "kerala_floods_2018",
    "budget": 50,
    "seed_set": 2,
    "test_error_rate": 30.404551201011376,
    "test_macro_f1": 0.5519573918811207,
    "test_ece": 0.07200600380165083,
    "test_per_class_f1": [
      0.40404040404040403,
      0.23529411764705882,
      0.544,
      0.8375,
      0.37037037037037035,
      0.40310077519379844,
      0.676923076923077,
      0.8405612244897959,
      0.6558265582655827
    ],
    "dev_error_rate": 27.88697788697788,
    "dev_macro_f1": 0.6230656556050604,
    "dev_ece": 0.06031812277121391,
    "stopping_strategy": "baseline",
    "phase1_seed_strategy": "last",
    "phase1_best_epoch": null,
    "lambda1_mean": 1.026517284707243,
    "lambda1_std": 0.23682739279394724,
    "lambda2_mean": 0.6853104408809378,
    "lambda2_std": 0.2321228552160747
  },
  "n_trials": 10,
  "continued_from": null,
  "trials": [
    {
      "number": 0,
      "state": "COMPLETE",
      "params": {
        "lr": 0.00010453678613321915,
        "batch_size": 16,
        "cotrain_epochs": 19,
        "finetune_patience": 10,
        "weight_decay": 0.0366814102497381,
        "warmup_ratio": 0.251603322956793
      },
      "dev_macro_f1": 0.577431,
      "duration_seconds": 825.6,
      "full_metrics": {
        "event": "kerala_floods_2018",
        "budget": 50,
        "seed_set": 2,
        "test_error_rate": 34.3236409608091,
        "test_macro_f1": 0.5398286628720406,
        "test_ece": 0.1276766884360844,
        "test_per_class_f1": [
          0.3888888888888889,
          0.22580645161290322,
          0.49624060150375937,
          0.8235294117647058,
          0.4134078212290503,
          0.3851203501094092,
          0.6421404682274248,
          0.7938829787234043,
          0.6894409937888198
        ],
        "dev_error_rate": 32.8009828009828,
        "dev_macro_f1": 0.5774311711317368,
        "dev_ece": 0.14593878970538665,
        "stopping_strategy": "baseline",
        "phase1_seed_strategy": "last",
        "phase1_best_epoch": null,
        "lambda1_mean": 1.0371070055935685,
        "lambda1_std": 0.22446791173026653,
        "lambda2_mean": 0.6412771713480492,
        "lambda2_std": 0.20383044852369217
      }
    },
    {
      "number": 1,
      "state": "COMPLETE",
      "params": {
        "lr": 0.0002141601812583803,
        "batch_size": 16,
        "cotrain_epochs": 18,
        "finetune_patience": 6,
        "weight_decay": 0.006111447836293449,
        "warmup_ratio": 0.21889163627786398
      },
      "dev_macro_f1": 0.077742,
      "duration_seconds": 776.2,
      "full_metrics": {
        "event": "kerala_floods_2018",
        "budget": 50,
        "seed_set": 2,
        "test_error_rate": 46.207332490518326,
        "test_macro_f1": 0.07772754258574234,
        "test_ece": 0.3130653265359731,
        "test_per_class_f1": [
          0.0,
          0.0,
          0.0,
          0.0,
          0.0,
          0.0,
          0.0,
          0.699547883271681,
          0.0
        ],
        "dev_error_rate": 46.1916461916462,
        "dev_macro_f1": 0.07774227902023428,
        "dev_ece": 0.31322216976626205,
        "stopping_strategy": "baseline",
        "phase1_seed_strategy": "last",
        "phase1_best_epoch": null,
        "lambda1_mean": 0.788441808450326,
        "lambda1_std": 0.4076347293759449,
        "lambda2_mean": 0.31806845601638384,
        "lambda2_std": 0.2864462819243367
      }
    },
    {
      "number": 2,
      "state": "COMPLETE",
      "params": {
        "lr": 8.165570854399766e-05,
        "batch_size": 8,
        "cotrain_epochs": 17,
        "finetune_patience": 4,
        "weight_decay": 0.06781087218782472,
        "warmup_ratio": 0.2478287091786054
      },
      "dev_macro_f1": 0.579859,
      "duration_seconds": 1139.9,
      "full_metrics": {
        "event": "kerala_floods_2018",
        "budget": 50,
        "seed_set": 2,
        "test_error_rate": 33.94437420986094,
        "test_macro_f1": 0.5353011730563562,
        "test_ece": 0.16366967560744616,
        "test_per_class_f1": [
          0.3409090909090909,
          0.34146341463414637,
          0.53125,
          0.8292682926829268,
          0.3236994219653179,
          0.39901477832512317,
          0.6014492753623188,
          0.8034414295168762,
          0.6472148541114059
        ],
        "dev_error_rate": 33.04668304668304,
        "dev_macro_f1": 0.5798586737692101,
        "dev_ece": 0.16702336105872723,
        "stopping_strategy": "baseline",
        "phase1_seed_strategy": "last",
        "phase1_best_epoch": null,
        "lambda1_mean": 1.0409808484181644,
        "lambda1_std": 0.24707203592151158,
        "lambda2_mean": 0.654470534411027,
        "lambda2_std": 0.25224792316719113
      }
    },
    {
      "number": 3,
      "state": "COMPLETE",
      "params": {
        "lr": 0.00023933453197669624,
        "batch_size": 64,
        "cotrain_epochs": 13,
        "finetune_patience": 5,
        "weight_decay": 0.05866082067149656,
        "warmup_ratio": 0.2160983989512427
      },
      "dev_macro_f1": 0.077742,
      "duration_seconds": 480.2,
      "full_metrics": {
        "event": "kerala_floods_2018",
        "budget": 50,
        "seed_set": 2,
        "test_error_rate": 46.207332490518326,
        "test_macro_f1": 0.07772754258574234,
        "test_ece": 0.2162394351437782,
        "test_per_class_f1": [
          0.0,
          0.0,
          0.0,
          0.0,
          0.0,
          0.0,
          0.0,
          0.699547883271681,
          0.0
        ],
        "dev_error_rate": 46.1916461916462,
        "dev_macro_f1": 0.07774227902023428,
        "dev_ece": 0.21608257169219736,
        "stopping_strategy": "baseline",
        "phase1_seed_strategy": "last",
        "phase1_best_epoch": null,
        "lambda1_mean": 0.753127791200848,
        "lambda1_std": 0.39393135258954726,
        "lambda2_mean": 0.3260227692459441,
        "lambda2_std": 0.30465122287142166
      }
    },
    {
      "number": 4,
      "state": "COMPLETE",
      "params": {
        "lr": 1.4591541359853778e-05,
        "batch_size": 8,
        "cotrain_epochs": 10,
        "finetune_patience": 10,
        "weight_decay": 0.09605156070756131,
        "warmup_ratio": 0.1534179118954117
      },
      "dev_macro_f1": 0.60368,
      "duration_seconds": 759.1,
      "full_metrics": {
        "event": "kerala_floods_2018",
        "budget": 50,
        "seed_set": 2,
        "test_error_rate": 33.249051833122635,
        "test_macro_f1": 0.5534354864989336,
        "test_ece": 0.1275708381599934,
        "test_per_class_f1": [
          0.47761194029850745,
          0.18518518518518517,
          0.5526315789473685,
          0.8571428571428571,
          0.37373737373737376,
          0.4046511627906977,
          0.6523297491039427,
          0.8010716677829873,
          0.6765578635014837
        ],
        "dev_error_rate": 30.34398034398035,
        "dev_macro_f1": 0.6036800141154518,
        "dev_ece": 0.13075045776308608,
        "stopping_strategy": "baseline",
        "phase1_seed_strategy": "last",
        "phase1_best_epoch": null,
        "lambda1_mean": 0.9997781577405328,
        "lambda1_std": 0.26135426061516714,
        "lambda2_mean": 0.5643827566186954,
        "lambda2_std": 0.22749756670938312
      }
    },
    {
      "number": 5,
      "state": "COMPLETE",
      "params": {
        "lr": 7.226246100019664e-05,
        "batch_size": 32,
        "cotrain_epochs": 14,
        "finetune_patience": 10,
        "weight_decay": 0.09736611399812631,
        "warmup_ratio": 0.04296023708372741
      },