{
  "event": "hurricane_florence_2018",
  "budget": 25,
  "seed_set": 3,
  "test_error_rate": 44.480257856567285,
  "test_macro_f1": 0.5091706904636956,
  "test_ece": 0.21542414546156963,
  "test_per_class_f1": [
    0.6118143459915611,
    0.62,
    0.0,
    0.8571428571428571,
    0.7049180327868853,
    0.30153846153846153,
    0.09467455621301775,
    0.5514223194748359,
    0.841025641025641
  ],
  "dev_error_rate": 46.63536776212832,
  "dev_macro_f1": 0.48127818584228355,
  "dev_ece": 0.23758681279392868,
  "stopping_strategy": "baseline",
  "phase1_seed_strategy": "last",
  "phase1_best_epoch": null,
  "lambda1_mean": 1.0353905866139808,
  "lambda1_std": 0.21539738458889496,
  "lambda2_mean": 0.47594907934711017,
  "lambda2_std": 0.16021990345854686
}