{
  "event": "cyclone_idai_2019",
  "budget": 10,
  "seed_set": 2,
  "test_error_rate": 92.0410783055199,
  "test_macro_f1": 0.027578023045388072,
  "test_ece": 0.0720234255238277,
  "test_per_class_f1": [
    0.0,
    0.0136986301369863,
    0.18855218855218855,
    0.0,
    0.0,
    0.07352941176470588,
    0.0,
    0.0,
    0.0,
    0.0
  ],
  "dev_error_rate": 93.01745635910224,
  "dev_macro_f1": 0.024737349176492177,
  "dev_ece": 0.08128831243871752
}