{
  "event": "hurricane_irma_2017",
  "budget": 5,
  "seed_set": 3,
  "status": "done",
  "best_params": {
    "lr": 2.6618463374918827e-05,
    "batch_size": 16,
    "cotrain_epochs": 7,
    "finetune_patience": 7,
    "weight_decay": 0.03361157400843099,
    "warmup_ratio": 0.11584617935030973
  },
  "best_value": 0.624845,
  "best_full_metrics": {
    "event": "hurricane_irma_2017",
    "budget": 5,
    "seed_set": 3,
    "test_error_rate": 35.82169709989259,
    "test_macro_f1": 0.6308301787715245,
    "test_ece": 0.2507491985017836,
    "test_per_class_f1": [
      0.5756676557863502,
      0.7781155015197568,
      0.7486486486486487,
      0.9265536723163842,
      0.5341614906832298,
      0.34678624813153963,
      0.42105263157894735,
      0.7210031347962382,
      0.6254826254826255
    ],
    "dev_error_rate": 36.74321503131524,
    "dev_macro_f1": 0.624844794777644,
    "dev_ece": 0.2720368800369831,
    "stopping_strategy": "baseline",
    "phase1_seed_strategy": "last",
    "phase1_best_epoch": null,
    "lambda1_mean": 1.0647721834193622,
    "lambda1_std": 0.2284502454197057,
    "lambda2_mean": 0.48504995436825715,
    "lambda2_std": 0.16218770568131197
  },
  "n_trials": 10,
  "continued_from": null,
  "trials": [
    {
      "number": 0,
      "state": "COMPLETE",
      "params": {
        "lr": 4.2129628850313906e-05,
        "batch_size": 16,
        "cotrain_epochs": 18,
        "finetune_patience": 6,
        "weight_decay": 0.0067449668288756095,
        "warmup_ratio": 0.2779447736448467
      },
      "dev_macro_f1": 0.601388,
      "duration_seconds": 940.8,
      "full_metrics": {
        "event": "hurricane_irma_2017",
        "budget": 5,
        "seed_set": 3,
        "test_error_rate": 36.68098818474759,
        "test_macro_f1": 0.609686115593149,
        "test_ece": 0.09189931908272261,
        "test_per_class_f1": [
          0.5549132947976878,
          0.7884615384615384,
          0.7328859060402685,
          0.9239766081871345,
          0.5116279069767442,
          0.2981574539363484,
          0.34782608695652173,
          0.7447108603667136,
          0.5846153846153846
        ],
        "dev_error_rate": 38.308977035490614,
        "dev_macro_f1": 0.601387851727353,
        "dev_ece": 0.06188492612263851,
        "stopping_strategy": "baseline",
        "phase1_seed_strategy": "last",
        "phase1_best_epoch": null,
        "lambda1_mean": 0.43910890896740185,
        "lambda1_std": 0.1437604995356623,
        "lambda2_mean": 0.6138692071137677,
        "lambda2_std": 0.1657017145330181
      }
    },
    {
      "number": 1,
      "state": "COMPLETE",
      "params": {
        "lr": 0.00014406892558941706,
        "batch_size": 64,
        "cotrain_epochs": 16,
        "finetune_patience": 9,
        "weight_decay": 0.054540965636236574,
        "warmup_ratio": 0.1348797609629234
      },
      "dev_macro_f1": 0.62092,
      "duration_seconds": 680.7,
      "full_metrics": {
        "event": "hurricane_irma_2017",
        "budget": 5,
        "seed_set": 3,
        "test_error_rate": 35.12352309344791,
        "test_macro_f1": 0.6281150125767799,
        "test_ece": 0.27590686623827343,
        "test_per_class_f1": [
          0.6041666666666666,
          0.7839506172839507,
          0.7550505050505051,
          0.9337175792507204,
          0.5398773006134969,
          0.28852459016393445,
          0.38235294117647056,
          0.7388888888888889,
          0.6265060240963856
        ],
        "dev_error_rate": 36.32567849686848,
        "dev_macro_f1": 0.6209196871829333,
        "dev_ece": 0.29886317529981965,
        "stopping_strategy": "baseline",
        "phase1_seed_strategy": "last",
        "phase1_best_epoch": null,
        "lambda1_mean": 1.0703378267805643,
        "lambda1_std": 0.2208298137465784,
        "lambda2_mean": 0.6170803495954678,
        "lambda2_std": 0.18525151271154294
      }
    },
    {
      "number": 2,
      "state": "COMPLETE",
      "params": {
        "lr": 0.00011818775558640074,
        "batch_size": 32,
        "cotrain_epochs": 10,
        "finetune_patience": 8,
        "weight_decay": 0.08654995587097958,
        "warmup_ratio": 0.04944797438980114
      },
      "dev_macro_f1": 0.616588,
      "duration_seconds": 551.1,
      "full_metrics": {
        "event": "hurricane_irma_2017",
        "budget": 5,
        "seed_set": 3,
        "test_error_rate": 37.32545649838883,
        "test_macro_f1": 0.6089377915267986,
        "test_ece": 0.13154650594795042,
        "test_per_class_f1": [
          0.5732484076433121,
          0.8279883381924198,
          0.7506702412868632,
          0.92,
          0.4684014869888476,
          0.36114911080711354,
          0.3238095238095238,
          0.6901172529313233,
          0.5650557620817844
        ],
        "dev_error_rate": 36.32567849686848,
        "dev_macro_f1": 0.6165875083536456,
        "dev_ece": 0.138673827767621,
        "stopping_strategy": "baseline",
        "phase1_seed_strategy": "last",
        "phase1_best_epoch": null,
        "lambda1_mean": 1.0605365210504638,
        "lambda1_std": 0.20990011373386583,
        "lambda2_mean": 0.05755348113243861,
        "lambda2_std": 0.056009930347157066
      }
    },
    {
      "number": 3,
      "state": "COMPLETE",
      "params": {
        "lr": 0.00014082807495483315,
        "batch_size": 16,
        "cotrain_epochs": 10,
        "finetune_patience": 6,
        "weight_decay": 0.06632449874851497,
        "warmup_ratio": 0.03608763905683902
      },
      "dev_macro_f1": 0.037101,
      "duration_seconds": 564.3,
      "full_metrics": {
        "event": "hurricane_irma_2017",
        "budget": 5,
        "seed_set": 3,
        "test_error_rate": 80.02148227712138,
        "test_macro_f1": 0.037003879438973444,
        "test_ece": 0.17302692315824308,
        "test_per_class_f1": [
          0.0,
          0.0,
          0.333034914950761,
          0.0,
          0.0,
          0.0,
          0.0,
          0.0,
          0.0
        ],
        "dev_error_rate": 79.95824634655533,
        "dev_macro_f1": 0.037101449275362325,
        "dev_ece": 0.17239456283150234,
        "stopping_strategy": "baseline",
        "phase1_seed_strategy": "last",
        "phase1_best_epoch": null,
        "lambda1_mean": 0.22029645047697072,
        "lambda1_std": 0.13266965169368505,
        "lambda2_mean": 0.11844107042941227,
        "lambda2_std": 0.0853402146441624
      }
    },
    {
      "number": 4,
      "state": "COMPLETE",
      "params": {
        "lr": 0.0007136485649299107,
        "batch_size": 16,
        "cotrain_epochs": 9,
        "finetune_patience": 7,
        "weight_decay": 0.06434635130656148,
        "warmup_ratio": 0.08067019472907357
      },
      "dev_macro_f1": 0.037101,
      "duration_seconds": 520.1,
      "full_metrics": {
        "event": "hurricane_irma_2017",
        "budget": 5,
        "seed_set": 3,
        "test_error_rate": 80.02148227712138,
        "test_macro_f1": 0.037003879438973444,
        "test_ece": 0.33866434902048775,
        "test_per_class_f1": [
          0.0,
          0.0,
          0.333034914950761,
          0.0,
          0.0,
          0.0,
          0.0,
          0.0,
          0.0
        ],
        "dev_error_rate": 79.95824634655533,
        "dev_macro_f1": 0.037101449275362325,
        "dev_ece": 0.33803198960977204,
        "stopping_strategy": "baseline",
        "phase1_seed_strategy": "last",
        "phase1_best_epoch": null,
        "lambda1_mean": 0.22090092831412328,
        "lambda1_std": 0.18280512806329954,
        "lambda2_mean": 0.11691610615099608,
        "lambda2_std": 0.10761375342307833
      }
    },
    {
      "number": 5,
      "state": "COMPLETE",
      "params": {
        "lr": 1.841636716600512e-05,
        "batch_size": 64,
        "cotrain_epochs": 15,
        "finetune_patience": 4,
        "weight_decay": 0.003963889156568346,