{
  "event": "hurricane_irma_2017",
  "budget": 10,
  "seed_set": 2,
  "test_error_rate": 33.72717508055854,
  "test_macro_f1": 0.6332491717568024,
  "test_ece": 0.19658479843564752,
  "test_per_class_f1": [
    0.6334519572953736,
    0.8057971014492754,
    0.7755102040816326,
    0.935933147632312,
    0.5217391304347826,
    0.3574730354391371,
    0.2978723404255319,
    0.7333333333333333,
    0.6381322957198443
  ],
  "dev_error_rate": 33.716075156576196,
  "dev_macro_f1": 0.6456692984521809,
  "dev_ece": 0.19970741858686436,
  "stopping_strategy": "baseline",
  "phase1_seed_strategy": "last",
  "phase1_best_epoch": null,
  "lambda1_mean": 1.0361532350638316,
  "lambda1_std": 0.26650548858036666,
  "lambda2_mean": 0.5148438198419207,
  "lambda2_std": 0.18145008732232412
}