{
  "event": "canada_wildfires_2016",
  "budget": 5,
  "seed_set": 1,
  "test_error_rate": 23.146067415730343,
  "test_macro_f1": 0.544349633358826,
  "test_ece": 0.14726836346508415,
  "test_per_class_f1": [
    0.17391304347826086,
    0.8571428571428571,
    0.8867924528301887,
    0.3137254901960784,
    0.42592592592592593,
    0.0,
    0.8972972972972973,
    0.8
  ],
  "dev_error_rate": 24.561403508771928,
  "dev_macro_f1": 0.5009873350427261,
  "dev_ece": 0.1433012433219374,
  "stopping_strategy": "baseline",
  "phase1_seed_strategy": "last",
  "phase1_best_epoch": null,
  "lambda1_mean": 0.9523288908974634,
  "lambda1_std": 0.25159010193314496,
  "lambda2_mean": 0.39295536569368467,
  "lambda2_std": 0.18553039110492126
}