{
  "event": "hurricane_dorian_2019",
  "budget": 5,
  "seed_set": 3,
  "test_error_rate": 36.07427055702917,
  "test_macro_f1": 0.5013685365890985,
  "test_ece": 0.22717615985743886,
  "test_per_class_f1": [
    0.6296296296296297,
    0.8660968660968661,
    0.5565749235474006,
    0.0,
    0.6387665198237885,
    0.22580645161290322,
    0.0,
    0.8064516129032258,
    0.7889908256880734
  ],
  "dev_error_rate": 36.5979381443299,
  "dev_macro_f1": 0.49622743735574854,
  "dev_ece": 0.22721835283428124,
  "stopping_strategy": "baseline",
  "phase1_seed_strategy": "last",
  "phase1_best_epoch": null,
  "lambda1_mean": 1.014087437607136,
  "lambda1_std": 0.28687668502603897,
  "lambda2_mean": 0.5131388286536068,
  "lambda2_std": 0.17604286217158582
}