{
  "event": "cyclone_idai_2019",
  "budget": 50,
  "seed_set": 1,
  "test_error_rate": 26.059050064184852,
  "test_macro_f1": 0.6400009957773927,
  "test_ece": 0.11276569051981276,
  "test_per_class_f1": [
    0.3880597014925373,
    0.5,
    0.7837837837837838,
    0.9195402298850575,
    0.8571428571428571,
    0.4,
    0.39436619718309857,
    0.5,
    0.828101644245142,
    0.8290155440414507
  ],
  "dev_error_rate": 27.68079800498753,
  "dev_macro_f1": 0.5756412537118002,
  "dev_ece": 0.1358211641745674,
  "stopping_strategy": "baseline",
  "phase1_seed_strategy": "last",
  "phase1_best_epoch": null,
  "lambda1_mean": 0.9617489960860665,
  "lambda1_std": 0.3143730414211517,
  "lambda2_mean": 0.5774571823783972,
  "lambda2_std": 0.2613932086677595
}