{
  "event": "kaikoura_earthquake_2016",
  "budget": 10,
  "seed_set": 1,
  "test_error_rate": 82.5287356321839,
  "test_macro_f1": 0.055721155099143806,
  "test_ece": 0.05532853152902646,
  "test_per_class_f1": [
    0.3464566929133858,
    0.1232876712328767,
    0.0,
    0.0,
    0.0,
    0.0,
    0.0,
    0.031746031746031744,
    0.0
  ],
  "dev_error_rate": 84.82142857142857,
  "dev_macro_f1": 0.042356791623968285,
  "dev_ece": 0.03260265936010649
}