{
  "event": "kerala_floods_2018",
  "budget": 10,
  "seed_set": 3,
  "status": "done",
  "best_params": {
    "lr": 3.281149080182744e-05,
    "batch_size": 16,
    "cotrain_epochs": 5,
    "finetune_patience": 6,
    "weight_decay": 0.030200440428907894,
    "warmup_ratio": 0.2812080744718962
  },
  "best_value": 0.615965,
  "best_full_metrics": {
    "event": "kerala_floods_2018",
    "budget": 10,
    "seed_set": 3,
    "test_error_rate": 34.007585335018966,
    "test_macro_f1": 0.5536927885008618,
    "test_ece": 0.16204547486474027,
    "test_per_class_f1": [
      0.5,
      0.2564102564102564,
      0.5128205128205128,
      0.8794326241134752,
      0.37681159420289856,
      0.37209302325581395,
      0.620253164556962,
      0.7886767610269915,
      0.676737160120846
    ],
    "dev_error_rate": 30.712530712530718,
    "dev_macro_f1": 0.6159647455997992,
    "dev_ece": 0.15202877126835487,
    "stopping_strategy": "baseline",
    "phase1_seed_strategy": "last",
    "phase1_best_epoch": null,
    "lambda1_mean": 1.0031101836314298,
    "lambda1_std": 0.262337915083151,
    "lambda2_mean": 0.39136873869135,
    "lambda2_std": 0.1636926625877854
  },
  "n_trials": 10,
  "continued_from": null,
  "trials": [
    {
      "number": 0,
      "state": "COMPLETE",
      "params": {
        "lr": 2.9794186885626155e-05,
        "batch_size": 64,
        "cotrain_epochs": 12,
        "finetune_patience": 9,
        "weight_decay": 0.0007109153398004997,
        "warmup_ratio": 0.24953169409652615
      },
      "dev_macro_f1": 0.58975,
      "duration_seconds": 490.2,
      "full_metrics": {
        "event": "kerala_floods_2018",
        "budget": 10,
        "seed_set": 3,
        "test_error_rate": 33.75474083438685,
        "test_macro_f1": 0.5363984757389154,
        "test_ece": 0.1727711108575578,
        "test_per_class_f1": [
          0.37142857142857144,
          0.3076923076923077,
          0.5135135135135135,
          0.8181818181818182,
          0.3508771929824561,
          0.4037122969837587,
          0.575,
          0.7989452867501649,
          0.6882352941176471
        ],
        "dev_error_rate": 31.081081081081084,
        "dev_macro_f1": 0.5897502213144816,
        "dev_ece": 0.15090483827951204,
        "stopping_strategy": "baseline",
        "phase1_seed_strategy": "last",
        "phase1_best_epoch": null,
        "lambda1_mean": 0.994139645309428,
        "lambda1_std": 0.2771357782783839,
        "lambda2_mean": 0.45849403407164635,
        "lambda2_std": 0.20262467954263574
      }
    },
    {
      "number": 1,
      "state": "COMPLETE",
      "params": {
        "lr": 0.0001601197239520484,
        "batch_size": 32,
        "cotrain_epochs": 7,
        "finetune_patience": 7,
        "weight_decay": 0.060073403676204076,
        "warmup_ratio": 0.035081671610737296
      },
      "dev_macro_f1": 0.522199,
      "duration_seconds": 368.7,
      "full_metrics": {
        "event": "kerala_floods_2018",
        "budget": 10,
        "seed_set": 3,
        "test_error_rate": 38.4323640960809,
        "test_macro_f1": 0.4871914861715555,
        "test_ece": 0.17742671007490637,
        "test_per_class_f1": [
          0.24390243902439024,
          0.10526315789473684,
          0.46808510638297873,
          0.8456375838926175,
          0.36464088397790057,
          0.3,
          0.6115107913669064,
          0.7741505662891406,
          0.6715328467153284
        ],
        "dev_error_rate": 35.87223587223587,
        "dev_macro_f1": 0.522198574172029,
        "dev_ece": 0.20323778908580756,
        "stopping_strategy": "baseline",
        "phase1_seed_strategy": "last",
        "phase1_best_epoch": null,
        "lambda1_mean": 1.0401515569430546,
        "lambda1_std": 0.2343866935212003,
        "lambda2_mean": 0.21441354831921894,
        "lambda2_std": 0.1639756148760258
      }
    },
    {
      "number": 2,
      "state": "COMPLETE",
      "params": {
        "lr": 0.0001144340308176875,
        "batch_size": 8,
        "cotrain_epochs": 12,
        "finetune_patience": 7,
        "weight_decay": 0.06635916774524878,
        "warmup_ratio": 0.001856164824698958
      },
      "dev_macro_f1": 0.077742,
      "duration_seconds": 878.1,
      "full_metrics": {
        "event": "kerala_floods_2018",
        "budget": 10,
        "seed_set": 3,
        "test_error_rate": 46.207332490518326,
        "test_macro_f1": 0.07772754258574234,
        "test_ece": 0.4310935314476263,
        "test_per_class_f1": [
          0.0,
          0.0,
          0.0,
          0.0,
          0.0,
          0.0,
          0.0,
          0.699547883271681,
          0.0
        ],
        "dev_error_rate": 46.1916461916462,
        "dev_macro_f1": 0.07774227902023428,
        "dev_ece": 0.4309366695418112,
        "stopping_strategy": "baseline",
        "phase1_seed_strategy": "last",
        "phase1_best_epoch": null,
        "lambda1_mean": 0.6198830019281278,
        "lambda1_std": 0.5150208536281389,
        "lambda2_mean": 0.32222826837735985,
        "lambda2_std": 0.30438505637795993
      }
    },
    {
      "number": 3,
      "state": "COMPLETE",
      "params": {
        "lr": 0.0002852281758152404,
        "batch_size": 8,
        "cotrain_epochs": 7,
        "finetune_patience": 4,
        "weight_decay": 0.07616726227723825,
        "warmup_ratio": 0.24604945129654196
      },
      "dev_macro_f1": 0.077742,
      "duration_seconds": 556.8,
      "full_metrics": {
        "event": "kerala_floods_2018",
        "budget": 10,
        "seed_set": 3,
        "test_error_rate": 46.207332490518326,
        "test_macro_f1": 0.07772754258574234,
        "test_ece": 0.3929287180511749,
        "test_per_class_f1": [
          0.0,
          0.0,
          0.0,
          0.0,
          0.0,
          0.0,
          0.0,
          0.699547883271681,
          0.0
        ],
        "dev_error_rate": 46.1916461916462,
        "dev_macro_f1": 0.07774227902023428,
        "dev_ece": 0.39277186367377026,
        "stopping_strategy": "baseline",
        "phase1_seed_strategy": "last",
        "phase1_best_epoch": null,
        "lambda1_mean": 0.6061624839155415,
        "lambda1_std": 0.4983558896708135,
        "lambda2_mean": 0.26401894017475497,
        "lambda2_std": 0.2517791560458005
      }
    },
    {
      "number": 4,
      "state": "COMPLETE",
      "params": {
        "lr": 3.281149080182744e-05,
        "batch_size": 16,
        "cotrain_epochs": 5,
        "finetune_patience": 6,
        "weight_decay": 0.030200440428907894,
        "warmup_ratio": 0.2812080744718962
      },
      "dev_macro_f1": 0.615965,
      "duration_seconds": 306.3,
      "full_metrics": {
        "event": "kerala_floods_2018",
        "budget": 10,
        "seed_set": 3,
        "test_error_rate": 34.007585335018966,
        "test_macro_f1": 0.5536927885008618,
        "test_ece": 0.16204547486474027,
        "test_per_class_f1": [
          0.5,
          0.2564102564102564,
          0.5128205128205128,
          0.8794326241134752,
          0.37681159420289856,
          0.37209302325581395,
          0.620253164556962,
          0.7886767610269915,
          0.676737160120846
        ],
        "dev_error_rate": 30.712530712530718,
        "dev_macro_f1": 0.6159647455997992,
        "dev_ece": 0.15202877126835487,
        "stopping_strategy": "baseline",
        "phase1_seed_strategy": "last",
        "phase1_best_epoch": null,
        "lambda1_mean": 1.0031101836314298,
        "lambda1_std": 0.262337915083151,
        "lambda2_mean": 0.39136873869135,
        "lambda2_std": 0.1636926625877854
      }
    },
    {
      "number": 5,
      "state": "COMPLETE",
      "params": {
        "lr": 0.0005666096705003995,
        "batch_size": 16,
        "cotrain_epochs": 17,
        "finetune_patience": 7,
        "weight_decay": 0.09232182031148173,
        "warmup_ratio": 0.2867787043754951
      },
      "dev_macro_f1": 0.077742,