{
  "event": "cyclone_idai_2019",
  "budget": 5,
  "seed_set": 2,
  "test_error_rate": 83.05519897304237,
  "test_macro_f1": 0.15171700681663763,
  "test_ece": 0.2547174678955213,
  "test_per_class_f1": [
    0.13095238095238096,
    0.08163265306122448,
    0.32142857142857145,
    0.0,
    0.0,
    0.10526315789473684,
    0.0,
    0.08764940239043825,
    0.0,
    0.7902439024390244
  ],
  "dev_error_rate": 83.0423940149626,
  "dev_macro_f1": 0.15584056751203063,
  "dev_ece": 0.24780677210660348,
  "stopping_strategy": "baseline",
  "phase1_seed_strategy": "last",
  "phase1_best_epoch": null,
  "lambda1_mean": 0.4608324071154056,
  "lambda1_std": 0.12599534626950498,
  "lambda2_mean": 0.13466823393224886,
  "lambda2_std": 0.04098856022405944
}