{
  "event": "hurricane_florence_2018",
  "budget": 5,
  "seed_set": 3,
  "status": "done",
  "best_params": {
    "lr": 0.0001028310041707217,
    "batch_size": 32,
    "cotrain_epochs": 7,
    "finetune_patience": 7,
    "weight_decay": 0.07512417866749674,
    "warmup_ratio": 0.2858351398394602
  },
  "best_value": 0.386561,
  "best_full_metrics": {
    "event": "hurricane_florence_2018",
    "budget": 5,
    "seed_set": 3,
    "test_error_rate": 58.17888799355359,
    "test_macro_f1": 0.3954919205788032,
    "test_ece": 0.33173938920476764,
    "test_per_class_f1": [
      0.31868131868131866,
      0.6666666666666666,
      0.23728813559322035,
      0.5086705202312138,
      0.4329896907216495,
      0.18125,
      0.025477707006369428,
      0.5503080082135524,
      0.638095238095238
    ],
    "dev_error_rate": 59.780907668231606,
    "dev_macro_f1": 0.386561329579463,
    "dev_ece": 0.33979409172874475,
    "stopping_strategy": "baseline",
    "phase1_seed_strategy": "last",
    "phase1_best_epoch": null,
    "lambda1_mean": 0.9332096230965645,
    "lambda1_std": 0.3096384455194272,
    "lambda2_mean": 0.3645223781261905,
    "lambda2_std": 0.20057356460013187
  },
  "n_trials": 10,
  "continued_from": null,
  "trials": [
    {
      "number": 0,
      "state": "COMPLETE",
      "params": {
        "lr": 0.0005556200254335754,
        "batch_size": 64,
        "cotrain_epochs": 14,
        "finetune_patience": 9,
        "weight_decay": 0.05896344499292201,
        "warmup_ratio": 0.06067570363637648
      },
      "dev_macro_f1": 0.015526,
      "duration_seconds": 835.8,
      "full_metrics": {
        "event": "hurricane_florence_2018",
        "budget": 5,
        "seed_set": 3,
        "test_error_rate": 92.42546333601935,
        "test_macro_f1": 0.015647107781939243,
        "test_ece": 0.44571862895098746,
        "test_per_class_f1": [
          0.0,
          0.0,
          0.0,
          0.0,
          0.0,
          0.0,
          0.0,
          0.0,
          0.14082397003745317
        ],
        "dev_error_rate": 92.48826291079813,
        "dev_macro_f1": 0.015526443474041727,
        "dev_ece": 0.44634662463631436,
        "stopping_strategy": "baseline",
        "phase1_seed_strategy": "last",
        "phase1_best_epoch": null,
        "lambda1_mean": 0.24600259960457946,
        "lambda1_std": 0.21024009048203615,
        "lambda2_mean": 0.1254932565394829,
        "lambda2_std": 0.12922249056884563
      }
    },
    {
      "number": 1,
      "state": "COMPLETE",
      "params": {
        "lr": 0.00013636204025370044,
        "batch_size": 8,
        "cotrain_epochs": 17,
        "finetune_patience": 10,
        "weight_decay": 0.03568180715169155,
        "warmup_ratio": 0.13192138533282122
      },
      "dev_macro_f1": 0.015526,
      "duration_seconds": 1416.4,
      "full_metrics": {
        "event": "hurricane_florence_2018",
        "budget": 5,
        "seed_set": 3,
        "test_error_rate": 92.42546333601935,
        "test_macro_f1": 0.015647107781939243,
        "test_ece": 0.3916947953793236,
        "test_per_class_f1": [
          0.0,
          0.0,
          0.0,
          0.0,
          0.0,
          0.0,
          0.0,
          0.0,
          0.14082397003745317
        ],
        "dev_error_rate": 92.48826291079813,
        "dev_macro_f1": 0.015526443474041727,
        "dev_ece": 0.3923227879363047,
        "stopping_strategy": "baseline",
        "phase1_seed_strategy": "last",
        "phase1_best_epoch": null,
        "lambda1_mean": 0.30849735907049075,
        "lambda1_std": 0.1810577907947472,
        "lambda2_mean": 0.09667110383960426,
        "lambda2_std": 0.09364494620478764
      }
    },
    {
      "number": 2,
      "state": "COMPLETE",
      "params": {
        "lr": 5.335311468704995e-05,
        "batch_size": 32,
        "cotrain_epochs": 7,
        "finetune_patience": 10,
        "weight_decay": 0.051304960398693755,
        "warmup_ratio": 0.17225954118932882
      },
      "dev_macro_f1": 0.335941,
      "duration_seconds": 522.8,
      "full_metrics": {
        "event": "hurricane_florence_2018",
        "budget": 5,
        "seed_set": 3,
        "test_error_rate": 64.06124093473005,
        "test_macro_f1": 0.3105549794552917,
        "test_ece": 0.5018619457672528,
        "test_per_class_f1": [
          0.1892744479495268,
          0.7023411371237458,
          0.15517241379310345,
          0.4608294930875576,
          0.0,
          0.21164021164021163,
          0.024691358024691357,
          0.5651302605210421,
          0.4859154929577465
        ],
        "dev_error_rate": 62.91079812206573,
        "dev_macro_f1": 0.33594072793446045,
        "dev_ece": 0.4912293595327458,
        "stopping_strategy": "baseline",
        "phase1_seed_strategy": "last",
        "phase1_best_epoch": null,
        "lambda1_mean": 0.9427679349203847,
        "lambda1_std": 0.3030855893505281,
        "lambda2_mean": 0.36321573234139265,
        "lambda2_std": 0.1882261592853039
      }
    },
    {
      "number": 3,
      "state": "COMPLETE",
      "params": {
        "lr": 1.3979700381512844e-05,
        "batch_size": 8,
        "cotrain_epochs": 8,
        "finetune_patience": 5,
        "weight_decay": 0.0812467339937506,
        "warmup_ratio": 0.2835878945110364
      },
      "dev_macro_f1": 0.314691,
      "duration_seconds": 748.5,
      "full_metrics": {
        "event": "hurricane_florence_2018",
        "budget": 5,
        "seed_set": 3,
        "test_error_rate": 64.30298146655923,
        "test_macro_f1": 0.304720726059571,
        "test_ece": 0.4340922793344948,
        "test_per_class_f1": [
          0.2346368715083799,
          0.686084142394822,
          0.03125,
          0.4507042253521127,
          0.0,
          0.23039215686274508,
          0.020833333333333332,
          0.5338983050847458,
          0.5546875
        ],
        "dev_error_rate": 63.69327073552425,
        "dev_macro_f1": 0.3146909469943343,
        "dev_ece": 0.42615050996226694,
        "stopping_strategy": "baseline",
        "phase1_seed_strategy": "last",
        "phase1_best_epoch": null,
        "lambda1_mean": 0.8888818547487165,
        "lambda1_std": 0.3312429155765608,
        "lambda2_mean": 0.31549988842811266,
        "lambda2_std": 0.16587992884021927
      }
    },
    {
      "number": 4,
      "state": "COMPLETE",
      "params": {
        "lr": 5.525179605503094e-05,
        "batch_size": 64,
        "cotrain_epochs": 5,
        "finetune_patience": 8,
        "weight_decay": 0.07305236984945827,
        "warmup_ratio": 0.25187324538747674
      },
      "dev_macro_f1": 0.380124,
      "duration_seconds": 434.9,
      "full_metrics": {
        "event": "hurricane_florence_2018",
        "budget": 5,
        "seed_set": 3,
        "test_error_rate": 59.70991136180499,
        "test_macro_f1": 0.38400727449625255,
        "test_ece": 0.31404938099126867,
        "test_per_class_f1": [
          0.3279569892473118,
          0.7342657342657343,
          0.20809248554913296,
          0.5146198830409356,
          0.18487394957983194,
          0.2154696132596685,
          0.022727272727272728,
          0.5494949494949495,
          0.6985645933014354
        ],
        "dev_error_rate": 60.719874804381845,
        "dev_macro_f1": 0.3801242348749196,
        "dev_ece": 0.3185884741970071,
        "stopping_strategy": "baseline",
        "phase1_seed_strategy": "last",
        "phase1_best_epoch": null,
        "lambda1_mean": 0.802134023924942,
        "lambda1_std": 0.31351475089585445,
        "lambda2_mean": 0.22994053321270544,
        "lambda2_std": 0.1358304278939126
      }
    },
    {
      "number": 5,
      "state": "COMPLETE",
      "params": {
        "lr": 0.00061859891314282,
        "batch_size": 16,
        "cotrain_epochs": 9,
        "finetune_patience": 9,
        "weight_decay": 0.07366307746694355,