{
  "event": "canada_wildfires_2016",
  "budget": 50,
  "seed_set": 3,
  "test_error_rate": 22.247191011235955,
  "test_macro_f1": 0.5855117856946267,
  "test_ece": 0.04362206994817498,
  "test_per_class_f1": [
    0.37209302325581395,
    0.8860759493670886,
    0.8623853211009175,
    0.3333333333333333,
    0.5225225225225225,
    0.0,
    0.8951841359773371,
    0.8125
  ],
  "dev_error_rate": 20.614035087719294,
  "dev_macro_f1": 0.5933595345038791,
  "dev_ece": 0.06420782332619028,
  "stopping_strategy": "baseline",
  "phase1_seed_strategy": "last",
  "phase1_best_epoch": null,
  "lambda1_mean": 0.8739971964041547,
  "lambda1_std": 0.2871897301513688,
  "lambda2_mean": 0.3662528110432205,
  "lambda2_std": 0.18666638280270884
}