{
  "event": "kerala_floods_2018",
  "budget": 10,
  "seed_set": 2,
  "test_error_rate": 57.33249051833123,
  "test_macro_f1": 0.24480228332939774,
  "test_ece": 0.20592033823507022,
  "test_per_class_f1": [
    0.0,
    0.04424778761061947,
    0.03225806451612903,
    0.36042402826855124,
    0.3176895306859206,
    0.0,
    0.3763440860215054,
    0.5969718817591925,
    0.4752851711026616
  ],
  "dev_error_rate": 55.4054054054054,
  "dev_macro_f1": 0.2736974889014031,
  "dev_ece": 0.1912507703504925,
  "stopping_strategy": "baseline",
  "phase1_seed_strategy": "last",
  "phase1_best_epoch": null,
  "lambda1_mean": 0.974019788678877,
  "lambda1_std": 0.32488407971612393,
  "lambda2_mean": 0.47509971235020454,
  "lambda2_std": 0.20650642336840203
}