{
  "event": "cyclone_idai_2019",
  "budget": 5,
  "seed_set": 2,
  "status": "done",
  "best_params": {
    "lr": 3.5590426282094845e-05,
    "batch_size": 16,
    "cotrain_epochs": 15,
    "finetune_patience": 10,
    "weight_decay": 0.09385483222851579,
    "warmup_ratio": 0.10194314873047391
  },
  "best_value": 0.517328,
  "best_full_metrics": {
    "event": "cyclone_idai_2019",
    "budget": 5,
    "seed_set": 2,
    "test_error_rate": 23.106546854942234,
    "test_macro_f1": 0.5215920283029145,
    "test_ece": 0.14479354789076476,
    "test_per_class_f1": [
      0.2857142857142857,
      0.47058823529411764,
      0.7552447552447552,
      0.9047619047619048,
      0.0,
      0.3225806451612903,
      0.4,
      0.4,
      0.875,
      0.8020304568527918
    ],
    "dev_error_rate": 26.184538653366584,
    "dev_macro_f1": 0.5173279467673633,
    "dev_ece": 0.16375941959699788,
    "stopping_strategy": "baseline",
    "phase1_seed_strategy": "last",
    "phase1_best_epoch": null,
    "lambda1_mean": 1.0173559598411444,
    "lambda1_std": 0.29633487289412197,
    "lambda2_mean": 0.5604114228734783,
    "lambda2_std": 0.2154225761566933
  },
  "n_trials": 10,
  "continued_from": null,
  "trials": [
    {
      "number": 0,
      "state": "COMPLETE",
      "params": {
        "lr": 0.0001255724315867873,
        "batch_size": 16,
        "cotrain_epochs": 13,
        "finetune_patience": 8,
        "weight_decay": 0.04590213805160234,
        "warmup_ratio": 0.0401010304354699
      },
      "dev_macro_f1": 0.064527,
      "duration_seconds": 308.4,
      "full_metrics": {
        "event": "cyclone_idai_2019",
        "budget": 5,
        "seed_set": 2,
        "test_error_rate": 52.503209242618745,
        "test_macro_f1": 0.06440382941688425,
        "test_ece": 0.41964336812725733,
        "test_per_class_f1": [
          0.0,
          0.0,
          0.0,
          0.0,
          0.0,
          0.0,
          0.0,
          0.0,
          0.6440382941688425,
          0.0
        ],
        "dev_error_rate": 52.36907730673317,
        "dev_macro_f1": 0.06452702702702703,
        "dev_ece": 0.4183021820988738,
        "stopping_strategy": "baseline",
        "phase1_seed_strategy": "last",
        "phase1_best_epoch": null,
        "lambda1_mean": 0.5500285869165795,
        "lambda1_std": 0.4006193482653666,
        "lambda2_mean": 0.2876986007852793,
        "lambda2_std": 0.29046937042400867
      }
    },
    {
      "number": 1,
      "state": "COMPLETE",
      "params": {
        "lr": 0.00016707066064905004,
        "batch_size": 32,
        "cotrain_epochs": 17,
        "finetune_patience": 7,
        "weight_decay": 0.0645673709757746,
        "warmup_ratio": 0.005694827050193529
      },
      "dev_macro_f1": 0.353558,
      "duration_seconds": 343.4,
      "full_metrics": {
        "event": "cyclone_idai_2019",
        "budget": 5,
        "seed_set": 2,
        "test_error_rate": 29.139922978177147,
        "test_macro_f1": 0.3586580027832241,
        "test_ece": 0.12207680301733595,
        "test_per_class_f1": [
          0.0,
          0.0,
          0.7172413793103448,
          0.8535031847133758,
          0.0,
          0.0,
          0.4219409282700422,
          0.0,
          0.823841059602649,
          0.7700534759358288
        ],
        "dev_error_rate": 29.675810473815456,
        "dev_macro_f1": 0.3535576777542387,
        "dev_ece": 0.1023162341771875,
        "stopping_strategy": "baseline",
        "phase1_seed_strategy": "last",
        "phase1_best_epoch": null,
        "lambda1_mean": 0.9241376885655674,
        "lambda1_std": 0.3936307133519252,
        "lambda2_mean": 0.25142974156373,
        "lambda2_std": 0.237764385962535
      }
    },
    {
      "number": 2,
      "state": "COMPLETE",
      "params": {
        "lr": 8.877471779032684e-05,
        "batch_size": 64,
        "cotrain_epochs": 20,
        "finetune_patience": 10,
        "weight_decay": 0.08763019208293765,
        "warmup_ratio": 0.25022331021861777
      },
      "dev_macro_f1": 0.491652,
      "duration_seconds": 364.1,
      "full_metrics": {
        "event": "cyclone_idai_2019",
        "budget": 5,
        "seed_set": 2,
        "test_error_rate": 25.1604621309371,
        "test_macro_f1": 0.5322969934761191,
        "test_ece": 0.114168331160931,
        "test_per_class_f1": [
          0.375,
          0.4186046511627907,
          0.7724137931034483,
          0.8875739644970414,
          0.0,
          0.3684210526315789,
          0.4473684210526316,
          0.39344262295081966,
          0.8476454293628809,
          0.8125
        ],
        "dev_error_rate": 28.179551122194514,
        "dev_macro_f1": 0.4916523333400554,
        "dev_ece": 0.1355579690891608,
        "stopping_strategy": "baseline",
        "phase1_seed_strategy": "last",
        "phase1_best_epoch": null,
        "lambda1_mean": 0.9786204708436937,
        "lambda1_std": 0.3289984282212188,
        "lambda2_mean": 0.5330913490310533,
        "lambda2_std": 0.22777610467394785
      }
    },
    {
      "number": 3,
      "state": "COMPLETE",
      "params": {
        "lr": 0.0001617936942707725,
        "batch_size": 8,
        "cotrain_epochs": 9,
        "finetune_patience": 9,
        "weight_decay": 0.09570871313897812,
        "warmup_ratio": 0.12542585735469564
      },
      "dev_macro_f1": 0.064527,
      "duration_seconds": 333.9,
      "full_metrics": {
        "event": "cyclone_idai_2019",
        "budget": 5,
        "seed_set": 2,
        "test_error_rate": 52.503209242618745,
        "test_macro_f1": 0.06440382941688425,
        "test_ece": 0.434355287558001,
        "test_per_class_f1": [
          0.0,
          0.0,
          0.0,
          0.0,
          0.0,
          0.0,
          0.0,
          0.0,
          0.6440382941688425,
          0.0
        ],
        "dev_error_rate": 52.36907730673317,
        "dev_macro_f1": 0.06452702702702703,
        "dev_ece": 0.4330139626885887,
        "stopping_strategy": "baseline",
        "phase1_seed_strategy": "last",
        "phase1_best_epoch": null,
        "lambda1_mean": 0.6187179090111915,
        "lambda1_std": 0.46979527759081013,
        "lambda2_mean": 0.24337698622163634,
        "lambda2_std": 0.252816597286267
      }
    },
    {
      "number": 4,
      "state": "COMPLETE",
      "params": {
        "lr": 8.806786203489023e-05,
        "batch_size": 16,
        "cotrain_epochs": 16,
        "finetune_patience": 5,
        "weight_decay": 0.09016420838425451,
        "warmup_ratio": 0.05887944101499752
      },
      "dev_macro_f1": 0.490648,
      "duration_seconds": 367.6,
      "full_metrics": {
        "event": "cyclone_idai_2019",
        "budget": 5,
        "seed_set": 2,
        "test_error_rate": 27.984595635430043,
        "test_macro_f1": 0.4935281762746494,
        "test_ece": 0.12817547930373457,
        "test_per_class_f1": [
          0.3125,
          0.2222222222222222,
          0.76,
          0.8863636363636364,
          0.0,
          0.25806451612903225,
          0.3790849673202614,
          0.46153846153846156,
          0.8282828282828283,
          0.8272251308900523
        ],
        "dev_error_rate": 29.42643391521197,
        "dev_macro_f1": 0.49064838056189963,
        "dev_ece": 0.13373337288449827,
        "stopping_strategy": "baseline",
        "phase1_seed_strategy": "last",
        "phase1_best_epoch": null,
        "lambda1_mean": 1.014490784946721,
        "lambda1_std": 0.29302651618636694,
        "lambda2_mean": 0.5507787815851605,
        "lambda2_std": 0.24374955746598093
      }
    },
    {
      "number": 5,
      "state": "COMPLETE",
      "params": {
        "lr": 0.00046129412174316314,
        "batch_size": 32,
        "cotrain_epochs": 5,
        "finetune_patience": 8,
        "weight_decay": 0.05091543513797597,
        "warmup_ratio": 0.09873401898109964
      },
      "dev_macro_f1": 0.064527,