{
  "event": "canada_wildfires_2016",
  "budget": 25,
  "seed_set": 3,
  "test_error_rate": 25.168539325842698,
  "test_macro_f1": 0.561714646371315,
  "test_ece": 0.08593216638886526,
  "test_per_class_f1": [
    0.5,
    0.8053691275167785,
    0.7636363636363637,
    0.34146341463414637,
    0.3829787234042553,
    0.0,
    0.9002695417789758,
    0.8
  ],
  "dev_error_rate": 25.877192982456144,
  "dev_macro_f1": 0.6321469827322803,
  "dev_ece": 0.05574204419788565,
  "stopping_strategy": "baseline",
  "phase1_seed_strategy": "last",
  "phase1_best_epoch": null,
  "lambda1_mean": 0.5705306525216147,
  "lambda1_std": 0.10240375854750355,
  "lambda2_mean": 0.14393161893948728,
  "lambda2_std": 0.033861599802006814
}