{
  "event": "kerala_floods_2018",
  "budget": 5,
  "seed_set": 2,
  "test_error_rate": 90.7079646017699,
  "test_macro_f1": 0.08077070544544526,
  "test_ece": 0.7881746719745559,
  "test_per_class_f1": [
    0.06635071090047394,
    0.018975332068311195,
    0.20074349442379183,
    0.0,
    0.0,
    0.0,
    0.18592964824120603,
    0.0,
    0.25493716337522443
  ],
  "dev_error_rate": 90.9090909090909,
  "dev_macro_f1": 0.07952417441309738,
  "dev_ece": 0.7774055753205273,
  "stopping_strategy": "baseline",
  "phase1_seed_strategy": "last",
  "phase1_best_epoch": null,
  "lambda1_mean": 0.9669465376407375,
  "lambda1_std": 0.2981547760925699,
  "lambda2_mean": 0.4347758715790823,
  "lambda2_std": 0.19019732324294392
}