{
  "event": "hurricane_irma_2017",
  "budget": 10,
  "seed_set": 1,
  "test_error_rate": 57.89473684210527,
  "test_macro_f1": 0.39715631996094625,
  "test_ece": 0.09454336390299393,
  "test_per_class_f1": [
    0.3829787234042553,
    0.16342412451361868,
    0.43908629441624364,
    0.5914221218961625,
    0.46285714285714286,
    0.22514619883040934,
    0.2,
    0.5761589403973509,
    0.5333333333333333
  ],
  "dev_error_rate": 56.36743215031315,
  "dev_macro_f1": 0.41806923790298883,
  "dev_ece": 0.09824026049365578,
  "stopping_strategy": "baseline",
  "phase1_seed_strategy": "last",
  "phase1_best_epoch": null,
  "lambda1_mean": 0.5837772753470178,
  "lambda1_std": 0.12488761178650619,
  "lambda2_mean": 0.1622937914796742,
  "lambda2_std": 0.05542791546762817
}