{
  "event": "hurricane_maria_2017",
  "budget": 25,
  "seed_set": 2,
  "test_error_rate": 47.57281553398058,
  "test_macro_f1": 0.476935576580523,
  "test_ece": 0.11453378702747675,
  "test_per_class_f1": [
    0.6060606060606061,
    0.15625,
    0.6733333333333333,
    0.6015037593984962,
    0.3018867924528302,
    0.24018475750577367,
    0.3888888888888889,
    0.7162534435261708,
    0.608058608058608
  ],
  "dev_error_rate": 48.517520215633425,
  "dev_macro_f1": 0.4618241949204104,
  "dev_ece": 0.13109298512299425
}