{
  "event": "canada_wildfires_2016",
  "budget": 50,
  "seed_set": 3,
  "test_error_rate": 28.539325842696627,
  "test_macro_f1": 0.5347608648925465,
  "test_ece": 0.060711383786094336,
  "test_per_class_f1": [
    0.4057971014492754,
    0.810126582278481,
    0.8214285714285714,
    0.3018867924528302,
    0.29213483146067415,
    0.0,
    0.8670520231213873,
    0.7796610169491526
  ],
  "dev_error_rate": 24.122807017543856,
  "dev_macro_f1": 0.577061024552547,
  "dev_ece": 0.0753651978284643,
  "stopping_strategy": "baseline",
  "phase1_seed_strategy": "last",
  "phase1_best_epoch": null,
  "lambda1_mean": 0.92880684545293,
  "lambda1_std": 0.22196968931895922,
  "lambda2_mean": 0.3916000826824604,
  "lambda2_std": 0.16023900666544172
}