{
  "event": "kaikoura_earthquake_2016",
  "budget": 5,
  "seed_set": 2,
  "test_error_rate": 24.827586206896555,
  "test_macro_f1": 0.6809606399650376,
  "test_ece": 0.17475768457884072,
  "test_per_class_f1": [
    0.7093023255813954,
    0.8205128205128205,
    0.8053691275167785,
    0.9545454545454546,
    0.5714285714285714,
    0.4666666666666667,
    0.0,
    0.8705882352941177,
    0.9302325581395349
  ],
  "dev_error_rate": 27.23214285714286,
  "dev_macro_f1": 0.6571450536024882,
  "dev_ece": 0.1789994202554226,
  "stopping_strategy": "baseline",
  "phase1_seed_strategy": "last",
  "phase1_best_epoch": null,
  "lambda1_mean": 1.058365520241441,
  "lambda1_std": 0.16662624945855808,
  "lambda2_mean": 0.47374332187930696,
  "lambda2_std": 0.12452274959205892
}