{
  "event": "canada_wildfires_2016",
  "budget": 50,
  "seed_set": 3,
  "test_error_rate": 32.359550561797754,
  "test_macro_f1": 0.5100765824329253,
  "test_ece": 0.12167855507872077,
  "test_per_class_f1": [
    0.5,
    0.7801418439716312,
    0.7358490566037735,
    0.27906976744186046,
    0.27586206896551724,
    0.0,
    0.8430232558139535,
    0.6666666666666666
  ],
  "dev_error_rate": 29.385964912280706,
  "dev_macro_f1": 0.5536826187511119,
  "dev_ece": 0.08762333346040625
}