{
  "event": "canada_wildfires_2016",
  "budget": 25,
  "seed_set": 1,
  "test_error_rate": 22.92134831460674,
  "test_macro_f1": 0.5786888627957721,
  "test_ece": 0.037656225448244075,
  "test_per_class_f1": [
    0.43243243243243246,
    0.8588957055214724,
    0.8571428571428571,
    0.3333333333333333,
    0.46464646464646464,
    0.0,
    0.8961748633879781,
    0.7868852459016393
  ],
  "dev_error_rate": 21.49122807017544,
  "dev_macro_f1": 0.6525283831635265,
  "dev_ece": 0.07820723480299903,
  "stopping_strategy": "baseline",
  "phase1_seed_strategy": "last",
  "phase1_best_epoch": null,
  "lambda1_mean": 0.9225901118743861,
  "lambda1_std": 0.3056042947566974,
  "lambda2_mean": 0.5984223465575421,
  "lambda2_std": 0.2926560039746199
}