{
  "event": "california_wildfires_2018",
  "budget": 5,
  "seed_set": 3,
  "status": "done",
  "best_params": {
    "lr": 3.4413488766022065e-05,
    "batch_size": 8,
    "cotrain_epochs": 16,
    "finetune_patience": 7,
    "weight_decay": 0.0670640203710252,
    "warmup_ratio": 0.11478436456063135
  },
  "best_value": 0.478961,
  "best_full_metrics": {
    "event": "california_wildfires_2018",
    "budget": 5,
    "seed_set": 3,
    "test_error_rate": 46.817248459958925,
    "test_macro_f1": 0.4443581903584327,
    "test_ece": 0.38613152106195014,
    "test_per_class_f1": [
      0.273972602739726,
      0.3958333333333333,
      0.2928870292887029,
      0.7468531468531469,
      0.45517241379310347,
      0.6125760649087221,
      0.18120805369127516,
      0.18181818181818182,
      0.6294642857142857,
      0.6737967914438503
    ],
    "dev_error_rate": 43.35106382978723,
    "dev_macro_f1": 0.4789611568634731,
    "dev_ece": 0.359785909625761,
    "stopping_strategy": "baseline",
    "phase1_seed_strategy": "last",
    "phase1_best_epoch": null,
    "lambda1_mean": 1.1018369029324928,
    "lambda1_std": 0.155703928652704,
    "lambda2_mean": 0.6181386073366523,
    "lambda2_std": 0.1447310897372867
  },
  "n_trials": 10,
  "continued_from": null,
  "trials": [
    {
      "number": 0,
      "state": "COMPLETE",
      "params": {
        "lr": 0.0005575815249791734,
        "batch_size": 64,
        "cotrain_epochs": 10,
        "finetune_patience": 8,
        "weight_decay": 0.01557318590618182,
        "warmup_ratio": 0.19697914701896158
      },
      "dev_macro_f1": 0.041851,
      "duration_seconds": 382.6,
      "full_metrics": {
        "event": "california_wildfires_2018",
        "budget": 5,
        "seed_set": 3,
        "test_error_rate": 73.64818617385353,
        "test_macro_f1": 0.04171180931744312,
        "test_ece": 0.17866773790157797,
        "test_per_class_f1": [
          0.0,
          0.0,
          0.0,
          0.4171180931744312,
          0.0,
          0.0,
          0.0,
          0.0,
          0.0,
          0.0
        ],
        "dev_error_rate": 73.5372340425532,
        "dev_macro_f1": 0.04185068349106204,
        "dev_ece": 0.17755821450276577,
        "stopping_strategy": "baseline",
        "phase1_seed_strategy": "last",
        "phase1_best_epoch": null,
        "lambda1_mean": 0.35167668126401064,
        "lambda1_std": 0.1989482117313414,
        "lambda2_mean": 0.0644739909069658,
        "lambda2_std": 0.07120591832624923
      }
    },
    {
      "number": 1,
      "state": "COMPLETE",
      "params": {
        "lr": 0.0002682214163169093,
        "batch_size": 16,
        "cotrain_epochs": 13,
        "finetune_patience": 8,
        "weight_decay": 0.021767374685301336,
        "warmup_ratio": 0.03631156485468546
      },
      "dev_macro_f1": 0.041851,
      "duration_seconds": 573.0,
      "full_metrics": {
        "event": "california_wildfires_2018",
        "budget": 5,
        "seed_set": 3,
        "test_error_rate": 73.64818617385353,
        "test_macro_f1": 0.04171180931744312,
        "test_ece": 0.4551791635626885,
        "test_per_class_f1": [
          0.0,
          0.0,
          0.0,
          0.4171180931744312,
          0.0,
          0.0,
          0.0,
          0.0,
          0.0,
          0.0
        ],
        "dev_error_rate": 73.5372340425532,
        "dev_macro_f1": 0.04185068349106204,
        "dev_ece": 0.4540695498122814,
        "stopping_strategy": "baseline",
        "phase1_seed_strategy": "last",
        "phase1_best_epoch": null,
        "lambda1_mean": 0.25036859657814947,
        "lambda1_std": 0.2786501981962512,
        "lambda2_mean": 0.10754415441831887,
        "lambda2_std": 0.13763187050519646
      }
    },
    {
      "number": 2,
      "state": "COMPLETE",
      "params": {
        "lr": 0.0004083832595602343,
        "batch_size": 16,
        "cotrain_epochs": 18,
        "finetune_patience": 8,
        "weight_decay": 0.0376318938537753,
        "warmup_ratio": 0.19684005429731075
      },
      "dev_macro_f1": 0.041851,
      "duration_seconds": 756.5,
      "full_metrics": {
        "event": "california_wildfires_2018",
        "budget": 5,
        "seed_set": 3,
        "test_error_rate": 73.64818617385353,
        "test_macro_f1": 0.04171180931744312,
        "test_ece": 0.5095134384007098,
        "test_per_class_f1": [
          0.0,
          0.0,
          0.0,
          0.4171180931744312,
          0.0,
          0.0,
          0.0,
          0.0,
          0.0,
          0.0
        ],
        "dev_error_rate": 73.5372340425532,
        "dev_macro_f1": 0.04185068349106204,
        "dev_ece": 0.5084039178934503,
        "stopping_strategy": "baseline",
        "phase1_seed_strategy": "last",
        "phase1_best_epoch": null,
        "lambda1_mean": 0.36407051372965754,
        "lambda1_std": 0.3587901801211193,
        "lambda2_mean": 0.0888754287553335,
        "lambda2_std": 0.1478584994847859
      }
    },
    {
      "number": 3,
      "state": "COMPLETE",
      "params": {
        "lr": 0.00033116928945955314,
        "batch_size": 32,
        "cotrain_epochs": 5,
        "finetune_patience": 6,
        "weight_decay": 0.07320112782848985,
        "warmup_ratio": 0.1197107141161287
      },
      "dev_macro_f1": 0.041851,
      "duration_seconds": 246.3,
      "full_metrics": {
        "event": "california_wildfires_2018",
        "budget": 5,
        "seed_set": 3,
        "test_error_rate": 73.64818617385353,
        "test_macro_f1": 0.04171180931744312,
        "test_ece": 0.1381536876396477,
        "test_per_class_f1": [
          0.0,
          0.0,
          0.0,
          0.4171180931744312,
          0.0,
          0.0,
          0.0,
          0.0,
          0.0,
          0.0
        ],
        "dev_error_rate": 73.5372340425532,
        "dev_macro_f1": 0.04185068349106204,
        "dev_ece": 0.13704388588666916,
        "stopping_strategy": "baseline",
        "phase1_seed_strategy": "last",
        "phase1_best_epoch": null,
        "lambda1_mean": 0.22358290383799784,
        "lambda1_std": 0.12229358567729463,
        "lambda2_mean": 0.0907801178478283,
        "lambda2_std": 0.05888175405464478
      }
    },
    {
      "number": 4,
      "state": "COMPLETE",
      "params": {
        "lr": 0.00028434290223653086,
        "batch_size": 32,
        "cotrain_epochs": 10,
        "finetune_patience": 8,
        "weight_decay": 0.004756551750297867,
        "warmup_ratio": 0.05408256984211052
      },
      "dev_macro_f1": 0.041851,
      "duration_seconds": 408.1,
      "full_metrics": {
        "event": "california_wildfires_2018",
        "budget": 5,
        "seed_set": 3,
        "test_error_rate": 73.64818617385353,
        "test_macro_f1": 0.04171180931744312,
        "test_ece": 0.4767701055479735,
        "test_per_class_f1": [
          0.0,
          0.0,
          0.0,
          0.4171180931744312,
          0.0,
          0.0,
          0.0,
          0.0,
          0.0,
          0.0
        ],
        "dev_error_rate": 73.5372340425532,
        "dev_macro_f1": 0.04185068349106204,
        "dev_ece": 0.4756605835195551,
        "stopping_strategy": "baseline",
        "phase1_seed_strategy": "last",
        "phase1_best_epoch": null,
        "lambda1_mean": 0.27818685410726063,
        "lambda1_std": 0.28070741228031854,
        "lambda2_mean": 0.08123537232595696,
        "lambda2_std": 0.12861804720525957
      }
    },
    {
      "number": 5,
      "state": "COMPLETE",
      "params": {
        "lr": 3.4413488766022065e-05,
        "batch_size": 8,
        "cotrain_epochs": 16,
        "finetune_patience": 7,
        "weight_decay": 0.0670640203710252,
        "warmup_ratio": 0.11478436456063135
      },
      "dev_macro_f1": 0.478961,
      "duration_seconds": 1070.1,
      "full_metrics": {
        "event": "california_wildfires_2018",
        "budget": 5,
        "seed_set": 3,