class_label,caution_and_advice,displaced_people_and_evacuations,infrastructure_and_utility_damage,injured_or_dead_people,not_humanitarian,other_relevant_information,requests_or_urgent_needs,rescue_volunteering_or_donation_effort,sympathy_and_support
caution_and_advice,0.7132867132867133,0.016317016317016316,0.07925407925407925,0.006993006993006993,0.055944055944055944,0.09557109557109557,0.016317016317016316,0.016317016317016316,0.0
displaced_people_and_evacuations,0.07196969696969698,0.821969696969697,0.007575757575757576,0.003787878787878788,0.03409090909090909,0.001893939393939394,0.005681818181818182,0.030303030303030304,0.022727272727272728
infrastructure_and_utility_damage,0.05239179954441914,0.010630220197418374,0.7441154138192863,0.008352315869400152,0.08959757023538345,0.04176157934700076,0.009111617312072893,0.018223234624145785,0.025816249050873197
injured_or_dead_people,0.003194888178913738,0.006389776357827476,0.03194888178913738,0.8642172523961661,0.04952076677316294,0.007987220447284345,0.0,0.006389776357827476,0.03035143769968051
not_humanitarian,0.04186046511627907,0.023255813953488372,0.053488372093023255,0.011627906976744186,0.7441860465116279,0.03953488372093023,0.011627906976744186,0.018604651162790697,0.05581395348837209
other_relevant_information,0.11447607510599636,0.05572380375529982,0.17443973349485162,0.010902483343428226,0.2543912780133253,0.14294367050272563,0.02604482132041187,0.16414294367050272,0.05693519079345851
requests_or_urgent_needs,0.011363636363636364,0.0,0.022727272727272728,0.022727272727272728,0.022727272727272728,0.0,0.6022727272727273,0.2840909090909091,0.03409090909090909
rescue_volunteering_or_donation_effort,0.008086253369272238,0.029649595687331536,0.013477088948787063,0.0026954177897574125,0.04672057502246182,0.026954177897574125,0.018867924528301886,0.8373764600179695,0.016172506738544475
sympathy_and_support,0.017632241813602016,0.010075566750629723,0.0025188916876574307,0.0025188916876574307,0.03526448362720403,0.0025188916876574307,0.03526448362720403,0.21662468513853905,0.6775818639798489
