{
  "event": "hurricane_florence_2018",
  "budget": 5,
  "seed_set": 3,
  "test_error_rate": 24.093473005640607,
  "test_macro_f1": 0.6406577426577772,
  "test_ece": 0.18586414795455966,
  "test_per_class_f1": [
    0.7519083969465649,
    0.7835820895522388,
    0.5792349726775956,
    0.9333333333333333,
    0.8459770114942529,
    0.20987654320987653,
    0.0,
    0.8640275387263339,
    0.797979797979798
  ],
  "dev_error_rate": 23.317683881064166,
  "dev_macro_f1": 0.6430388553274552,
  "dev_ece": 0.18065434209244535,
  "stopping_strategy": "baseline",
  "phase1_seed_strategy": "last",
  "phase1_best_epoch": null,
  "lambda1_mean": 1.0489517995576496,
  "lambda1_std": 0.23613558506060972,
  "lambda2_mean": 0.4991214429010378,
  "lambda2_std": 0.16298179609612065
}