{
  "event": "canada_wildfires_2016",
  "budget": 50,
  "seed_set": 1,
  "test_error_rate": 24.044943820224717,
  "test_macro_f1": 0.5726243974691907,
  "test_ece": 0.060812581657023905,
  "test_per_class_f1": [
    0.425531914893617,
    0.8765432098765432,
    0.8952380952380953,
    0.25,
    0.4158415841584158,
    0.0,
    0.8845070422535212,
    0.8333333333333334
  ],
  "dev_error_rate": 21.92982456140351,
  "dev_macro_f1": 0.5954890004161129,
  "dev_ece": 0.07549147948361278,
  "stopping_strategy": "baseline",
  "phase1_seed_strategy": "last",
  "phase1_best_epoch": null,
  "lambda1_mean": 0.8598096421544782,
  "lambda1_std": 0.30618416545529886,
  "lambda2_mean": 0.3857518226339811,
  "lambda2_std": 0.1957418446547393
}