{
  "event": "kerala_floods_2018",
  "budget": 50,
  "seed_set": 1,
  "test_error_rate": 34.95575221238938,
  "test_macro_f1": 0.5191230658077851,
  "test_ece": 0.11133439748462019,
  "test_per_class_f1": [
    0.3614457831325301,
    0.20253164556962025,
    0.5409836065573771,
    0.7866666666666666,
    0.41509433962264153,
    0.4121212121212121,
    0.5205479452054794,
    0.7922330097087379,
    0.6404833836858006
  ],
  "dev_error_rate": 31.2039312039312,
  "dev_macro_f1": 0.5675922757220402,
  "dev_ece": 0.12674941426413064,
  "stopping_strategy": "baseline",
  "phase1_seed_strategy": "last",
  "phase1_best_epoch": null,
  "lambda1_mean": 0.46970070473801334,
  "lambda1_std": 0.1209777259232654,
  "lambda2_mean": 0.10882973759496002,
  "lambda2_std": 0.031249105479142572
}