{
  "event": "canada_wildfires_2016",
  "budget": 10,
  "seed_set": 1,
  "test_error_rate": 51.91011235955057,
  "test_macro_f1": 0.3053683442063244,
  "test_ece": 0.10710084451718278,
  "test_per_class_f1": [
    0.27906976744186046,
    0.0,
    0.4788732394366197,
    0.0,
    0.1322314049586777,
    0.09523809523809523,
    0.8,
    0.6575342465753424
  ],
  "dev_error_rate": 49.56140350877193,
  "dev_macro_f1": 0.32830986552060176,
  "dev_ece": 0.10333780911669396,
  "stopping_strategy": "baseline",
  "phase1_seed_strategy": "last",
  "phase1_best_epoch": null,
  "lambda1_mean": 0.4785627679520907,
  "lambda1_std": 0.15588417037554114,
  "lambda2_mean": 0.1461476135919591,
  "lambda2_std": 0.042916924662143766
}