{
  "event": "hurricane_irma_2017",
  "budget": 10,
  "seed_set": 2,
  "test_error_rate": 59.88184747583244,
  "test_macro_f1": 0.32983597711856705,
  "test_ece": 0.42252588691439974,
  "test_per_class_f1": [
    0.37866666666666665,
    0.26143790849673204,
    0.46174496644295304,
    0.5382585751978892,
    0.0,
    0.29222520107238603,
    0.0,
    0.56,
    0.47619047619047616
  ],
  "dev_error_rate": 58.1419624217119,
  "dev_macro_f1": 0.345149532498646,
  "dev_ece": 0.40725921341733295,
  "stopping_strategy": "baseline",
  "phase1_seed_strategy": "last",
  "phase1_best_epoch": null,
  "lambda1_mean": 0.9451048614785061,
  "lambda1_std": 0.3417191186602421,
  "lambda2_mean": 0.43462772729602295,
  "lambda2_std": 0.21996001904432003
}