{
  "event": "cyclone_idai_2019",
  "budget": 5,
  "seed_set": 1,
  "test_error_rate": 90.11553273427471,
  "test_macro_f1": 0.06178987790896541,
  "test_ece": 0.2559435059996716,
  "test_per_class_f1": [
    0.0,
    0.04081632653061224,
    0.19540229885057472,
    0.0,
    0.0,
    0.0,
    0.10256410256410256,
    0.06334841628959276,
    0.0,
    0.2157676348547718
  ],
  "dev_error_rate": 91.77057356608479,
  "dev_macro_f1": 0.05360929638807539,
  "dev_ece": 0.274806535043324,
  "stopping_strategy": "baseline",
  "phase1_seed_strategy": "last",
  "phase1_best_epoch": null,
  "lambda1_mean": 0.4256265824351778,
  "lambda1_std": 0.1446427034937618,
  "lambda2_mean": 0.14236174335355195,
  "lambda2_std": 0.04045998277662101
}