{
  "event": "hurricane_harvey_2017",
  "budget": 50,
  "seed_set": 1,
  "test_error_rate": 35.01385041551247,
  "test_macro_f1": 0.6102866001554869,
  "test_ece": 0.16088346378294716,
  "test_per_class_f1": [
    0.5970149253731343,
    0.8292682926829268,
    0.7109375,
    0.8627450980392157,
    0.3360655737704918,
    0.27876106194690264,
    0.38974358974358975,
    0.7873134328358209,
    0.7007299270072993
  ],
  "dev_error_rate": 34.1227125941873,
  "dev_macro_f1": 0.6274821648901138,
  "dev_ece": 0.15837770007526655,
  "stopping_strategy": "baseline",
  "phase1_seed_strategy": "last",
  "phase1_best_epoch": null,
  "lambda1_mean": 1.0797552519103113,
  "lambda1_std": 0.12687965757755337,
  "lambda2_mean": 0.546262352039518,
  "lambda2_std": 0.13010372155705321
}