{
  "event": "hurricane_maria_2017",
  "budget": 10,
  "seed_set": 2,
  "test_error_rate": 28.43273231622746,
  "test_macro_f1": 0.6841994433307567,
  "test_ece": 0.13153707447891927,
  "test_per_class_f1": [
    0.6355140186915887,
    0.7272727272727273,
    0.8787878787878788,
    0.912,
    0.3795620437956204,
    0.44349680170575695,
    0.6628242074927954,
    0.8236808236808236,
    0.6946564885496184
  ],
  "dev_error_rate": 29.380053908355798,
  "dev_macro_f1": 0.6916344615445605,
  "dev_ece": 0.155514412692615,
  "stopping_strategy": "baseline",
  "phase1_seed_strategy": "last",
  "phase1_best_epoch": null,
  "lambda1_mean": 1.0078365536262006,
  "lambda1_std": 0.22798705765938967,
  "lambda2_mean": 0.397641785163886,
  "lambda2_std": 0.16424774395641217
}