{
  "event": "cyclone_idai_2019",
  "budget": 5,
  "seed_set": 3,
  "test_error_rate": 90.62901155327343,
  "test_macro_f1": 0.042638035673607425,
  "test_ece": 0.11297651335348366,
  "test_per_class_f1": [
    0.0,
    0.0,
    0.09237875288683603,
    0.27586206896551724,
    0.0,
    0.0,
    0.0,
    0.05813953488372093,
    0.0,
    0.0
  ],
  "dev_error_rate": 87.78054862842892,
  "dev_macro_f1": 0.07148512979672858,
  "dev_ece": 0.08772073292226865,
  "stopping_strategy": "baseline",
  "phase1_seed_strategy": "last",
  "phase1_best_epoch": null,
  "lambda1_mean": 0.9084595321586835,
  "lambda1_std": 0.4409725077462915,
  "lambda2_mean": 0.49084331183655416,
  "lambda2_std": 0.2562108198239445
}