{
  "event": "cyclone_idai_2019",
  "budget": 5,
  "seed_set": 1,
  "test_error_rate": 84.33889602053915,
  "test_macro_f1": 0.0741252099200159,
  "test_ece": 0.6126371850863348,
  "test_per_class_f1": [
    0.0,
    0.0,
    0.21189591078066913,
    0.0,
    0.0,
    0.0,
    0.14225941422594143,
    0.0,
    0.0,
    0.3870967741935484
  ],
  "dev_error_rate": 87.53117206982543,
  "dev_macro_f1": 0.06069304440956178,
  "dev_ece": 0.6535747346289438,
  "stopping_strategy": "baseline",
  "phase1_seed_strategy": "last",
  "phase1_best_epoch": null,
  "lambda1_mean": 0.9692171702549617,
  "lambda1_std": 0.36091053777398613,
  "lambda2_mean": 0.48868131667531484,
  "lambda2_std": 0.2260625177078234
}