{
  "event": "hurricane_harvey_2017",
  "budget": 10,
  "seed_set": 3,
  "test_error_rate": 54.40443213296399,
  "test_macro_f1": 0.42895634632273955,
  "test_ece": 0.14454831671681762,
  "test_per_class_f1": [
    0.46096654275092935,
    0.3269230769230769,
    0.5864332603938731,
    0.6011904761904762,
    0.20392156862745098,
    0.2094017094017094,
    0.2208955223880597,
    0.6080178173719376,
    0.6428571428571429
  ],
  "dev_error_rate": 53.821313240043054,
  "dev_macro_f1": 0.4467761090192355,
  "dev_ece": 0.13831257420733362,
  "stopping_strategy": "baseline",
  "phase1_seed_strategy": "last",
  "phase1_best_epoch": null,
  "lambda1_mean": 0.6100128640149264,
  "lambda1_std": 0.11362394246546542,
  "lambda2_mean": 0.16441537863452743,
  "lambda2_std": 0.045429866133233965
}