{
  "event": "hurricane_dorian_2019",
  "budget": 10,
  "seed_set": 3,
  "test_error_rate": 36.339522546419104,
  "test_macro_f1": 0.5674222641481212,
  "test_ece": 0.14933271228832334,
  "test_per_class_f1": [
    0.5481798715203426,
    0.8818443804034583,
    0.6,
    0.2222222222222222,
    0.6349206349206349,
    0.40480961923847697,
    0.2222222222222222,
    0.8037383177570093,
    0.7888631090487239
  ],
  "dev_error_rate": 38.53092783505154,
  "dev_macro_f1": 0.59869231374195,
  "dev_ece": 0.1688139264654253,
  "stopping_strategy": "baseline",
  "phase1_seed_strategy": "last",
  "phase1_best_epoch": null,
  "lambda1_mean": 1.0680207976837994,
  "lambda1_std": 0.22357278191019922,
  "lambda2_mean": 0.5052882387911414,
  "lambda2_std": 0.16175809657898052
}