{
  "event": "cyclone_idai_2019",
  "budget": 50,
  "seed_set": 2,
  "status": "done",
  "best_params": {
    "lr": 3.456538754426248e-05,
    "batch_size": 32,
    "cotrain_epochs": 18,
    "finetune_patience": 7,
    "weight_decay": 0.06107239774430359,
    "warmup_ratio": 0.013215513129252964
  },
  "best_value": 0.5519,
  "best_full_metrics": {
    "event": "cyclone_idai_2019",
    "budget": 50,
    "seed_set": 2,
    "test_error_rate": 26.572528883183566,
    "test_macro_f1": 0.5858847484375029,
    "test_ece": 0.054884590179837586,
    "test_per_class_f1": [
      0.4,
      0.47619047619047616,
      0.7972027972027972,
      0.875,
      0.4,
      0.3793103448275862,
      0.4189189189189189,
      0.4657534246575342,
      0.8259587020648967,
      0.8205128205128205
    ],
    "dev_error_rate": 26.43391521197007,
    "dev_macro_f1": 0.551899591638843,
    "dev_ece": 0.0739916163935626,
    "stopping_strategy": "baseline",
    "phase1_seed_strategy": "last",
    "phase1_best_epoch": null,
    "lambda1_mean": 0.9863810010171609,
    "lambda1_std": 0.3198270391225567,
    "lambda2_mean": 0.6314176054813404,
    "lambda2_std": 0.23748321235979575
  },
  "n_trials": 10,
  "continued_from": null,
  "trials": [
    {
      "number": 0,
      "state": "COMPLETE",
      "params": {
        "lr": 0.00020134973511361587,
        "batch_size": 8,
        "cotrain_epochs": 18,
        "finetune_patience": 5,
        "weight_decay": 0.09375305851763,
        "warmup_ratio": 0.06637923551252718
      },
      "dev_macro_f1": 0.064527,
      "duration_seconds": 551.2,
      "full_metrics": {
        "event": "cyclone_idai_2019",
        "budget": 50,
        "seed_set": 2,
        "test_error_rate": 52.503209242618745,
        "test_macro_f1": 0.06440382941688425,
        "test_ece": 0.3560571902753147,
        "test_per_class_f1": [
          0.0,
          0.0,
          0.0,
          0.0,
          0.0,
          0.0,
          0.0,
          0.0,
          0.6440382941688425,
          0.0
        ],
        "dev_error_rate": 52.36907730673317,
        "dev_macro_f1": 0.06452702702702703,
        "dev_ece": 0.3573984901543864,
        "stopping_strategy": "baseline",
        "phase1_seed_strategy": "last",
        "phase1_best_epoch": null,
        "lambda1_mean": 0.6583524184260147,
        "lambda1_std": 0.5054179943378676,
        "lambda2_mean": 0.3319457398721173,
        "lambda2_std": 0.3112168794233247
      }
    },
    {
      "number": 1,
      "state": "COMPLETE",
      "params": {
        "lr": 1.3955489271633224e-05,
        "batch_size": 16,
        "cotrain_epochs": 5,
        "finetune_patience": 8,
        "weight_decay": 0.009280546760735687,
        "warmup_ratio": 0.14933507280860697
      },
      "dev_macro_f1": 0.499724,
      "duration_seconds": 161.3,
      "full_metrics": {
        "event": "cyclone_idai_2019",
        "budget": 50,
        "seed_set": 2,
        "test_error_rate": 28.754813863928106,
        "test_macro_f1": 0.5110492595593168,
        "test_ece": 0.11122648119543883,
        "test_per_class_f1": [
          0.44,
          0.47058823529411764,
          0.8211920529801324,
          0.9060773480662984,
          0.0,
          0.35294117647058826,
          0.16326530612244897,
          0.31683168316831684,
          0.8154761904761905,
          0.8241206030150754
        ],
        "dev_error_rate": 30.17456359102244,
        "dev_macro_f1": 0.49972421220548746,
        "dev_ece": 0.09795398281845367,
        "stopping_strategy": "baseline",
        "phase1_seed_strategy": "last",
        "phase1_best_epoch": null,
        "lambda1_mean": 0.7896436518208922,
        "lambda1_std": 0.34914932919993374,
        "lambda2_mean": 0.2880670136395663,
        "lambda2_std": 0.1607874542804911
      }
    },
    {
      "number": 2,
      "state": "COMPLETE",
      "params": {
        "lr": 0.0009180774844343188,
        "batch_size": 8,
        "cotrain_epochs": 13,
        "finetune_patience": 6,
        "weight_decay": 0.06256781078336274,
        "warmup_ratio": 0.10227991115486325
      },
      "dev_macro_f1": 0.064527,
      "duration_seconds": 433.3,
      "full_metrics": {
        "event": "cyclone_idai_2019",
        "budget": 50,
        "seed_set": 2,
        "test_error_rate": 52.503209242618745,
        "test_macro_f1": 0.06440382941688425,
        "test_ece": 0.34476689885302286,
        "test_per_class_f1": [
          0.0,
          0.0,
          0.0,
          0.0,
          0.0,
          0.0,
          0.0,
          0.0,
          0.6440382941688425,
          0.0
        ],
        "dev_error_rate": 52.36907730673317,
        "dev_macro_f1": 0.06452702702702703,
        "dev_ece": 0.34610821804649516,
        "stopping_strategy": "baseline",
        "phase1_seed_strategy": "last",
        "phase1_best_epoch": null,
        "lambda1_mean": 0.6145021007175273,
        "lambda1_std": 0.5151375743043577,
        "lambda2_mean": 0.30728978831227743,
        "lambda2_std": 0.28828375026326075
      }
    },
    {
      "number": 3,
      "state": "COMPLETE",
      "params": {
        "lr": 0.0002213752138953115,
        "batch_size": 16,
        "cotrain_epochs": 6,
        "finetune_patience": 6,
        "weight_decay": 0.0941900786820254,
        "warmup_ratio": 0.022723224803066145
      },
      "dev_macro_f1": 0.064527,
      "duration_seconds": 168.4,
      "full_metrics": {
        "event": "cyclone_idai_2019",
        "budget": 50,
        "seed_set": 2,
        "test_error_rate": 52.503209242618745,
        "test_macro_f1": 0.06440382941688425,
        "test_ece": 0.3469903962029113,
        "test_per_class_f1": [
          0.0,
          0.0,
          0.0,
          0.0,
          0.0,
          0.0,
          0.0,
          0.0,
          0.6440382941688425,
          0.0
        ],
        "dev_error_rate": 52.36907730673317,
        "dev_macro_f1": 0.06452702702702703,
        "dev_ece": 0.3483317261399176,
        "stopping_strategy": "baseline",
        "phase1_seed_strategy": "last",
        "phase1_best_epoch": null,
        "lambda1_mean": 0.5881694215054394,
        "lambda1_std": 0.4618613530750141,
        "lambda2_mean": 0.24042207783680766,
        "lambda2_std": 0.21816466150498146
      }
    },
    {
      "number": 4,
      "state": "COMPLETE",
      "params": {
        "lr": 0.000543806615962784,
        "batch_size": 64,
        "cotrain_epochs": 19,
        "finetune_patience": 10,
        "weight_decay": 0.03765561157013228,
        "warmup_ratio": 0.05771181237045851
      },
      "dev_macro_f1": 0.064527,
      "duration_seconds": 313.5,
      "full_metrics": {
        "event": "cyclone_idai_2019",
        "budget": 50,
        "seed_set": 2,
        "test_error_rate": 52.503209242618745,
        "test_macro_f1": 0.06440382941688425,
        "test_ece": 0.03638789245191676,
        "test_per_class_f1": [
          0.0,
          0.0,
          0.0,
          0.0,
          0.0,
          0.0,
          0.0,
          0.0,
          0.6440382941688425,
          0.0
        ],
        "dev_error_rate": 52.36907730673317,
        "dev_macro_f1": 0.06452702702702703,
        "dev_ece": 0.03504658087233359,
        "stopping_strategy": "baseline",
        "phase1_seed_strategy": "last",
        "phase1_best_epoch": null,
        "lambda1_mean": 0.6229797202891054,
        "lambda1_std": 0.5369587207313455,
        "lambda2_mean": 0.37628821356832726,
        "lambda2_std": 0.35437558013479964
      }
    },
    {
      "number": 5,
      "state": "COMPLETE",
      "params": {
        "lr": 5.850288196060475e-05,
        "batch_size": 8,
        "cotrain_epochs": 20,
        "finetune_patience": 10,
        "weight_decay": 0.0008870049307759587,
        "warmup_ratio": 0.23290693553633593
      },
      "dev_macro_f1": 0.48706,
      "duration_seconds": 637.6,
      "full_metrics": {
        "event": "cyclone_idai_2019",
        "budget": 50,