{
  "event": "hurricane_maria_2017",
  "budget": 5,
  "seed_set": 1,
  "test_error_rate": 96.11650485436894,
  "test_macro_f1": 0.020110012625405526,
  "test_ece": 0.07978617942965643,
  "test_per_class_f1": [
    0.07776427703523693,
    0.025157232704402517,
    0.0,
    0.0,
    0.07304347826086957,
    0.0,
    0.0,
    0.005025125628140704,
    0.0
  ],
  "dev_error_rate": 97.7088948787062,
  "dev_macro_f1": 0.014048781905924762,
  "dev_ece": 0.09582679073082791
}