{
  "event": "canada_wildfires_2016",
  "budget": 5,
  "seed_set": 1,
  "test_error_rate": 84.04494382022472,
  "test_macro_f1": 0.10757080610021787,
  "test_ece": 0.37121075257826386,
  "test_per_class_f1": [
    0.0,
    0.0,
    0.21350762527233116,
    0.0,
    0.0,
    0.0,
    0.0,
    0.6470588235294118
  ],
  "dev_error_rate": 85.08771929824562,
  "dev_macro_f1": 0.09099511599511599,
  "dev_ece": 0.3677877917101509,
  "stopping_strategy": "baseline",
  "phase1_seed_strategy": "last",
  "phase1_best_epoch": null,
  "lambda1_mean": 0.40421265542725654,
  "lambda1_std": 0.13285867674053553,
  "lambda2_mean": 0.1482939677545158,
  "lambda2_std": 0.030521303742688233
}