{
  "event": "hurricane_harvey_2017",
  "budget": 25,
  "seed_set": 3,
  "test_error_rate": 49.19667590027701,
  "test_macro_f1": 0.36973995612052224,
  "test_ece": 0.42750981106652447,
  "test_per_class_f1": [
    0.48,
    0.0,
    0.0,
    0.6818181818181818,
    0.0,
    0.4310520939734423,
    0.35365853658536583,
    0.7454718779790277,
    0.6356589147286822
  ],
  "dev_error_rate": 49.08503767491926,
  "dev_macro_f1": 0.37846491123973686,
  "dev_ece": 0.42818449259574254,
  "stopping_strategy": "baseline",
  "phase1_seed_strategy": "last",
  "phase1_best_epoch": null,
  "lambda1_mean": 1.071638003869828,
  "lambda1_std": 0.2203342030115616,
  "lambda2_mean": 0.5600059619271994,
  "lambda2_std": 0.15347084646148704
}