{
  "event": "hurricane_harvey_2017",
  "budget": 10,
  "seed_set": 2,
  "status": "done",
  "best_params": {
    "lr": 8.111850414685541e-05,
    "batch_size": 32,
    "cotrain_epochs": 7,
    "finetune_patience": 10,
    "weight_decay": 0.008907997082058262,
    "warmup_ratio": 0.07093180109557307
  },
  "best_value": 0.649955,
  "best_full_metrics": {
    "event": "hurricane_harvey_2017",
    "budget": 10,
    "seed_set": 2,
    "test_error_rate": 31.191135734072017,
    "test_macro_f1": 0.644902614669165,
    "test_ece": 0.16063860635017757,
    "test_per_class_f1": [
      0.5826771653543307,
      0.8065573770491803,
      0.7370517928286853,
      0.9014084507042254,
      0.3383084577114428,
      0.42201834862385323,
      0.46153846153846156,
      0.8306828811973808,
      0.7238805970149254
    ],
    "dev_error_rate": 31.754574811625403,
    "dev_macro_f1": 0.6499554507021533,
    "dev_ece": 0.1738699044555073,
    "stopping_strategy": "baseline",
    "phase1_seed_strategy": "last",
    "phase1_best_epoch": null,
    "lambda1_mean": 1.066205462715103,
    "lambda1_std": 0.21458339710155372,
    "lambda2_mean": 0.5040068584091887,
    "lambda2_std": 0.16512531576480938
  },
  "n_trials": 10,
  "continued_from": null,
  "trials": [
    {
      "number": 0,
      "state": "COMPLETE",
      "params": {
        "lr": 0.0007712503543048926,
        "batch_size": 32,
        "cotrain_epochs": 9,
        "finetune_patience": 10,
        "weight_decay": 0.05685715213088639,
        "warmup_ratio": 0.027983952749686614
      },
      "dev_macro_f1": 0.052588,
      "duration_seconds": 454.7,
      "full_metrics": {
        "event": "hurricane_harvey_2017",
        "budget": 10,
        "seed_set": 2,
        "test_error_rate": 69.03047091412742,
        "test_macro_f1": 0.052547471329197216,
        "test_ece": 0.4204754953239103,
        "test_per_class_f1": [
          0.0,
          0.0,
          0.0,
          0.0,
          0.0,
          0.0,
          0.0,
          0.47292724196277497,
          0.0
        ],
        "dev_error_rate": 68.9989235737352,
        "dev_macro_f1": 0.05258833196384552,
        "dev_ece": 0.4201600214765197,
        "stopping_strategy": "baseline",
        "phase1_seed_strategy": "last",
        "phase1_best_epoch": null,
        "lambda1_mean": 0.3134592032456743,
        "lambda1_std": 0.3032633156751412,
        "lambda2_mean": 0.13614957179438866,
        "lambda2_std": 0.14769605926705162
      }
    },
    {
      "number": 1,
      "state": "COMPLETE",
      "params": {
        "lr": 2.7514008887439424e-05,
        "batch_size": 64,
        "cotrain_epochs": 19,
        "finetune_patience": 9,
        "weight_decay": 0.03866971879475267,
        "warmup_ratio": 0.05286628049745001
      },
      "dev_macro_f1": 0.639216,
      "duration_seconds": 786.6,
      "full_metrics": {
        "event": "hurricane_harvey_2017",
        "budget": 10,
        "seed_set": 2,
        "test_error_rate": 33.40720221606648,
        "test_macro_f1": 0.6259882888630393,
        "test_ece": 0.23867622070695554,
        "test_per_class_f1": [
          0.5941422594142259,
          0.8143322475570033,
          0.717948717948718,
          0.8982456140350877,
          0.36162361623616235,
          0.27391304347826084,
          0.4375,
          0.8252516010978957,
          0.7109375
        ],
        "dev_error_rate": 32.50807319698601,
        "dev_macro_f1": 0.6392160498832659,
        "dev_ece": 0.23428016307536187,
        "stopping_strategy": "baseline",
        "phase1_seed_strategy": "last",
        "phase1_best_epoch": null,
        "lambda1_mean": 1.070677001709321,
        "lambda1_std": 0.22090008843147624,
        "lambda2_mean": 0.6290798188778107,
        "lambda2_std": 0.1749828544195501
      }
    },
    {
      "number": 2,
      "state": "COMPLETE",
      "params": {
        "lr": 0.00019659903721118963,
        "batch_size": 32,
        "cotrain_epochs": 7,
        "finetune_patience": 5,
        "weight_decay": 0.043495052969409455,
        "warmup_ratio": 0.025355244071662952
      },
      "dev_macro_f1": 0.639347,
      "duration_seconds": 376.5,
      "full_metrics": {
        "event": "hurricane_harvey_2017",
        "budget": 10,
        "seed_set": 2,
        "test_error_rate": 30.747922437673125,
        "test_macro_f1": 0.6507459079152431,
        "test_ece": 0.10526317868206309,
        "test_per_class_f1": [
          0.5897435897435898,
          0.8317460317460318,
          0.7724425887265136,
          0.8918918918918919,
          0.33175355450236965,
          0.45985401459854014,
          0.4372093023255814,
          0.8202676864244742,
          0.7218045112781954
        ],
        "dev_error_rate": 33.58449946178686,
        "dev_macro_f1": 0.6393470232987899,
        "dev_ece": 0.1274300437216097,
        "stopping_strategy": "baseline",
        "phase1_seed_strategy": "last",
        "phase1_best_epoch": null,
        "lambda1_mean": 0.9874700774158224,
        "lambda1_std": 0.2815391148016626,
        "lambda2_mean": 0.4310001045430276,
        "lambda2_std": 0.21197024443465529
      }
    },
    {
      "number": 3,
      "state": "COMPLETE",
      "params": {
        "lr": 8.111850414685541e-05,
        "batch_size": 32,
        "cotrain_epochs": 7,
        "finetune_patience": 10,
        "weight_decay": 0.008907997082058262,
        "warmup_ratio": 0.07093180109557307
      },
      "dev_macro_f1": 0.649955,
      "duration_seconds": 426.9,
      "full_metrics": {
        "event": "hurricane_harvey_2017",
        "budget": 10,
        "seed_set": 2,
        "test_error_rate": 31.191135734072017,
        "test_macro_f1": 0.644902614669165,
        "test_ece": 0.16063860635017757,
        "test_per_class_f1": [
          0.5826771653543307,
          0.8065573770491803,
          0.7370517928286853,
          0.9014084507042254,
          0.3383084577114428,
          0.42201834862385323,
          0.46153846153846156,
          0.8306828811973808,
          0.7238805970149254
        ],
        "dev_error_rate": 31.754574811625403,
        "dev_macro_f1": 0.6499554507021533,
        "dev_ece": 0.1738699044555073,
        "stopping_strategy": "baseline",
        "phase1_seed_strategy": "last",
        "phase1_best_epoch": null,
        "lambda1_mean": 1.066205462715103,
        "lambda1_std": 0.21458339710155372,
        "lambda2_mean": 0.5040068584091887,
        "lambda2_std": 0.16512531576480938
      }
    },
    {
      "number": 4,
      "state": "COMPLETE",
      "params": {
        "lr": 4.215363145370613e-05,
        "batch_size": 32,
        "cotrain_epochs": 10,
        "finetune_patience": 6,
        "weight_decay": 0.0015005700683306201,
        "warmup_ratio": 0.0775618231648995
      },
      "dev_macro_f1": 0.63426,
      "duration_seconds": 488.5,
      "full_metrics": {
        "event": "hurricane_harvey_2017",
        "budget": 10,
        "seed_set": 2,
        "test_error_rate": 33.01939058171746,
        "test_macro_f1": 0.6289905859681928,
        "test_ece": 0.2507623885807238,
        "test_per_class_f1": [
          0.6120689655172413,
          0.8184818481848185,
          0.7213740458015268,
          0.9032258064516129,
          0.34576271186440677,
          0.2292134831460674,
          0.4861111111111111,
          0.8345323741007195,
          0.7101449275362319
        ],
        "dev_error_rate": 32.50807319698601,
        "dev_macro_f1": 0.6342596197665309,
        "dev_ece": 0.24869928068698924,
        "stopping_strategy": "baseline",
        "phase1_seed_strategy": "last",
        "phase1_best_epoch": null,
        "lambda1_mean": 1.0827859491387952,
        "lambda1_std": 0.2016338120197841,
        "lambda2_mean": 0.5670475042824887,
        "lambda2_std": 0.16282410661398128
      }
    },
    {
      "number": 5,
      "state": "COMPLETE",
      "params": {
        "lr": 0.00031392581403889256,
        "batch_size": 16,