{
  "event": "california_wildfires_2018",
  "budget": 5,
  "seed_set": 2,
  "status": "done",
  "best_params": {
    "lr": 3.099607194170563e-05,
    "batch_size": 8,
    "cotrain_epochs": 10,
    "finetune_patience": 8,
    "weight_decay": 0.0912739501028389,
    "warmup_ratio": 0.07359998419730814
  },
  "best_value": 0.420712,
  "best_full_metrics": {
    "event": "california_wildfires_2018",
    "budget": 5,
    "seed_set": 2,
    "test_error_rate": 46.95414099931554,
    "test_macro_f1": 0.4222772461560143,
    "test_ece": 0.3816681724758201,
    "test_per_class_f1": [
      0.15384615384615385,
      0.20125786163522014,
      0.2803738317757009,
      0.7176165803108808,
      0.4,
      0.41604010025062654,
      0.3160621761658031,
      0.2909090909090909,
      0.78,
      0.6666666666666666
    ],
    "dev_error_rate": 46.27659574468085,
    "dev_macro_f1": 0.42071162903896575,
    "dev_ece": 0.3802725975897084,
    "stopping_strategy": "baseline",
    "phase1_seed_strategy": "last",
    "phase1_best_epoch": null,
    "lambda1_mean": 1.1045452479502949,
    "lambda1_std": 0.1424168063943897,
    "lambda2_mean": 0.5585126644297255,
    "lambda2_std": 0.1459334988085744
  },
  "n_trials": 10,
  "continued_from": null,
  "trials": [
    {
      "number": 0,
      "state": "COMPLETE",
      "params": {
        "lr": 2.876736940179983e-05,
        "batch_size": 64,
        "cotrain_epochs": 19,
        "finetune_patience": 5,
        "weight_decay": 0.09613492541015996,
        "warmup_ratio": 0.03279273031727415
      },
      "dev_macro_f1": 0.407717,
      "duration_seconds": 658.3,
      "full_metrics": {
        "event": "california_wildfires_2018",
        "budget": 5,
        "seed_set": 2,
        "test_error_rate": 47.09103353867214,
        "test_macro_f1": 0.4248365476991231,
        "test_ece": 0.36958214938436607,
        "test_per_class_f1": [
          0.1797752808988764,
          0.19090909090909092,
          0.3248730964467005,
          0.7157894736842105,
          0.4,
          0.4473007712082262,
          0.30563002680965146,
          0.24561403508771928,
          0.7544910179640718,
          0.683982683982684
        ],
        "dev_error_rate": 48.00531914893617,
        "dev_macro_f1": 0.40771713450633146,
        "dev_ece": 0.39561482253385355,
        "stopping_strategy": "baseline",
        "phase1_seed_strategy": "last",
        "phase1_best_epoch": null,
        "lambda1_mean": 1.0940407348437353,
        "lambda1_std": 0.14405681560905226,
        "lambda2_mean": 0.6100881668976051,
        "lambda2_std": 0.15059980929427608
      }
    },
    {
      "number": 1,
      "state": "COMPLETE",
      "params": {
        "lr": 3.099607194170563e-05,
        "batch_size": 8,
        "cotrain_epochs": 10,
        "finetune_patience": 8,
        "weight_decay": 0.0912739501028389,
        "warmup_ratio": 0.07359998419730814
      },
      "dev_macro_f1": 0.420712,
      "duration_seconds": 737.9,
      "full_metrics": {
        "event": "california_wildfires_2018",
        "budget": 5,
        "seed_set": 2,
        "test_error_rate": 46.95414099931554,
        "test_macro_f1": 0.4222772461560143,
        "test_ece": 0.3816681724758201,
        "test_per_class_f1": [
          0.15384615384615385,
          0.20125786163522014,
          0.2803738317757009,
          0.7176165803108808,
          0.4,
          0.41604010025062654,
          0.3160621761658031,
          0.2909090909090909,
          0.78,
          0.6666666666666666
        ],
        "dev_error_rate": 46.27659574468085,
        "dev_macro_f1": 0.42071162903896575,
        "dev_ece": 0.3802725975897084,
        "stopping_strategy": "baseline",
        "phase1_seed_strategy": "last",
        "phase1_best_epoch": null,
        "lambda1_mean": 1.1045452479502949,
        "lambda1_std": 0.1424168063943897,
        "lambda2_mean": 0.5585126644297255,
        "lambda2_std": 0.1459334988085744
      }
    },
    {
      "number": 2,
      "state": "COMPLETE",
      "params": {
        "lr": 4.443085468259201e-05,
        "batch_size": 64,
        "cotrain_epochs": 11,
        "finetune_patience": 9,
        "weight_decay": 0.013590192440641713,
        "warmup_ratio": 0.21483651964738007
      },
      "dev_macro_f1": 0.412207,
      "duration_seconds": 414.2,
      "full_metrics": {
        "event": "california_wildfires_2018",
        "budget": 5,
        "seed_set": 2,
        "test_error_rate": 45.927446954141004,
        "test_macro_f1": 0.4365573774662253,
        "test_ece": 0.32835135445212926,
        "test_per_class_f1": [
          0.20930232558139536,
          0.2561576354679803,
          0.2978723404255319,
          0.7157894736842105,
          0.3888888888888889,
          0.46798029556650245,
          0.33773087071240104,
          0.27586206896551724,
          0.7657841140529531,
          0.6502057613168725
        ],
        "dev_error_rate": 47.73936170212766,
        "dev_macro_f1": 0.4122065633888985,
        "dev_ece": 0.3628729707858664,
        "stopping_strategy": "baseline",
        "phase1_seed_strategy": "last",
        "phase1_best_epoch": null,
        "lambda1_mean": 1.0409540252910787,
        "lambda1_std": 0.18562554986680915,
        "lambda2_mean": 0.4446851253025996,
        "lambda2_std": 0.16320271375094558
      }
    },
    {
      "number": 3,
      "state": "COMPLETE",
      "params": {
        "lr": 4.7134596903012016e-05,
        "batch_size": 16,
        "cotrain_epochs": 5,
        "finetune_patience": 9,
        "weight_decay": 0.022764488725820056,
        "warmup_ratio": 0.1076785002441708
      },
      "dev_macro_f1": 0.408818,
      "duration_seconds": 303.4,
      "full_metrics": {
        "event": "california_wildfires_2018",
        "budget": 5,
        "seed_set": 2,
        "test_error_rate": 47.501711156741955,
        "test_macro_f1": 0.4204977860892015,
        "test_ece": 0.35422229564899776,
        "test_per_class_f1": [
          0.1686746987951807,
          0.21875,
          0.2845528455284553,
          0.7061855670103093,
          0.3888888888888889,
          0.40425531914893614,
          0.2768361581920904,
          0.3157894736842105,
          0.782608695652174,
          0.6584362139917695
        ],
        "dev_error_rate": 47.07446808510638,
        "dev_macro_f1": 0.4088177894428129,
        "dev_ece": 0.3545057605555717,
        "stopping_strategy": "baseline",
        "phase1_seed_strategy": "last",
        "phase1_best_epoch": null,
        "lambda1_mean": 1.0465345915828665,
        "lambda1_std": 0.1880390137680323,
        "lambda2_mean": 0.3981483583657161,
        "lambda2_std": 0.15445410830174391
      }
    },
    {
      "number": 4,
      "state": "COMPLETE",
      "params": {
        "lr": 0.0005454111862908511,
        "batch_size": 8,
        "cotrain_epochs": 5,
        "finetune_patience": 9,
        "weight_decay": 0.038800044103470634,
        "warmup_ratio": 0.2069727507505082
      },
      "dev_macro_f1": 0.041851,
      "duration_seconds": 420.0,
      "full_metrics": {
        "event": "california_wildfires_2018",
        "budget": 5,
        "seed_set": 2,
        "test_error_rate": 73.64818617385353,
        "test_macro_f1": 0.04171180931744312,
        "test_ece": 0.18121139869389674,
        "test_per_class_f1": [
          0.0,
          0.0,
          0.0,
          0.4171180931744312,
          0.0,
          0.0,
          0.0,
          0.0,
          0.0,
          0.0
        ],
        "dev_error_rate": 73.5372340425532,
        "dev_macro_f1": 0.04185068349106204,
        "dev_ece": 0.18010187727656768,
        "stopping_strategy": "baseline",
        "phase1_seed_strategy": "last",
        "phase1_best_epoch": null,
        "lambda1_mean": 0.21420789574338048,
        "lambda1_std": 0.1634233610057985,
        "lambda2_mean": 0.09932827143306461,