{
  "event": "california_wildfires_2018",
  "budget": 25,
  "seed_set": 3,
  "status": "done",
  "best_params": {
    "lr": 3.9821185113450566e-05,
    "batch_size": 8,
    "cotrain_epochs": 7,
    "finetune_patience": 6,
    "weight_decay": 0.01597029428788619,
    "warmup_ratio": 0.028045573529518218
  },
  "best_value": 0.623444,
  "best_full_metrics": {
    "event": "california_wildfires_2018",
    "budget": 25,
    "seed_set": 3,
    "test_error_rate": 27.72073921971252,
    "test_macro_f1": 0.6452163222731059,
    "test_ece": 0.0634720956295994,
    "test_per_class_f1": [
      0.4864864864864865,
      0.7682926829268293,
      0.648936170212766,
      0.8962868117797695,
      0.6746987951807228,
      0.6322869955156951,
      0.48223350253807107,
      0.3389830508474576,
      0.8323699421965318,
      0.6915887850467289
    ],
    "dev_error_rate": 28.723404255319153,
    "dev_macro_f1": 0.6234437112571874,
    "dev_ece": 0.07563637498211351,
    "stopping_strategy": "baseline",
    "phase1_seed_strategy": "last",
    "phase1_best_epoch": null,
    "lambda1_mean": 0.9959828080839723,
    "lambda1_std": 0.27593000708661897,
    "lambda2_mean": 0.6016081140040389,
    "lambda2_std": 0.2421024533561892
  },
  "n_trials": 10,
  "continued_from": null,
  "trials": [
    {
      "number": 0,
      "state": "COMPLETE",
      "params": {
        "lr": 3.9821185113450566e-05,
        "batch_size": 8,
        "cotrain_epochs": 7,
        "finetune_patience": 6,
        "weight_decay": 0.01597029428788619,
        "warmup_ratio": 0.028045573529518218
      },
      "dev_macro_f1": 0.623444,
      "duration_seconds": 501.0,
      "full_metrics": {
        "event": "california_wildfires_2018",
        "budget": 25,
        "seed_set": 3,
        "test_error_rate": 27.72073921971252,
        "test_macro_f1": 0.6452163222731059,
        "test_ece": 0.0634720956295994,
        "test_per_class_f1": [
          0.4864864864864865,
          0.7682926829268293,
          0.648936170212766,
          0.8962868117797695,
          0.6746987951807228,
          0.6322869955156951,
          0.48223350253807107,
          0.3389830508474576,
          0.8323699421965318,
          0.6915887850467289
        ],
        "dev_error_rate": 28.723404255319153,
        "dev_macro_f1": 0.6234437112571874,
        "dev_ece": 0.07563637498211351,
        "stopping_strategy": "baseline",
        "phase1_seed_strategy": "last",
        "phase1_best_epoch": null,
        "lambda1_mean": 0.9959828080839723,
        "lambda1_std": 0.27593000708661897,
        "lambda2_mean": 0.6016081140040389,
        "lambda2_std": 0.2421024533561892
      }
    },
    {
      "number": 1,
      "state": "COMPLETE",
      "params": {
        "lr": 6.665205035018656e-05,
        "batch_size": 64,
        "cotrain_epochs": 8,
        "finetune_patience": 5,
        "weight_decay": 0.04707487656509607,
        "warmup_ratio": 0.12490172541346684
      },
      "dev_macro_f1": 0.584745,
      "duration_seconds": 304.7,
      "full_metrics": {
        "event": "california_wildfires_2018",
        "budget": 25,
        "seed_set": 3,
        "test_error_rate": 28.54209445585215,
        "test_macro_f1": 0.5838380204368636,
        "test_ece": 0.12118939193530415,
        "test_per_class_f1": [
          0.3469387755102041,
          0.7213114754098361,
          0.5612244897959183,
          0.9022164276401564,
          0.7076923076923077,
          0.6731141199226306,
          0.3715170278637771,
          0.0,
          0.8336448598130841,
          0.7207207207207207
        ],
        "dev_error_rate": 28.058510638297875,
        "dev_macro_f1": 0.5847453454831525,
        "dev_ece": 0.12225974057900144,
        "stopping_strategy": "baseline",
        "phase1_seed_strategy": "last",
        "phase1_best_epoch": null,
        "lambda1_mean": 1.0039563373872766,
        "lambda1_std": 0.2897685145983606,
        "lambda2_mean": 0.48528098785077556,
        "lambda2_std": 0.21257376084227128
      }
    },
    {
      "number": 2,
      "state": "COMPLETE",
      "params": {
        "lr": 0.000305411640473294,
        "batch_size": 64,
        "cotrain_epochs": 16,
        "finetune_patience": 6,
        "weight_decay": 0.06446786982558222,
        "warmup_ratio": 0.16304083061181435
      },
      "dev_macro_f1": 0.041851,
      "duration_seconds": 529.1,
      "full_metrics": {
        "event": "california_wildfires_2018",
        "budget": 25,
        "seed_set": 3,
        "test_error_rate": 73.64818617385353,
        "test_macro_f1": 0.04171180931744312,
        "test_ece": 0.161561433988267,
        "test_per_class_f1": [
          0.0,
          0.0,
          0.0,
          0.4171180931744312,
          0.0,
          0.0,
          0.0,
          0.0,
          0.0,
          0.0
        ],
        "dev_error_rate": 73.5372340425532,
        "dev_macro_f1": 0.04185068349106204,
        "dev_ece": 0.16045191590773294,
        "stopping_strategy": "baseline",
        "phase1_seed_strategy": "last",
        "phase1_best_epoch": null,
        "lambda1_mean": 0.5017992741535049,
        "lambda1_std": 0.22486415001242535,
        "lambda2_mean": 0.10142175655032708,
        "lambda2_std": 0.09207811854575064
      }
    },
    {
      "number": 3,
      "state": "COMPLETE",
      "params": {
        "lr": 1.846472822177881e-05,
        "batch_size": 32,
        "cotrain_epochs": 7,
        "finetune_patience": 10,
        "weight_decay": 7.68802389603529e-05,
        "warmup_ratio": 0.06415466650546257
      },
      "dev_macro_f1": 0.605267,
      "duration_seconds": 375.7,
      "full_metrics": {
        "event": "california_wildfires_2018",
        "budget": 25,
        "seed_set": 3,
        "test_error_rate": 28.610540725530452,
        "test_macro_f1": 0.634909253115535,
        "test_ece": 0.11800784959848576,
        "test_per_class_f1": [
          0.4473684210526316,
          0.7485380116959064,
          0.6192893401015228,
          0.9060052219321149,
          0.6829268292682927,
          0.6197802197802198,
          0.4642857142857143,
          0.35555555555555557,
          0.8085106382978723,
          0.6968325791855203
        ],
        "dev_error_rate": 29.38829787234043,
        "dev_macro_f1": 0.6052674748388186,
        "dev_ece": 0.1238589071212931,
        "stopping_strategy": "baseline",
        "phase1_seed_strategy": "last",
        "phase1_best_epoch": null,
        "lambda1_mean": 0.9781038252811716,
        "lambda1_std": 0.3048832099137962,
        "lambda2_mean": 0.44231430339416117,
        "lambda2_std": 0.1934896377086003
      }
    },
    {
      "number": 4,
      "state": "COMPLETE",
      "params": {
        "lr": 4.649146803807332e-05,
        "batch_size": 8,
        "cotrain_epochs": 5,
        "finetune_patience": 7,
        "weight_decay": 0.07030824030489612,
        "warmup_ratio": 0.06774776770075518
      },
      "dev_macro_f1": 0.598797,
      "duration_seconds": 396.5,
      "full_metrics": {
        "event": "california_wildfires_2018",
        "budget": 25,
        "seed_set": 3,
        "test_error_rate": 29.911019849418206,
        "test_macro_f1": 0.5887539079870461,
        "test_ece": 0.2055358852551132,
        "test_per_class_f1": [
          0.2677165354330709,
          0.6532663316582915,
          0.6033519553072626,
          0.9041835357624831,
          0.7142857142857143,
          0.6557377049180327,
          0.44,
          0.10526315789473684,
          0.8201160541586073,
          0.7236180904522613
        ],
        "dev_error_rate": 29.654255319148938,
        "dev_macro_f1": 0.598796526664165,
        "dev_ece": 0.21346135960614426,
        "stopping_strategy": "baseline",
        "phase1_seed_strategy": "last",
        "phase1_best_epoch": null,
        "lambda1_mean": 0.9341678778530407,
        "lambda1_std": 0.3101853710836139,
        "lambda2_mean": 0.3818994087437128,