{
  "event": "canada_wildfires_2016",
  "budget": 5,
  "seed_set": 3,
  "test_error_rate": 78.65168539325843,
  "test_macro_f1": 0.10416060539915162,
  "test_ece": 0.13758831827828052,
  "test_per_class_f1": [
    0.0,
    0.0,
    0.1939799331103679,
    0.16326530612244897,
    0.0,
    0.08,
    0.39603960396039606,
    0.0
  ],
  "dev_error_rate": 74.56140350877193,
  "dev_macro_f1": 0.1324244819107833,
  "dev_ece": 0.09155826937211188,
  "stopping_strategy": "baseline",
  "phase1_seed_strategy": "last",
  "phase1_best_epoch": null,
  "lambda1_mean": 0.38495723604883797,
  "lambda1_std": 0.13542252523242412,
  "lambda2_mean": 0.14860365117279123,
  "lambda2_std": 0.03012079630291706
}