{
  "event": "california_wildfires_2018",
  "budget": 5,
  "seed_set": 3,
  "test_error_rate": 28.06297056810404,
  "test_macro_f1": 0.5897402002915124,
  "test_ece": 0.18796656510749968,
  "test_per_class_f1": [
    0.5818181818181818,
    0.7386363636363636,
    0.5178571428571429,
    0.9074778200253485,
    0.6333333333333333,
    0.6642335766423357,
    0.29965156794425085,
    0.0,
    0.8468468468468469,
    0.7075471698113207
  ],
  "dev_error_rate": 25.930851063829785,
  "dev_macro_f1": 0.6063286673088601,
  "dev_ece": 0.1868357003289968,
  "stopping_strategy": "baseline",
  "phase1_seed_strategy": "last",
  "phase1_best_epoch": null,
  "lambda1_mean": 1.0217123187984527,
  "lambda1_std": 0.2758459555399111,
  "lambda2_mean": 0.4975339690537207,
  "lambda2_std": 0.19219548209427964
}