{
  "event": "canada_wildfires_2016",
  "budget": 25,
  "seed_set": 2,
  "test_error_rate": 24.269662921348313,
  "test_macro_f1": 0.5951839429357799,
  "test_ece": 0.03670748361710755,
  "test_per_class_f1": [
    0.3076923076923077,
    0.8679245283018868,
    0.8785046728971962,
    0.28,
    0.44,
    0.2857142857142857,
    0.8951841359773371,
    0.8064516129032258
  ],
  "dev_error_rate": 24.561403508771928,
  "dev_macro_f1": 0.6426583949554908,
  "dev_ece": 0.07931029561318843,
  "stopping_strategy": "baseline",
  "phase1_seed_strategy": "last",
  "phase1_best_epoch": null,
  "lambda1_mean": 0.8513998124710039,
  "lambda1_std": 0.29224788780494515,
  "lambda2_mean": 0.33783138447318045,
  "lambda2_std": 0.1838002619701031
}