{
  "event": "hurricane_florence_2018",
  "budget": 5,
  "seed_set": 2,
  "test_error_rate": 95.00402900886382,
  "test_macro_f1": 0.024353990445691434,
  "test_ece": 0.0753575523926499,
  "test_per_class_f1": [
    0.0,
    0.0,
    0.0,
    0.0,
    0.0,
    0.17793594306049823,
    0.02328589909443726,
    0.017964071856287425,
    0.0
  ],
  "dev_error_rate": 95.77464788732395,
  "dev_macro_f1": 0.021628485502271907,
  "dev_ece": 0.08312432951817116
}