{
  "event": "hurricane_dorian_2019",
  "budget": 50,
  "seed_set": 1,
  "test_error_rate": 39.190981432360736,
  "test_macro_f1": 0.5594091222069295,
  "test_ece": 0.09388945991820617,
  "test_per_class_f1": [
    0.5461538461538461,
    0.8902077151335311,
    0.632768361581921,
    0.3404255319148936,
    0.4675324675324675,
    0.4107142857142857,
    0.1724137931034483,
    0.7658536585365854,
    0.8086124401913876
  ],
  "dev_error_rate": 39.948453608247426,
  "dev_macro_f1": 0.5640402433505316,
  "dev_ece": 0.08941407645716497,
  "stopping_strategy": "baseline",
  "phase1_seed_strategy": "last",
  "phase1_best_epoch": null,
  "lambda1_mean": 0.5117059253269824,
  "lambda1_std": 0.09551741247260541,
  "lambda2_mean": 0.12487018525159918,
  "lambda2_std": 0.04395904609192593
}