{
  "event": "kaikoura_earthquake_2016",
  "budget": 25,
  "seed_set": 3,
  "test_error_rate": 46.896551724137936,
  "test_macro_f1": 0.46382899784524045,
  "test_ece": 0.2034661730130513,
  "test_per_class_f1": [
    0.5384615384615384,
    0.24242424242424243,
    0.4927536231884058,
    0.4,
    0.08695652173913043,
    0.32679738562091504,
    0.5,
    0.6842105263157895,
    0.9028571428571428
  ],
  "dev_error_rate": 44.19642857142857,
  "dev_macro_f1": 0.45993136058275624,
  "dev_ece": 0.2161634702102414
}