{
  "event": "hurricane_maria_2017",
  "budget": 50,
  "seed_set": 2,
  "test_error_rate": 32.87101248266296,
  "test_macro_f1": 0.6300201102997591,
  "test_ece": 0.04941083920729476,
  "test_per_class_f1": [
    0.6071428571428571,
    0.5609756097560976,
    0.8289473684210527,
    0.8656716417910447,
    0.35802469135802467,
    0.35214446952595935,
    0.6690140845070423,
    0.7974358974358975,
    0.6308243727598566
  ],
  "dev_error_rate": 31.266846361185983,
  "dev_macro_f1": 0.6439322988319668,
  "dev_ece": 0.057542453437159954,
  "stopping_strategy": "baseline",
  "phase1_seed_strategy": "last",
  "phase1_best_epoch": null,
  "lambda1_mean": 0.5017272848767635,
  "lambda1_std": 0.09427318504351262,
  "lambda2_mean": 0.10456612199049704,
  "lambda2_std": 0.02212085523251737
}