{
  "event": "cyclone_idai_2019",
  "budget": 50,
  "seed_set": 3,
  "test_error_rate": 53.65853658536586,
  "test_macro_f1": 0.43719113189869024,
  "test_ece": 0.26811985608395933,
  "test_per_class_f1": [
    0.42424242424242425,
    0.26666666666666666,
    0.64,
    0.76,
    0.4,
    0.2894736842105263,
    0.265625,
    0.16170212765957448,
    0.4032258064516129,
    0.7609756097560976
  ],
  "dev_error_rate": 51.620947630922686,
  "dev_macro_f1": 0.43011501898953436,
  "dev_ece": 0.2363635589208389
}