{
  "event": "kaikoura_earthquake_2016",
  "budget": 10,
  "seed_set": 2,
  "test_error_rate": 26.66666666666667,
  "test_macro_f1": 0.6677227367690687,
  "test_ece": 0.15039552340562318,
  "test_per_class_f1": [
    0.6820809248554913,
    0.8484848484848485,
    0.7724137931034483,
    0.9130434782608695,
    0.5617977528089888,
    0.43103448275862066,
    0.0,
    0.8863636363636364,
    0.9142857142857143
  ],
  "dev_error_rate": 27.67857142857143,
  "dev_macro_f1": 0.6543868294334002,
  "dev_ece": 0.18151419516652817,
  "stopping_strategy": "baseline",
  "phase1_seed_strategy": "last",
  "phase1_best_epoch": null,
  "lambda1_mean": 0.9211723191922475,
  "lambda1_std": 0.2492112609765757,
  "lambda2_mean": 0.3540812983088888,
  "lambda2_std": 0.14379232019014795
}