{
  "event": "kerala_floods_2018",
  "budget": 5,
  "seed_set": 3,
  "test_error_rate": 29.772439949431096,
  "test_macro_f1": 0.5673710161565383,
  "test_ece": 0.19934168536164212,
  "test_per_class_f1": [
    0.5517241379310345,
    0.23076923076923078,
    0.4857142857142857,
    0.8405797101449275,
    0.38144329896907214,
    0.4486486486486487,
    0.6666666666666666,
    0.8363636363636363,
    0.6644295302013423
  ],
  "dev_error_rate": 28.869778869778873,
  "dev_macro_f1": 0.6052958949605947,
  "dev_ece": 0.19252471812527072,
  "stopping_strategy": "baseline",
  "phase1_seed_strategy": "last",
  "phase1_best_epoch": null,
  "lambda1_mean": 1.041681031477841,
  "lambda1_std": 0.21960430200352243,
  "lambda2_mean": 0.4114306938110984,
  "lambda2_std": 0.1491610664387857
}