{
  "event": "kerala_floods_2018",
  "budget": 50,
  "seed_set": 2,
  "test_error_rate": 42.35145385587863,
  "test_macro_f1": 0.4625433753122867,
  "test_ece": 0.09953018224194135,
  "test_per_class_f1": [
    0.44776119402985076,
    0.13333333333333333,
    0.3958333333333333,
    0.7209302325581395,
    0.3541666666666667,
    0.35320088300220753,
    0.45018450184501846,
    0.7148876404494382,
    0.5925925925925926
  ],
  "dev_error_rate": 42.62899262899262,
  "dev_macro_f1": 0.48525302048091085,
  "dev_ece": 0.09655102322230466
}