{
  "event": "hurricane_maria_2017",
  "budget": 25,
  "seed_set": 1,
  "test_error_rate": 39.04299583911235,
  "test_macro_f1": 0.5779844584605284,
  "test_ece": 0.0969801585444465,
  "test_per_class_f1": [
    0.4533333333333333,
    0.423728813559322,
    0.710172744721689,
    0.9016393442622951,
    0.294478527607362,
    0.3917525773195876,
    0.6167146974063401,
    0.748221906116643,
    0.6618181818181819
  ],
  "dev_error_rate": 36.92722371967655,
  "dev_macro_f1": 0.5935899281322772,
  "dev_ece": 0.09770541628094695,
  "stopping_strategy": "baseline",
  "phase1_seed_strategy": "last",
  "phase1_best_epoch": null,
  "lambda1_mean": 0.5797551011638888,
  "lambda1_std": 0.11442572626627812,
  "lambda2_mean": 0.13324002245427138,
  "lambda2_std": 0.027331276926589418
}