{
  "event": "hurricane_florence_2018",
  "budget": 10,
  "seed_set": 3,
  "test_error_rate": 24.49637389202256,
  "test_macro_f1": 0.669433470951218,
  "test_ece": 0.11269159630649422,
  "test_per_class_f1": [
    0.7329192546583851,
    0.8389513108614233,
    0.6179775280898876,
    0.9166666666666666,
    0.8312958435207825,
    0.3904382470119522,
    0.0,
    0.8484848484848485,
    0.8481675392670157
  ],
  "dev_error_rate": 24.726134585289515,
  "dev_macro_f1": 0.7052068351819026,
  "dev_ece": 0.12185843962832046,
  "stopping_strategy": "baseline",
  "phase1_seed_strategy": "last",
  "phase1_best_epoch": null,
  "lambda1_mean": 1.0746409786011153,
  "lambda1_std": 0.21744181194200998,
  "lambda2_mean": 0.6070355378654412,
  "lambda2_std": 0.18796359259365922
}