class_label,caution_and_advice,displaced_people_and_evacuations,infrastructure_and_utility_damage,injured_or_dead_people,not_humanitarian,other_relevant_information,requests_or_urgent_needs,rescue_volunteering_or_donation_effort,sympathy_and_support
caution_and_advice,0.5773195876288659,0.0,0.05154639175257732,0.020618556701030927,0.041237113402061855,0.21649484536082475,0.020618556701030927,0.061855670103092786,0.010309278350515464
displaced_people_and_evacuations,0.0,0.8205128205128205,0.0,0.0,0.0,0.0,0.07692307692307693,0.05128205128205128,0.05128205128205128
infrastructure_and_utility_damage,0.00966183574879227,0.01932367149758454,0.6473429951690821,0.014492753623188406,0.057971014492753624,0.07246376811594203,0.033816425120772944,0.10628019323671498,0.03864734299516908
injured_or_dead_people,0.003937007874015748,0.04330708661417323,0.011811023622047244,0.7913385826771654,0.007874015748031496,0.011811023622047244,0.027559055118110236,0.051181102362204724,0.051181102362204724
not_humanitarian,0.009404388714733543,0.018808777429467086,0.04075235109717868,0.012539184952978056,0.6363636363636364,0.13793103448275862,0.0219435736677116,0.05642633228840126,0.06583072100313479
other_relevant_information,0.07174887892376682,0.02391629297458894,0.13452914798206278,0.008968609865470852,0.25411061285500747,0.26905829596412556,0.014947683109118086,0.14648729446935724,0.07623318385650224
requests_or_urgent_needs,0.007263922518159807,0.007263922518159807,0.002421307506053269,0.0,0.01937046004842615,0.007263922518159807,0.6464891041162227,0.30024213075060535,0.009685230024213076
rescue_volunteering_or_donation_effort,0.003993344425956739,0.016306156405990018,0.0066555740432612314,0.003660565723793677,0.04459234608985025,0.04658901830282862,0.031281198003327786,0.8279534109816972,0.01896838602329451
sympathy_and_support,0.0017094017094017094,0.011965811965811967,0.003418803418803419,0.0017094017094017094,0.02735042735042735,0.005128205128205128,0.046153846153846156,0.26495726495726496,0.6376068376068376
