label,precision,recall,f1,support,error_rate
caution_and_advice,0.4444444444444444,0.5773195876288659,0.5022421524663677,97,0.4226804123711341
displaced_people_and_evacuations,0.25,0.8205128205128205,0.38323353293413176,39,0.17948717948717952
infrastructure_and_utility_damage,0.5,0.6473429951690821,0.5642105263157895,207,0.3526570048309179
injured_or_dead_people,0.881578947368421,0.7913385826771654,0.8340248962655602,254,0.2086614173228346
not_humanitarian,0.3697632058287796,0.6363636363636364,0.467741935483871,319,0.36363636363636365
other_relevant_information,0.4400977995110024,0.26905829596412556,0.3339517625231911,669,0.7309417040358744
requests_or_urgent_needs,0.6297169811320755,0.6464891041162227,0.6379928315412187,413,0.35351089588377727
rescue_volunteering_or_donation_effort,0.8503075871496925,0.8279534109816972,0.8389816219861743,3005,0.17204658901830283
sympathy_and_support,0.7037735849056603,0.6376068376068376,0.6690582959641255,585,0.36239316239316244
