{
  "event": "cyclone_idai_2019",
  "budget": 50,
  "seed_set": 1,
  "test_error_rate": 30.551989730423625,
  "test_macro_f1": 0.5204112801725785,
  "test_ece": 0.06311008498665611,
  "test_per_class_f1": [
    0.5818181818181818,
    0.35,
    0.7862068965517242,
    0.8636363636363636,
    0.0,
    0.30303030303030304,
    0.3458646616541353,
    0.3853211009174312,
    0.8,
    0.788235294117647
  ],
  "dev_error_rate": 35.411471321695764,
  "dev_macro_f1": 0.46012275170600914,
  "dev_ece": 0.1114534745341227,
  "stopping_strategy": "baseline",
  "phase1_seed_strategy": "last",
  "phase1_best_epoch": null,
  "lambda1_mean": 0.4460523570527066,
  "lambda1_std": 0.0921052153957021,
  "lambda2_mean": 0.08436418921903982,
  "lambda2_std": 0.03330791231614206
}