{
  "event": "hurricane_irma_2017",
  "budget": 5,
  "seed_set": 1,
  "test_error_rate": 81.52524167561761,
  "test_macro_f1": 0.09535104792042537,
  "test_ece": 0.2218557378451243,
  "test_per_class_f1": [
    0.0,
    0.11507479861910241,
    0.3499222395023328,
    0.0,
    0.39316239316239315,
    0.0,
    0.0,
    0.0,
    0.0
  ],
  "dev_error_rate": 81.21085594989562,
  "dev_macro_f1": 0.09494922722392642,
  "dev_ece": 0.21000378678449758,
  "stopping_strategy": "baseline",
  "phase1_seed_strategy": "last",
  "phase1_best_epoch": null,
  "lambda1_mean": 0.3297801104111066,
  "lambda1_std": 0.13055073816092078,
  "lambda2_mean": 0.12087412748035084,
  "lambda2_std": 0.02879365976829381
}