{
  "event": "hurricane_irma_2017",
  "budget": 25,
  "seed_set": 2,
  "test_error_rate": 31.686358754027932,
  "test_macro_f1": 0.6606315453067518,
  "test_ece": 0.17765479791753402,
  "test_per_class_f1": [
    0.6594202898550725,
    0.8338368580060423,
    0.803129074315515,
    0.9447513812154696,
    0.5066666666666667,
    0.41678726483357453,
    0.3300970873786408,
    0.7379518072289156,
    0.7130434782608696
  ],
  "dev_error_rate": 31.732776617954073,
  "dev_macro_f1": 0.6702247363255356,
  "dev_ece": 0.18782172543395287,
  "stopping_strategy": "baseline",
  "phase1_seed_strategy": "last",
  "phase1_best_epoch": null,
  "lambda1_mean": 0.9981780910876555,
  "lambda1_std": 0.2701649160176573,
  "lambda2_mean": 0.6210743339206253,
  "lambda2_std": 0.2428399130647359
}