{
  "event": "hurricane_maria_2017",
  "budget": 5,
  "seed_set": 2,
  "test_error_rate": 29.195561719833563,
  "test_macro_f1": 0.6826857463344458,
  "test_ece": 0.19373309211327538,
  "test_per_class_f1": [
    0.6804123711340206,
    0.7384615384615385,
    0.8433333333333334,
    0.9105691056910569,
    0.4,
    0.40789473684210525,
    0.6418338108882522,
    0.829683698296837,
    0.6919831223628692
  ],
  "dev_error_rate": 28.706199460916437,
  "dev_macro_f1": 0.6880978037113955,
  "dev_ece": 0.19249410485482282,
  "stopping_strategy": "baseline",
  "phase1_seed_strategy": "last",
  "phase1_best_epoch": null,
  "lambda1_mean": 1.041697880508027,
  "lambda1_std": 0.22737126800725405,
  "lambda2_mean": 0.49551644144081775,
  "lambda2_std": 0.1731704055395637
}