{
  "event": "hurricane_maria_2017",
  "budget": 10,
  "seed_set": 2,
  "status": "done",
  "best_params": {
    "lr": 3.82215287663425e-05,
    "batch_size": 32,
    "cotrain_epochs": 6,
    "finetune_patience": 6,
    "weight_decay": 0.03470979816307018,
    "warmup_ratio": 0.23092689197490762
  },
  "best_value": 0.691634,
  "best_full_metrics": {
    "event": "hurricane_maria_2017",
    "budget": 10,
    "seed_set": 2,
    "test_error_rate": 28.43273231622746,
    "test_macro_f1": 0.6841994433307567,
    "test_ece": 0.13153707447891927,
    "test_per_class_f1": [
      0.6355140186915887,
      0.7272727272727273,
      0.8787878787878788,
      0.912,
      0.3795620437956204,
      0.44349680170575695,
      0.6628242074927954,
      0.8236808236808236,
      0.6946564885496184
    ],
    "dev_error_rate": 29.380053908355798,
    "dev_macro_f1": 0.6916344615445605,
    "dev_ece": 0.155514412692615,
    "stopping_strategy": "baseline",
    "phase1_seed_strategy": "last",
    "phase1_best_epoch": null,
    "lambda1_mean": 1.0078365536262006,
    "lambda1_std": 0.22798705765938967,
    "lambda2_mean": 0.397641785163886,
    "lambda2_std": 0.16424774395641217
  },
  "n_trials": 10,
  "continued_from": null,
  "trials": [
    {
      "number": 0,
      "state": "COMPLETE",
      "params": {
        "lr": 2.8685028260276393e-05,
        "batch_size": 32,
        "cotrain_epochs": 8,
        "finetune_patience": 8,
        "weight_decay": 0.03933151371159799,
        "warmup_ratio": 0.24491048705958696
      },
      "dev_macro_f1": 0.686941,
      "duration_seconds": 345.6,
      "full_metrics": {
        "event": "hurricane_maria_2017",
        "budget": 10,
        "seed_set": 2,
        "test_error_rate": 30.582524271844658,
        "test_macro_f1": 0.6774688251926251,
        "test_ece": 0.1550655552029775,
        "test_per_class_f1": [
          0.6166666666666667,
          0.7222222222222222,
          0.8552412645590682,
          0.9105691056910569,
          0.38461538461538464,
          0.44776119402985076,
          0.7002967359050445,
          0.7715877437325905,
          0.6882591093117408
        ],
        "dev_error_rate": 29.11051212938005,
        "dev_macro_f1": 0.686940631812479,
        "dev_ece": 0.15265973852169162,
        "stopping_strategy": "baseline",
        "phase1_seed_strategy": "last",
        "phase1_best_epoch": null,
        "lambda1_mean": 1.0095066833887283,
        "lambda1_std": 0.2325713489017343,
        "lambda2_mean": 0.4220244990989194,
        "lambda2_std": 0.17044667590940135
      }
    },
    {
      "number": 1,
      "state": "COMPLETE",
      "params": {
        "lr": 0.0003903618052622406,
        "batch_size": 16,
        "cotrain_epochs": 8,
        "finetune_patience": 10,
        "weight_decay": 0.0937010136830303,
        "warmup_ratio": 0.019905877204409617
      },
      "dev_macro_f1": 0.047552,
      "duration_seconds": 373.4,
      "full_metrics": {
        "event": "hurricane_maria_2017",
        "budget": 10,
        "seed_set": 2,
        "test_error_rate": 72.88488210818308,
        "test_macro_f1": 0.04740255804085591,
        "test_ece": 0.421771156969745,
        "test_per_class_f1": [
          0.0,
          0.0,
          0.0,
          0.0,
          0.0,
          0.0,
          0.0,
          0.4266230223677032,
          0.0
        ],
        "dev_error_rate": 72.77628032345014,
        "dev_macro_f1": 0.04755178907721281,
        "dev_ece": 0.42068513480800823,
        "stopping_strategy": "baseline",
        "phase1_seed_strategy": "last",
        "phase1_best_epoch": null,
        "lambda1_mean": 0.3262619920654501,
        "lambda1_std": 0.2906391286555097,
        "lambda2_mean": 0.15049517016257827,
        "lambda2_std": 0.14851515757921438
      }
    },
    {
      "number": 2,
      "state": "COMPLETE",
      "params": {
        "lr": 1.996907948116828e-05,
        "batch_size": 8,
        "cotrain_epochs": 6,
        "finetune_patience": 8,
        "weight_decay": 0.0032796559206640487,
        "warmup_ratio": 0.21327623308390928
      },
      "dev_macro_f1": 0.679414,
      "duration_seconds": 717.9,
      "full_metrics": {
        "event": "hurricane_maria_2017",
        "budget": 10,
        "seed_set": 2,
        "test_error_rate": 30.929264909847433,
        "test_macro_f1": 0.6617184000051046,
        "test_ece": 0.16616218542259048,
        "test_per_class_f1": [
          0.6476190476190476,
          0.7027027027027027,
          0.8460291734197731,
          0.8992248062015504,
          0.366412213740458,
          0.3946784922394678,
          0.6409495548961425,
          0.7984293193717278,
          0.6594202898550725
        ],
        "dev_error_rate": 29.380053908355798,
        "dev_macro_f1": 0.6794138252510585,
        "dev_ece": 0.15526110090496084,
        "stopping_strategy": "baseline",
        "phase1_seed_strategy": "last",
        "phase1_best_epoch": null,
        "lambda1_mean": 1.0316903652214033,
        "lambda1_std": 0.22979903706322596,
        "lambda2_mean": 0.43175473248096957,
        "lambda2_std": 0.1633353062289524
      }
    },
    {
      "number": 3,
      "state": "COMPLETE",
      "params": {
        "lr": 0.000962616217706232,
        "batch_size": 64,
        "cotrain_epochs": 20,
        "finetune_patience": 5,
        "weight_decay": 0.09913228994098601,
        "warmup_ratio": 0.29165843638225153
      },
      "dev_macro_f1": 0.047552,
      "duration_seconds": 632.2,
      "full_metrics": {
        "event": "hurricane_maria_2017",
        "budget": 10,
        "seed_set": 2,
        "test_error_rate": 72.88488210818308,
        "test_macro_f1": 0.04740255804085591,
        "test_ece": 0.4426390643176027,
        "test_per_class_f1": [
          0.0,
          0.0,
          0.0,
          0.0,
          0.0,
          0.0,
          0.0,
          0.4266230223677032,
          0.0
        ],
        "dev_error_rate": 72.77628032345014,
        "dev_macro_f1": 0.04755178907721281,
        "dev_ece": 0.44155304652018684,
        "stopping_strategy": "baseline",
        "phase1_seed_strategy": "last",
        "phase1_best_epoch": null,
        "lambda1_mean": 0.5061126134941804,
        "lambda1_std": 0.3176701575337043,
        "lambda2_mean": 0.13834769237382197,
        "lambda2_std": 0.1595613361610831
      }
    },
    {
      "number": 4,
      "state": "COMPLETE",
      "params": {
        "lr": 3.82215287663425e-05,
        "batch_size": 32,
        "cotrain_epochs": 6,
        "finetune_patience": 6,
        "weight_decay": 0.03470979816307018,
        "warmup_ratio": 0.23092689197490762
      },
      "dev_macro_f1": 0.691634,
      "duration_seconds": 287.8,
      "full_metrics": {
        "event": "hurricane_maria_2017",
        "budget": 10,
        "seed_set": 2,
        "test_error_rate": 28.43273231622746,
        "test_macro_f1": 0.6841994433307567,
        "test_ece": 0.13153707447891927,
        "test_per_class_f1": [
          0.6355140186915887,
          0.7272727272727273,
          0.8787878787878788,
          0.912,
          0.3795620437956204,
          0.44349680170575695,
          0.6628242074927954,
          0.8236808236808236,
          0.6946564885496184
        ],
        "dev_error_rate": 29.380053908355798,
        "dev_macro_f1": 0.6916344615445605,
        "dev_ece": 0.155514412692615,
        "stopping_strategy": "baseline",
        "phase1_seed_strategy": "last",
        "phase1_best_epoch": null,
        "lambda1_mean": 1.0078365536262006,
        "lambda1_std": 0.22798705765938967,
        "lambda2_mean": 0.397641785163886,
        "lambda2_std": 0.16424774395641217
      }
    },
    {
      "number": 5,
      "state": "COMPLETE",
      "params": {
        "lr": 0.00038948179382839024,
        "batch_size": 64,
        "cotrain_epochs": 9,
        "finetune_patience": 7,
        "weight_decay": 0.054037830650637525,