{
  "event": "cyclone_idai_2019",
  "budget": 50,
  "seed_set": 1,
  "test_error_rate": 49.93581514762516,
  "test_macro_f1": 0.3930086747762568,
  "test_ece": 0.18624547204249017,
  "test_per_class_f1": [
    0.28888888888888886,
    0.14814814814814814,
    0.7152317880794702,
    0.8,
    0.0,
    0.2894736842105263,
    0.21212121212121213,
    0.1827956989247312,
    0.5132075471698113,
    0.7802197802197802
  ],
  "dev_error_rate": 45.386533665835415,
  "dev_macro_f1": 0.42718950363029184,
  "dev_ece": 0.13881638750173803
}