{
  "event": "california_wildfires_2018",
  "budget": 25,
  "seed_set": 2,
  "status": "done",
  "best_params": {
    "lr": 9.973746561774489e-05,
    "batch_size": 32,
    "cotrain_epochs": 9,
    "finetune_patience": 5,
    "weight_decay": 0.00986586521868661,
    "warmup_ratio": 0.0017293378027860794
  },
  "best_value": 0.631361,
  "best_full_metrics": {
    "event": "california_wildfires_2018",
    "budget": 25,
    "seed_set": 2,
    "test_error_rate": 27.378507871321013,
    "test_macro_f1": 0.6249405115837301,
    "test_ece": 0.13292089302518614,
    "test_per_class_f1": [
      0.43333333333333335,
      0.7528089887640449,
      0.5837837837837838,
      0.9069462647444299,
      0.6436781609195402,
      0.7005444646098004,
      0.36538461538461536,
      0.3181818181818182,
      0.8362235067437379,
      0.7085201793721974
    ],
    "dev_error_rate": 26.595744680851062,
    "dev_macro_f1": 0.6313607156622105,
    "dev_ece": 0.1398469777975945,
    "stopping_strategy": "baseline",
    "phase1_seed_strategy": "last",
    "phase1_best_epoch": null,
    "lambda1_mean": 0.9879910903189594,
    "lambda1_std": 0.28063489361888194,
    "lambda2_mean": 0.6004928218915754,
    "lambda2_std": 0.2311040132329314
  },
  "n_trials": 10,
  "continued_from": null,
  "trials": [
    {
      "number": 0,
      "state": "COMPLETE",
      "params": {
        "lr": 0.00014453347696878244,
        "batch_size": 8,
        "cotrain_epochs": 12,
        "finetune_patience": 5,
        "weight_decay": 0.011700697333810163,
        "warmup_ratio": 0.18663376289329217
      },
      "dev_macro_f1": 0.041851,
      "duration_seconds": 802.7,
      "full_metrics": {
        "event": "california_wildfires_2018",
        "budget": 25,
        "seed_set": 2,
        "test_error_rate": 73.64818617385353,
        "test_macro_f1": 0.04171180931744312,
        "test_ece": 0.06130470673080016,
        "test_per_class_f1": [
          0.0,
          0.0,
          0.0,
          0.4171180931744312,
          0.0,
          0.0,
          0.0,
          0.0,
          0.0,
          0.0
        ],
        "dev_error_rate": 73.5372340425532,
        "dev_macro_f1": 0.04185068349106204,
        "dev_ece": 0.06241423010509067,
        "stopping_strategy": "baseline",
        "phase1_seed_strategy": "last",
        "phase1_best_epoch": null,
        "lambda1_mean": 0.5674088499369276,
        "lambda1_std": 0.25055726679372026,
        "lambda2_mean": 0.08891575419773101,
        "lambda2_std": 0.10590956555029855
      }
    },
    {
      "number": 1,
      "state": "COMPLETE",
      "params": {
        "lr": 9.126956319696244e-05,
        "batch_size": 16,
        "cotrain_epochs": 9,
        "finetune_patience": 9,
        "weight_decay": 0.050175041614171106,
        "warmup_ratio": 0.03369326180504105
      },
      "dev_macro_f1": 0.624432,
      "duration_seconds": 464.8,
      "full_metrics": {
        "event": "california_wildfires_2018",
        "budget": 25,
        "seed_set": 2,
        "test_error_rate": 26.351813826146476,
        "test_macro_f1": 0.6611195313206413,
        "test_ece": 0.10715248499481261,
        "test_per_class_f1": [
          0.53125,
          0.8050314465408805,
          0.6124401913875598,
          0.8903394255874674,
          0.6590909090909091,
          0.6776859504132231,
          0.49732620320855614,
          0.34615384615384615,
          0.8314606741573034,
          0.7604166666666666
        ],
        "dev_error_rate": 28.5904255319149,
        "dev_macro_f1": 0.6244316192046985,
        "dev_ece": 0.12783354358311666,
        "stopping_strategy": "baseline",
        "phase1_seed_strategy": "last",
        "phase1_best_epoch": null,
        "lambda1_mean": 0.9707980087872069,
        "lambda1_std": 0.2736954198642213,
        "lambda2_mean": 0.5859768332198149,
        "lambda2_std": 0.2445957815528734
      }
    },
    {
      "number": 2,
      "state": "COMPLETE",
      "params": {
        "lr": 9.973746561774489e-05,
        "batch_size": 32,
        "cotrain_epochs": 9,
        "finetune_patience": 5,
        "weight_decay": 0.00986586521868661,
        "warmup_ratio": 0.0017293378027860794
      },
      "dev_macro_f1": 0.631361,
      "duration_seconds": 366.0,
      "full_metrics": {
        "event": "california_wildfires_2018",
        "budget": 25,
        "seed_set": 2,
        "test_error_rate": 27.378507871321013,
        "test_macro_f1": 0.6249405115837301,
        "test_ece": 0.13292089302518614,
        "test_per_class_f1": [
          0.43333333333333335,
          0.7528089887640449,
          0.5837837837837838,
          0.9069462647444299,
          0.6436781609195402,
          0.7005444646098004,
          0.36538461538461536,
          0.3181818181818182,
          0.8362235067437379,
          0.7085201793721974
        ],
        "dev_error_rate": 26.595744680851062,
        "dev_macro_f1": 0.6313607156622105,
        "dev_ece": 0.1398469777975945,
        "stopping_strategy": "baseline",
        "phase1_seed_strategy": "last",
        "phase1_best_epoch": null,
        "lambda1_mean": 0.9879910903189594,
        "lambda1_std": 0.28063489361888194,
        "lambda2_mean": 0.6004928218915754,
        "lambda2_std": 0.2311040132329314
      }
    },
    {
      "number": 3,
      "state": "COMPLETE",
      "params": {
        "lr": 2.4795599259380612e-05,
        "batch_size": 32,
        "cotrain_epochs": 20,
        "finetune_patience": 10,
        "weight_decay": 0.032899295073501214,
        "warmup_ratio": 0.1908233792078518
      },
      "dev_macro_f1": 0.592712,
      "duration_seconds": 718.3,
      "full_metrics": {
        "event": "california_wildfires_2018",
        "budget": 25,
        "seed_set": 2,
        "test_error_rate": 28.610540725530452,
        "test_macro_f1": 0.5901879153460455,
        "test_ece": 0.20155706361170744,
        "test_per_class_f1": [
          0.5666666666666667,
          0.7046632124352331,
          0.5625,
          0.8990825688073395,
          0.64,
          0.68,
          0.34146341463414637,
          0.0,
          0.8377358490566038,
          0.6697674418604651
        ],
        "dev_error_rate": 27.393617021276594,
        "dev_macro_f1": 0.5927118174494186,
        "dev_ece": 0.19059423099648448,
        "stopping_strategy": "baseline",
        "phase1_seed_strategy": "last",
        "phase1_best_epoch": null,
        "lambda1_mean": 1.0410766286603312,
        "lambda1_std": 0.2550002880570305,
        "lambda2_mean": 0.5629690361988609,
        "lambda2_std": 0.19318108248725305
      }
    },
    {
      "number": 4,
      "state": "COMPLETE",
      "params": {
        "lr": 1.7063867337160866e-05,
        "batch_size": 64,
        "cotrain_epochs": 19,
        "finetune_patience": 5,
        "weight_decay": 0.08853417740615485,
        "warmup_ratio": 0.2701822882196648
      },
      "dev_macro_f1": 0.620647,
      "duration_seconds": 618.0,
      "full_metrics": {
        "event": "california_wildfires_2018",
        "budget": 25,
        "seed_set": 2,
        "test_error_rate": 26.8993839835729,
        "test_macro_f1": 0.608604264966988,
        "test_ece": 0.15811970760608518,
        "test_per_class_f1": [
          0.5769230769230769,
          0.7333333333333333,
          0.5795454545454546,
          0.9168831168831169,
          0.7027027027027027,
          0.6865148861646234,
          0.3280757097791798,
          0.0,
          0.8390596745027125,
          0.7230046948356808
        ],
        "dev_error_rate": 25.39893617021277,
        "dev_macro_f1": 0.6206465136712369,
        "dev_ece": 0.13815134728049971,
        "stopping_strategy": "baseline",
        "phase1_seed_strategy": "last",
        "phase1_best_epoch": null,
        "lambda1_mean": 0.9787189882049177,
        "lambda1_std": 0.30292404469512396,
        "lambda2_mean": 0.45444784989222015,