{
  "event": "canada_wildfires_2016",
  "budget": 5,
  "seed_set": 1,
  "test_error_rate": 83.82022471910112,
  "test_macro_f1": 0.11265533740940421,
  "test_ece": 0.04216823353526297,
  "test_per_class_f1": [
    0.0,
    0.311787072243346,
    0.17721518987341772,
    0.06557377049180328,
    0.0,
    0.0,
    0.0,
    0.3466666666666667
  ],
  "dev_error_rate": 82.89473684210526,
  "dev_macro_f1": 0.12451434333456805,
  "dev_ece": 0.06406906685023976,
  "stopping_strategy": "baseline",
  "phase1_seed_strategy": "last",
  "phase1_best_epoch": null,
  "lambda1_mean": 1.0374316831506163,
  "lambda1_std": 0.18932477805627304,
  "lambda2_mean": 0.47867557246311826,
  "lambda2_std": 0.139531691475017
}