{
  "event": "hurricane_florence_2018",
  "budget": 10,
  "seed_set": 3,
  "test_error_rate": 59.226430298146646,
  "test_macro_f1": 0.3864105342877542,
  "test_ece": 0.3076529820223761,
  "test_per_class_f1": [
    0.2878787878787879,
    0.37362637362637363,
    0.1411042944785276,
    0.4858757062146893,
    0.5954692556634305,
    0.19383259911894274,
    0.1111111111111111,
    0.6,
    0.6887966804979253
  ],
  "dev_error_rate": 59.154929577464785,
  "dev_macro_f1": 0.3860924972452611,
  "dev_ece": 0.33920405812106774,
  "stopping_strategy": "baseline",
  "phase1_seed_strategy": "last",
  "phase1_best_epoch": null,
  "lambda1_mean": 0.952138691151248,
  "lambda1_std": 0.30593351273334546,
  "lambda2_mean": 0.39717255225349907,
  "lambda2_std": 0.2170259828492785
}