{
  "event": "hurricane_maria_2017",
  "budget": 5,
  "seed_set": 1,
  "test_error_rate": 80.16643550624133,
  "test_macro_f1": 0.04526796381635091,
  "test_ece": 0.2566966708548026,
  "test_per_class_f1": [
    0.0,
    0.0,
    0.33214285714285713,
    0.0,
    0.0,
    0.0,
    0.07526881720430108,
    0.0,
    0.0
  ],
  "dev_error_rate": 80.18867924528301,
  "dev_macro_f1": 0.04405458089668616,
  "dev_ece": 0.25420297063746544,
  "stopping_strategy": "baseline",
  "phase1_seed_strategy": "last",
  "phase1_best_epoch": null,
  "lambda1_mean": 0.32210638573441713,
  "lambda1_std": 0.09581782430773818,
  "lambda2_mean": 0.12441057853504388,
  "lambda2_std": 0.019598187044643174
}