{
  "event": "kaikoura_earthquake_2016",
  "budget": 5,
  "seed_set": 3,
  "test_error_rate": 26.436781609195403,
  "test_macro_f1": 0.6408158914590101,
  "test_ece": 0.14591635075108758,
  "test_per_class_f1": [
    0.696969696969697,
    0.5,
    0.7967479674796748,
    0.9130434782608695,
    0.5135135135135135,
    0.5401459854014599,
    0.0,
    0.898876404494382,
    0.9080459770114943
  ],
  "dev_error_rate": 29.464285714285708,
  "dev_macro_f1": 0.6287740568124828,
  "dev_ece": 0.1567976609138506,
  "stopping_strategy": "baseline",
  "phase1_seed_strategy": "last",
  "phase1_best_epoch": null,
  "lambda1_mean": 0.9199581846548374,
  "lambda1_std": 0.2618632997803172,
  "lambda2_mean": 0.3590895896383527,
  "lambda2_std": 0.15170968250931408
}