{
  "event": "hurricane_maria_2017",
  "budget": 5,
  "seed_set": 3,
  "status": "done",
  "best_params": {
    "lr": 3.6262842861704015e-05,
    "batch_size": 16,
    "cotrain_epochs": 11,
    "finetune_patience": 6,
    "weight_decay": 0.008226669637104068,
    "warmup_ratio": 0.029925182195842545
  },
  "best_value": 0.665928,
  "best_full_metrics": {
    "event": "hurricane_maria_2017",
    "budget": 5,
    "seed_set": 3,
    "test_error_rate": 30.929264909847433,
    "test_macro_f1": 0.6612820814529753,
    "test_ece": 0.24169899684463558,
    "test_per_class_f1": [
      0.6363636363636364,
      0.6666666666666666,
      0.8092868988391376,
      0.9401709401709402,
      0.40816326530612246,
      0.40350877192982454,
      0.6060606060606061,
      0.8200934579439252,
      0.6612244897959184
    ],
    "dev_error_rate": 30.727762803234505,
    "dev_macro_f1": 0.6659278241270838,
    "dev_ece": 0.24692077263988899,
    "stopping_strategy": "baseline",
    "phase1_seed_strategy": "last",
    "phase1_best_epoch": null,
    "lambda1_mean": 1.1016199745701096,
    "lambda1_std": 0.18217550176137437,
    "lambda2_mean": 0.5947371590215335,
    "lambda2_std": 0.14568521852452876
  },
  "n_trials": 10,
  "continued_from": null,
  "trials": [
    {
      "number": 0,
      "state": "COMPLETE",
      "params": {
        "lr": 3.782448253619647e-05,
        "batch_size": 64,
        "cotrain_epochs": 19,
        "finetune_patience": 7,
        "weight_decay": 0.0822722821061941,
        "warmup_ratio": 0.1303682911943558
      },
      "dev_macro_f1": 0.65175,
      "duration_seconds": 623.8,
      "full_metrics": {
        "event": "hurricane_maria_2017",
        "budget": 5,
        "seed_set": 3,
        "test_error_rate": 32.03883495145631,
        "test_macro_f1": 0.6482812607059686,
        "test_ece": 0.22846655181806727,
        "test_per_class_f1": [
          0.616822429906542,
          0.5813953488372093,
          0.7957371225577264,
          0.9401709401709402,
          0.39215686274509803,
          0.4326530612244898,
          0.5928571428571429,
          0.8134777376654633,
          0.669260700389105
        ],
        "dev_error_rate": 31.266846361185983,
        "dev_macro_f1": 0.6517496417481937,
        "dev_ece": 0.22660860591982254,
        "stopping_strategy": "baseline",
        "phase1_seed_strategy": "last",
        "phase1_best_epoch": null,
        "lambda1_mean": 1.0897130354096192,
        "lambda1_std": 0.18298473020383435,
        "lambda2_mean": 0.5823828920584109,
        "lambda2_std": 0.15335158888339484
      }
    },
    {
      "number": 1,
      "state": "COMPLETE",
      "params": {
        "lr": 0.0009737485971776584,
        "batch_size": 64,
        "cotrain_epochs": 11,
        "finetune_patience": 5,
        "weight_decay": 0.05996067078266949,
        "warmup_ratio": 0.16330894168972698
      },
      "dev_macro_f1": 0.047552,
      "duration_seconds": 503.4,
      "full_metrics": {
        "event": "hurricane_maria_2017",
        "budget": 5,
        "seed_set": 3,
        "test_error_rate": 72.88488210818308,
        "test_macro_f1": 0.04740255804085591,
        "test_ece": 0.4869253153857179,
        "test_per_class_f1": [
          0.0,
          0.0,
          0.0,
          0.0,
          0.0,
          0.0,
          0.0,
          0.4266230223677032,
          0.0
        ],
        "dev_error_rate": 72.77628032345014,
        "dev_macro_f1": 0.04755178907721281,
        "dev_ece": 0.485839293732476,
        "stopping_strategy": "baseline",
        "phase1_seed_strategy": "last",
        "phase1_best_epoch": null,
        "lambda1_mean": 0.33886768066841183,
        "lambda1_std": 0.3151432331016129,
        "lambda2_mean": 0.16735076839409563,
        "lambda2_std": 0.1737932819634463
      }
    },
    {
      "number": 2,
      "state": "COMPLETE",
      "params": {
        "lr": 0.0002755485846760425,
        "batch_size": 8,
        "cotrain_epochs": 19,
        "finetune_patience": 7,
        "weight_decay": 0.04619206397137102,
        "warmup_ratio": 0.029873179366866152
      },
      "dev_macro_f1": 0.047552,
      "duration_seconds": 1120.6,
      "full_metrics": {
        "event": "hurricane_maria_2017",
        "budget": 5,
        "seed_set": 3,
        "test_error_rate": 72.88488210818308,
        "test_macro_f1": 0.04740255804085591,
        "test_ece": 0.43155142743445307,
        "test_per_class_f1": [
          0.0,
          0.0,
          0.0,
          0.0,
          0.0,
          0.0,
          0.0,
          0.4266230223677032,
          0.0
        ],
        "dev_error_rate": 72.77628032345014,
        "dev_macro_f1": 0.04755178907721281,
        "dev_ece": 0.430465408974902,
        "stopping_strategy": "baseline",
        "phase1_seed_strategy": "last",
        "phase1_best_epoch": null,
        "lambda1_mean": 0.33918831545126243,
        "lambda1_std": 0.29617755986900174,
        "lambda2_mean": 0.17498512114232734,
        "lambda2_std": 0.17058922790501987
      }
    },
    {
      "number": 3,
      "state": "COMPLETE",
      "params": {
        "lr": 0.00014172044939806883,
        "batch_size": 32,
        "cotrain_epochs": 14,
        "finetune_patience": 8,
        "weight_decay": 0.05374439353674226,
        "warmup_ratio": 0.07400178203961941
      },
      "dev_macro_f1": 0.657809,
      "duration_seconds": 527.4,
      "full_metrics": {
        "event": "hurricane_maria_2017",
        "budget": 5,
        "seed_set": 3,
        "test_error_rate": 31.76144244105409,
        "test_macro_f1": 0.6557872801515646,
        "test_ece": 0.2148495083791043,
        "test_per_class_f1": [
          0.6391752577319587,
          0.631578947368421,
          0.803448275862069,
          0.9166666666666666,
          0.4134078212290503,
          0.4107142857142857,
          0.6046511627906976,
          0.8076463560334528,
          0.6747967479674797
        ],
        "dev_error_rate": 30.862533692722373,
        "dev_macro_f1": 0.657809309290116,
        "dev_ece": 0.2094835692820845,
        "stopping_strategy": "baseline",
        "phase1_seed_strategy": "last",
        "phase1_best_epoch": null,
        "lambda1_mean": 1.0703624379211445,
        "lambda1_std": 0.21709527380199944,
        "lambda2_mean": 0.5920896453870927,
        "lambda2_std": 0.185826826827905
      }
    },
    {
      "number": 4,
      "state": "COMPLETE",
      "params": {
        "lr": 0.0004200304875831252,
        "batch_size": 8,
        "cotrain_epochs": 12,
        "finetune_patience": 4,
        "weight_decay": 0.06511152742159697,
        "warmup_ratio": 0.19588511135593284
      },
      "dev_macro_f1": 0.047552,
      "duration_seconds": 873.2,
      "full_metrics": {
        "event": "hurricane_maria_2017",
        "budget": 5,
        "seed_set": 3,
        "test_error_rate": 72.88488210818308,
        "test_macro_f1": 0.04740255804085591,
        "test_ece": 0.32361668397914023,
        "test_per_class_f1": [
          0.0,
          0.0,
          0.0,
          0.0,
          0.0,
          0.0,
          0.0,
          0.4266230223677032,
          0.0
        ],
        "dev_error_rate": 72.77628032345014,
        "dev_macro_f1": 0.04755178907721281,
        "dev_ece": 0.32253065287584887,
        "stopping_strategy": "baseline",
        "phase1_seed_strategy": "last",
        "phase1_best_epoch": null,
        "lambda1_mean": 0.43529230214709735,
        "lambda1_std": 0.27319798947212615,
        "lambda2_mean": 0.1313166025192843,
        "lambda2_std": 0.1236052164847248
      }
    },
    {
      "number": 5,
      "state": "COMPLETE",
      "params": {
        "lr": 1.903466454238668e-05,
        "batch_size": 32,
        "cotrain_epochs": 20,
        "finetune_patience": 5,
        "weight_decay": 0.03123610662041039,
        "warmup_ratio": 0.22356928529411035
      },
      "dev_macro_f1": 0.638669,
      "duration_seconds": 700.3,