{
  "event": "kaikoura_earthquake_2016",
  "budget": 25,
  "seed_set": 2,
  "test_error_rate": 31.72413793103448,
  "test_macro_f1": 0.5843873851344652,
  "test_ece": 0.040977068776371826,
  "test_per_class_f1": [
    0.5960264900662252,
    0.5,
    0.859375,
    0.5714285714285714,
    0.5316455696202531,
    0.453125,
    0.0,
    0.8409090909090909,
    0.9069767441860465
  ],
  "dev_error_rate": 31.25,
  "dev_macro_f1": 0.594086610251269,
  "dev_ece": 0.049917925947478826,
  "stopping_strategy": "baseline",
  "phase1_seed_strategy": "last",
  "phase1_best_epoch": null,
  "lambda1_mean": 0.5836506464491619,
  "lambda1_std": 0.09348351352495712,
  "lambda2_mean": 0.13119021359176827,
  "lambda2_std": 0.03907679652758439
}