{
  "event": "hurricane_florence_2018",
  "budget": 5,
  "seed_set": 1,
  "test_error_rate": 59.79049153908138,
  "test_macro_f1": 0.3031718757848474,
  "test_ece": 0.09936777825897301,
  "test_per_class_f1": [
    0.47775947281713343,
    0.0,
    0.3132530120481928,
    0.0,
    0.2013888888888889,
    0.11764705882352941,
    0.1590909090909091,
    0.6894075403949731,
    0.77
  ],
  "dev_error_rate": 58.52895148669796,
  "dev_macro_f1": 0.3065511810995283,
  "dev_ece": 0.11277965907479676,
  "stopping_strategy": "baseline",
  "phase1_seed_strategy": "last",
  "phase1_best_epoch": null,
  "lambda1_mean": 0.4362776077522371,
  "lambda1_std": 0.21083425596788827,
  "lambda2_mean": 0.15522739145010075,
  "lambda2_std": 0.07888408600793585
}