{
  "event": "hurricane_florence_2018",
  "budget": 50,
  "seed_set": 3,
  "test_error_rate": 22.07896857373086,
  "test_macro_f1": 0.6809706394531059,
  "test_ece": 0.04588424368167865,
  "test_per_class_f1": [
    0.7546391752577319,
    0.8140350877192982,
    0.632183908045977,
    0.9344262295081968,
    0.858560794044665,
    0.4383561643835616,
    0.0,
    0.8724137931034482,
    0.8241206030150754
  ],
  "dev_error_rate": 20.97026604068858,
  "dev_macro_f1": 0.6841652951213456,
  "dev_ece": 0.0531841398498075,
  "stopping_strategy": "baseline",
  "phase1_seed_strategy": "last",
  "phase1_best_epoch": null,
  "lambda1_mean": 1.0176781744222883,
  "lambda1_std": 0.246045121691359,
  "lambda2_mean": 0.4883557911792651,
  "lambda2_std": 0.174452354926705
}