{
  "event": "california_wildfires_2018",
  "budget": 50,
  "seed_set": 1,
  "status": "done",
  "best_params": {
    "lr": 7.93707169803255e-05,
    "batch_size": 32,
    "cotrain_epochs": 12,
    "finetune_patience": 8,
    "weight_decay": 0.06380174871279443,
    "warmup_ratio": 0.2243097508366735
  },
  "best_value": 0.658333,
  "best_full_metrics": {
    "event": "california_wildfires_2018",
    "budget": 50,
    "seed_set": 1,
    "test_error_rate": 27.378507871321013,
    "test_macro_f1": 0.6528024650300872,
    "test_ece": 0.12198838361071689,
    "test_per_class_f1": [
      0.48717948717948717,
      0.7654320987654321,
      0.6268656716417911,
      0.9059602649006623,
      0.6741573033707865,
      0.6846153846153846,
      0.44886363636363635,
      0.41379310344827586,
      0.8096192384769539,
      0.7115384615384616
    ],
    "dev_error_rate": 26.994680851063833,
    "dev_macro_f1": 0.6583329329466869,
    "dev_ece": 0.14463517295711853,
    "stopping_strategy": "baseline",
    "phase1_seed_strategy": "last",
    "phase1_best_epoch": null,
    "lambda1_mean": 0.9814428433293184,
    "lambda1_std": 0.26949915806246577,
    "lambda2_mean": 0.6397661544325957,
    "lambda2_std": 0.262792284526977
  },
  "n_trials": 10,
  "continued_from": null,
  "trials": [
    {
      "number": 0,
      "state": "COMPLETE",
      "params": {
        "lr": 3.138341092534659e-05,
        "batch_size": 64,
        "cotrain_epochs": 14,
        "finetune_patience": 7,
        "weight_decay": 0.08001534976396124,
        "warmup_ratio": 0.06644380768226023
      },
      "dev_macro_f1": 0.598622,
      "duration_seconds": 460.4,
      "full_metrics": {
        "event": "california_wildfires_2018",
        "budget": 50,
        "seed_set": 1,
        "test_error_rate": 27.31006160164271,
        "test_macro_f1": 0.6065054843096871,
        "test_ece": 0.1270932808141036,
        "test_per_class_f1": [
          0.5128205128205128,
          0.7951807228915663,
          0.5608465608465608,
          0.9226736566186108,
          0.6352941176470588,
          0.6731517509727627,
          0.43799472295514513,
          0.0,
          0.8201160541586073,
          0.7069767441860465
        ],
        "dev_error_rate": 27.26063829787234,
        "dev_macro_f1": 0.5986222592085553,
        "dev_ece": 0.1334337915115534,
        "stopping_strategy": "baseline",
        "phase1_seed_strategy": "last",
        "phase1_best_epoch": null,
        "lambda1_mean": 1.0010914203252939,
        "lambda1_std": 0.2879864838985735,
        "lambda2_mean": 0.5610798495915662,
        "lambda2_std": 0.2190678897130511
      }
    },
    {
      "number": 1,
      "state": "COMPLETE",
      "params": {
        "lr": 3.838118320185444e-05,
        "batch_size": 16,
        "cotrain_epochs": 6,
        "finetune_patience": 6,
        "weight_decay": 0.023217351247364904,
        "warmup_ratio": 0.21981029162345447
      },
      "dev_macro_f1": 0.629081,
      "duration_seconds": 311.2,
      "full_metrics": {
        "event": "california_wildfires_2018",
        "budget": 50,
        "seed_set": 1,
        "test_error_rate": 27.104722792607806,
        "test_macro_f1": 0.6515532750797439,
        "test_ece": 0.054236019253322804,
        "test_per_class_f1": [
          0.43243243243243246,
          0.7764705882352941,
          0.5961538461538461,
          0.9095744680851063,
          0.75,
          0.688588007736944,
          0.4659090909090909,
          0.35714285714285715,
          0.8024193548387096,
          0.7368421052631579
        ],
        "dev_error_rate": 29.521276595744684,
        "dev_macro_f1": 0.629081305895816,
        "dev_ece": 0.0823004896098629,
        "stopping_strategy": "baseline",
        "phase1_seed_strategy": "last",
        "phase1_best_epoch": null,
        "lambda1_mean": 0.9070271287461517,
        "lambda1_std": 0.2990162704511051,
        "lambda2_mean": 0.5513798023142782,
        "lambda2_std": 0.2871996326938441
      }
    },
    {
      "number": 2,
      "state": "COMPLETE",
      "params": {
        "lr": 0.0002795863574000006,
        "batch_size": 16,
        "cotrain_epochs": 20,
        "finetune_patience": 6,
        "weight_decay": 0.029054391706342386,
        "warmup_ratio": 0.20064511862038503
      },
      "dev_macro_f1": 0.010818,
      "duration_seconds": 766.5,
      "full_metrics": {
        "event": "california_wildfires_2018",
        "budget": 50,
        "seed_set": 1,
        "test_error_rate": 94.25051334702259,
        "test_macro_f1": 0.01087378640776699,
        "test_ece": 0.060009420065949996,
        "test_per_class_f1": [
          0.0,
          0.0,
          0.1087378640776699,
          0.0,
          0.0,
          0.0,
          0.0,
          0.0,
          0.0,
          0.0
        ],
        "dev_error_rate": 94.28191489361703,
        "dev_macro_f1": 0.010817610062893081,
        "dev_ece": 0.06032343534752727,
        "stopping_strategy": "baseline",
        "phase1_seed_strategy": "last",
        "phase1_best_epoch": null,
        "lambda1_mean": 0.4995078939674545,
        "lambda1_std": 0.2025506710207141,
        "lambda2_mean": 0.09414981427255237,
        "lambda2_std": 0.07692171238155607
      }
    },
    {
      "number": 3,
      "state": "COMPLETE",
      "params": {
        "lr": 0.0004576125369421347,
        "batch_size": 32,
        "cotrain_epochs": 7,
        "finetune_patience": 7,
        "weight_decay": 0.0815782394049867,
        "warmup_ratio": 0.015821263810348294
      },
      "dev_macro_f1": 0.032179,
      "duration_seconds": 303.6,
      "full_metrics": {
        "event": "california_wildfires_2018",
        "budget": 50,
        "seed_set": 1,
        "test_error_rate": 80.83504449007529,
        "test_macro_f1": 0.03218390804597701,
        "test_ece": 0.07571588972204764,
        "test_per_class_f1": [
          0.0,
          0.0,
          0.0,
          0.0,
          0.0,
          0.0,
          0.0,
          0.0,
          0.3218390804597701,
          0.0
        ],
        "dev_error_rate": 80.85106382978724,
        "dev_macro_f1": 0.03217877094972067,
        "dev_ece": 0.07575994410968206,
        "stopping_strategy": "baseline",
        "phase1_seed_strategy": "last",
        "phase1_best_epoch": null,
        "lambda1_mean": 0.29661098183615514,
        "lambda1_std": 0.17551422457272436,
        "lambda2_mean": 0.13050150092806806,
        "lambda2_std": 0.0865693206724057
      }
    },
    {
      "number": 4,
      "state": "COMPLETE",
      "params": {
        "lr": 0.0006219093429311487,
        "batch_size": 8,
        "cotrain_epochs": 20,
        "finetune_patience": 5,
        "weight_decay": 0.013371338572754344,
        "warmup_ratio": 0.10205104228768748
      },
      "dev_macro_f1": 0.041851,
      "duration_seconds": 1167.7,
      "full_metrics": {
        "event": "california_wildfires_2018",
        "budget": 50,
        "seed_set": 1,
        "test_error_rate": 73.64818617385353,
        "test_macro_f1": 0.04171180931744312,
        "test_ece": 0.11367952063791886,
        "test_per_class_f1": [
          0.0,
          0.0,
          0.0,
          0.4171180931744312,
          0.0,
          0.0,
          0.0,
          0.0,
          0.0,
          0.0
        ],
        "dev_error_rate": 73.5372340425532,
        "dev_macro_f1": 0.04185068349106204,
        "dev_ece": 0.11478904173015916,
        "stopping_strategy": "baseline",
        "phase1_seed_strategy": "last",
        "phase1_best_epoch": null,
        "lambda1_mean": 0.2904697333713951,
        "lambda1_std": 0.2014479394433241,
        "lambda2_mean": 0.17084581073751692,
        "lambda2_std": 0.13384920794636637
      }
    },
    {
      "number": 5,
      "state": "COMPLETE",
      "params": {
        "lr": 0.0005538269854455368,
        "batch_size": 8,
        "cotrain_epochs": 16,
        "finetune_patience": 4,