{
  "event": "california_wildfires_2018",
  "budget": 25,
  "seed_set": 3,
  "test_error_rate": 41.61533196440794,
  "test_macro_f1": 0.520196630997555,
  "test_ece": 0.10253364507626539,
  "test_per_class_f1": [
    0.3220338983050847,
    0.5621621621621622,
    0.460093896713615,
    0.8005865102639296,
    0.4533333333333333,
    0.37183098591549296,
    0.35585585585585583,
    0.3870967741935484,
    0.77079107505071,
    0.7181818181818181
  ],
  "dev_error_rate": 39.22872340425532,
  "dev_macro_f1": 0.5337016486339676,
  "dev_ece": 0.11186192854446302,
  "stopping_strategy": "baseline",
  "phase1_seed_strategy": "last",
  "phase1_best_epoch": null,
  "lambda1_mean": 0.6121801615926792,
  "lambda1_std": 0.06420968343168229,
  "lambda2_mean": 0.15437095218092145,
  "lambda2_std": 0.04076555123909987
}