{
  "event": "hurricane_irma_2017",
  "budget": 50,
  "seed_set": 2,
  "test_error_rate": 34.74758324382384,
  "test_macro_f1": 0.6394711306797584,
  "test_ece": 0.1336436543601668,
  "test_per_class_f1": [
    0.5647058823529412,
    0.88125,
    0.8115183246073299,
    0.9002695417789758,
    0.4714828897338403,
    0.4182041820418204,
    0.41379310344827586,
    0.6451612903225806,
    0.648854961832061
  ],
  "dev_error_rate": 32.35908141962421,
  "dev_macro_f1": 0.6567855335090819,
  "dev_ece": 0.12233652037593665,
  "stopping_strategy": "baseline",
  "phase1_seed_strategy": "last",
  "phase1_best_epoch": null,
  "lambda1_mean": 0.521042727777156,
  "lambda1_std": 0.0867491993733503,
  "lambda2_mean": 0.11289203734916436,
  "lambda2_std": 0.033213279797662594
}