{
  "event": "kerala_floods_2018",
  "budget": 5,
  "seed_set": 2,
  "status": "done",
  "best_params": {
    "lr": 5.45226461244025e-05,
    "batch_size": 16,
    "cotrain_epochs": 15,
    "finetune_patience": 8,
    "weight_decay": 0.0654225624447745,
    "warmup_ratio": 0.13824005778656553
  },
  "best_value": 0.421485,
  "best_full_metrics": {
    "event": "kerala_floods_2018",
    "budget": 5,
    "seed_set": 2,
    "test_error_rate": 47.53476611883691,
    "test_macro_f1": 0.3962341878169663,
    "test_ece": 0.37060845583941027,
    "test_per_class_f1": [
      0.2564102564102564,
      0.014084507042253521,
      0.2185430463576159,
      0.6540284360189573,
      0.4489795918367347,
      0.2248062015503876,
      0.44221105527638194,
      0.6885474860335196,
      0.6184971098265896
    ],
    "dev_error_rate": 46.92874692874693,
    "dev_macro_f1": 0.42148488363762704,
    "dev_ece": 0.3803980906999668,
    "stopping_strategy": "baseline",
    "phase1_seed_strategy": "last",
    "phase1_best_epoch": null,
    "lambda1_mean": 1.0990406001511575,
    "lambda1_std": 0.14312652093761552,
    "lambda2_mean": 0.5985288365949835,
    "lambda2_std": 0.14996370762428868
  },
  "n_trials": 10,
  "continued_from": null,
  "trials": [
    {
      "number": 0,
      "state": "COMPLETE",
      "params": {
        "lr": 4.0248047625700955e-05,
        "batch_size": 64,
        "cotrain_epochs": 9,
        "finetune_patience": 7,
        "weight_decay": 0.04314246797192617,
        "warmup_ratio": 0.08253503839908674
      },
      "dev_macro_f1": 0.417474,
      "duration_seconds": 395.1,
      "full_metrics": {
        "event": "kerala_floods_2018",
        "budget": 5,
        "seed_set": 2,
        "test_error_rate": 48.546144121365366,
        "test_macro_f1": 0.374590361753006,
        "test_ece": 0.3801896086647899,
        "test_per_class_f1": [
          0.14814814814814814,
          0.0273972602739726,
          0.17901234567901234,
          0.6568627450980392,
          0.43434343434343436,
          0.19402985074626866,
          0.4375,
          0.694019471488178,
          0.6
        ],
        "dev_error_rate": 47.78869778869779,
        "dev_macro_f1": 0.4174740341489226,
        "dev_ece": 0.36416295324555187,
        "stopping_strategy": "baseline",
        "phase1_seed_strategy": "last",
        "phase1_best_epoch": null,
        "lambda1_mean": 1.036279425743259,
        "lambda1_std": 0.24191971508958274,
        "lambda2_mean": 0.47307775565570975,
        "lambda2_std": 0.17683889177506298
      }
    },
    {
      "number": 1,
      "state": "COMPLETE",
      "params": {
        "lr": 3.847148501437241e-05,
        "batch_size": 32,
        "cotrain_epochs": 13,
        "finetune_patience": 5,
        "weight_decay": 0.020235661081810342,
        "warmup_ratio": 0.15179729992718416
      },
      "dev_macro_f1": 0.404892,
      "duration_seconds": 562.1,
      "full_metrics": {
        "event": "kerala_floods_2018",
        "budget": 5,
        "seed_set": 2,
        "test_error_rate": 48.8621997471555,
        "test_macro_f1": 0.3780974266412964,
        "test_ece": 0.3887326368113082,
        "test_per_class_f1": [
          0.16216216216216217,
          0.027210884353741496,
          0.18243243243243243,
          0.6666666666666666,
          0.4423076923076923,
          0.20216606498194944,
          0.43,
          0.686482661004954,
          0.603448275862069
        ],
        "dev_error_rate": 48.894348894348894,
        "dev_macro_f1": 0.4048915064098169,
        "dev_ece": 0.3935601629994132,
        "stopping_strategy": "baseline",
        "phase1_seed_strategy": "last",
        "phase1_best_epoch": null,
        "lambda1_mean": 1.0859675898379648,
        "lambda1_std": 0.16592416665181547,
        "lambda2_mean": 0.5522483452985072,
        "lambda2_std": 0.14929517200000936
      }
    },
    {
      "number": 2,
      "state": "COMPLETE",
      "params": {
        "lr": 0.00013612137058718044,
        "batch_size": 64,
        "cotrain_epochs": 16,
        "finetune_patience": 5,
        "weight_decay": 0.05194469037564253,
        "warmup_ratio": 0.1634587639506617
      },
      "dev_macro_f1": 0.417678,
      "duration_seconds": 611.4,
      "full_metrics": {
        "event": "kerala_floods_2018",
        "budget": 5,
        "seed_set": 2,
        "test_error_rate": 49.43109987357776,
        "test_macro_f1": 0.3890743990515412,
        "test_ece": 0.17337230043827206,
        "test_per_class_f1": [
          0.1348314606741573,
          0.0425531914893617,
          0.22807017543859648,
          0.7515923566878981,
          0.3956043956043956,
          0.3042505592841163,
          0.38341968911917096,
          0.6700434153400868,
          0.591304347826087
        ],
        "dev_error_rate": 48.77149877149877,
        "dev_macro_f1": 0.4176778135366387,
        "dev_ece": 0.15560489074677153,
        "stopping_strategy": "baseline",
        "phase1_seed_strategy": "last",
        "phase1_best_epoch": null,
        "lambda1_mean": 0.5711068572626108,
        "lambda1_std": 0.18975588283611022,
        "lambda2_mean": 0.5992110853114605,
        "lambda2_std": 0.1564100307337791
      }
    },
    {
      "number": 3,
      "state": "COMPLETE",
      "params": {
        "lr": 2.8877955705188404e-05,
        "batch_size": 32,
        "cotrain_epochs": 13,
        "finetune_patience": 7,
        "weight_decay": 0.07373208954147982,
        "warmup_ratio": 0.22762647359666693
      },
      "dev_macro_f1": 0.407174,
      "duration_seconds": 564.0,
      "full_metrics": {
        "event": "kerala_floods_2018",
        "budget": 5,
        "seed_set": 2,
        "test_error_rate": 48.67256637168141,
        "test_macro_f1": 0.3806517886638182,
        "test_ece": 0.3948117399637678,
        "test_per_class_f1": [
          0.19230769230769232,
          0.03468208092485549,
          0.18892508143322476,
          0.6699507389162561,
          0.43349753694581283,
          0.1685823754789272,
          0.4397905759162304,
          0.6924157303370787,
          0.6057142857142858
        ],
        "dev_error_rate": 48.64864864864865,
        "dev_macro_f1": 0.40717441564094575,
        "dev_ece": 0.3969319769952455,
        "stopping_strategy": "baseline",
        "phase1_seed_strategy": "last",
        "phase1_best_epoch": null,
        "lambda1_mean": 1.0584304904749076,
        "lambda1_std": 0.21816837108813164,
        "lambda2_mean": 0.49970327873953585,
        "lambda2_std": 0.15600870964730634
      }
    },
    {
      "number": 4,
      "state": "COMPLETE",
      "params": {
        "lr": 3.641125628036767e-05,
        "batch_size": 16,
        "cotrain_epochs": 11,
        "finetune_patience": 7,
        "weight_decay": 0.09926249707830309,
        "warmup_ratio": 0.29953285212877306
      },
      "dev_macro_f1": 0.41379,
      "duration_seconds": 563.1,
      "full_metrics": {
        "event": "kerala_floods_2018",
        "budget": 5,
        "seed_set": 2,
        "test_error_rate": 48.35651074589128,
        "test_macro_f1": 0.3782831175633665,
        "test_ece": 0.3713633329166022,
        "test_per_class_f1": [
          0.17721518987341772,
          0.03896103896103896,
          0.18305084745762712,
          0.66,
          0.43349753694581283,
          0.21011673151750973,
          0.40625,
          0.6971187631763879,
          0.5983379501385041
        ],
        "dev_error_rate": 47.54299754299755,
        "dev_macro_f1": 0.41379018645100757,
        "dev_ece": 0.3738321486942891,
        "stopping_strategy": "baseline",
        "phase1_seed_strategy": "last",
        "phase1_best_epoch": null,
        "lambda1_mean": 1.0703375727972329,
        "lambda1_std": 0.17832654863735958,
        "lambda2_mean": 0.5083103516114976,
        "lambda2_std": 0.15175043938834254
      }
    },
    {
      "number": 5,
      "state": "COMPLETE",