{
  "event": "hurricane_maria_2017",
  "budget": 50,
  "seed_set": 2,
  "status": "done",
  "best_params": {
    "lr": 2.5549082553014906e-05,
    "batch_size": 16,
    "cotrain_epochs": 8,
    "finetune_patience": 6,
    "weight_decay": 0.019609746634005255,
    "warmup_ratio": 0.25884160316439725
  },
  "best_value": 0.699456,
  "best_full_metrics": {
    "event": "hurricane_maria_2017",
    "budget": 50,
    "seed_set": 2,
    "test_error_rate": 28.155339805825243,
    "test_macro_f1": 0.6849702012259671,
    "test_ece": 0.11813129581790027,
    "test_per_class_f1": [
      0.660377358490566,
      0.6944444444444444,
      0.841025641025641,
      0.9047619047619048,
      0.3875968992248062,
      0.463768115942029,
      0.7018633540372671,
      0.8391959798994975,
      0.6716981132075471
    ],
    "dev_error_rate": 27.35849056603774,
    "dev_macro_f1": 0.699455626920752,
    "dev_ece": 0.11966802264159579,
    "stopping_strategy": "baseline",
    "phase1_seed_strategy": "last",
    "phase1_best_epoch": null,
    "lambda1_mean": 0.9417892821558561,
    "lambda1_std": 0.2910315313646465,
    "lambda2_mean": 0.48602013591621207,
    "lambda2_std": 0.23210295361984498
  },
  "n_trials": 10,
  "continued_from": null,
  "trials": [
    {
      "number": 0,
      "state": "COMPLETE",
      "params": {
        "lr": 0.00037038817505663095,
        "batch_size": 8,
        "cotrain_epochs": 15,
        "finetune_patience": 6,
        "weight_decay": 0.05277711443875315,
        "warmup_ratio": 0.0575643006914347
      },
      "dev_macro_f1": 0.047552,
      "duration_seconds": 926.4,
      "full_metrics": {
        "event": "hurricane_maria_2017",
        "budget": 50,
        "seed_set": 2,
        "test_error_rate": 72.88488210818308,
        "test_macro_f1": 0.04740255804085591,
        "test_ece": 0.15190991224015798,
        "test_per_class_f1": [
          0.0,
          0.0,
          0.0,
          0.0,
          0.0,
          0.0,
          0.0,
          0.4266230223677032,
          0.0
        ],
        "dev_error_rate": 72.77628032345014,
        "dev_macro_f1": 0.04755178907721281,
        "dev_ece": 0.15299593020642224,
        "stopping_strategy": "baseline",
        "phase1_seed_strategy": "last",
        "phase1_best_epoch": null,
        "lambda1_mean": 0.33982149876491546,
        "lambda1_std": 0.27673815522612,
        "lambda2_mean": 0.17954643835585032,
        "lambda2_std": 0.1629230240484264
      }
    },
    {
      "number": 1,
      "state": "COMPLETE",
      "params": {
        "lr": 0.00034457946302140694,
        "batch_size": 64,
        "cotrain_epochs": 10,
        "finetune_patience": 8,
        "weight_decay": 0.03763819821773432,
        "warmup_ratio": 0.18989443901052047
      },
      "dev_macro_f1": 0.620326,
      "duration_seconds": 383.6,
      "full_metrics": {
        "event": "hurricane_maria_2017",
        "budget": 50,
        "seed_set": 2,
        "test_error_rate": 37.30929264909847,
        "test_macro_f1": 0.5783385402053486,
        "test_ece": 0.120769179758103,
        "test_per_class_f1": [
          0.5454545454545454,
          0.4782608695652174,
          0.8343949044585988,
          0.8396946564885496,
          0.2597402597402597,
          0.3109048723897912,
          0.5931558935361216,
          0.7634408602150538,
          0.58
        ],
        "dev_error_rate": 35.84905660377359,
        "dev_macro_f1": 0.6203256684793375,
        "dev_ece": 0.126061772721797,
        "stopping_strategy": "baseline",
        "phase1_seed_strategy": "last",
        "phase1_best_epoch": null,
        "lambda1_mean": 0.7053392029176483,
        "lambda1_std": 0.28612284680211686,
        "lambda2_mean": 0.3114729145528039,
        "lambda2_std": 0.2060546980411955
      }
    },
    {
      "number": 2,
      "state": "COMPLETE",
      "params": {
        "lr": 0.00030910876926805447,
        "batch_size": 8,
        "cotrain_epochs": 5,
        "finetune_patience": 6,
        "weight_decay": 0.0019003529290520294,
        "warmup_ratio": 0.1934921737410919
      },
      "dev_macro_f1": 0.039419,
      "duration_seconds": 395.5,
      "full_metrics": {
        "event": "hurricane_maria_2017",
        "budget": 50,
        "seed_set": 2,
        "test_error_rate": 78.43273231622746,
        "test_macro_f1": 0.039424478671483805,
        "test_ece": 0.06830782278979533,
        "test_per_class_f1": [
          0.0,
          0.0,
          0.0,
          0.0,
          0.0,
          0.35482030804335424,
          0.0,
          0.0,
          0.0
        ],
        "dev_error_rate": 78.4366576819407,
        "dev_macro_f1": 0.03941857600394186,
        "dev_ece": 0.06826856901060863,
        "stopping_strategy": "baseline",
        "phase1_seed_strategy": "last",
        "phase1_best_epoch": null,
        "lambda1_mean": 0.3934661791863498,
        "lambda1_std": 0.2020911723524868,
        "lambda2_mean": 0.10008016393738303,
        "lambda2_std": 0.07210956845067876
      }
    },
    {
      "number": 3,
      "state": "COMPLETE",
      "params": {
        "lr": 0.00017272861757056785,
        "batch_size": 8,
        "cotrain_epochs": 14,
        "finetune_patience": 4,
        "weight_decay": 0.012755662455862828,
        "warmup_ratio": 0.12909410292467005
      },
      "dev_macro_f1": 0.047552,
      "duration_seconds": 838.7,
      "full_metrics": {
        "event": "hurricane_maria_2017",
        "budget": 50,
        "seed_set": 2,
        "test_error_rate": 72.88488210818308,
        "test_macro_f1": 0.04740255804085591,
        "test_ece": 0.14842121162543515,
        "test_per_class_f1": [
          0.0,
          0.0,
          0.0,
          0.0,
          0.0,
          0.0,
          0.0,
          0.4266230223677032,
          0.0
        ],
        "dev_error_rate": 72.77628032345014,
        "dev_macro_f1": 0.04755178907721281,
        "dev_ece": 0.1495072344503795,
        "stopping_strategy": "baseline",
        "phase1_seed_strategy": "last",
        "phase1_best_epoch": null,
        "lambda1_mean": 0.45578208367789136,
        "lambda1_std": 0.2961787242547881,
        "lambda2_mean": 0.14367912953118572,
        "lambda2_std": 0.14966374940646143
      }
    },
    {
      "number": 4,
      "state": "COMPLETE",
      "params": {
        "lr": 0.0006126161143296832,
        "batch_size": 8,
        "cotrain_epochs": 13,
        "finetune_patience": 4,
        "weight_decay": 0.07593701444318596,
        "warmup_ratio": 0.17989689134302286
      },
      "dev_macro_f1": 0.047552,
      "duration_seconds": 743.9,
      "full_metrics": {
        "event": "hurricane_maria_2017",
        "budget": 50,
        "seed_set": 2,
        "test_error_rate": 72.88488210818308,
        "test_macro_f1": 0.04740255804085591,
        "test_ece": 0.15210031094378307,
        "test_per_class_f1": [
          0.0,
          0.0,
          0.0,
          0.0,
          0.0,
          0.0,
          0.0,
          0.4266230223677032,
          0.0
        ],
        "dev_error_rate": 72.77628032345014,
        "dev_macro_f1": 0.04755178907721281,
        "dev_ece": 0.1531863289501147,
        "stopping_strategy": "baseline",
        "phase1_seed_strategy": "last",
        "phase1_best_epoch": null,
        "lambda1_mean": 0.4244878020236396,
        "lambda1_std": 0.3371103547297509,
        "lambda2_mean": 0.1667604746237934,
        "lambda2_std": 0.17727981130327405
      }
    },
    {
      "number": 5,
      "state": "COMPLETE",
      "params": {
        "lr": 2.5549082553014906e-05,
        "batch_size": 16,
        "cotrain_epochs": 8,
        "finetune_patience": 6,
        "weight_decay": 0.019609746634005255,
        "warmup_ratio": 0.25884160316439725
      },
      "dev_macro_f1": 0.699456,
      "duration_seconds": 370.7,
      "full_metrics": {
        "event": "hurricane_maria_2017",
        "budget": 50,
        "seed_set": 2,