{
  "event": "kerala_floods_2018",
  "budget": 10,
  "seed_set": 3,
  "test_error_rate": 62.51580278128951,
  "test_macro_f1": 0.29476418480499916,
  "test_ece": 0.1054826923439988,
  "test_per_class_f1": [
    0.20915032679738563,
    0.08,
    0.21839080459770116,
    0.5850340136054422,
    0.4387755102040816,
    0.0,
    0.21777777777777776,
    0.5044751830756713,
    0.3992740471869328
  ],
  "dev_error_rate": 60.933660933660924,
  "dev_macro_f1": 0.32020982404872306,
  "dev_ece": 0.08675940785126839,
  "stopping_strategy": "baseline",
  "phase1_seed_strategy": "last",
  "phase1_best_epoch": null,
  "lambda1_mean": 0.514782243816721,
  "lambda1_std": 0.13965216031121266,
  "lambda2_mean": 0.14479852352874034,
  "lambda2_std": 0.041151407240720514
}