{
  "event": "hurricane_harvey_2017",
  "budget": 10,
  "seed_set": 2,
  "test_error_rate": 33.13019390581717,
  "test_macro_f1": 0.6271625149536605,
  "test_ece": 0.21143872767604288,
  "test_per_class_f1": [
    0.6008230452674898,
    0.8129032258064516,
    0.7335907335907336,
    0.8936170212765957,
    0.35424354243542433,
    0.24830699774266365,
    0.450261780104712,
    0.8282828282828283,
    0.7224334600760456
  ],
  "dev_error_rate": 33.04628632938643,
  "dev_macro_f1": 0.6324394192613282,
  "dev_ece": 0.21203635150187755,
  "stopping_strategy": "baseline",
  "phase1_seed_strategy": "last",
  "phase1_best_epoch": null,
  "lambda1_mean": 1.0457834537734412,
  "lambda1_std": 0.24631554019590707,
  "lambda2_mean": 0.519411962978345,
  "lambda2_std": 0.17432785421030672
}