{
  "event": "kaikoura_earthquake_2016",
  "budget": 10,
  "seed_set": 2,
  "test_error_rate": 97.24137931034483,
  "test_macro_f1": 0.013539282990083905,
  "test_ece": 0.09688730623530244,
  "test_per_class_f1": [
    0.0,
    0.0,
    0.0,
    0.0,
    0.0,
    0.10869565217391304,
    0.013157894736842105,
    0.0,
    0.0
  ],
  "dev_error_rate": 95.08928571428571,
  "dev_macro_f1": 0.030913518180478113,
  "dev_ece": 0.07560107710638217
}