{
  "event": "california_wildfires_2018",
  "budget": 10,
  "seed_set": 1,
  "test_error_rate": 53.11430527036276,
  "test_macro_f1": 0.39144457621673523,
  "test_ece": 0.11181936931683545,
  "test_per_class_f1": [
    0.25165562913907286,
    0.11650485436893204,
    0.3422459893048128,
    0.6782106782106783,
    0.25274725274725274,
    0.38860103626943004,
    0.37524177949709864,
    0.1896551724137931,
    0.6107226107226107,
    0.7088607594936709
  ],
  "dev_error_rate": 51.994680851063826,
  "dev_macro_f1": 0.41127266970563064,
  "dev_ece": 0.10666981335491577,
  "stopping_strategy": "baseline",
  "phase1_seed_strategy": "last",
  "phase1_best_epoch": null,
  "lambda1_mean": 0.5294176008052639,
  "lambda1_std": 0.13799455263561455,
  "lambda2_mean": 0.13643304166532377,
  "lambda2_std": 0.03890153055682568
}