{
  "event": "hurricane_florence_2018",
  "budget": 10,
  "seed_set": 1,
  "test_error_rate": 57.21192586623691,
  "test_macro_f1": 0.32864855840188917,
  "test_ece": 0.25575810597607634,
  "test_per_class_f1": [
    0.5539033457249071,
    0.0,
    0.2916666666666667,
    0.0,
    0.6045454545454545,
    0.17575757575757575,
    0.0425531914893617,
    0.5285412262156448,
    0.7608695652173914
  ],
  "dev_error_rate": 59.31142410015649,
  "dev_macro_f1": 0.31570188278424105,
  "dev_ece": 0.2754043185141911,
  "stopping_strategy": "baseline",
  "phase1_seed_strategy": "last",
  "phase1_best_epoch": null,
  "lambda1_mean": 0.9899752473804051,
  "lambda1_std": 0.26351286800081924,
  "lambda2_mean": 0.43765074538797216,
  "lambda2_std": 0.1694920090273665
}