{
  "event": "california_wildfires_2018",
  "budget": 50,
  "seed_set": 3,
  "test_error_rate": 32.99110198494182,
  "test_macro_f1": 0.5892453268674223,
  "test_ece": 0.16700218506743858,
  "test_per_class_f1": [
    0.40860215053763443,
    0.6946107784431138,
    0.5023255813953489,
    0.8302425106990015,
    0.4657534246575342,
    0.6906187624750499,
    0.391304347826087,
    0.4,
    0.7897838899803536,
    0.7192118226600985
  ],
  "dev_error_rate": 31.781914893617024,
  "dev_macro_f1": 0.6033069078789359,
  "dev_ece": 0.16487126944071437,
  "stopping_strategy": "baseline",
  "phase1_seed_strategy": "last",
  "phase1_best_epoch": null,
  "lambda1_mean": 1.0182650964203055,
  "lambda1_std": 0.21180370199369314,
  "lambda2_mean": 0.5095588470466134,
  "lambda2_std": 0.17415358295656228
}