{
  "event": "kerala_floods_2018",
  "budget": 10,
  "seed_set": 1,
  "test_error_rate": 60.17699115044248,
  "test_macro_f1": 0.2957991087871963,
  "test_ece": 0.08614914949074408,
  "test_per_class_f1": [
    0.1978021978021978,
    0.043010752688172046,
    0.2463768115942029,
    0.5975609756097561,
    0.14035087719298245,
    0.1995249406175772,
    0.2077922077922078,
    0.5563689604685212,
    0.4734042553191489
  ],
  "dev_error_rate": 59.95085995085996,
  "dev_macro_f1": 0.3249029305906905,
  "dev_ece": 0.07650909243330033,
  "stopping_strategy": "baseline",
  "phase1_seed_strategy": "last",
  "phase1_best_epoch": null,
  "lambda1_mean": 0.47728656288969606,
  "lambda1_std": 0.14204031127939298,
  "lambda2_mean": 0.14136533454773345,
  "lambda2_std": 0.05247594206711703
}