{
  "event": "hurricane_maria_2017",
  "budget": 50,
  "seed_set": 3,
  "test_error_rate": 30.929264909847433,
  "test_macro_f1": 0.6633069255337875,
  "test_ece": 0.12502949878098074,
  "test_per_class_f1": [
    0.64,
    0.6233766233766234,
    0.8493647912885662,
    0.8976377952755905,
    0.3373493975903614,
    0.4861878453038674,
    0.6554054054054054,
    0.7896774193548387,
    0.6907630522088354
  ],
  "dev_error_rate": 30.053908355795144,
  "dev_macro_f1": 0.6646344961126884,
  "dev_ece": 0.12654372366933486,
  "stopping_strategy": "baseline",
  "phase1_seed_strategy": "last",
  "phase1_best_epoch": null,
  "lambda1_mean": 0.5337277367243342,
  "lambda1_std": 0.102326084252745,
  "lambda2_mean": 0.10518489339494663,
  "lambda2_std": 0.033313025870175615
}