{
  "event": "california_wildfires_2018",
  "budget": 10,
  "seed_set": 3,
  "test_error_rate": 66.11909650924024,
  "test_macro_f1": 0.2870192530750857,
  "test_ece": 0.15161278254360797,
  "test_per_class_f1": [
    0.16030534351145037,
    0.024691358024691357,
    0.2361111111111111,
    0.49016100178890876,
    0.24545454545454545,
    0.5398230088495575,
    0.1310344827586207,
    0.08791208791208792,
    0.29110512129380056,
    0.663594470046083
  ],
  "dev_error_rate": 62.63297872340425,
  "dev_macro_f1": 0.30973626988413255,
  "dev_ece": 0.1314101899637187,
  "stopping_strategy": "baseline",
  "phase1_seed_strategy": "last",
  "phase1_best_epoch": null,
  "lambda1_mean": 0.5115532219707206,
  "lambda1_std": 0.1760647710473716,
  "lambda2_mean": 0.14380711128018198,
  "lambda2_std": 0.05722791440689179
}