{
  "event": "cyclone_idai_2019",
  "budget": 5,
  "seed_set": 3,
  "status": "done",
  "best_params": {
    "lr": 2.887668465300012e-05,
    "batch_size": 32,
    "cotrain_epochs": 18,
    "finetune_patience": 6,
    "weight_decay": 0.07877116914273143,
    "warmup_ratio": 0.13474978255694933
  },
  "best_value": 0.522637,
  "best_full_metrics": {
    "event": "cyclone_idai_2019",
    "budget": 5,
    "seed_set": 3,
    "test_error_rate": 24.646983311938385,
    "test_macro_f1": 0.4993670394458293,
    "test_ece": 0.1490438254944626,
    "test_per_class_f1": [
      0.3076923076923077,
      0.48484848484848486,
      0.7552447552447552,
      0.8862275449101796,
      0.0,
      0.1,
      0.4444444444444444,
      0.36363636363636365,
      0.863697705802969,
      0.7878787878787878
    ],
    "dev_error_rate": 25.935162094763086,
    "dev_macro_f1": 0.5226370951180055,
    "dev_ece": 0.1783957976355517,
    "stopping_strategy": "baseline",
    "phase1_seed_strategy": "last",
    "phase1_best_epoch": null,
    "lambda1_mean": 0.9951680345689385,
    "lambda1_std": 0.31969279307387405,
    "lambda2_mean": 0.5305675296150216,
    "lambda2_std": 0.21273769795618963
  },
  "n_trials": 10,
  "continued_from": null,
  "trials": [
    {
      "number": 0,
      "state": "COMPLETE",
      "params": {
        "lr": 0.00010462445462867629,
        "batch_size": 8,
        "cotrain_epochs": 9,
        "finetune_patience": 9,
        "weight_decay": 0.0738080539528284,
        "warmup_ratio": 0.12495845378279881
      },
      "dev_macro_f1": 0.064527,
      "duration_seconds": 343.5,
      "full_metrics": {
        "event": "cyclone_idai_2019",
        "budget": 5,
        "seed_set": 3,
        "test_error_rate": 52.503209242618745,
        "test_macro_f1": 0.06440382941688425,
        "test_ece": 0.4881045194737259,
        "test_per_class_f1": [
          0.0,
          0.0,
          0.0,
          0.0,
          0.0,
          0.0,
          0.0,
          0.0,
          0.6440382941688425,
          0.0
        ],
        "dev_error_rate": 52.36907730673317,
        "dev_macro_f1": 0.06452702702702703,
        "dev_ece": 0.48676321274621825,
        "stopping_strategy": "baseline",
        "phase1_seed_strategy": "last",
        "phase1_best_epoch": null,
        "lambda1_mean": 0.569195107313845,
        "lambda1_std": 0.5139113179959294,
        "lambda2_mean": 0.2773201944950746,
        "lambda2_std": 0.2844795632069069
      }
    },
    {
      "number": 1,
      "state": "COMPLETE",
      "params": {
        "lr": 6.174677772736672e-05,
        "batch_size": 64,
        "cotrain_epochs": 12,
        "finetune_patience": 6,
        "weight_decay": 0.05868257472144581,
        "warmup_ratio": 0.06764841743641013
      },
      "dev_macro_f1": 0.41025,
      "duration_seconds": 237.9,
      "full_metrics": {
        "event": "cyclone_idai_2019",
        "budget": 5,
        "seed_set": 3,
        "test_error_rate": 23.49165596919127,
        "test_macro_f1": 0.43945614989027026,
        "test_ece": 0.14015798957418266,
        "test_per_class_f1": [
          0.10526315789473684,
          0.15384615384615385,
          0.7619047619047619,
          0.9058823529411765,
          0.0,
          0.0,
          0.5027932960893855,
          0.2962962962962963,
          0.8664921465968587,
          0.8020833333333334
        ],
        "dev_error_rate": 26.932668329177055,
        "dev_macro_f1": 0.4102496738982285,
        "dev_ece": 0.17344354624462846,
        "stopping_strategy": "baseline",
        "phase1_seed_strategy": "last",
        "phase1_best_epoch": null,
        "lambda1_mean": 0.9593214062818504,
        "lambda1_std": 0.36598341367779497,
        "lambda2_mean": 0.4938036334355934,
        "lambda2_std": 0.231056269196995
      }
    },
    {
      "number": 2,
      "state": "COMPLETE",
      "params": {
        "lr": 1.5196608542479467e-05,
        "batch_size": 32,
        "cotrain_epochs": 9,
        "finetune_patience": 4,
        "weight_decay": 0.011047625956526464,
        "warmup_ratio": 0.20746665503808187
      },
      "dev_macro_f1": 0.349259,
      "duration_seconds": 206.4,
      "full_metrics": {
        "event": "cyclone_idai_2019",
        "budget": 5,
        "seed_set": 3,
        "test_error_rate": 24.261874197689348,
        "test_macro_f1": 0.37562397509866513,
        "test_ece": 0.12076761595550944,
        "test_per_class_f1": [
          0.0,
          0.0,
          0.7530864197530864,
          0.8670520231213873,
          0.0,
          0.0,
          0.44565217391304346,
          0.0,
          0.8675324675324675,
          0.8229166666666666
        ],
        "dev_error_rate": 27.182044887780542,
        "dev_macro_f1": 0.34925878626139684,
        "dev_ece": 0.15226132989375663,
        "stopping_strategy": "baseline",
        "phase1_seed_strategy": "last",
        "phase1_best_epoch": null,
        "lambda1_mean": 0.8541104513096162,
        "lambda1_std": 0.37027918755817046,
        "lambda2_mean": 0.34358268386377255,
        "lambda2_std": 0.1947882209177173
      }
    },
    {
      "number": 3,
      "state": "COMPLETE",
      "params": {
        "lr": 0.00011275253342086338,
        "batch_size": 32,
        "cotrain_epochs": 12,
        "finetune_patience": 8,
        "weight_decay": 0.036905976769993624,
        "warmup_ratio": 0.21327611616645067
      },
      "dev_macro_f1": 0.457338,
      "duration_seconds": 265.0,
      "full_metrics": {
        "event": "cyclone_idai_2019",
        "budget": 5,
        "seed_set": 3,
        "test_error_rate": 33.632862644415916,
        "test_macro_f1": 0.4603231489796727,
        "test_ece": 0.06635539153344516,
        "test_per_class_f1": [
          0.25806451612903225,
          0.20833333333333334,
          0.7724137931034483,
          0.8727272727272727,
          0.0,
          0.2926829268292683,
          0.3790849673202614,
          0.25210084033613445,
          0.765891472868217,
          0.8019323671497585
        ],
        "dev_error_rate": 34.66334164588528,
        "dev_macro_f1": 0.45733824494375214,
        "dev_ece": 0.08870688099367662,
        "stopping_strategy": "baseline",
        "phase1_seed_strategy": "last",
        "phase1_best_epoch": null,
        "lambda1_mean": 0.9564200611115485,
        "lambda1_std": 0.36134353792555785,
        "lambda2_mean": 0.4946283511403844,
        "lambda2_std": 0.24219284383834944
      }
    },
    {
      "number": 4,
      "state": "COMPLETE",
      "params": {
        "lr": 9.328649912849656e-05,
        "batch_size": 8,
        "cotrain_epochs": 15,
        "finetune_patience": 4,
        "weight_decay": 0.061541571972675006,
        "warmup_ratio": 0.0804957475239487
      },
      "dev_macro_f1": 0.307244,
      "duration_seconds": 523.8,
      "full_metrics": {
        "event": "cyclone_idai_2019",
        "budget": 5,
        "seed_set": 3,
        "test_error_rate": 29.525032092426184,
        "test_macro_f1": 0.31859451932988553,
        "test_ece": 0.0946125654797805,
        "test_per_class_f1": [
          0.0,
          0.0,
          0.7210884353741497,
          0.8494623655913979,
          0.0,
          0.0,
          0.2127659574468085,
          0.0,
          0.8219832735961768,
          0.5806451612903226
        ],
        "dev_error_rate": 31.17206982543641,
        "dev_macro_f1": 0.30724439416314797,
        "dev_ece": 0.051494133294074575,
        "stopping_strategy": "baseline",
        "phase1_seed_strategy": "last",
        "phase1_best_epoch": null,
        "lambda1_mean": 0.907885365856701,
        "lambda1_std": 0.39871770878845075,
        "lambda2_mean": 0.23821160289047832,
        "lambda2_std": 0.23048040472722545
      }
    },
    {
      "number": 5,
      "state": "COMPLETE",
      "params": {
        "lr": 0.00013835228356472526,
        "batch_size": 8,
        "cotrain_epochs": 16,
        "finetune_patience": 7,