{
  "event": "california_wildfires_2018",
  "budget": 10,
  "seed_set": 2,
  "test_error_rate": 27.378507871321013,
  "test_macro_f1": 0.5927905441090708,
  "test_ece": 0.14310745822493953,
  "test_per_class_f1": [
    0.5517241379310345,
    0.7398843930635838,
    0.5658536585365853,
    0.9181585677749361,
    0.6865671641791045,
    0.6904761904761905,
    0.22556390977443608,
    0.0,
    0.84,
    0.7096774193548387
  ],
  "dev_error_rate": 25.79787234042553,
  "dev_macro_f1": 0.6058766022165916,
  "dev_ece": 0.14659286211145683,
  "stopping_strategy": "baseline",
  "phase1_seed_strategy": "last",
  "phase1_best_epoch": null,
  "lambda1_mean": 0.9930571444919453,
  "lambda1_std": 0.31364102736605215,
  "lambda2_mean": 0.48997439054898273,
  "lambda2_std": 0.21081900449468338
}