{
  "event": "hurricane_irma_2017",
  "budget": 5,
  "seed_set": 1,
  "test_error_rate": 36.412459720730396,
  "test_macro_f1": 0.6165873093888359,
  "test_ece": 0.12489814513736075,
  "test_per_class_f1": [
    0.5444444444444444,
    0.7838616714697406,
    0.7507163323782235,
    0.9002849002849003,
    0.45878136200716846,
    0.3722943722943723,
    0.4117647058823529,
    0.7262411347517731,
    0.600896860986547
  ],
  "dev_error_rate": 35.281837160751564,
  "dev_macro_f1": 0.6354458328153858,
  "dev_ece": 0.13323264208180924,
  "stopping_strategy": "baseline",
  "phase1_seed_strategy": "last",
  "phase1_best_epoch": null,
  "lambda1_mean": 1.0807397781720607,
  "lambda1_std": 0.17805734563288392,
  "lambda2_mean": 0.052274483434858944,
  "lambda2_std": 0.04771992574804403
}