{
  "event": "hurricane_maria_2017",
  "budget": 5,
  "seed_set": 3,
  "test_error_rate": 30.929264909847433,
  "test_macro_f1": 0.6612820814529753,
  "test_ece": 0.24169899684463558,
  "test_per_class_f1": [
    0.6363636363636364,
    0.6666666666666666,
    0.8092868988391376,
    0.9401709401709402,
    0.40816326530612246,
    0.40350877192982454,
    0.6060606060606061,
    0.8200934579439252,
    0.6612244897959184
  ],
  "dev_error_rate": 30.727762803234505,
  "dev_macro_f1": 0.6659278241270838,
  "dev_ece": 0.24692077263988899,
  "stopping_strategy": "baseline",
  "phase1_seed_strategy": "last",
  "phase1_best_epoch": null,
  "lambda1_mean": 1.1016199745701096,
  "lambda1_std": 0.18217550176137437,
  "lambda2_mean": 0.5947371590215335,
  "lambda2_std": 0.14568521852452876
}