{
  "event": "canada_wildfires_2016",
  "budget": 25,
  "seed_set": 1,
  "status": "done",
  "best_params": {
    "lr": 9.623919598381878e-05,
    "batch_size": 16,
    "cotrain_epochs": 11,
    "finetune_patience": 8,
    "weight_decay": 0.018036218591426047,
    "warmup_ratio": 0.15783060121900372
  },
  "best_value": 0.652528,
  "best_full_metrics": {
    "event": "canada_wildfires_2016",
    "budget": 25,
    "seed_set": 1,
    "test_error_rate": 22.92134831460674,
    "test_macro_f1": 0.5786888627957721,
    "test_ece": 0.037656225448244075,
    "test_per_class_f1": [
      0.43243243243243246,
      0.8588957055214724,
      0.8571428571428571,
      0.3333333333333333,
      0.46464646464646464,
      0.0,
      0.8961748633879781,
      0.7868852459016393
    ],
    "dev_error_rate": 21.49122807017544,
    "dev_macro_f1": 0.6525283831635265,
    "dev_ece": 0.07820723480299903,
    "stopping_strategy": "baseline",
    "phase1_seed_strategy": "last",
    "phase1_best_epoch": null,
    "lambda1_mean": 0.9225901118743861,
    "lambda1_std": 0.3056042947566974,
    "lambda2_mean": 0.5984223465575421,
    "lambda2_std": 0.2926560039746199
  },
  "n_trials": 10,
  "continued_from": null,
  "trials": [
    {
      "number": 0,
      "state": "COMPLETE",
      "params": {
        "lr": 0.00013305492148816043,
        "batch_size": 8,
        "cotrain_epochs": 12,
        "finetune_patience": 7,
        "weight_decay": 0.012843932478461752,
        "warmup_ratio": 0.15370835362276025
      },
      "dev_macro_f1": 0.073529,
      "duration_seconds": 216.8,
      "full_metrics": {
        "event": "canada_wildfires_2016",
        "budget": 25,
        "seed_set": 1,
        "test_error_rate": 58.20224719101124,
        "test_macro_f1": 0.07369255150554675,
        "test_ece": 0.199474333879653,
        "test_per_class_f1": [
          0.0,
          0.0,
          0.0,
          0.0,
          0.0,
          0.0,
          0.589540412044374,
          0.0
        ],
        "dev_error_rate": 58.33333333333333,
        "dev_macro_f1": 0.07352941176470588,
        "dev_ece": 0.19816392529429053,
        "stopping_strategy": "baseline",
        "phase1_seed_strategy": "last",
        "phase1_best_epoch": null,
        "lambda1_mean": 0.6245616726401729,
        "lambda1_std": 0.35361199449461284,
        "lambda2_mean": 0.1979861834941406,
        "lambda2_std": 0.2155145584961463
      }
    },
    {
      "number": 1,
      "state": "COMPLETE",
      "params": {
        "lr": 1.1066647290329657e-05,
        "batch_size": 64,
        "cotrain_epochs": 16,
        "finetune_patience": 9,
        "weight_decay": 0.02999904815335972,
        "warmup_ratio": 0.03259672302013008
      },
      "dev_macro_f1": 0.4992,
      "duration_seconds": 155.0,
      "full_metrics": {
        "event": "canada_wildfires_2016",
        "budget": 25,
        "seed_set": 1,
        "test_error_rate": 22.022471910112362,
        "test_macro_f1": 0.5353516502012888,
        "test_ece": 0.07921776014767334,
        "test_per_class_f1": [
          0.0,
          0.8372093023255814,
          0.9038461538461539,
          0.2777777777777778,
          0.5289256198347108,
          0.0,
          0.8913043478260869,
          0.84375
        ],
        "dev_error_rate": 23.245614035087712,
        "dev_macro_f1": 0.49920036722067174,
        "dev_ece": 0.07982974721674334,
        "stopping_strategy": "baseline",
        "phase1_seed_strategy": "last",
        "phase1_best_epoch": null,
        "lambda1_mean": 0.8249811082384769,
        "lambda1_std": 0.31810535976847787,
        "lambda2_mean": 0.3702336997194278,
        "lambda2_std": 0.21056386377636402
      }
    },
    {
      "number": 2,
      "state": "COMPLETE",
      "params": {
        "lr": 1.749219179236404e-05,
        "batch_size": 8,
        "cotrain_epochs": 14,
        "finetune_patience": 10,
        "weight_decay": 0.0025273146702480265,
        "warmup_ratio": 0.057059873269892036
      },
      "dev_macro_f1": 0.562177,
      "duration_seconds": 253.8,
      "full_metrics": {
        "event": "canada_wildfires_2016",
        "budget": 25,
        "seed_set": 1,
        "test_error_rate": 24.044943820224717,
        "test_macro_f1": 0.5768532914268467,
        "test_ece": 0.08164304608709354,
        "test_per_class_f1": [
          0.4406779661016949,
          0.8734177215189873,
          0.9019607843137255,
          0.24390243902439024,
          0.42201834862385323,
          0.0,
          0.8757062146892656,
          0.8571428571428571
        ],
        "dev_error_rate": 23.245614035087712,
        "dev_macro_f1": 0.5621769051080905,
        "dev_ece": 0.08500379193247407,
        "stopping_strategy": "baseline",
        "phase1_seed_strategy": "last",
        "phase1_best_epoch": null,
        "lambda1_mean": 1.038078575796739,
        "lambda1_std": 0.20069047218071942,
        "lambda2_mean": 0.6110264725667566,
        "lambda2_std": 0.21449590504363536
      }
    },
    {
      "number": 3,
      "state": "COMPLETE",
      "params": {
        "lr": 0.0008444964629379002,
        "batch_size": 8,
        "cotrain_epochs": 16,
        "finetune_patience": 8,
        "weight_decay": 0.09524255325042699,
        "warmup_ratio": 0.23840323828846133
      },
      "dev_macro_f1": 0.073529,
      "duration_seconds": 273.4,
      "full_metrics": {
        "event": "canada_wildfires_2016",
        "budget": 25,
        "seed_set": 1,
        "test_error_rate": 58.20224719101124,
        "test_macro_f1": 0.07369255150554675,
        "test_ece": 0.23218807132726305,
        "test_per_class_f1": [
          0.0,
          0.0,
          0.0,
          0.0,
          0.0,
          0.0,
          0.589540412044374,
          0.0
        ],
        "dev_error_rate": 58.33333333333333,
        "dev_macro_f1": 0.07352941176470588,
        "dev_ece": 0.23087721206901368,
        "stopping_strategy": "baseline",
        "phase1_seed_strategy": "last",
        "phase1_best_epoch": null,
        "lambda1_mean": 0.5418905941075266,
        "lambda1_std": 0.48886026739066935,
        "lambda2_mean": 0.2542809440359318,
        "lambda2_std": 0.29193788624722367
      }
    },
    {
      "number": 4,
      "state": "COMPLETE",
      "params": {
        "lr": 1.210098767643606e-05,
        "batch_size": 8,
        "cotrain_epochs": 13,
        "finetune_patience": 5,
        "weight_decay": 0.08231766747822915,
        "warmup_ratio": 0.24595472339839272
      },
      "dev_macro_f1": 0.558806,
      "duration_seconds": 232.1,
      "full_metrics": {
        "event": "canada_wildfires_2016",
        "budget": 25,
        "seed_set": 1,
        "test_error_rate": 24.494382022471907,
        "test_macro_f1": 0.5627175631897965,
        "test_ece": 0.055782264671968645,
        "test_per_class_f1": [
          0.4166666666666667,
          0.8679245283018868,
          0.8623853211009175,
          0.24489795918367346,
          0.42718446601941745,
          0.0,
          0.88268156424581,
          0.8
        ],
        "dev_error_rate": 24.561403508771928,
        "dev_macro_f1": 0.5588058031060954,
        "dev_ece": 0.06519186405236264,
        "stopping_strategy": "baseline",
        "phase1_seed_strategy": "last",
        "phase1_best_epoch": null,
        "lambda1_mean": 0.9809714871686487,
        "lambda1_std": 0.22551449357501102,
        "lambda2_mean": 0.4389949043722289,
        "lambda2_std": 0.190360429209483
      }
    },
    {
      "number": 5,
      "state": "COMPLETE",
      "params": {
        "lr": 0.00019552900409920644,
        "batch_size": 16,
        "cotrain_epochs": 11,
        "finetune_patience": 6,
        "weight_decay": 0.04679217955027293,
        "warmup_ratio": 0.19308664113156956
      },
      "dev_macro_f1": 0.073529,
      "duration_seconds": 141.8,
      "full_metrics": {
        "event": "canada_wildfires_2016",
        "budget": 25,
        "seed_set": 1,