{
  "event": "hurricane_florence_2018",
  "budget": 5,
  "seed_set": 1,
  "test_error_rate": 26.430298146655918,
  "test_macro_f1": 0.6506153085202011,
  "test_ece": 0.11028800956382567,
  "test_per_class_f1": [
    0.7234927234927235,
    0.8083623693379791,
    0.6153846153846154,
    0.8721804511278195,
    0.8206388206388207,
    0.35772357723577236,
    0.0,
    0.8282097649186256,
    0.8295454545454546
  ],
  "dev_error_rate": 26.291079812206576,
  "dev_macro_f1": 0.6641593591267776,
  "dev_ece": 0.1061863851192785,
  "stopping_strategy": "baseline",
  "phase1_seed_strategy": "last",
  "phase1_best_epoch": null,
  "lambda1_mean": 1.0000826467168702,
  "lambda1_std": 0.2876837227414512,
  "lambda2_mean": 0.4406353860444653,
  "lambda2_std": 0.20997708740200022
}