{
  "event": "hurricane_dorian_2019",
  "budget": 50,
  "seed_set": 2,
  "test_error_rate": 38.92572944297083,
  "test_macro_f1": 0.5460697344476638,
  "test_ece": 0.1776582328923817,
  "test_per_class_f1": [
    0.5831775700934579,
    0.8729281767955801,
    0.6049046321525886,
    0.2857142857142857,
    0.5885558583106267,
    0.20869565217391303,
    0.15204678362573099,
    0.8,
    0.8186046511627907
  ],
  "dev_error_rate": 40.20618556701031,
  "dev_macro_f1": 0.5681286244235478,
  "dev_ece": 0.16907677914678437,
  "stopping_strategy": "baseline",
  "phase1_seed_strategy": "last",
  "phase1_best_epoch": null,
  "lambda1_mean": 1.0390442649642806,
  "lambda1_std": 0.22474575982877693,
  "lambda2_mean": 0.5427878359193588,
  "lambda2_std": 0.1606494297818607
}