{
  "event": "cyclone_idai_2019",
  "budget": 10,
  "seed_set": 1,
  "status": "done",
  "best_params": {
    "lr": 8.549174301553901e-05,
    "batch_size": 32,
    "cotrain_epochs": 8,
    "finetune_patience": 4,
    "weight_decay": 0.062285940799218176,
    "warmup_ratio": 0.026305881281325116
  },
  "best_value": 0.477872,
  "best_full_metrics": {
    "event": "cyclone_idai_2019",
    "budget": 10,
    "seed_set": 1,
    "test_error_rate": 22.721437740693197,
    "test_macro_f1": 0.5142158333906521,
    "test_ece": 0.1024144651494987,
    "test_per_class_f1": [
      0.3076923076923077,
      0.33962264150943394,
      0.7412587412587412,
      0.8926553672316384,
      0.0,
      0.46153846153846156,
      0.5100671140939598,
      0.18181818181818182,
      0.8741721854304636,
      0.8333333333333334
    ],
    "dev_error_rate": 27.182044887780542,
    "dev_macro_f1": 0.47787193295496894,
    "dev_ece": 0.14088971894280866,
    "stopping_strategy": "baseline",
    "phase1_seed_strategy": "last",
    "phase1_best_epoch": null,
    "lambda1_mean": 0.9856630478710213,
    "lambda1_std": 0.335475557530733,
    "lambda2_mean": 0.48929423362990104,
    "lambda2_std": 0.2263671211926696
  },
  "n_trials": 10,
  "continued_from": null,
  "trials": [
    {
      "number": 0,
      "state": "COMPLETE",
      "params": {
        "lr": 0.00033368857359590873,
        "batch_size": 32,
        "cotrain_epochs": 14,
        "finetune_patience": 4,
        "weight_decay": 0.07625921270014945,
        "warmup_ratio": 0.04858820623956306
      },
      "dev_macro_f1": 0.064527,
      "duration_seconds": 285.6,
      "full_metrics": {
        "event": "cyclone_idai_2019",
        "budget": 10,
        "seed_set": 1,
        "test_error_rate": 52.503209242618745,
        "test_macro_f1": 0.06440382941688425,
        "test_ece": 0.4400876067263171,
        "test_per_class_f1": [
          0.0,
          0.0,
          0.0,
          0.0,
          0.0,
          0.0,
          0.0,
          0.0,
          0.6440382941688425,
          0.0
        ],
        "dev_error_rate": 52.36907730673317,
        "dev_macro_f1": 0.06452702702702703,
        "dev_ece": 0.4387462879356898,
        "stopping_strategy": "baseline",
        "phase1_seed_strategy": "last",
        "phase1_best_epoch": null,
        "lambda1_mean": 0.6241077785915958,
        "lambda1_std": 0.4883624039975474,
        "lambda2_mean": 0.2866349756796935,
        "lambda2_std": 0.28949488379665445
      }
    },
    {
      "number": 1,
      "state": "COMPLETE",
      "params": {
        "lr": 0.0004564662891190116,
        "batch_size": 64,
        "cotrain_epochs": 19,
        "finetune_patience": 9,
        "weight_decay": 0.017163654551922626,
        "warmup_ratio": 0.17185911880766055
      },
      "dev_macro_f1": 0.064527,
      "duration_seconds": 343.0,
      "full_metrics": {
        "event": "cyclone_idai_2019",
        "budget": 10,
        "seed_set": 1,
        "test_error_rate": 52.503209242618745,
        "test_macro_f1": 0.06440382941688425,
        "test_ece": 0.42315720341171936,
        "test_per_class_f1": [
          0.0,
          0.0,
          0.0,
          0.0,
          0.0,
          0.0,
          0.0,
          0.0,
          0.6440382941688425,
          0.0
        ],
        "dev_error_rate": 52.36907730673317,
        "dev_macro_f1": 0.06452702702702703,
        "dev_ece": 0.42181588348902377,
        "stopping_strategy": "baseline",
        "phase1_seed_strategy": "last",
        "phase1_best_epoch": null,
        "lambda1_mean": 0.6603961754600356,
        "lambda1_std": 0.4527425487672343,
        "lambda2_mean": 0.29272930015554727,
        "lambda2_std": 0.2995840735142236
      }
    },
    {
      "number": 2,
      "state": "COMPLETE",
      "params": {
        "lr": 0.0008447391697849281,
        "batch_size": 8,
        "cotrain_epochs": 8,
        "finetune_patience": 10,
        "weight_decay": 0.09022576142687676,
        "warmup_ratio": 0.046209801839407906
      },
      "dev_macro_f1": 0.064527,
      "duration_seconds": 325.7,
      "full_metrics": {
        "event": "cyclone_idai_2019",
        "budget": 10,
        "seed_set": 1,
        "test_error_rate": 52.503209242618745,
        "test_macro_f1": 0.06440382941688425,
        "test_ece": 0.18110877589175572,
        "test_per_class_f1": [
          0.0,
          0.0,
          0.0,
          0.0,
          0.0,
          0.0,
          0.0,
          0.0,
          0.6440382941688425,
          0.0
        ],
        "dev_error_rate": 52.36907730673317,
        "dev_macro_f1": 0.06452702702702703,
        "dev_ece": 0.1824501177616547,
        "stopping_strategy": "baseline",
        "phase1_seed_strategy": "last",
        "phase1_best_epoch": null,
        "lambda1_mean": 0.5399280207667732,
        "lambda1_std": 0.4672198303695567,
        "lambda2_mean": 0.25167055902303176,
        "lambda2_std": 0.24576751531575808
      }
    },
    {
      "number": 3,
      "state": "COMPLETE",
      "params": {
        "lr": 8.549174301553901e-05,
        "batch_size": 32,
        "cotrain_epochs": 8,
        "finetune_patience": 4,
        "weight_decay": 0.062285940799218176,
        "warmup_ratio": 0.026305881281325116
      },
      "dev_macro_f1": 0.477872,
      "duration_seconds": 184.5,
      "full_metrics": {
        "event": "cyclone_idai_2019",
        "budget": 10,
        "seed_set": 1,
        "test_error_rate": 22.721437740693197,
        "test_macro_f1": 0.5142158333906521,
        "test_ece": 0.1024144651494987,
        "test_per_class_f1": [
          0.3076923076923077,
          0.33962264150943394,
          0.7412587412587412,
          0.8926553672316384,
          0.0,
          0.46153846153846156,
          0.5100671140939598,
          0.18181818181818182,
          0.8741721854304636,
          0.8333333333333334
        ],
        "dev_error_rate": 27.182044887780542,
        "dev_macro_f1": 0.47787193295496894,
        "dev_ece": 0.14088971894280866,
        "stopping_strategy": "baseline",
        "phase1_seed_strategy": "last",
        "phase1_best_epoch": null,
        "lambda1_mean": 0.9856630478710213,
        "lambda1_std": 0.335475557530733,
        "lambda2_mean": 0.48929423362990104,
        "lambda2_std": 0.2263671211926696
      }
    },
    {
      "number": 4,
      "state": "COMPLETE",
      "params": {
        "lr": 0.00026194352618178206,
        "batch_size": 8,
        "cotrain_epochs": 19,
        "finetune_patience": 5,
        "weight_decay": 0.00900923936837319,
        "warmup_ratio": 0.25663811805128606
      },
      "dev_macro_f1": 0.064527,
      "duration_seconds": 633.5,
      "full_metrics": {
        "event": "cyclone_idai_2019",
        "budget": 10,
        "seed_set": 1,
        "test_error_rate": 52.503209242618745,
        "test_macro_f1": 0.06440382941688425,
        "test_ece": 0.38997106221582223,
        "test_per_class_f1": [
          0.0,
          0.0,
          0.0,
          0.0,
          0.0,
          0.0,
          0.0,
          0.0,
          0.6440382941688425,
          0.0
        ],
        "dev_error_rate": 52.36907730673317,
        "dev_macro_f1": 0.06452702702702703,
        "dev_ece": 0.38862974388046456,
        "stopping_strategy": "baseline",
        "phase1_seed_strategy": "last",
        "phase1_best_epoch": null,
        "lambda1_mean": 0.6644207813653313,
        "lambda1_std": 0.45943781425303154,
        "lambda2_mean": 0.27927591071041136,
        "lambda2_std": 0.28499071320468605
      }
    },
    {
      "number": 5,
      "state": "COMPLETE",
      "params": {
        "lr": 2.1766772011221936e-05,
        "batch_size": 64,
        "cotrain_epochs": 17,
        "finetune_patience": 7,
        "weight_decay": 0.018111339843536856,
        "warmup_ratio": 0.17109334176954108
      },
      "dev_macro_f1": 0.45737,
      "duration_seconds": 314.3,