{
  "event": "hurricane_dorian_2019",
  "budget": 5,
  "seed_set": 3,
  "test_error_rate": 58.22281167108754,
  "test_macro_f1": 0.3213794028925132,
  "test_ece": 0.08539455650814015,
  "test_per_class_f1": [
    0.44924406047516197,
    0.6858638743455497,
    0.31958762886597936,
    0.04477611940298507,
    0.0,
    0.17297297297297298,
    0.0,
    0.6388888888888888,
    0.581081081081081
  ],
  "dev_error_rate": 59.02061855670103,
  "dev_macro_f1": 0.3113240001574076,
  "dev_ece": 0.08090746859760631,
  "stopping_strategy": "baseline",
  "phase1_seed_strategy": "last",
  "phase1_best_epoch": null,
  "lambda1_mean": 0.4711890785688112,
  "lambda1_std": 0.14570562397231962,
  "lambda2_mean": 0.15182117569783,
  "lambda2_std": 0.05030527844766494
}