{
  "event": "hurricane_florence_2018",
  "budget": 10,
  "seed_set": 3,
  "status": "done",
  "best_params": {
    "lr": 4.6318578917186575e-05,
    "batch_size": 8,
    "cotrain_epochs": 12,
    "finetune_patience": 5,
    "weight_decay": 0.048025980358933296,
    "warmup_ratio": 0.12393855917352437
  },
  "best_value": 0.705207,
  "best_full_metrics": {
    "event": "hurricane_florence_2018",
    "budget": 10,
    "seed_set": 3,
    "test_error_rate": 24.49637389202256,
    "test_macro_f1": 0.669433470951218,
    "test_ece": 0.11269159630649422,
    "test_per_class_f1": [
      0.7329192546583851,
      0.8389513108614233,
      0.6179775280898876,
      0.9166666666666666,
      0.8312958435207825,
      0.3904382470119522,
      0.0,
      0.8484848484848485,
      0.8481675392670157
    ],
    "dev_error_rate": 24.726134585289515,
    "dev_macro_f1": 0.7052068351819026,
    "dev_ece": 0.12185843962832046,
    "stopping_strategy": "baseline",
    "phase1_seed_strategy": "last",
    "phase1_best_epoch": null,
    "lambda1_mean": 1.0746409786011153,
    "lambda1_std": 0.21744181194200998,
    "lambda2_mean": 0.6070355378654412,
    "lambda2_std": 0.18796359259365922
  },
  "n_trials": 10,
  "continued_from": null,
  "trials": [
    {
      "number": 0,
      "state": "COMPLETE",
      "params": {
        "lr": 4.6318578917186575e-05,
        "batch_size": 8,
        "cotrain_epochs": 12,
        "finetune_patience": 5,
        "weight_decay": 0.048025980358933296,
        "warmup_ratio": 0.12393855917352437
      },
      "dev_macro_f1": 0.705207,
      "duration_seconds": 698.0,
      "full_metrics": {
        "event": "hurricane_florence_2018",
        "budget": 10,
        "seed_set": 3,
        "test_error_rate": 24.49637389202256,
        "test_macro_f1": 0.669433470951218,
        "test_ece": 0.11269159630649422,
        "test_per_class_f1": [
          0.7329192546583851,
          0.8389513108614233,
          0.6179775280898876,
          0.9166666666666666,
          0.8312958435207825,
          0.3904382470119522,
          0.0,
          0.8484848484848485,
          0.8481675392670157
        ],
        "dev_error_rate": 24.726134585289515,
        "dev_macro_f1": 0.7052068351819026,
        "dev_ece": 0.12185843962832046,
        "stopping_strategy": "baseline",
        "phase1_seed_strategy": "last",
        "phase1_best_epoch": null,
        "lambda1_mean": 1.0746409786011153,
        "lambda1_std": 0.21744181194200998,
        "lambda2_mean": 0.6070355378654412,
        "lambda2_std": 0.18796359259365922
      }
    },
    {
      "number": 1,
      "state": "COMPLETE",
      "params": {
        "lr": 1.2203208210543707e-05,
        "batch_size": 32,
        "cotrain_epochs": 7,
        "finetune_patience": 4,
        "weight_decay": 0.062077816485722886,
        "warmup_ratio": 0.27144634634173864
      },
      "dev_macro_f1": 0.648186,
      "duration_seconds": 269.4,
      "full_metrics": {
        "event": "hurricane_florence_2018",
        "budget": 10,
        "seed_set": 3,
        "test_error_rate": 23.126510878323934,
        "test_macro_f1": 0.6624662201429027,
        "test_ece": 0.0812139724599652,
        "test_per_class_f1": [
          0.7298387096774194,
          0.8148148148148148,
          0.5806451612903226,
          0.926829268292683,
          0.8666666666666667,
          0.336734693877551,
          0.0,
          0.8733333333333333,
          0.8333333333333334
        ],
        "dev_error_rate": 23.63067292644757,
        "dev_macro_f1": 0.6481856861294408,
        "dev_ece": 0.11173254228160603,
        "stopping_strategy": "baseline",
        "phase1_seed_strategy": "last",
        "phase1_best_epoch": null,
        "lambda1_mean": 0.9063523605041965,
        "lambda1_std": 0.2542562517921415,
        "lambda2_mean": 0.29156816873980473,
        "lambda2_std": 0.12615745603710235
      }
    },
    {
      "number": 2,
      "state": "COMPLETE",
      "params": {
        "lr": 0.0002830540769960154,
        "batch_size": 16,
        "cotrain_epochs": 11,
        "finetune_patience": 6,
        "weight_decay": 0.05003883812599063,
        "warmup_ratio": 0.06225288704157095
      },
      "dev_macro_f1": 0.078799,
      "duration_seconds": 435.0,
      "full_metrics": {
        "event": "hurricane_florence_2018",
        "budget": 10,
        "seed_set": 3,
        "test_error_rate": 78.3239323126511,
        "test_macro_f1": 0.06281971999778865,
        "test_ece": 0.0773246084474249,
        "test_per_class_f1": [
          0.0,
          0.0,
          0.06722689075630252,
          0.0,
          0.0,
          0.13278008298755187,
          0.0,
          0.36537050623624356,
          0.0
        ],
        "dev_error_rate": 76.83881064162755,
        "dev_macro_f1": 0.07879867599919126,
        "dev_ece": 0.09259910434950874,
        "stopping_strategy": "baseline",
        "phase1_seed_strategy": "last",
        "phase1_best_epoch": null,
        "lambda1_mean": 0.2437194880370931,
        "lambda1_std": 0.15206635065894694,
        "lambda2_mean": 0.1185431636079887,
        "lambda2_std": 0.09131275190141133
      }
    },
    {
      "number": 3,
      "state": "COMPLETE",
      "params": {
        "lr": 0.0007260549983387773,
        "batch_size": 8,
        "cotrain_epochs": 11,
        "finetune_patience": 10,
        "weight_decay": 0.08610157409797763,
        "warmup_ratio": 0.15683086785954406
      },
      "dev_macro_f1": 0.032129,
      "duration_seconds": 612.9,
      "full_metrics": {
        "event": "hurricane_florence_2018",
        "budget": 10,
        "seed_set": 3,
        "test_error_rate": 83.07816277195809,
        "test_macro_f1": 0.03216172754422238,
        "test_ece": 0.12534258098586926,
        "test_per_class_f1": [
          0.0,
          0.0,
          0.0,
          0.0,
          0.2894555478980014,
          0.0,
          0.0,
          0.0,
          0.0
        ],
        "dev_error_rate": 83.09859154929578,
        "dev_macro_f1": 0.0321285140562249,
        "dev_ece": 0.12554686930444509,
        "stopping_strategy": "baseline",
        "phase1_seed_strategy": "last",
        "phase1_best_epoch": null,
        "lambda1_mean": 0.2267284050045089,
        "lambda1_std": 0.11190989487130795,
        "lambda2_mean": 0.12723104389774895,
        "lambda2_std": 0.07617903411218749
      }
    },
    {
      "number": 4,
      "state": "COMPLETE",
      "params": {
        "lr": 0.00023370001668768136,
        "batch_size": 8,
        "cotrain_epochs": 15,
        "finetune_patience": 10,
        "weight_decay": 0.0027054912421567547,
        "warmup_ratio": 0.03705403808448521
      },
      "dev_macro_f1": 0.038522,
      "duration_seconds": 807.1,
      "full_metrics": {
        "event": "hurricane_florence_2018",
        "budget": 10,
        "seed_set": 3,
        "test_error_rate": 79.129734085415,
        "test_macro_f1": 0.03837037037037037,
        "test_ece": 0.11848312335375527,
        "test_per_class_f1": [
          0.3453333333333333,
          0.0,
          0.0,
          0.0,
          0.0,
          0.0,
          0.0,
          0.0,
          0.0
        ],
        "dev_error_rate": 79.02973395931141,
        "dev_macro_f1": 0.038522351588328306,
        "dev_ece": 0.11748310858281749,
        "stopping_strategy": "baseline",
        "phase1_seed_strategy": "last",
        "phase1_best_epoch": null,
        "lambda1_mean": 0.23200689004892827,
        "lambda1_std": 0.11905644880861821,
        "lambda2_mean": 0.1296124193221986,
        "lambda2_std": 0.08319520801568142
      }
    },
    {
      "number": 5,
      "state": "COMPLETE",
      "params": {
        "lr": 0.00010594269774995289,
        "batch_size": 64,
        "cotrain_epochs": 17,
        "finetune_patience": 7,
        "weight_decay": 0.07724726780401002,
        "warmup_ratio": 0.08727493014054802
      },
      "dev_macro_f1": 0.641794,