{
  "event": "hurricane_dorian_2019",
  "budget": 5,
  "seed_set": 2,
  "test_error_rate": 73.74005305039788,
  "test_macro_f1": 0.1520356896256389,
  "test_ece": 0.3791616129385066,
  "test_per_class_f1": [
    0.36910994764397903,
    0.3593220338983051,
    0.0,
    0.0,
    0.32637571157495254,
    0.0,
    0.0,
    0.0,
    0.31351351351351353
  ],
  "dev_error_rate": 72.42268041237114,
  "dev_macro_f1": 0.1532101038997943,
  "dev_ece": 0.34998793195280214,
  "stopping_strategy": "baseline",
  "phase1_seed_strategy": "last",
  "phase1_best_epoch": null,
  "lambda1_mean": 0.9639934290446003,
  "lambda1_std": 0.3511161028129006,
  "lambda2_mean": 0.45715221863956673,
  "lambda2_std": 0.24207677190785296
}