{
  "event": "canada_wildfires_2016",
  "budget": 50,
  "seed_set": 1,
  "test_error_rate": 27.640449438202253,
  "test_macro_f1": 0.5883447615829136,
  "test_ece": 0.12716232578406178,
  "test_per_class_f1": [
    0.5084745762711864,
    0.779874213836478,
    0.8288288288288288,
    0.2926829268292683,
    0.40404040404040403,
    0.2857142857142857,
    0.8571428571428571,
    0.75
  ],
  "dev_error_rate": 25.438596491228072,
  "dev_macro_f1": 0.6283273031792769,
  "dev_ece": 0.09735662372488721,
  "stopping_strategy": "baseline",
  "phase1_seed_strategy": "last",
  "phase1_best_epoch": null,
  "lambda1_mean": 0.897406793154009,
  "lambda1_std": 0.2507823569624691,
  "lambda2_mean": 0.3975087221346945,
  "lambda2_std": 0.17877827979130761
}