{
  "event": "hurricane_harvey_2017",
  "budget": 25,
  "seed_set": 1,
  "test_error_rate": 48.421052631578945,
  "test_macro_f1": 0.44761776861334934,
  "test_ece": 0.165101416759874,
  "test_per_class_f1": [
    0.4519774011299435,
    0.6159420289855072,
    0.19169329073482427,
    0.6432160804020101,
    0.31746031746031744,
    0.12468827930174564,
    0.2032520325203252,
    0.7665758401453224,
    0.7137546468401487
  ],
  "dev_error_rate": 48.8697524219591,
  "dev_macro_f1": 0.45565958191735206,
  "dev_ece": 0.17023233634663346,
  "stopping_strategy": "baseline",
  "phase1_seed_strategy": "last",
  "phase1_best_epoch": null,
  "lambda1_mean": 1.0354041826076874,
  "lambda1_std": 0.28774153377799094,
  "lambda2_mean": 0.5590384810462311,
  "lambda2_std": 0.18361030570689515
}