{
  "event": "hurricane_irma_2017",
  "budget": 10,
  "seed_set": 2,
  "test_error_rate": 73.1471535982814,
  "test_macro_f1": 0.08212012240946104,
  "test_ece": 0.04721060510480699,
  "test_per_class_f1": [
    0.0,
    0.0,
    0.36273701566364386,
    0.0,
    0.0,
    0.3763440860215054,
    0.0,
    0.0,
    0.0
  ],
  "dev_error_rate": 76.30480167014613,
  "dev_macro_f1": 0.07244790014119479,
  "dev_ece": 0.04655723888154817
}