{
  "event": "hurricane_harvey_2017",
  "budget": 5,
  "seed_set": 3,
  "test_error_rate": 77.3961218836565,
  "test_macro_f1": 0.2007793933662177,
  "test_ece": 0.43292422322685375,
  "test_per_class_f1": [
    0.24089635854341737,
    0.24724061810154527,
    0.3317757009345794,
    0.3875968992248062,
    0.01834862385321101,
    0.0,
    0.0547945205479452,
    0.28785607196401797,
    0.23850574712643677
  ],
  "dev_error_rate": 76.31862217438106,
  "dev_macro_f1": 0.22301597730060824,
  "dev_ece": 0.4185963624805629,
  "stopping_strategy": "baseline",
  "phase1_seed_strategy": "last",
  "phase1_best_epoch": null,
  "lambda1_mean": 0.9138852628612543,
  "lambda1_std": 0.3474837696982422,
  "lambda2_mean": 0.42691705246713046,
  "lambda2_std": 0.23786673174146875
}