{
  "event": "cyclone_idai_2019",
  "budget": 25,
  "seed_set": 2,
  "test_error_rate": 26.44415917843389,
  "test_macro_f1": 0.47512088889330545,
  "test_ece": 0.08094602612843103,
  "test_per_class_f1": [
    0.3076923076923077,
    0.24,
    0.7875,
    0.9142857142857143,
    0.0,
    0.11764705882352941,
    0.4025157232704403,
    0.3466666666666667,
    0.8389830508474576,
    0.7959183673469388
  ],
  "dev_error_rate": 26.932668329177055,
  "dev_macro_f1": 0.49558167180636586,
  "dev_ece": 0.10459563340480785,
  "stopping_strategy": "baseline",
  "phase1_seed_strategy": "last",
  "phase1_best_epoch": null,
  "lambda1_mean": 0.969369801392254,
  "lambda1_std": 0.33791648649041994,
  "lambda2_mean": 0.49527106618042194,
  "lambda2_std": 0.22539398700056376
}