{
  "event": "hurricane_irma_2017",
  "budget": 25,
  "seed_set": 1,
  "test_error_rate": 32.921589688506984,
  "test_macro_f1": 0.6506211180356126,
  "test_ece": 0.13550010363538334,
  "test_per_class_f1": [
    0.6225165562913907,
    0.7833333333333333,
    0.7785234899328859,
    0.9371428571428572,
    0.5714285714285714,
    0.41841004184100417,
    0.33707865168539325,
    0.7275449101796407,
    0.6796116504854369
  ],
  "dev_error_rate": 33.40292275574113,
  "dev_macro_f1": 0.6510419673584795,
  "dev_ece": 0.15717404402621357,
  "stopping_strategy": "baseline",
  "phase1_seed_strategy": "last",
  "phase1_best_epoch": null,
  "lambda1_mean": 1.0124114697264144,
  "lambda1_std": 0.29598206714002306,
  "lambda2_mean": 0.5108698879635407,
  "lambda2_std": 0.19477150356849482
}