{
  "event": "hurricane_maria_2017",
  "budget": 10,
  "seed_set": 3,
  "test_error_rate": 69.76421636615811,
  "test_macro_f1": 0.28741627092725675,
  "test_ece": 0.2415771260030888,
  "test_per_class_f1": [
    0.301255230125523,
    0.11188811188811189,
    0.15257731958762888,
    0.5413533834586466,
    0.0,
    0.2848,
    0.3717948717948718,
    0.3656307129798903,
    0.4574468085106383
  ],
  "dev_error_rate": 67.25067385444744,
  "dev_macro_f1": 0.30593938151384287,
  "dev_ece": 0.2431598707752408
}