{
  "event": "hurricane_maria_2017",
  "budget": 25,
  "seed_set": 3,
  "test_error_rate": 36.54646324549237,
  "test_macro_f1": 0.6095822420949353,
  "test_ece": 0.04871242819935207,
  "test_per_class_f1": [
    0.6086956521739131,
    0.5054945054945055,
    0.7644151565074135,
    0.8721804511278195,
    0.36619718309859156,
    0.37938144329896906,
    0.5981308411214953,
    0.7279894875164258,
    0.6637554585152838
  ],
  "dev_error_rate": 35.98382749326146,
  "dev_macro_f1": 0.5933047131952172,
  "dev_ece": 0.05706055560764275,
  "stopping_strategy": "baseline",
  "phase1_seed_strategy": "last",
  "phase1_best_epoch": null,
  "lambda1_mean": 0.5998509813017,
  "lambda1_std": 0.07897721773068735,
  "lambda2_mean": 0.1430709934542831,
  "lambda2_std": 0.04264157489177113
}