{
  "event": "hurricane_maria_2017",
  "budget": 50,
  "seed_set": 3,
  "test_error_rate": 27.808599167822468,
  "test_macro_f1": 0.6987505394617917,
  "test_ece": 0.1086624604075031,
  "test_per_class_f1": [
    0.6666666666666666,
    0.704225352112676,
    0.8846815834767642,
    0.928,
    0.41975308641975306,
    0.4940239043824701,
    0.684931506849315,
    0.8060836501901141,
    0.7003891050583657
  ],
  "dev_error_rate": 28.4366576819407,
  "dev_macro_f1": 0.6861042748304713,
  "dev_ece": 0.1289165657405262,
  "stopping_strategy": "baseline",
  "phase1_seed_strategy": "last",
  "phase1_best_epoch": null,
  "lambda1_mean": 1.0121804058983515,
  "lambda1_std": 0.2519287557687777,
  "lambda2_mean": 0.4922950273392835,
  "lambda2_std": 0.18795595316128974
}