{
  "event": "hurricane_florence_2018",
  "budget": 10,
  "seed_set": 2,
  "test_error_rate": 89.36341659951653,
  "test_macro_f1": 0.04423016514090827,
  "test_ece": 0.180895821676919,
  "test_per_class_f1": [
    0.0,
    0.0,
    0.21875,
    0.0,
    0.0,
    0.17932148626817448,
    0.0,
    0.0,
    0.0
  ],
  "dev_error_rate": 89.51486697965572,
  "dev_macro_f1": 0.04270117411225659,
  "dev_ece": 0.18261377797906575
}