{
  "event": "kaikoura_earthquake_2016",
  "budget": 50,
  "seed_set": 1,
  "test_error_rate": 27.126436781609197,
  "test_macro_f1": 0.7031001100994834,
  "test_ece": 0.09147775858298118,
  "test_per_class_f1": [
    0.6555555555555556,
    0.7894736842105263,
    0.7868852459016393,
    0.8695652173913043,
    0.5517241379310345,
    0.48695652173913045,
    0.4,
    0.9047619047619048,
    0.8829787234042553
  ],
  "dev_error_rate": 27.23214285714286,
  "dev_macro_f1": 0.6404156163103268,
  "dev_ece": 0.10461958431239636,
  "stopping_strategy": "baseline",
  "phase1_seed_strategy": "last",
  "phase1_best_epoch": null,
  "lambda1_mean": 0.8721090448056037,
  "lambda1_std": 0.21912628808585174,
  "lambda2_mean": 0.3199385445904104,
  "lambda2_std": 0.14415018039595662
}