{
  "event": "hurricane_maria_2017",
  "budget": 5,
  "seed_set": 1,
  "test_error_rate": 31.34535367545076,
  "test_macro_f1": 0.6591698719002599,
  "test_ece": 0.24971291753521574,
  "test_per_class_f1": [
    0.6046511627906976,
    0.7540983606557377,
    0.8057784911717496,
    0.9333333333333333,
    0.40522875816993464,
    0.3605769230769231,
    0.6025641025641025,
    0.8160919540229885,
    0.6502057613168725
  ],
  "dev_error_rate": 31.671159029649598,
  "dev_macro_f1": 0.6550739778846346,
  "dev_ece": 0.2568180760283354,
  "stopping_strategy": "baseline",
  "phase1_seed_strategy": "last",
  "phase1_best_epoch": null,
  "lambda1_mean": 1.0484793743908936,
  "lambda1_std": 0.2175638691956106,
  "lambda2_mean": 0.4979306490664083,
  "lambda2_std": 0.17637603750345282
}