{
  "event": "canada_wildfires_2016",
  "budget": 5,
  "seed_set": 3,
  "status": "done",
  "best_params": {
    "lr": 0.00015211061913153692,
    "batch_size": 64,
    "cotrain_epochs": 19,
    "finetune_patience": 10,
    "weight_decay": 0.08427554223775426,
    "warmup_ratio": 0.1763622468840415
  },
  "best_value": 0.048878,
  "best_full_metrics": {
    "event": "canada_wildfires_2016",
    "budget": 5,
    "seed_set": 3,
    "test_error_rate": 88.53932584269663,
    "test_macro_f1": 0.03877390265102129,
    "test_ece": 0.19841713215527912,
    "test_per_class_f1": [
      0.0,
      0.0,
      0.2076271186440678,
      0.10256410256410256,
      0.0,
      0.0,
      0.0,
      0.0
    ],
    "dev_error_rate": 88.1578947368421,
    "dev_macro_f1": 0.04887790034233549,
    "dev_ece": 0.19476159858076195,
    "stopping_strategy": "baseline",
    "phase1_seed_strategy": "last",
    "phase1_best_epoch": null,
    "lambda1_mean": 1.0074850945303835,
    "lambda1_std": 0.3565227678588357,
    "lambda2_mean": 0.6418897991860399,
    "lambda2_std": 0.2363705135906231
  },
  "n_trials": 10,
  "continued_from": null,
  "trials": [
    {
      "number": 0,
      "state": "COMPLETE",
      "params": {
        "lr": 1.1318621155994147e-05,
        "batch_size": 32,
        "cotrain_epochs": 17,
        "finetune_patience": 9,
        "weight_decay": 0.060358518486731266,
        "warmup_ratio": 0.29870466460358974
      },
      "dev_macro_f1": 0.024704,
      "duration_seconds": 432.5,
      "full_metrics": {
        "event": "canada_wildfires_2016",
        "budget": 5,
        "seed_set": 3,
        "test_error_rate": 88.76404494382022,
        "test_macro_f1": 0.025252525252525252,
        "test_ece": 0.8789050477274347,
        "test_per_class_f1": [
          0.0,
          0.0,
          0.20202020202020202,
          0.0,
          0.0,
          0.0,
          0.0,
          0.0
        ],
        "dev_error_rate": 89.03508771929825,
        "dev_macro_f1": 0.024703557312252964,
        "dev_ece": 0.8808764661090416,
        "stopping_strategy": "baseline",
        "phase1_seed_strategy": "last",
        "phase1_best_epoch": null,
        "lambda1_mean": 0.9918858764225126,
        "lambda1_std": 0.3379722027800492,
        "lambda2_mean": 0.4945756173503924,
        "lambda2_std": 0.18186264388869833
      }
    },
    {
      "number": 1,
      "state": "COMPLETE",
      "params": {
        "lr": 0.00015211061913153692,
        "batch_size": 64,
        "cotrain_epochs": 19,
        "finetune_patience": 10,
        "weight_decay": 0.08427554223775426,
        "warmup_ratio": 0.1763622468840415
      },
      "dev_macro_f1": 0.048878,
      "duration_seconds": 441.1,
      "full_metrics": {
        "event": "canada_wildfires_2016",
        "budget": 5,
        "seed_set": 3,
        "test_error_rate": 88.53932584269663,
        "test_macro_f1": 0.03877390265102129,
        "test_ece": 0.19841713215527912,
        "test_per_class_f1": [
          0.0,
          0.0,
          0.2076271186440678,
          0.10256410256410256,
          0.0,
          0.0,
          0.0,
          0.0
        ],
        "dev_error_rate": 88.1578947368421,
        "dev_macro_f1": 0.04887790034233549,
        "dev_ece": 0.19476159858076195,
        "stopping_strategy": "baseline",
        "phase1_seed_strategy": "last",
        "phase1_best_epoch": null,
        "lambda1_mean": 1.0074850945303835,
        "lambda1_std": 0.3565227678588357,
        "lambda2_mean": 0.6418897991860399,
        "lambda2_std": 0.2363705135906231
      }
    },
    {
      "number": 2,
      "state": "COMPLETE",
      "params": {
        "lr": 7.189205855777157e-05,
        "batch_size": 32,
        "cotrain_epochs": 9,
        "finetune_patience": 9,
        "weight_decay": 0.026130989548556263,
        "warmup_ratio": 0.024272094713332647
      },
      "dev_macro_f1": 0.024704,
      "duration_seconds": 254.7,
      "full_metrics": {
        "event": "canada_wildfires_2016",
        "budget": 5,
        "seed_set": 3,
        "test_error_rate": 88.76404494382022,
        "test_macro_f1": 0.025252525252525252,
        "test_ece": 0.8805817969729391,
        "test_per_class_f1": [
          0.0,
          0.0,
          0.20202020202020202,
          0.0,
          0.0,
          0.0,
          0.0,
          0.0
        ],
        "dev_error_rate": 89.03508771929825,
        "dev_macro_f1": 0.024703557312252964,
        "dev_ece": 0.8816410305730084,
        "stopping_strategy": "baseline",
        "phase1_seed_strategy": "last",
        "phase1_best_epoch": null,
        "lambda1_mean": 1.0229455752720533,
        "lambda1_std": 0.3523963242541019,
        "lambda2_mean": 0.5541035066659127,
        "lambda2_std": 0.20381854055206905
      }
    },
    {
      "number": 3,
      "state": "COMPLETE",
      "params": {
        "lr": 0.00010546820965662831,
        "batch_size": 16,
        "cotrain_epochs": 16,
        "finetune_patience": 10,
        "weight_decay": 0.041034719154691174,
        "warmup_ratio": 0.2555863418849783
      },
      "dev_macro_f1": 0.024704,
      "duration_seconds": 452.2,
      "full_metrics": {
        "event": "canada_wildfires_2016",
        "budget": 5,
        "seed_set": 3,
        "test_error_rate": 88.76404494382022,
        "test_macro_f1": 0.025252525252525252,
        "test_ece": 0.8850188740183798,
        "test_per_class_f1": [
          0.0,
          0.0,
          0.20202020202020202,
          0.0,
          0.0,
          0.0,
          0.0,
          0.0
        ],
        "dev_error_rate": 89.03508771929825,
        "dev_macro_f1": 0.024703557312252964,
        "dev_ece": 0.8877087334791819,
        "stopping_strategy": "baseline",
        "phase1_seed_strategy": "last",
        "phase1_best_epoch": null,
        "lambda1_mean": 1.0129322224651647,
        "lambda1_std": 0.3557566017195582,
        "lambda2_mean": 0.6329964918082706,
        "lambda2_std": 0.2327500430399675
      }
    },
    {
      "number": 4,
      "state": "COMPLETE",
      "params": {
        "lr": 0.0003357504441737105,
        "batch_size": 8,
        "cotrain_epochs": 14,
        "finetune_patience": 6,
        "weight_decay": 0.07619126562391915,
        "warmup_ratio": 0.1656295965723309
      },
      "dev_macro_f1": 0.024704,
      "duration_seconds": 477.1,
      "full_metrics": {
        "event": "canada_wildfires_2016",
        "budget": 5,
        "seed_set": 3,
        "test_error_rate": 88.76404494382022,
        "test_macro_f1": 0.025252525252525252,
        "test_ece": 0.8827144853184732,
        "test_per_class_f1": [
          0.0,
          0.0,
          0.20202020202020202,
          0.0,
          0.0,
          0.0,
          0.0,
          0.0
        ],
        "dev_error_rate": 89.03508771929825,
        "dev_macro_f1": 0.024703557312252964,
        "dev_ece": 0.8854249135444039,
        "stopping_strategy": "baseline",
        "phase1_seed_strategy": "last",
        "phase1_best_epoch": null,
        "lambda1_mean": 1.019114112635227,
        "lambda1_std": 0.34418641612052003,
        "lambda2_mean": 0.6501714381583811,
        "lambda2_std": 0.2450336661523264
      }
    },
    {
      "number": 5,
      "state": "COMPLETE",
      "params": {
        "lr": 2.0732154257903608e-05,
        "batch_size": 16,
        "cotrain_epochs": 8,
        "finetune_patience": 9,
        "weight_decay": 0.05793892192858166,
        "warmup_ratio": 0.011306902118500228
      },
      "dev_macro_f1": 0.026632,
      "duration_seconds": 264.0,
      "full_metrics": {
        "event": "canada_wildfires_2016",
        "budget": 5,
        "seed_set": 3,
        "test_error_rate": 96.17977528089887,
        "test_macro_f1": 0.020382395382395384,
        "test_ece": 0.23697095955355782,