{
  "event": "kerala_floods_2018",
  "budget": 10,
  "seed_set": 1,
  "test_error_rate": 88.8748419721871,
  "test_macro_f1": 0.039421395644571616,
  "test_ece": 0.07366040315097563,
  "test_per_class_f1": [
    0.0,
    0.0,
    0.0,
    0.0,
    0.0,
    0.0,
    0.15450643776824036,
    0.0,
    0.20028612303290416
  ],
  "dev_error_rate": 90.04914004914005,
  "dev_macro_f1": 0.032096899980503024,
  "dev_ece": 0.08432455745317424
}