{
  "event": "hurricane_maria_2017",
  "budget": 10,
  "seed_set": 3,
  "test_error_rate": 30.79056865464632,
  "test_macro_f1": 0.6626348777622966,
  "test_ece": 0.21449450621492494,
  "test_per_class_f1": [
    0.6126126126126126,
    0.6842105263157895,
    0.8249158249158249,
    0.9180327868852459,
    0.4,
    0.41575492341356673,
    0.6275862068965518,
    0.8086642599277978,
    0.6719367588932806
  ],
  "dev_error_rate": 30.862533692722373,
  "dev_macro_f1": 0.6590941058213958,
  "dev_ece": 0.2249691885195652,
  "stopping_strategy": "baseline",
  "phase1_seed_strategy": "last",
  "phase1_best_epoch": null,
  "lambda1_mean": 1.0528110017183314,
  "lambda1_std": 0.21103954740239866,
  "lambda2_mean": 0.5045886852983092,
  "lambda2_std": 0.16382258287842935
}