{
  "event": "california_wildfires_2018",
  "budget": 5,
  "seed_set": 2,
  "test_error_rate": 27.31006160164271,
  "test_macro_f1": 0.5957966543194636,
  "test_ece": 0.20673277635512327,
  "test_per_class_f1": [
    0.5957446808510638,
    0.7303370786516854,
    0.5730337078651685,
    0.9175257731958762,
    0.6956521739130435,
    0.6884176182707994,
    0.24242424242424243,
    0.0,
    0.8424908424908425,
    0.6723404255319149
  ],
  "dev_error_rate": 25.79787234042553,
  "dev_macro_f1": 0.604060416635603,
  "dev_ece": 0.18890298300601072,
  "stopping_strategy": "baseline",
  "phase1_seed_strategy": "last",
  "phase1_best_epoch": null,
  "lambda1_mean": 1.0192799161802666,
  "lambda1_std": 0.27563564702011767,
  "lambda2_mean": 0.4959332680321493,
  "lambda2_std": 0.1960198541775592
}