{
  "event": "hurricane_florence_2018",
  "budget": 5,
  "seed_set": 3,
  "status": "done",
  "best_params": {
    "lr": 3.251519156503935e-05,
    "batch_size": 32,
    "cotrain_epochs": 17,
    "finetune_patience": 5,
    "weight_decay": 0.056113462598826984,
    "warmup_ratio": 0.19500128733585495
  },
  "best_value": 0.660323,
  "best_full_metrics": {
    "event": "hurricane_florence_2018",
    "budget": 5,
    "seed_set": 3,
    "test_error_rate": 23.690572119258658,
    "test_macro_f1": 0.6575624058654936,
    "test_ece": 0.16601734056672587,
    "test_per_class_f1": [
      0.7590361445783133,
      0.7925925925925926,
      0.5842696629213483,
      0.9166666666666666,
      0.8426150121065376,
      0.3474178403755869,
      0.0,
      0.8734835355285961,
      0.801980198019802
    ],
    "dev_error_rate": 23.78716744913928,
    "dev_macro_f1": 0.6603229190501403,
    "dev_ece": 0.1746284431414985,
    "stopping_strategy": "baseline",
    "phase1_seed_strategy": "last",
    "phase1_best_epoch": null,
    "lambda1_mean": 1.085128491632048,
    "lambda1_std": 0.20369323444904563,
    "lambda2_mean": 0.5728903556637921,
    "lambda2_std": 0.15185367208055225
  },
  "n_trials": 10,
  "continued_from": null,
  "trials": [
    {
      "number": 0,
      "state": "COMPLETE",
      "params": {
        "lr": 5.322273287425223e-05,
        "batch_size": 64,
        "cotrain_epochs": 16,
        "finetune_patience": 4,
        "weight_decay": 0.03489853991652712,
        "warmup_ratio": 0.2596562581119381
      },
      "dev_macro_f1": 0.64057,
      "duration_seconds": 466.8,
      "full_metrics": {
        "event": "hurricane_florence_2018",
        "budget": 5,
        "seed_set": 3,
        "test_error_rate": 23.529411764705888,
        "test_macro_f1": 0.6533249768537046,
        "test_ece": 0.17621430634587743,
        "test_per_class_f1": [
          0.7514910536779325,
          0.7867647058823529,
          0.5988700564971752,
          0.9152542372881356,
          0.8466819221967964,
          0.31521739130434784,
          0.0,
          0.8715277777777778,
          0.7941176470588235
        ],
        "dev_error_rate": 24.25665101721439,
        "dev_macro_f1": 0.6405698631550923,
        "dev_ece": 0.18100069661468782,
        "stopping_strategy": "baseline",
        "phase1_seed_strategy": "last",
        "phase1_best_epoch": null,
        "lambda1_mean": 1.0638485345268247,
        "lambda1_std": 0.23764930836995987,
        "lambda2_mean": 0.5241813725839287,
        "lambda2_std": 0.15729430145156273
      }
    },
    {
      "number": 1,
      "state": "COMPLETE",
      "params": {
        "lr": 8.939892836492103e-05,
        "batch_size": 64,
        "cotrain_epochs": 13,
        "finetune_patience": 7,
        "weight_decay": 0.03947850314917653,
        "warmup_ratio": 0.02768001421409818
      },
      "dev_macro_f1": 0.650518,
      "duration_seconds": 396.9,
      "full_metrics": {
        "event": "hurricane_florence_2018",
        "budget": 5,
        "seed_set": 3,
        "test_error_rate": 23.126510878323934,
        "test_macro_f1": 0.6582175184995296,
        "test_ece": 0.15890890230198812,
        "test_per_class_f1": [
          0.752895752895753,
          0.8058608058608059,
          0.6046511627906976,
          0.905982905982906,
          0.8545034642032333,
          0.3027027027027027,
          0.0,
          0.8640275387263339,
          0.8333333333333334
        ],
        "dev_error_rate": 23.78716744913928,
        "dev_macro_f1": 0.6505175896971183,
        "dev_ece": 0.17444134486113355,
        "stopping_strategy": "baseline",
        "phase1_seed_strategy": "last",
        "phase1_best_epoch": null,
        "lambda1_mean": 1.0946069003612524,
        "lambda1_std": 0.19186632311352506,
        "lambda2_mean": 0.6226128548325178,
        "lambda2_std": 0.1586025875371281
      }
    },
    {
      "number": 2,
      "state": "COMPLETE",
      "params": {
        "lr": 0.00013104445721767835,
        "batch_size": 64,
        "cotrain_epochs": 18,
        "finetune_patience": 10,
        "weight_decay": 0.07649910432526558,
        "warmup_ratio": 0.0043699357068996076
      },
      "dev_macro_f1": 0.635229,
      "duration_seconds": 527.1,
      "full_metrics": {
        "event": "hurricane_florence_2018",
        "budget": 5,
        "seed_set": 3,
        "test_error_rate": 27.23609991941982,
        "test_macro_f1": 0.6340922049452307,
        "test_ece": 0.1888509258976106,
        "test_per_class_f1": [
          0.6695842450765864,
          0.7729083665338645,
          0.5638297872340425,
          0.926829268292683,
          0.8380952380952381,
          0.3514644351464435,
          0.0,
          0.8517241379310345,
          0.7323943661971831
        ],
        "dev_error_rate": 27.23004694835681,
        "dev_macro_f1": 0.6352288538335213,
        "dev_ece": 0.18971833749929318,
        "stopping_strategy": "baseline",
        "phase1_seed_strategy": "last",
        "phase1_best_epoch": null,
        "lambda1_mean": 1.0815821713348257,
        "lambda1_std": 0.17037407393254558,
        "lambda2_mean": 0.04121259058186639,
        "lambda2_std": 0.034038327359482326
      }
    },
    {
      "number": 3,
      "state": "COMPLETE",
      "params": {
        "lr": 4.6521735880221e-05,
        "batch_size": 16,
        "cotrain_epochs": 16,
        "finetune_patience": 5,
        "weight_decay": 0.007362073597069918,
        "warmup_ratio": 0.041951730550685296
      },
      "dev_macro_f1": 0.641552,
      "duration_seconds": 578.3,
      "full_metrics": {
        "event": "hurricane_florence_2018",
        "budget": 5,
        "seed_set": 3,
        "test_error_rate": 23.60999194198228,
        "test_macro_f1": 0.6523682893607652,
        "test_ece": 0.17734459779802403,
        "test_per_class_f1": [
          0.7420634920634921,
          0.8029197080291971,
          0.5869565217391305,
          0.9322033898305084,
          0.8584686774941995,
          0.273224043715847,
          0.0,
          0.8713550600343053,
          0.8041237113402062
        ],
        "dev_error_rate": 24.56964006259781,
        "dev_macro_f1": 0.6415522869548478,
        "dev_ece": 0.19151887129729903,
        "stopping_strategy": "baseline",
        "phase1_seed_strategy": "last",
        "phase1_best_epoch": null,
        "lambda1_mean": 1.1026239108943552,
        "lambda1_std": 0.182317727778788,
        "lambda2_mean": 0.6605382418937348,
        "lambda2_std": 0.15393554547996777
      }
    },
    {
      "number": 4,
      "state": "COMPLETE",
      "params": {
        "lr": 3.251519156503935e-05,
        "batch_size": 32,
        "cotrain_epochs": 17,
        "finetune_patience": 5,
        "weight_decay": 0.056113462598826984,
        "warmup_ratio": 0.19500128733585495
      },
      "dev_macro_f1": 0.660323,
      "duration_seconds": 553.4,
      "full_metrics": {
        "event": "hurricane_florence_2018",
        "budget": 5,
        "seed_set": 3,
        "test_error_rate": 23.690572119258658,
        "test_macro_f1": 0.6575624058654936,
        "test_ece": 0.16601734056672587,
        "test_per_class_f1": [
          0.7590361445783133,
          0.7925925925925926,
          0.5842696629213483,
          0.9166666666666666,
          0.8426150121065376,
          0.3474178403755869,
          0.0,
          0.8734835355285961,
          0.801980198019802
        ],
        "dev_error_rate": 23.78716744913928,
        "dev_macro_f1": 0.6603229190501403,
        "dev_ece": 0.1746284431414985,
        "stopping_strategy": "baseline",
        "phase1_seed_strategy": "last",
        "phase1_best_epoch": null,
        "lambda1_mean": 1.085128491632048,
        "lambda1_std": 0.20369323444904563,
        "lambda2_mean": 0.5728903556637921,
        "lambda2_std": 0.15185367208055225
      }
    },
    {
      "number": 5,
      "state": "COMPLETE",