{
  "event": "canada_wildfires_2016",
  "budget": 25,
  "seed_set": 3,
  "test_error_rate": 60.0,
  "test_macro_f1": 0.10564492846602938,
  "test_ece": 0.2614626872740434,
  "test_per_class_f1": [
    0.0,
    0.0,
    0.27522935779816515,
    0.0,
    0.0,
    0.0,
    0.5699300699300699,
    0.0
  ],
  "dev_error_rate": 59.64912280701755,
  "dev_macro_f1": 0.10065156686317095,
  "dev_ece": 0.26501655114585887
}