{
  "event": "hurricane_maria_2017",
  "budget": 25,
  "seed_set": 2,
  "test_error_rate": 28.57142857142857,
  "test_macro_f1": 0.6709386425001678,
  "test_ece": 0.14755820984152587,
  "test_per_class_f1": [
    0.6153846153846154,
    0.6575342465753424,
    0.8529411764705882,
    0.8923076923076924,
    0.366412213740458,
    0.44396551724137934,
    0.6947368421052632,
    0.824969400244798,
    0.6901960784313725
  ],
  "dev_error_rate": 28.301886792452834,
  "dev_macro_f1": 0.6906047143412807,
  "dev_ece": 0.1642066194121086,
  "stopping_strategy": "baseline",
  "phase1_seed_strategy": "last",
  "phase1_best_epoch": null,
  "lambda1_mean": 1.0423601215732996,
  "lambda1_std": 0.21347527823475176,
  "lambda2_mean": 0.6529953074162635,
  "lambda2_std": 0.19428370727914332
}