{
  "event": "cyclone_idai_2019",
  "budget": 50,
  "seed_set": 1,
  "test_error_rate": 27.08600770218228,
  "test_macro_f1": 0.5138187991611922,
  "test_ece": 0.03948842637499122,
  "test_per_class_f1": [
    0.3333333333333333,
    0.2631578947368421,
    0.7870967741935484,
    0.9195402298850575,
    0.0,
    0.38461538461538464,
    0.3888888888888889,
    0.41935483870967744,
    0.8266666666666667,
    0.8155339805825242
  ],
  "dev_error_rate": 29.675810473815456,
  "dev_macro_f1": 0.48470597385451863,
  "dev_ece": 0.07312877780927388,
  "stopping_strategy": "baseline",
  "phase1_seed_strategy": "last",
  "phase1_best_epoch": null,
  "lambda1_mean": 0.9121165988312377,
  "lambda1_std": 0.3554566103788466,
  "lambda2_mean": 0.4197067377976616,
  "lambda2_std": 0.20609683973799447
}