{
  "event": "hurricane_harvey_2017",
  "budget": 10,
  "seed_set": 3,
  "test_error_rate": 33.62880886426593,
  "test_macro_f1": 0.6182140884723601,
  "test_ece": 0.2561613967213934,
  "test_per_class_f1": [
    0.5772357723577236,
    0.8,
    0.7350746268656716,
    0.8928571428571429,
    0.34394904458598724,
    0.22632794457274827,
    0.45454545454545453,
    0.8316467341306347,
    0.7022900763358778
  ],
  "dev_error_rate": 33.79978471474704,
  "dev_macro_f1": 0.6244706088088139,
  "dev_ece": 0.2649747357815022,
  "stopping_strategy": "baseline",
  "phase1_seed_strategy": "last",
  "phase1_best_epoch": null,
  "lambda1_mean": 1.0535838390019132,
  "lambda1_std": 0.23679183044416202,
  "lambda2_mean": 0.5185181176228667,
  "lambda2_std": 0.17181656577184234
}