{
  "event": "hurricane_harvey_2017",
  "budget": 50,
  "seed_set": 3,
  "test_error_rate": 35.29085872576177,
  "test_macro_f1": 0.6199392594316993,
  "test_ece": 0.06470006740654602,
  "test_per_class_f1": [
    0.6024096385542169,
    0.6666666666666666,
    0.8290766208251473,
    0.8958333333333334,
    0.3983739837398374,
    0.3911290322580645,
    0.4,
    0.7247311827956989,
    0.6712328767123288
  ],
  "dev_error_rate": 36.921420882669544,
  "dev_macro_f1": 0.6159892557569148,
  "dev_ece": 0.0799654610896136,
  "stopping_strategy": "baseline",
  "phase1_seed_strategy": "last",
  "phase1_best_epoch": null,
  "lambda1_mean": 0.5457999719316358,
  "lambda1_std": 0.1046501122223852,
  "lambda2_mean": 0.11188059396096754,
  "lambda2_std": 0.03859879631776809
}