{
  "event": "hurricane_harvey_2017",
  "budget": 50,
  "seed_set": 1,
  "test_error_rate": 31.855955678670355,
  "test_macro_f1": 0.6368668741600171,
  "test_ece": 0.061938856612282114,
  "test_per_class_f1": [
    0.6111111111111112,
    0.8026315789473685,
    0.7645951035781544,
    0.8698630136986302,
    0.3004694835680751,
    0.44483985765124556,
    0.4268292682926829,
    0.8,
    0.7114624505928854
  ],
  "dev_error_rate": 32.938643702906354,
  "dev_macro_f1": 0.6470314188396513,
  "dev_ece": 0.08981560768942529,
  "stopping_strategy": "baseline",
  "phase1_seed_strategy": "last",
  "phase1_best_epoch": null,
  "lambda1_mean": 0.5196536537918027,
  "lambda1_std": 0.07520202466283138,
  "lambda2_mean": 0.1056988920253912,
  "lambda2_std": 0.03234331004260279
}