{
  "event": "california_wildfires_2018",
  "budget": 50,
  "seed_set": 3,
  "test_error_rate": 26.21492128678987,
  "test_macro_f1": 0.6583685767036405,
  "test_ece": 0.061033999977007376,
  "test_per_class_f1": [
    0.5373134328358209,
    0.8125,
    0.6169154228855721,
    0.9193341869398207,
    0.6753246753246753,
    0.6804979253112033,
    0.45478036175710596,
    0.34146341463414637,
    0.8278529980657641,
    0.7177033492822966
  ],
  "dev_error_rate": 26.063829787234038,
  "dev_macro_f1": 0.6390361711561309,
  "dev_ece": 0.07520223866672594,
  "stopping_strategy": "baseline",
  "phase1_seed_strategy": "last",
  "phase1_best_epoch": null,
  "lambda1_mean": 1.0227187362326429,
  "lambda1_std": 0.27933443777631317,
  "lambda2_mean": 0.556069747408639,
  "lambda2_std": 0.20409459409412722
}