label,precision,recall,f1,support,error_rate
caution_and_advice,0.5842450765864332,0.7044854881266491,0.6387559808612441,379,0.29551451187335087
displaced_people_and_evacuations,0.7079796264855688,0.8651452282157677,0.7787114845938375,482,0.13485477178423233
infrastructure_and_utility_damage,0.6527929901423878,0.6995305164319249,0.6753541076487252,852,0.3004694835680751
injured_or_dead_people,0.9341825902335457,0.9016393442622951,0.9176225234619395,488,0.09836065573770492
not_humanitarian,0.22842105263157894,0.7560975609756098,0.3508488278092158,287,0.24390243902439024
other_relevant_information,0.5253731343283582,0.14227970897332257,0.22391857506361326,1237,0.8577202910266775
requests_or_urgent_needs,0.5103092783505154,0.4248927038626609,0.46370023419203743,233,0.5751072961373391
rescue_volunteering_or_donation_effort,0.8311755567063698,0.812246963562753,0.8216022523675454,1976,0.18775303643724695
sympathy_and_support,0.6412639405204461,0.777027027027027,0.7026476578411406,444,0.22297297297297303
