{
  "event": "hurricane_harvey_2017",
  "budget": 10,
  "seed_set": 3,
  "test_error_rate": 66.4819944598338,
  "test_macro_f1": 0.3102646815130117,
  "test_ece": 0.4826151115412197,
  "test_per_class_f1": [
    0.34688346883468835,
    0.26537216828478966,
    0.4480651731160896,
    0.38392857142857145,
    0.25742574257425743,
    0.0,
    0.11948051948051948,
    0.47854356306892065,
    0.4926829268292683
  ],
  "dev_error_rate": 65.55435952637244,
  "dev_macro_f1": 0.3278706861498453,
  "dev_ece": 0.4802684655936336,
  "stopping_strategy": "baseline",
  "phase1_seed_strategy": "last",
  "phase1_best_epoch": null,
  "lambda1_mean": 0.9590736606982756,
  "lambda1_std": 0.28636633132630107,
  "lambda2_mean": 0.43278236142390686,
  "lambda2_std": 0.19238767402467638
}