{
  "event": "hurricane_maria_2017",
  "budget": 50,
  "seed_set": 1,
  "test_error_rate": 28.224687933425795,
  "test_macro_f1": 0.68833943712979,
  "test_ece": 0.05788549590705998,
  "test_per_class_f1": [
    0.5967741935483871,
    0.7076923076923077,
    0.85667215815486,
    0.9508196721311475,
    0.4093567251461988,
    0.4311111111111111,
    0.6925795053003534,
    0.8300492610837439,
    0.72
  ],
  "dev_error_rate": 29.919137466307276,
  "dev_macro_f1": 0.6790000460945267,
  "dev_ece": 0.0891035251781304,
  "stopping_strategy": "baseline",
  "phase1_seed_strategy": "last",
  "phase1_best_epoch": null,
  "lambda1_mean": 0.9863637067206213,
  "lambda1_std": 0.2830911965712431,
  "lambda2_mean": 0.48339670796992407,
  "lambda2_std": 0.19120349799473704
}