{
  "event": "hurricane_florence_2018",
  "budget": 25,
  "seed_set": 1,
  "test_error_rate": 36.42224012892829,
  "test_macro_f1": 0.5842217110468115,
  "test_ece": 0.03663327874530235,
  "test_per_class_f1": [
    0.625,
    0.6959247648902821,
    0.46875,
    0.8661417322834646,
    0.7025495750708215,
    0.20105820105820105,
    0.1308411214953271,
    0.7619047619047619,
    0.8058252427184466
  ],
  "dev_error_rate": 33.80281690140845,
  "dev_macro_f1": 0.5944763236663719,
  "dev_ece": 0.06948680331542834,
  "stopping_strategy": "baseline",
  "phase1_seed_strategy": "last",
  "phase1_best_epoch": null,
  "lambda1_mean": 0.6155826119341172,
  "lambda1_std": 0.10416100378706057,
  "lambda2_mean": 0.15296674717192657,
  "lambda2_std": 0.04890138745727244
}