{
  "event": "kaikoura_earthquake_2016",
  "budget": 10,
  "seed_set": 2,
  "test_error_rate": 49.6551724137931,
  "test_macro_f1": 0.3511213309329715,
  "test_ece": 0.2046253749351392,
  "test_per_class_f1": [
    0.5411764705882353,
    0.14492753623188406,
    0.5257142857142857,
    0.4691358024691358,
    0.0,
    0.0,
    0.0,
    0.6493506493506493,
    0.8297872340425532
  ],
  "dev_error_rate": 44.64285714285714,
  "dev_macro_f1": 0.3965639982463337,
  "dev_ece": 0.1779569190527712,
  "stopping_strategy": "baseline",
  "phase1_seed_strategy": "last",
  "phase1_best_epoch": null,
  "lambda1_mean": 0.7723844450849927,
  "lambda1_std": 0.3488965485509919,
  "lambda2_mean": 0.27794483777130696,
  "lambda2_std": 0.1846913424179715
}