{
  "event": "california_wildfires_2018",
  "budget": 25,
  "seed_set": 1,
  "status": "done",
  "best_params": {
    "lr": 5.7162820736945494e-05,
    "batch_size": 64,
    "cotrain_epochs": 19,
    "finetune_patience": 8,
    "weight_decay": 0.04913188656499388,
    "warmup_ratio": 0.15685930160245465
  },
  "best_value": 0.643658,
  "best_full_metrics": {
    "event": "california_wildfires_2018",
    "budget": 25,
    "seed_set": 1,
    "test_error_rate": 28.06297056810404,
    "test_macro_f1": 0.6445386933680259,
    "test_ece": 0.09995283452637138,
    "test_per_class_f1": [
      0.5172413793103449,
      0.7515151515151515,
      0.5638766519823789,
      0.8987854251012146,
      0.7529411764705882,
      0.6805293005671077,
      0.40993788819875776,
      0.38095238095238093,
      0.8201160541586073,
      0.6694915254237288
    ],
    "dev_error_rate": 27.393617021276594,
    "dev_macro_f1": 0.6436581930363949,
    "dev_ece": 0.09840772610078466,
    "stopping_strategy": "baseline",
    "phase1_seed_strategy": "last",
    "phase1_best_epoch": null,
    "lambda1_mean": 1.049346567858115,
    "lambda1_std": 0.24342833533710023,
    "lambda2_mean": 0.5907694256742676,
    "lambda2_std": 0.20055135229319193
  },
  "n_trials": 10,
  "continued_from": null,
  "trials": [
    {
      "number": 0,
      "state": "COMPLETE",
      "params": {
        "lr": 0.0005034654987728861,
        "batch_size": 64,
        "cotrain_epochs": 20,
        "finetune_patience": 5,
        "weight_decay": 0.05528646609181655,
        "warmup_ratio": 0.11153173578002841
      },
      "dev_macro_f1": 0.041851,
      "duration_seconds": 650.8,
      "full_metrics": {
        "event": "california_wildfires_2018",
        "budget": 25,
        "seed_set": 1,
        "test_error_rate": 73.64818617385353,
        "test_macro_f1": 0.04171180931744312,
        "test_ece": 0.44937722961189486,
        "test_per_class_f1": [
          0.0,
          0.0,
          0.0,
          0.4171180931744312,
          0.0,
          0.0,
          0.0,
          0.0,
          0.0,
          0.0
        ],
        "dev_error_rate": 73.5372340425532,
        "dev_macro_f1": 0.04185068349106204,
        "dev_ece": 0.4482676800578198,
        "stopping_strategy": "baseline",
        "phase1_seed_strategy": "last",
        "phase1_best_epoch": null,
        "lambda1_mean": 0.3917504281913285,
        "lambda1_std": 0.35998539805033386,
        "lambda2_mean": 0.1216381238397654,
        "lambda2_std": 0.17500395790483494
      }
    },
    {
      "number": 1,
      "state": "COMPLETE",
      "params": {
        "lr": 0.00035831131324769844,
        "batch_size": 64,
        "cotrain_epochs": 9,
        "finetune_patience": 7,
        "weight_decay": 0.06473320928518461,
        "warmup_ratio": 0.24145808917740882
      },
      "dev_macro_f1": 0.041851,
      "duration_seconds": 338.4,
      "full_metrics": {
        "event": "california_wildfires_2018",
        "budget": 25,
        "seed_set": 1,
        "test_error_rate": 73.64818617385353,
        "test_macro_f1": 0.04171180931744312,
        "test_ece": 0.1997885941072003,
        "test_per_class_f1": [
          0.0,
          0.0,
          0.0,
          0.4171180931744312,
          0.0,
          0.0,
          0.0,
          0.0,
          0.0,
          0.0
        ],
        "dev_error_rate": 73.5372340425532,
        "dev_macro_f1": 0.04185068349106204,
        "dev_ece": 0.198679072822028,
        "stopping_strategy": "baseline",
        "phase1_seed_strategy": "last",
        "phase1_best_epoch": null,
        "lambda1_mean": 0.5290335757530673,
        "lambda1_std": 0.25712359383781075,
        "lambda2_mean": 0.19969750129765718,
        "lambda2_std": 0.17054964744769024
      }
    },
    {
      "number": 2,
      "state": "COMPLETE",
      "params": {
        "lr": 2.546253429089561e-05,
        "batch_size": 32,
        "cotrain_epochs": 8,
        "finetune_patience": 4,
        "weight_decay": 0.05689253333825957,
        "warmup_ratio": 0.14736073471779948
      },
      "dev_macro_f1": 0.583803,
      "duration_seconds": 332.6,
      "full_metrics": {
        "event": "california_wildfires_2018",
        "budget": 25,
        "seed_set": 1,
        "test_error_rate": 30.39014373716632,
        "test_macro_f1": 0.5729900911766621,
        "test_ece": 0.11783112743633567,
        "test_per_class_f1": [
          0.48,
          0.694300518134715,
          0.5221238938053098,
          0.910761154855643,
          0.6410256410256411,
          0.6363636363636364,
          0.37572254335260113,
          0.0,
          0.8,
          0.6696035242290749
        ],
        "dev_error_rate": 28.457446808510632,
        "dev_macro_f1": 0.5838027434418953,
        "dev_ece": 0.12111336492160532,
        "stopping_strategy": "baseline",
        "phase1_seed_strategy": "last",
        "phase1_best_epoch": null,
        "lambda1_mean": 0.9712399904126403,
        "lambda1_std": 0.304066555556844,
        "lambda2_mean": 0.4433886274457564,
        "lambda2_std": 0.2083860627698023
      }
    },
    {
      "number": 3,
      "state": "COMPLETE",
      "params": {
        "lr": 2.626211756028617e-05,
        "batch_size": 32,
        "cotrain_epochs": 19,
        "finetune_patience": 7,
        "weight_decay": 0.016263522680870102,
        "warmup_ratio": 0.031185035225587274
      },
      "dev_macro_f1": 0.609142,
      "duration_seconds": 676.9,
      "full_metrics": {
        "event": "california_wildfires_2018",
        "budget": 25,
        "seed_set": 1,
        "test_error_rate": 27.926078028747437,
        "test_macro_f1": 0.5958382337701258,
        "test_ece": 0.21687185025884229,
        "test_per_class_f1": [
          0.5660377358490566,
          0.7640449438202247,
          0.5561497326203209,
          0.9074550128534704,
          0.6756756756756757,
          0.6871794871794872,
          0.30666666666666664,
          0.0,
          0.8314176245210728,
          0.6637554585152838
        ],
        "dev_error_rate": 25.531914893617024,
        "dev_macro_f1": 0.6091421142494088,
        "dev_ece": 0.19988112924422363,
        "stopping_strategy": "baseline",
        "phase1_seed_strategy": "last",
        "phase1_best_epoch": null,
        "lambda1_mean": 1.0698732007404714,
        "lambda1_std": 0.22280988158893375,
        "lambda2_mean": 0.6605694324106929,
        "lambda2_std": 0.18612515292120718
      }
    },
    {
      "number": 4,
      "state": "COMPLETE",
      "params": {
        "lr": 0.0003125585889029617,
        "batch_size": 8,
        "cotrain_epochs": 18,
        "finetune_patience": 5,
        "weight_decay": 0.0070902371890656625,
        "warmup_ratio": 0.10174574392104808
      },
      "dev_macro_f1": 0.041851,
      "duration_seconds": 1092.0,
      "full_metrics": {
        "event": "california_wildfires_2018",
        "budget": 25,
        "seed_set": 1,
        "test_error_rate": 73.64818617385353,
        "test_macro_f1": 0.04171180931744312,
        "test_ece": 0.035423781725333864,
        "test_per_class_f1": [
          0.0,
          0.0,
          0.0,
          0.4171180931744312,
          0.0,
          0.0,
          0.0,
          0.0,
          0.0,
          0.0
        ],
        "dev_error_rate": 73.5372340425532,
        "dev_macro_f1": 0.04185068349106204,
        "dev_ece": 0.03654949432437091,
        "stopping_strategy": "baseline",
        "phase1_seed_strategy": "last",
        "phase1_best_epoch": null,
        "lambda1_mean": 0.3453180398291945,
        "lambda1_std": 0.2700378448239857,
        "lambda2_mean": 0.14825164241589564,
        "lambda2_std": 0.15215988896736518
      }
    },
    {
      "number": 5,
      "state": "COMPLETE",
      "params": {
        "lr": 9.621686508822689e-05,
        "batch_size": 32,
        "cotrain_epochs": 14,
        "finetune_patience": 9,
        "weight_decay": 0.04362837253610239,