{
  "event": "california_wildfires_2018",
  "budget": 10,
  "seed_set": 3,
  "test_error_rate": 27.446954140999313,
  "test_macro_f1": 0.59376421509971,
  "test_ece": 0.19719238264115196,
  "test_per_class_f1": [
    0.5714285714285714,
    0.7613636363636364,
    0.5560975609756098,
    0.9220945083014048,
    0.6875,
    0.6829268292682927,
    0.23134328358208955,
    0.0,
    0.8440366972477065,
    0.6808510638297872
  ],
  "dev_error_rate": 26.063829787234038,
  "dev_macro_f1": 0.5985032904515662,
  "dev_ece": 0.1872518237363151,
  "stopping_strategy": "baseline",
  "phase1_seed_strategy": "last",
  "phase1_best_epoch": null,
  "lambda1_mean": 1.0030935269105417,
  "lambda1_std": 0.2986983560195021,
  "lambda2_mean": 0.4892948059904922,
  "lambda2_std": 0.20122340079508952
}