{
  "event": "hurricane_irma_2017",
  "budget": 10,
  "seed_set": 1,
  "test_error_rate": 34.64017185821697,
  "test_macro_f1": 0.6333796064216861,
  "test_ece": 0.18674194446247705,
  "test_per_class_f1": [
    0.621160409556314,
    0.7921348314606742,
    0.7716312056737589,
    0.9287749287749287,
    0.5466666666666666,
    0.399452804377565,
    0.2727272727272727,
    0.7178683385579937,
    0.65
  ],
  "dev_error_rate": 33.820459290187884,
  "dev_macro_f1": 0.6526694084522453,
  "dev_ece": 0.18095956030369797,
  "stopping_strategy": "baseline",
  "phase1_seed_strategy": "last",
  "phase1_best_epoch": null,
  "lambda1_mean": 1.0136739718797396,
  "lambda1_std": 0.2951194485252481,
  "lambda2_mean": 0.4794761496802654,
  "lambda2_std": 0.18788212429458273
}