{
  "event": "hurricane_harvey_2017",
  "budget": 50,
  "seed_set": 2,
  "test_error_rate": 34.847645429362885,
  "test_macro_f1": 0.6129609717955371,
  "test_ece": 0.15875111006798837,
  "test_per_class_f1": [
    0.608058608058608,
    0.7975077881619937,
    0.7439252336448599,
    0.9097222222222222,
    0.35294117647058826,
    0.23908045977011494,
    0.3944954128440367,
    0.787819253438114,
    0.6830985915492958
  ],
  "dev_error_rate": 34.98385360602799,
  "dev_macro_f1": 0.6147002587809464,
  "dev_ece": 0.16276790501611996,
  "stopping_strategy": "baseline",
  "phase1_seed_strategy": "last",
  "phase1_best_epoch": null,
  "lambda1_mean": 1.0866984357572032,
  "lambda1_std": 0.1384625265426791,
  "lambda2_mean": 0.5510712968325551,
  "lambda2_std": 0.13189532365549542
}