{
  "event": "hurricane_maria_2017",
  "budget": 25,
  "seed_set": 2,
  "test_error_rate": 41.33148404993066,
  "test_macro_f1": 0.5407739704947874,
  "test_ece": 0.21744807710387998,
  "test_per_class_f1": [
    0.5663716814159292,
    0.40816326530612246,
    0.7597955706984668,
    0.7638888888888888,
    0.2822085889570552,
    0.2365038560411311,
    0.6135693215339233,
    0.7175141242937854,
    0.5189504373177842
  ],
  "dev_error_rate": 39.75741239892183,
  "dev_macro_f1": 0.5427909206436244,
  "dev_ece": 0.2259025703061302,
  "stopping_strategy": "baseline",
  "phase1_seed_strategy": "last",
  "phase1_best_epoch": null,
  "lambda1_mean": 1.0215761549716416,
  "lambda1_std": 0.23361447679877795,
  "lambda2_mean": 0.479611115650835,
  "lambda2_std": 0.16015168152322415
}