{
  "event": "hurricane_harvey_2017",
  "budget": 50,
  "seed_set": 3,
  "test_error_rate": 29.30747922437673,
  "test_macro_f1": 0.6716341562515901,
  "test_ece": 0.09199751812004978,
  "test_per_class_f1": [
    0.5882352941176471,
    0.9036544850498339,
    0.8385744234800838,
    0.8762541806020067,
    0.4032258064516129,
    0.44015444015444016,
    0.4484304932735426,
    0.8273170731707317,
    0.7188612099644128
  ],
  "dev_error_rate": 30.247578040904198,
  "dev_macro_f1": 0.672475500324417,
  "dev_ece": 0.1048551150171569,
  "stopping_strategy": "baseline",
  "phase1_seed_strategy": "last",
  "phase1_best_epoch": null,
  "lambda1_mean": 0.9618682330480267,
  "lambda1_std": 0.2736205715851988,
  "lambda2_mean": 0.6283772514594729,
  "lambda2_std": 0.29873289135946446
}