{
  "event": "hurricane_florence_2018",
  "budget": 50,
  "seed_set": 3,
  "test_error_rate": 25.785656728444806,
  "test_macro_f1": 0.6784219308784988,
  "test_ece": 0.07772679455236117,
  "test_per_class_f1": [
    0.6965376782077393,
    0.8137931034482758,
    0.6580645161290323,
    0.9180327868852459,
    0.8405063291139241,
    0.334841628959276,
    0.2222222222222222,
    0.8415300546448088,
    0.7802690582959642
  ],
  "dev_error_rate": 26.76056338028169,
  "dev_macro_f1": 0.6680352707834067,
  "dev_ece": 0.09047637849533126,
  "stopping_strategy": "baseline",
  "phase1_seed_strategy": "last",
  "phase1_best_epoch": null,
  "lambda1_mean": 1.0507320750459201,
  "lambda1_std": 0.20552528963335887,
  "lambda2_mean": 0.5269789040465176,
  "lambda2_std": 0.1422819586274694
}