{
  "event": "kaikoura_earthquake_2016",
  "budget": 5,
  "seed_set": 2,
  "status": "done",
  "best_params": {
    "lr": 4.937753998809619e-05,
    "batch_size": 32,
    "cotrain_epochs": 6,
    "finetune_patience": 6,
    "weight_decay": 0.024200107296183604,
    "warmup_ratio": 0.17312407340303396
  },
  "best_value": 0.494751,
  "best_full_metrics": {
    "event": "kaikoura_earthquake_2016",
    "budget": 5,
    "seed_set": 2,
    "test_error_rate": 43.44827586206896,
    "test_macro_f1": 0.49772740215998124,
    "test_ece": 0.21535853712723174,
    "test_per_class_f1": [
      0.5454545454545454,
      0.4888888888888889,
      0.7971014492753623,
      0.3333333333333333,
      0.0,
      0.17543859649122806,
      0.5,
      0.7380952380952381,
      0.9012345679012346
    ],
    "dev_error_rate": 41.96428571428571,
    "dev_macro_f1": 0.49475109731315103,
    "dev_ece": 0.2304462713322469,
    "stopping_strategy": "baseline",
    "phase1_seed_strategy": "last",
    "phase1_best_epoch": null,
    "lambda1_mean": 0.8948135719266053,
    "lambda1_std": 0.23428288750994739,
    "lambda2_mean": 0.28208279729166325,
    "lambda2_std": 0.14488861359342425
  },
  "n_trials": 10,
  "continued_from": null,
  "trials": [
    {
      "number": 0,
      "state": "COMPLETE",
      "params": {
        "lr": 3.8959571500957944e-05,
        "batch_size": 64,
        "cotrain_epochs": 19,
        "finetune_patience": 5,
        "weight_decay": 0.01741843822244731,
        "warmup_ratio": 0.015832542371574655
      },
      "dev_macro_f1": 0.444506,
      "duration_seconds": 391.8,
      "full_metrics": {
        "event": "kaikoura_earthquake_2016",
        "budget": 5,
        "seed_set": 2,
        "test_error_rate": 46.896551724137936,
        "test_macro_f1": 0.4429770573382201,
        "test_ece": 0.302093628631241,
        "test_per_class_f1": [
          0.5256410256410257,
          0.39344262295081966,
          0.75,
          0.3238095238095238,
          0.0,
          0.18556701030927836,
          0.26666666666666666,
          0.6666666666666666,
          0.875
        ],
        "dev_error_rate": 46.875,
        "dev_macro_f1": 0.44450559495505043,
        "dev_ece": 0.3158466712172542,
        "stopping_strategy": "baseline",
        "phase1_seed_strategy": "last",
        "phase1_best_epoch": null,
        "lambda1_mean": 1.0483046845984512,
        "lambda1_std": 0.18726669917885969,
        "lambda2_mean": 0.5186179951967663,
        "lambda2_std": 0.16792926292648222
      }
    },
    {
      "number": 1,
      "state": "COMPLETE",
      "params": {
        "lr": 5.531918438499249e-05,
        "batch_size": 16,
        "cotrain_epochs": 16,
        "finetune_patience": 4,
        "weight_decay": 0.04132836304638319,
        "warmup_ratio": 0.024928610784495018
      },
      "dev_macro_f1": 0.427892,
      "duration_seconds": 404.0,
      "full_metrics": {
        "event": "kaikoura_earthquake_2016",
        "budget": 5,
        "seed_set": 2,
        "test_error_rate": 48.275862068965516,
        "test_macro_f1": 0.45310727973000176,
        "test_ece": 0.3817159669837732,
        "test_per_class_f1": [
          0.463768115942029,
          0.4406779661016949,
          0.7,
          0.2956521739130435,
          0.0,
          0.1568627450980392,
          0.47058823529411764,
          0.6808510638297872,
          0.8695652173913043
        ],
        "dev_error_rate": 48.21428571428571,
        "dev_macro_f1": 0.42789172126389996,
        "dev_ece": 0.376823895743915,
        "stopping_strategy": "baseline",
        "phase1_seed_strategy": "last",
        "phase1_best_epoch": null,
        "lambda1_mean": 1.0761734352795878,
        "lambda1_std": 0.17141831311188277,
        "lambda2_mean": 0.5977320209923203,
        "lambda2_std": 0.16383940842455894
      }
    },
    {
      "number": 2,
      "state": "COMPLETE",
      "params": {
        "lr": 3.575664202718337e-05,
        "batch_size": 8,
        "cotrain_epochs": 16,
        "finetune_patience": 6,
        "weight_decay": 0.031075974617756665,
        "warmup_ratio": 0.24972467704616488
      },
      "dev_macro_f1": 0.443105,
      "duration_seconds": 477.2,
      "full_metrics": {
        "event": "kaikoura_earthquake_2016",
        "budget": 5,
        "seed_set": 2,
        "test_error_rate": 49.885057471264375,
        "test_macro_f1": 0.4301261087661395,
        "test_ece": 0.35081188548570397,
        "test_per_class_f1": [
          0.45255474452554745,
          0.4888888888888889,
          0.7,
          0.2982456140350877,
          0.0,
          0.14414414414414414,
          0.2857142857142857,
          0.6444444444444445,
          0.8571428571428571
        ],
        "dev_error_rate": 47.76785714285714,
        "dev_macro_f1": 0.4431051843907641,
        "dev_ece": 0.3594957273453474,
        "stopping_strategy": "baseline",
        "phase1_seed_strategy": "last",
        "phase1_best_epoch": null,
        "lambda1_mean": 1.0332332275151486,
        "lambda1_std": 0.19913434080219675,
        "lambda2_mean": 0.4921462468095199,
        "lambda2_std": 0.16339280409009097
      }
    },
    {
      "number": 3,
      "state": "COMPLETE",
      "params": {
        "lr": 0.0005627970898965976,
        "batch_size": 8,
        "cotrain_epochs": 8,
        "finetune_patience": 5,
        "weight_decay": 0.056038772983469966,
        "warmup_ratio": 0.19513447734711822
      },
      "dev_macro_f1": 0.027778,
      "duration_seconds": 258.2,
      "full_metrics": {
        "event": "kaikoura_earthquake_2016",
        "budget": 5,
        "seed_set": 2,
        "test_error_rate": 85.74712643678161,
        "test_macro_f1": 0.027721886876816454,
        "test_ece": 0.30611027890238274,
        "test_per_class_f1": [
          0.0,
          0.0,
          0.24949698189134809,
          0.0,
          0.0,
          0.0,
          0.0,
          0.0,
          0.0
        ],
        "dev_error_rate": 85.71428571428572,
        "dev_macro_f1": 0.027777777777777776,
        "dev_ece": 0.3057817677035928,
        "stopping_strategy": "baseline",
        "phase1_seed_strategy": "last",
        "phase1_best_epoch": null,
        "lambda1_mean": 0.22059181905234942,
        "lambda1_std": 0.16576127049034606,
        "lambda2_mean": 0.10259454787450902,
        "lambda2_std": 0.08023760011358812
      }
    },
    {
      "number": 4,
      "state": "COMPLETE",
      "params": {
        "lr": 1.0616459994908737e-05,
        "batch_size": 16,
        "cotrain_epochs": 7,
        "finetune_patience": 9,
        "weight_decay": 0.07888833911291808,
        "warmup_ratio": 0.25529244134709356
      },
      "dev_macro_f1": 0.434089,
      "duration_seconds": 217.6,
      "full_metrics": {
        "event": "kaikoura_earthquake_2016",
        "budget": 5,
        "seed_set": 2,
        "test_error_rate": 48.50574712643678,
        "test_macro_f1": 0.46534711765690023,
        "test_ece": 0.22067395578855756,
        "test_per_class_f1": [
          0.42857142857142855,
          0.4166666666666667,
          0.75,
          0.2956521739130435,
          0.0,
          0.203125,
          0.5454545454545454,
          0.6666666666666666,
          0.8819875776397516
        ],
        "dev_error_rate": 45.08928571428571,
        "dev_macro_f1": 0.4340892707276003,
        "dev_ece": 0.2553979270160198,
        "stopping_strategy": "baseline",
        "phase1_seed_strategy": "last",
        "phase1_best_epoch": null,
        "lambda1_mean": 0.6995479288764432,
        "lambda1_std": 0.25508677380303596,
        "lambda2_mean": 0.20235546183131822,
        "lambda2_std": 0.10360228633898973
      }
    },
    {
      "number": 5,
      "state": "COMPLETE",
      "params": {
        "lr": 9.013113639824357e-05,
        "batch_size": 16,
        "cotrain_epochs": 18,
        "finetune_patience": 5,
        "weight_decay": 0.07961640256191276,