{
  "event": "hurricane_dorian_2019",
  "budget": 10,
  "seed_set": 2,
  "test_error_rate": 35.3448275862069,
  "test_macro_f1": 0.5992283463355975,
  "test_ece": 0.13001972755086205,
  "test_per_class_f1": [
    0.6343906510851419,
    0.8731563421828908,
    0.5672727272727273,
    0.38461538461538464,
    0.5934718100890207,
    0.42028985507246375,
    0.3116883116883117,
    0.8054794520547945,
    0.8026905829596412
  ],
  "dev_error_rate": 36.34020618556701,
  "dev_macro_f1": 0.6100611381794219,
  "dev_ece": 0.14347824558001204,
  "stopping_strategy": "baseline",
  "phase1_seed_strategy": "last",
  "phase1_best_epoch": null,
  "lambda1_mean": 1.0127451661878988,
  "lambda1_std": 0.29768595085983984,
  "lambda2_mean": 0.5622742576856365,
  "lambda2_std": 0.21181494846031612
}