{
  "event": "canada_wildfires_2016",
  "budget": 10,
  "seed_set": 1,
  "test_error_rate": 26.741573033707866,
  "test_macro_f1": 0.5588168571674379,
  "test_ece": 0.06257192880919808,
  "test_per_class_f1": [
    0.3333333333333333,
    0.847682119205298,
    0.8518518518518519,
    0.2909090909090909,
    0.3023255813953488,
    0.15384615384615385,
    0.8969359331476323,
    0.7936507936507936
  ],
  "dev_error_rate": 25.0,
  "dev_macro_f1": 0.5826890304864347,
  "dev_ece": 0.047107847505494155,
  "stopping_strategy": "baseline",
  "phase1_seed_strategy": "last",
  "phase1_best_epoch": null,
  "lambda1_mean": 1.0474796652461504,
  "lambda1_std": 0.2136127264982018,
  "lambda2_mean": 0.5955356988726567,
  "lambda2_std": 0.20542055756193642
}