{
  "event": "california_wildfires_2018",
  "budget": 10,
  "seed_set": 3,
  "status": "done",
  "best_params": {
    "lr": 5.474916282316123e-05,
    "batch_size": 16,
    "cotrain_epochs": 19,
    "finetune_patience": 6,
    "weight_decay": 0.080013581675839,
    "warmup_ratio": 0.11972073163107355
  },
  "best_value": 0.636774,
  "best_full_metrics": {
    "event": "california_wildfires_2018",
    "budget": 10,
    "seed_set": 3,
    "test_error_rate": 29.5687885010267,
    "test_macro_f1": 0.613789052503841,
    "test_ece": 0.17491944406556392,
    "test_per_class_f1": [
      0.5357142857142857,
      0.7262569832402235,
      0.5988700564971752,
      0.9145077720207254,
      0.6666666666666666,
      0.5234567901234568,
      0.4896265560165975,
      0.19047619047619047,
      0.8201160541586073,
      0.6721991701244814
    ],
    "dev_error_rate": 27.925531914893618,
    "dev_macro_f1": 0.6367741337876642,
    "dev_ece": 0.16029946735881745,
    "stopping_strategy": "baseline",
    "phase1_seed_strategy": "last",
    "phase1_best_epoch": null,
    "lambda1_mean": 1.0709434446290362,
    "lambda1_std": 0.23071093845554672,
    "lambda2_mean": 0.653123482697822,
    "lambda2_std": 0.19428771809540435
  },
  "n_trials": 10,
  "continued_from": null,
  "trials": [
    {
      "number": 0,
      "state": "COMPLETE",
      "params": {
        "lr": 5.474916282316123e-05,
        "batch_size": 16,
        "cotrain_epochs": 19,
        "finetune_patience": 6,
        "weight_decay": 0.080013581675839,
        "warmup_ratio": 0.11972073163107355
      },
      "dev_macro_f1": 0.636774,
      "duration_seconds": 791.3,
      "full_metrics": {
        "event": "california_wildfires_2018",
        "budget": 10,
        "seed_set": 3,
        "test_error_rate": 29.5687885010267,
        "test_macro_f1": 0.613789052503841,
        "test_ece": 0.17491944406556392,
        "test_per_class_f1": [
          0.5357142857142857,
          0.7262569832402235,
          0.5988700564971752,
          0.9145077720207254,
          0.6666666666666666,
          0.5234567901234568,
          0.4896265560165975,
          0.19047619047619047,
          0.8201160541586073,
          0.6721991701244814
        ],
        "dev_error_rate": 27.925531914893618,
        "dev_macro_f1": 0.6367741337876642,
        "dev_ece": 0.16029946735881745,
        "stopping_strategy": "baseline",
        "phase1_seed_strategy": "last",
        "phase1_best_epoch": null,
        "lambda1_mean": 1.0709434446290362,
        "lambda1_std": 0.23071093845554672,
        "lambda2_mean": 0.653123482697822,
        "lambda2_std": 0.19428771809540435
      }
    },
    {
      "number": 1,
      "state": "COMPLETE",
      "params": {
        "lr": 0.0004874771766741288,
        "batch_size": 32,
        "cotrain_epochs": 12,
        "finetune_patience": 9,
        "weight_decay": 0.02437169445994816,
        "warmup_ratio": 0.1506249458076314
      },
      "dev_macro_f1": 0.041851,
      "duration_seconds": 470.8,
      "full_metrics": {
        "event": "california_wildfires_2018",
        "budget": 10,
        "seed_set": 3,
        "test_error_rate": 73.64818617385353,
        "test_macro_f1": 0.04171180931744312,
        "test_ece": 0.3740537405666793,
        "test_per_class_f1": [
          0.0,
          0.0,
          0.0,
          0.4171180931744312,
          0.0,
          0.0,
          0.0,
          0.0,
          0.0,
          0.0
        ],
        "dev_error_rate": 73.5372340425532,
        "dev_macro_f1": 0.04185068349106204,
        "dev_ece": 0.3729442090905727,
        "stopping_strategy": "baseline",
        "phase1_seed_strategy": "last",
        "phase1_best_epoch": null,
        "lambda1_mean": 0.4120854764840335,
        "lambda1_std": 0.3177834025436153,
        "lambda2_mean": 0.11026332905112536,
        "lambda2_std": 0.13578284052301887
      }
    },
    {
      "number": 2,
      "state": "COMPLETE",
      "params": {
        "lr": 0.00014225004829798593,
        "batch_size": 64,
        "cotrain_epochs": 9,
        "finetune_patience": 4,
        "weight_decay": 0.09379030929720233,
        "warmup_ratio": 0.22582946059677414
      },
      "dev_macro_f1": 0.594914,
      "duration_seconds": 339.3,
      "full_metrics": {
        "event": "california_wildfires_2018",
        "budget": 10,
        "seed_set": 3,
        "test_error_rate": 27.857631759069136,
        "test_macro_f1": 0.577351595984348,
        "test_ece": 0.18116222357684664,
        "test_per_class_f1": [
          0.45714285714285713,
          0.703030303030303,
          0.5882352941176471,
          0.9248407643312102,
          0.6764705882352942,
          0.6924428822495606,
          0.22304832713754646,
          0.0,
          0.836036036036036,
          0.6722689075630253
        ],
        "dev_error_rate": 26.86170212765957,
        "dev_macro_f1": 0.5949135889437516,
        "dev_ece": 0.177368195489683,
        "stopping_strategy": "baseline",
        "phase1_seed_strategy": "last",
        "phase1_best_epoch": null,
        "lambda1_mean": 0.9981309226227819,
        "lambda1_std": 0.30210642708024826,
        "lambda2_mean": 0.5026534608318145,
        "lambda2_std": 0.22590880008374103
      }
    },
    {
      "number": 3,
      "state": "COMPLETE",
      "params": {
        "lr": 0.0006707054411683981,
        "batch_size": 64,
        "cotrain_epochs": 13,
        "finetune_patience": 5,
        "weight_decay": 0.034517720879215244,
        "warmup_ratio": 0.04742515367992576
      },
      "dev_macro_f1": 0.030248,
      "duration_seconds": 453.5,
      "full_metrics": {
        "event": "california_wildfires_2018",
        "budget": 10,
        "seed_set": 3,
        "test_error_rate": 82.13552361396303,
        "test_macro_f1": 0.030313588850174218,
        "test_ece": 0.26958722092369336,
        "test_per_class_f1": [
          0.0,
          0.0,
          0.0,
          0.0,
          0.0,
          0.30313588850174217,
          0.0,
          0.0,
          0.0,
          0.0
        ],
        "dev_error_rate": 82.18085106382979,
        "dev_macro_f1": 0.030248306997742662,
        "dev_ece": 0.2700404961534003,
        "stopping_strategy": "baseline",
        "phase1_seed_strategy": "last",
        "phase1_best_epoch": null,
        "lambda1_mean": 0.27926466823461354,
        "lambda1_std": 0.17984897977442144,
        "lambda2_mean": 0.1452757211070324,
        "lambda2_std": 0.11091927366259768
      }
    },
    {
      "number": 4,
      "state": "COMPLETE",
      "params": {
        "lr": 9.132847853533189e-05,
        "batch_size": 16,
        "cotrain_epochs": 6,
        "finetune_patience": 10,
        "weight_decay": 0.027706792256983716,
        "warmup_ratio": 0.10505440642886167
      },
      "dev_macro_f1": 0.041851,
      "duration_seconds": 316.2,
      "full_metrics": {
        "event": "california_wildfires_2018",
        "budget": 10,
        "seed_set": 3,
        "test_error_rate": 73.64818617385353,
        "test_macro_f1": 0.04171180931744312,
        "test_ece": 0.20453834835590362,
        "test_per_class_f1": [
          0.0,
          0.0,
          0.0,
          0.4171180931744312,
          0.0,
          0.0,
          0.0,
          0.0,
          0.0,
          0.0
        ],
        "dev_error_rate": 73.5372340425532,
        "dev_macro_f1": 0.04185068349106204,
        "dev_ece": 0.20342882702800819,
        "stopping_strategy": "baseline",
        "phase1_seed_strategy": "last",
        "phase1_best_epoch": null,
        "lambda1_mean": 0.4870972195492318,
        "lambda1_std": 0.23508057191032478,
        "lambda2_mean": 0.08842206206869133,
        "lambda2_std": 0.09399298383823265
      }
    },
    {
      "number": 5,
      "state": "COMPLETE",
      "params": {
        "lr": 0.00011960766692098963,
        "batch_size": 16,
        "cotrain_epochs": 9,
        "finetune_patience": 9,