{
  "event": "hurricane_florence_2018",
  "budget": 25,
  "seed_set": 2,
  "test_error_rate": 24.65753424657534,
  "test_macro_f1": 0.6605523405577222,
  "test_ece": 0.09218318918892499,
  "test_per_class_f1": [
    0.7064220183486238,
    0.8163265306122449,
    0.5894736842105263,
    0.912,
    0.8349056603773585,
    0.35514018691588783,
    0.0,
    0.868824531516184,
    0.861878453038674
  ],
  "dev_error_rate": 22.691705790297345,
  "dev_macro_f1": 0.6913096940305465,
  "dev_ece": 0.09418710310694195,
  "stopping_strategy": "baseline",
  "phase1_seed_strategy": "last",
  "phase1_best_epoch": null,
  "lambda1_mean": 0.9898143137478244,
  "lambda1_std": 0.26249457710115487,
  "lambda2_mean": 0.5153135037738283,
  "lambda2_std": 0.21881730918323178
}