{
  "event": "cyclone_idai_2019",
  "budget": 25,
  "seed_set": 3,
  "test_error_rate": 45.699614890885755,
  "test_macro_f1": 0.4047395521151282,
  "test_ece": 0.14976537631243583,
  "test_per_class_f1": [
    0.36363636363636365,
    0.3050847457627119,
    0.6459627329192547,
    0.8313253012048193,
    0.0,
    0.2972972972972973,
    0.06521739130434782,
    0.1111111111111111,
    0.6140350877192983,
    0.8137254901960784
  ],
  "dev_error_rate": 48.3790523690773,
  "dev_macro_f1": 0.383675852782521,
  "dev_ece": 0.1689252579895933,
  "stopping_strategy": "baseline",
  "phase1_seed_strategy": "last",
  "phase1_best_epoch": null,
  "lambda1_mean": 0.9585145045942388,
  "lambda1_std": 0.2274752697307748,
  "lambda2_mean": 0.36970445815641284,
  "lambda2_std": 0.16277581493525273
}