{
  "event": "california_wildfires_2018",
  "budget": 25,
  "seed_set": 3,
  "test_error_rate": 27.72073921971252,
  "test_macro_f1": 0.6452163222731059,
  "test_ece": 0.0634720956295994,
  "test_per_class_f1": [
    0.4864864864864865,
    0.7682926829268293,
    0.648936170212766,
    0.8962868117797695,
    0.6746987951807228,
    0.6322869955156951,
    0.48223350253807107,
    0.3389830508474576,
    0.8323699421965318,
    0.6915887850467289
  ],
  "dev_error_rate": 28.723404255319153,
  "dev_macro_f1": 0.6234437112571874,
  "dev_ece": 0.07563637498211351,
  "stopping_strategy": "baseline",
  "phase1_seed_strategy": "last",
  "phase1_best_epoch": null,
  "lambda1_mean": 0.9959828080839723,
  "lambda1_std": 0.27593000708661897,
  "lambda2_mean": 0.6016081140040389,
  "lambda2_std": 0.2421024533561892
}