{
  "event": "hurricane_dorian_2019",
  "budget": 50,
  "seed_set": 2,
  "test_error_rate": 37.0026525198939,
  "test_macro_f1": 0.5783435255472139,
  "test_ece": 0.1427763370050992,
  "test_per_class_f1": [
    0.5576519916142557,
    0.8845070422535212,
    0.6051873198847262,
    0.4,
    0.546448087431694,
    0.4713114754098361,
    0.11678832116788321,
    0.8103896103896104,
    0.812807881773399
  ],
  "dev_error_rate": 36.08247422680413,
  "dev_macro_f1": 0.594363235115506,
  "dev_ece": 0.1359758675674495,
  "stopping_strategy": "baseline",
  "phase1_seed_strategy": "last",
  "phase1_best_epoch": null,
  "lambda1_mean": 0.4905536054179134,
  "lambda1_std": 0.1175398598572527,
  "lambda2_mean": 0.12231313260296664,
  "lambda2_std": 0.04430061831915026
}