{
  "event": "hurricane_florence_2018",
  "budget": 25,
  "seed_set": 2,
  "test_error_rate": 36.180499597099114,
  "test_macro_f1": 0.5864907504027643,
  "test_ece": 0.12181184132861858,
  "test_per_class_f1": [
    0.5747126436781609,
    0.743859649122807,
    0.4854368932038835,
    0.8702290076335878,
    0.8214285714285714,
    0.18285714285714286,
    0.1322314049586777,
    0.7228915662650602,
    0.7447698744769874
  ],
  "dev_error_rate": 37.715179968701094,
  "dev_macro_f1": 0.5635654954311055,
  "dev_ece": 0.14379927987037505,
  "stopping_strategy": "baseline",
  "phase1_seed_strategy": "last",
  "phase1_best_epoch": null,
  "lambda1_mean": 0.9926776803071801,
  "lambda1_std": 0.27203512936434365,
  "lambda2_mean": 0.4655824188425986,
  "lambda2_std": 0.18734394858093747
}