{
  "event": "california_wildfires_2018",
  "budget": 5,
  "seed_set": 1,
  "test_error_rate": 94.25051334702259,
  "test_macro_f1": 0.01087378640776699,
  "test_ece": 0.9388611756066277,
  "test_per_class_f1": [
    0.0,
    0.0,
    0.1087378640776699,
    0.0,
    0.0,
    0.0,
    0.0,
    0.0,
    0.0,
    0.0
  ],
  "dev_error_rate": 94.28191489361703,
  "dev_macro_f1": 0.010817610062893081,
  "dev_ece": 0.9377999157506101,
  "stopping_strategy": "baseline",
  "phase1_seed_strategy": "last",
  "phase1_best_epoch": null,
  "lambda1_mean": 1.1305605249166135,
  "lambda1_std": 0.19403319494019308,
  "lambda2_mean": 0.6326561229769389,
  "lambda2_std": 0.11223829246476015
}