{
  "event": "hurricane_dorian_2019",
  "budget": 25,
  "seed_set": 2,
  "test_error_rate": 40.3183023872679,
  "test_macro_f1": 0.5383504429197437,
  "test_ece": 0.1280128512067093,
  "test_per_class_f1": [
    0.5603271983640081,
    0.8662790697674418,
    0.5648414985590778,
    0.2898550724637681,
    0.5344827586206896,
    0.33783783783783783,
    0.11594202898550725,
    0.7746835443037975,
    0.8009049773755657
  ],
  "dev_error_rate": 40.59278350515464,
  "dev_macro_f1": 0.5409724995185331,
  "dev_ece": 0.12322207928164716,
  "stopping_strategy": "baseline",
  "phase1_seed_strategy": "last",
  "phase1_best_epoch": null,
  "lambda1_mean": 0.6202111445817361,
  "lambda1_std": 0.1081254349622901,
  "lambda2_mean": 0.15103357056941066,
  "lambda2_std": 0.04926499711318144
}