{
  "event": "canada_wildfires_2016",
  "budget": 50,
  "seed_set": 2,
  "status": "done",
  "best_params": {
    "lr": 7.405379673621462e-05,
    "batch_size": 32,
    "cotrain_epochs": 13,
    "finetune_patience": 8,
    "weight_decay": 0.08650270361285038,
    "warmup_ratio": 0.09494184356211363
  },
  "best_value": 0.671611,
  "best_full_metrics": {
    "event": "canada_wildfires_2016",
    "budget": 50,
    "seed_set": 2,
    "test_error_rate": 22.696629213483142,
    "test_macro_f1": 0.6243076259585694,
    "test_ece": 0.10089167148879405,
    "test_per_class_f1": [
      0.37735849056603776,
      0.8717948717948718,
      0.8468468468468469,
      0.21428571428571427,
      0.46296296296296297,
      0.5454545454545454,
      0.9090909090909091,
      0.7666666666666667
    ],
    "dev_error_rate": 20.614035087719294,
    "dev_macro_f1": 0.6716114140062897,
    "dev_ece": 0.072104093536996,
    "stopping_strategy": "baseline",
    "phase1_seed_strategy": "last",
    "phase1_best_epoch": null,
    "lambda1_mean": 0.9612820843869342,
    "lambda1_std": 0.28282574270060445,
    "lambda2_mean": 0.6093301617703966,
    "lambda2_std": 0.2527895390338133
  },
  "n_trials": 10,
  "continued_from": null,
  "trials": [
    {
      "number": 0,
      "state": "COMPLETE",
      "params": {
        "lr": 2.7054698338385412e-05,
        "batch_size": 16,
        "cotrain_epochs": 18,
        "finetune_patience": 7,
        "weight_decay": 0.03522060191166886,
        "warmup_ratio": 0.2646867872419864
      },
      "dev_macro_f1": 0.627196,
      "duration_seconds": 210.2,
      "full_metrics": {
        "event": "canada_wildfires_2016",
        "budget": 50,
        "seed_set": 2,
        "test_error_rate": 26.516853932584272,
        "test_macro_f1": 0.5732888743464505,
        "test_ece": 0.11359301082203899,
        "test_per_class_f1": [
          0.3673469387755102,
          0.8466257668711656,
          0.8679245283018868,
          0.21739130434782608,
          0.40707964601769914,
          0.2222222222222222,
          0.8764705882352941,
          0.78125
        ],
        "dev_error_rate": 20.175438596491226,
        "dev_macro_f1": 0.62719598186069,
        "dev_ece": 0.08021935428443705,
        "stopping_strategy": "baseline",
        "phase1_seed_strategy": "last",
        "phase1_best_epoch": null,
        "lambda1_mean": 0.9781553580985061,
        "lambda1_std": 0.24797482721873962,
        "lambda2_mean": 0.5159960008566826,
        "lambda2_std": 0.21314979807440682
      }
    },
    {
      "number": 1,
      "state": "COMPLETE",
      "params": {
        "lr": 0.0006586592274930702,
        "batch_size": 8,
        "cotrain_epochs": 16,
        "finetune_patience": 8,
        "weight_decay": 0.09472345146197368,
        "warmup_ratio": 0.04338970430075959
      },
      "dev_macro_f1": 0.073529,
      "duration_seconds": 298.9,
      "full_metrics": {
        "event": "canada_wildfires_2016",
        "budget": 50,
        "seed_set": 2,
        "test_error_rate": 58.20224719101124,
        "test_macro_f1": 0.07369255150554675,
        "test_ece": 0.2598835391944714,
        "test_per_class_f1": [
          0.0,
          0.0,
          0.0,
          0.0,
          0.0,
          0.0,
          0.589540412044374,
          0.0
        ],
        "dev_error_rate": 58.33333333333333,
        "dev_macro_f1": 0.07352941176470588,
        "dev_ece": 0.2585726777712504,
        "stopping_strategy": "baseline",
        "phase1_seed_strategy": "last",
        "phase1_best_epoch": null,
        "lambda1_mean": 0.5349045491087269,
        "lambda1_std": 0.45242859089864623,
        "lambda2_mean": 0.2527311543695139,
        "lambda2_std": 0.2511196102403183
      }
    },
    {
      "number": 2,
      "state": "COMPLETE",
      "params": {
        "lr": 7.405379673621462e-05,
        "batch_size": 32,
        "cotrain_epochs": 13,
        "finetune_patience": 8,
        "weight_decay": 0.08650270361285038,
        "warmup_ratio": 0.09494184356211363
      },
      "dev_macro_f1": 0.671611,
      "duration_seconds": 144.0,
      "full_metrics": {
        "event": "canada_wildfires_2016",
        "budget": 50,
        "seed_set": 2,
        "test_error_rate": 22.696629213483142,
        "test_macro_f1": 0.6243076259585694,
        "test_ece": 0.10089167148879405,
        "test_per_class_f1": [
          0.37735849056603776,
          0.8717948717948718,
          0.8468468468468469,
          0.21428571428571427,
          0.46296296296296297,
          0.5454545454545454,
          0.9090909090909091,
          0.7666666666666667
        ],
        "dev_error_rate": 20.614035087719294,
        "dev_macro_f1": 0.6716114140062897,
        "dev_ece": 0.072104093536996,
        "stopping_strategy": "baseline",
        "phase1_seed_strategy": "last",
        "phase1_best_epoch": null,
        "lambda1_mean": 0.9612820843869342,
        "lambda1_std": 0.28282574270060445,
        "lambda2_mean": 0.6093301617703966,
        "lambda2_std": 0.2527895390338133
      }
    },
    {
      "number": 3,
      "state": "COMPLETE",
      "params": {
        "lr": 0.0009414191614392986,
        "batch_size": 8,
        "cotrain_epochs": 11,
        "finetune_patience": 9,
        "weight_decay": 0.04307850071105132,
        "warmup_ratio": 0.2022960819993536
      },
      "dev_macro_f1": 0.073529,
      "duration_seconds": 219.7,
      "full_metrics": {
        "event": "canada_wildfires_2016",
        "budget": 50,
        "seed_set": 2,
        "test_error_rate": 58.20224719101124,
        "test_macro_f1": 0.07369255150554675,
        "test_ece": 0.21362726427196116,
        "test_per_class_f1": [
          0.0,
          0.0,
          0.0,
          0.0,
          0.0,
          0.0,
          0.589540412044374,
          0.0
        ],
        "dev_error_rate": 58.33333333333333,
        "dev_macro_f1": 0.07352941176470588,
        "dev_ece": 0.21231640247922196,
        "stopping_strategy": "baseline",
        "phase1_seed_strategy": "last",
        "phase1_best_epoch": null,
        "lambda1_mean": 0.5750327827883662,
        "lambda1_std": 0.5113753731461584,
        "lambda2_mean": 0.2562076993887794,
        "lambda2_std": 0.27710449221955896
      }
    },
    {
      "number": 4,
      "state": "COMPLETE",
      "params": {
        "lr": 0.0002998993336123367,
        "batch_size": 8,
        "cotrain_epochs": 17,
        "finetune_patience": 6,
        "weight_decay": 0.04158525708933944,
        "warmup_ratio": 0.17304474806235473
      },
      "dev_macro_f1": 0.073529,
      "duration_seconds": 298.6,
      "full_metrics": {
        "event": "canada_wildfires_2016",
        "budget": 50,
        "seed_set": 2,
        "test_error_rate": 58.20224719101124,
        "test_macro_f1": 0.07369255150554675,
        "test_ece": 0.2687653573041552,
        "test_per_class_f1": [
          0.0,
          0.0,
          0.0,
          0.0,
          0.0,
          0.0,
          0.589540412044374,
          0.0
        ],
        "dev_error_rate": 58.33333333333333,
        "dev_macro_f1": 0.07352941176470588,
        "dev_ece": 0.26745452333176345,
        "stopping_strategy": "baseline",
        "phase1_seed_strategy": "last",
        "phase1_best_epoch": null,
        "lambda1_mean": 0.5982818215484024,
        "lambda1_std": 0.38740671706803725,
        "lambda2_mean": 0.21802538216972278,
        "lambda2_std": 0.22824897279143072
      }
    },
    {
      "number": 5,
      "state": "COMPLETE",
      "params": {
        "lr": 0.00041714561649642737,
        "batch_size": 16,
        "cotrain_epochs": 15,
        "finetune_patience": 6,
        "weight_decay": 0.06750101935394763,
        "warmup_ratio": 0.08178963633094931
      },
      "dev_macro_f1": 0.073529,
      "duration_seconds": 166.8,
      "full_metrics": {
        "event": "canada_wildfires_2016",
        "budget": 50,
        "seed_set": 2,