{
  "event": "cyclone_idai_2019",
  "budget": 25,
  "seed_set": 1,
  "test_error_rate": 27.342747111681643,
  "test_macro_f1": 0.5576683251924602,
  "test_ece": 0.06707007513502287,
  "test_per_class_f1": [
    0.2702702702702703,
    0.38095238095238093,
    0.7469879518072289,
    0.8888888888888888,
    0.4,
    0.3902439024390244,
    0.33986928104575165,
    0.5161290322580645,
    0.8289085545722714,
    0.8144329896907216
  ],
  "dev_error_rate": 30.673316708229425,
  "dev_macro_f1": 0.47512650583384974,
  "dev_ece": 0.0783018660441301,
  "stopping_strategy": "baseline",
  "phase1_seed_strategy": "last",
  "phase1_best_epoch": null,
  "lambda1_mean": 0.9183724121649154,
  "lambda1_std": 0.3600733852914811,
  "lambda2_mean": 0.4186360010132941,
  "lambda2_std": 0.21780367294437467
}