{
  "event": "hurricane_harvey_2017",
  "budget": 5,
  "seed_set": 3,
  "test_error_rate": 33.35180055401662,
  "test_macro_f1": 0.6108554238109962,
  "test_ece": 0.2561062080378017,
  "test_per_class_f1": [
    0.608,
    0.7925696594427245,
    0.7137681159420289,
    0.8819444444444444,
    0.35714285714285715,
    0.22169811320754718,
    0.38016528925619836,
    0.8319856244384546,
    0.7104247104247104
  ],
  "dev_error_rate": 33.36921420882669,
  "dev_macro_f1": 0.6226703091995814,
  "dev_ece": 0.2640770886121449,
  "stopping_strategy": "baseline",
  "phase1_seed_strategy": "last",
  "phase1_best_epoch": null,
  "lambda1_mean": 1.0517519074226567,
  "lambda1_std": 0.2395260784462395,
  "lambda2_mean": 0.5289040333004208,
  "lambda2_std": 0.1682604493367302
}