{
  "event": "hurricane_irma_2017",
  "budget": 10,
  "seed_set": 1,
  "test_error_rate": 69.33404940923738,
  "test_macro_f1": 0.26849046607857935,
  "test_ece": 0.29065732860379523,
  "test_per_class_f1": [
    0.3923444976076555,
    0.0,
    0.13211009174311927,
    0.4312267657992565,
    0.21367521367521367,
    0.3797780517879161,
    0.20512820512820512,
    0.10619469026548672,
    0.555956678700361
  ],
  "dev_error_rate": 67.22338204592901,
  "dev_macro_f1": 0.2799285988877774,
  "dev_ece": 0.2813517043759778
}