{
  "event": "hurricane_florence_2018",
  "budget": 5,
  "seed_set": 3,
  "test_error_rate": 86.46253021756648,
  "test_macro_f1": 0.1369913096718165,
  "test_ece": 0.4403345341359675,
  "test_per_class_f1": [
    0.26062322946175637,
    0.0,
    0.05793450881612091,
    0.345679012345679,
    0.0,
    0.16339869281045752,
    0.0,
    0.0,
    0.4052863436123348
  ],
  "dev_error_rate": 84.82003129890454,
  "dev_macro_f1": 0.1467984475703774,
  "dev_ece": 0.429104207127307,
  "stopping_strategy": "baseline",
  "phase1_seed_strategy": "last",
  "phase1_best_epoch": null,
  "lambda1_mean": 0.9345889256870248,
  "lambda1_std": 0.3477155039156361,
  "lambda2_mean": 0.4579504520406906,
  "lambda2_std": 0.22178357974697274
}