{
  "event": "hurricane_florence_2018",
  "budget": 5,
  "seed_set": 1,
  "test_error_rate": 22.723609991941984,
  "test_macro_f1": 0.6611851481532748,
  "test_ece": 0.13322394531547394,
  "test_per_class_f1": [
    0.7431906614785992,
    0.8191881918819188,
    0.6012269938650306,
    0.95,
    0.8629213483146068,
    0.27807486631016043,
    0.0,
    0.8793103448275862,
    0.8167539267015707
  ],
  "dev_error_rate": 23.161189358372457,
  "dev_macro_f1": 0.6551174438622498,
  "dev_ece": 0.13226316946213235,
  "stopping_strategy": "baseline",
  "phase1_seed_strategy": "last",
  "phase1_best_epoch": null,
  "lambda1_mean": 1.0422671632593492,
  "lambda1_std": 0.24263830642369819,
  "lambda2_mean": 0.5029544637853993,
  "lambda2_std": 0.1617819214684922
}