{
  "event": "kerala_floods_2018",
  "budget": 5,
  "seed_set": 3,
  "test_error_rate": 29.519595448798984,
  "test_macro_f1": 0.5212396591963768,
  "test_ece": 0.22307471250915048,
  "test_per_class_f1": [
    0.4666666666666667,
    0.0,
    0.5354330708661418,
    0.7851851851851852,
    0.3963963963963964,
    0.3798219584569733,
    0.6440677966101694,
    0.8472222222222222,
    0.6363636363636364
  ],
  "dev_error_rate": 27.764127764127768,
  "dev_macro_f1": 0.5691404202012789,
  "dev_ece": 0.20910833402552828,
  "stopping_strategy": "baseline",
  "phase1_seed_strategy": "last",
  "phase1_best_epoch": null,
  "lambda1_mean": 1.0485749526205135,
  "lambda1_std": 0.24868412622248323,
  "lambda2_mean": 0.5091765395560307,
  "lambda2_std": 0.18262069324739744
}