{
  "event": "hurricane_dorian_2019",
  "budget": 5,
  "seed_set": 3,
  "status": "done",
  "best_params": {
    "lr": 6.631333074209753e-05,
    "batch_size": 64,
    "cotrain_epochs": 9,
    "finetune_patience": 7,
    "weight_decay": 0.08003455150271101,
    "warmup_ratio": 0.006350729073192917
  },
  "best_value": 0.414382,
  "best_full_metrics": {
    "event": "hurricane_dorian_2019",
    "budget": 5,
    "seed_set": 3,
    "test_error_rate": 52.65251989389921,
    "test_macro_f1": 0.41535567090632225,
    "test_ece": 0.38798544079618685,
    "test_per_class_f1": [
      0.33423180592991913,
      0.6881188118811881,
      0.5068870523415978,
      0.05128205128205128,
      0.5285714285714286,
      0.2681318681318681,
      0.10285714285714286,
      0.523943661971831,
      0.7341772151898734
    ],
    "dev_error_rate": 54.12371134020619,
    "dev_macro_f1": 0.4143822067529652,
    "dev_ece": 0.4015774802909684,
    "stopping_strategy": "baseline",
    "phase1_seed_strategy": "last",
    "phase1_best_epoch": null,
    "lambda1_mean": 1.0940949276603003,
    "lambda1_std": 0.1496866313405849,
    "lambda2_mean": 0.531364422577067,
    "lambda2_std": 0.1421671815109512
  },
  "n_trials": 10,
  "continued_from": null,
  "trials": [
    {
      "number": 0,
      "state": "COMPLETE",
      "params": {
        "lr": 6.677769012264736e-05,
        "batch_size": 64,
        "cotrain_epochs": 18,
        "finetune_patience": 10,
        "weight_decay": 0.09932503530095471,
        "warmup_ratio": 0.28549413470697244
      },
      "dev_macro_f1": 0.402835,
      "duration_seconds": 644.8,
      "full_metrics": {
        "event": "hurricane_dorian_2019",
        "budget": 5,
        "seed_set": 3,
        "test_error_rate": 53.713527851458885,
        "test_macro_f1": 0.4043646585930646,
        "test_ece": 0.4580377059882452,
        "test_per_class_f1": [
          0.33962264150943394,
          0.6620689655172414,
          0.4909560723514212,
          0.05172413793103448,
          0.47802197802197804,
          0.23980815347721823,
          0.08695652173913043,
          0.5444444444444444,
          0.745679012345679
        ],
        "dev_error_rate": 55.02577319587629,
        "dev_macro_f1": 0.4028348574268624,
        "dev_ece": 0.4672694198172732,
        "stopping_strategy": "baseline",
        "phase1_seed_strategy": "last",
        "phase1_best_epoch": null,
        "lambda1_mean": 1.0996898483062827,
        "lambda1_std": 0.12697371243803132,
        "lambda2_mean": 0.5528749002369561,
        "lambda2_std": 0.12140808744924123
      }
    },
    {
      "number": 1,
      "state": "COMPLETE",
      "params": {
        "lr": 0.0007646189459450511,
        "batch_size": 8,
        "cotrain_epochs": 14,
        "finetune_patience": 7,
        "weight_decay": 0.017252366741908366,
        "warmup_ratio": 0.1040548601676407
      },
      "dev_macro_f1": 0.021238,
      "duration_seconds": 995.8,
      "full_metrics": {
        "event": "hurricane_dorian_2019",
        "budget": 5,
        "seed_set": 3,
        "test_error_rate": 89.45623342175067,
        "test_macro_f1": 0.021195760847830435,
        "test_ece": 0.24640779120141065,
        "test_per_class_f1": [
          0.0,
          0.1907618476304739,
          0.0,
          0.0,
          0.0,
          0.0,
          0.0,
          0.0,
          0.0
        ],
        "dev_error_rate": 89.43298969072166,
        "dev_macro_f1": 0.021238021238021237,
        "dev_ece": 0.24617535405859503,
        "stopping_strategy": "baseline",
        "phase1_seed_strategy": "last",
        "phase1_best_epoch": null,
        "lambda1_mean": 0.15829067563410326,
        "lambda1_std": 0.09832192261035039,
        "lambda2_mean": 0.09757524844639277,
        "lambda2_std": 0.06205607097935905
      }
    },
    {
      "number": 2,
      "state": "COMPLETE",
      "params": {
        "lr": 2.6768875707462597e-05,
        "batch_size": 64,
        "cotrain_epochs": 15,
        "finetune_patience": 6,
        "weight_decay": 0.09278665876464642,
        "warmup_ratio": 0.2556358455807487
      },
      "dev_macro_f1": 0.393684,
      "duration_seconds": 544.8,
      "full_metrics": {
        "event": "hurricane_dorian_2019",
        "budget": 5,
        "seed_set": 3,
        "test_error_rate": 52.71883289124668,
        "test_macro_f1": 0.4117473093706059,
        "test_ece": 0.42827468476102587,
        "test_per_class_f1": [
          0.3492063492063492,
          0.6761904761904762,
          0.5026455026455027,
          0.06060606060606061,
          0.4883116883116883,
          0.2528216704288939,
          0.08333333333333333,
          0.5444444444444444,
          0.7481662591687042
        ],
        "dev_error_rate": 56.05670103092783,
        "dev_macro_f1": 0.39368440700708707,
        "dev_ece": 0.4453077043992342,
        "stopping_strategy": "baseline",
        "phase1_seed_strategy": "last",
        "phase1_best_epoch": null,
        "lambda1_mean": 1.0713731963546957,
        "lambda1_std": 0.14081282133696382,
        "lambda2_mean": 0.4635823443199882,
        "lambda2_std": 0.12204801151774644
      }
    },
    {
      "number": 3,
      "state": "COMPLETE",
      "params": {
        "lr": 0.000455710067588234,
        "batch_size": 32,
        "cotrain_epochs": 15,
        "finetune_patience": 10,
        "weight_decay": 0.008832092470755726,
        "warmup_ratio": 0.24591806384548517
      },
      "dev_macro_f1": 0.021238,
      "duration_seconds": 596.0,
      "full_metrics": {
        "event": "hurricane_dorian_2019",
        "budget": 5,
        "seed_set": 3,
        "test_error_rate": 89.45623342175067,
        "test_macro_f1": 0.021195760847830435,
        "test_ece": 0.41039983774053646,
        "test_per_class_f1": [
          0.0,
          0.1907618476304739,
          0.0,
          0.0,
          0.0,
          0.0,
          0.0,
          0.0,
          0.0
        ],
        "dev_error_rate": 89.43298969072166,
        "dev_macro_f1": 0.021238021238021237,
        "dev_ece": 0.41016740229019183,
        "stopping_strategy": "baseline",
        "phase1_seed_strategy": "last",
        "phase1_best_epoch": null,
        "lambda1_mean": 0.3736550871973014,
        "lambda1_std": 0.23402159854904772,
        "lambda2_mean": 0.05027361149519303,
        "lambda2_std": 0.07051453036849491
      }
    },
    {
      "number": 4,
      "state": "COMPLETE",
      "params": {
        "lr": 2.101640193433493e-05,
        "batch_size": 32,
        "cotrain_epochs": 13,
        "finetune_patience": 6,
        "weight_decay": 0.05625850370972488,
        "warmup_ratio": 0.28716009330917197
      },
      "dev_macro_f1": 0.400914,
      "duration_seconds": 553.5,
      "full_metrics": {
        "event": "hurricane_dorian_2019",
        "budget": 5,
        "seed_set": 3,
        "test_error_rate": 53.38196286472148,
        "test_macro_f1": 0.4104528046146401,
        "test_ece": 0.4427723599800381,
        "test_per_class_f1": [
          0.36220472440944884,
          0.6813725490196079,
          0.49732620320855614,
          0.05555555555555555,
          0.47368421052631576,
          0.26146788990825687,
          0.09876543209876543,
          0.5355191256830601,
          0.7281795511221946
        ],
        "dev_error_rate": 55.54123711340206,
        "dev_macro_f1": 0.40091440277178786,
        "dev_ece": 0.45471266756967177,
        "stopping_strategy": "baseline",
        "phase1_seed_strategy": "last",
        "phase1_best_epoch": null,
        "lambda1_mean": 1.0617322902396529,
        "lambda1_std": 0.14739790064814817,
        "lambda2_mean": 0.453767216695966,
        "lambda2_std": 0.12318235929993088
      }
    },
    {
      "number": 5,
      "state": "COMPLETE",
      "params": {
        "lr": 1.8897358594712462e-05,
        "batch_size": 16,
        "cotrain_epochs": 11,
        "finetune_patience": 5,