{
  "event": "hurricane_irma_2017",
  "budget": 5,
  "seed_set": 1,
  "test_error_rate": 71.48227712137486,
  "test_macro_f1": 0.2511460627822449,
  "test_ece": 0.23056837821941498,
  "test_per_class_f1": [
    0.3493975903614458,
    0.0,
    0.0,
    0.4041095890410959,
    0.2739018087855297,
    0.28635346756152125,
    0.1702127659574468,
    0.3365487674169346,
    0.4397905759162304
  ],
  "dev_error_rate": 72.02505219206681,
  "dev_macro_f1": 0.23903761051498545,
  "dev_ece": 0.24395811976184428
}