{
  "event": "hurricane_harvey_2017",
  "budget": 5,
  "seed_set": 1,
  "test_error_rate": 78.78116343490305,
  "test_macro_f1": 0.16198397955963248,
  "test_ece": 0.1584897002685103,
  "test_per_class_f1": [
    0.2297872340425532,
    0.1744186046511628,
    0.20363636363636364,
    0.21978021978021978,
    0.13071895424836602,
    0.016666666666666666,
    0.10526315789473684,
    0.36319612590799033,
    0.014388489208633094
  ],
  "dev_error_rate": 79.54790096878364,
  "dev_macro_f1": 0.15120270735813338,
  "dev_ece": 0.1656798150618957,
  "stopping_strategy": "baseline",
  "phase1_seed_strategy": "last",
  "phase1_best_epoch": null,
  "lambda1_mean": 0.3939829787759853,
  "lambda1_std": 0.07364304404188614,
  "lambda2_mean": 0.13158435125987475,
  "lambda2_std": 0.021420383608073287
}