{
  "event": "kaikoura_earthquake_2016",
  "budget": 5,
  "seed_set": 3,
  "test_error_rate": 79.08045977011494,
  "test_macro_f1": 0.0699045893631342,
  "test_ece": 0.08190532775445916,
  "test_per_class_f1": [
    0.31313131313131315,
    0.0,
    0.28426395939086296,
    0.0,
    0.0,
    0.031746031746031744,
    0.0,
    0.0,
    0.0
  ],
  "dev_error_rate": 79.46428571428572,
  "dev_macro_f1": 0.06410459003613456,
  "dev_ece": 0.08417637050817053
}