{
  "event": "hurricane_florence_2018",
  "budget": 10,
  "seed_set": 1,
  "test_error_rate": 22.643029814665596,
  "test_macro_f1": 0.6906338363290426,
  "test_ece": 0.2624934900440966,
  "test_per_class_f1": [
    0.776,
    0.8248175182481752,
    0.6564885496183206,
    0.926829268292683,
    0.8207547169811321,
    0.4375,
    0.07142857142857142,
    0.8734835355285961,
    0.8284023668639053
  ],
  "dev_error_rate": 23.63067292644757,
  "dev_macro_f1": 0.6853387824537223,
  "dev_ece": 0.25411610946595575,
  "stopping_strategy": "baseline",
  "phase1_seed_strategy": "last",
  "phase1_best_epoch": null,
  "lambda1_mean": 0.9938458577437325,
  "lambda1_std": 0.2937110711049326,
  "lambda2_mean": 0.098253860983662,
  "lambda2_std": 0.07896460305608913
}