{
  "event": "hurricane_harvey_2017",
  "budget": 10,
  "seed_set": 3,
  "test_error_rate": 82.4376731301939,
  "test_macro_f1": 0.14092767772688697,
  "test_ece": 0.16703121667918736,
  "test_per_class_f1": [
    0.5027932960893855,
    0.054474708171206226,
    0.30903790087463556,
    0.0,
    0.0,
    0.27341772151898736,
    0.12862547288776796,
    0.0,
    0.0
  ],
  "dev_error_rate": 81.70075349838535,
  "dev_macro_f1": 0.1447505275532143,
  "dev_ece": 0.16245931754263665
}