{
  "event": "hurricane_harvey_2017",
  "budget": 5,
  "seed_set": 2,
  "status": "done",
  "best_params": {
    "lr": 0.0001311992891756042,
    "batch_size": 16,
    "cotrain_epochs": 7,
    "finetune_patience": 6,
    "weight_decay": 0.023048065681726817,
    "warmup_ratio": 0.09934643516330988
  },
  "best_value": 0.405089,
  "best_full_metrics": {
    "event": "hurricane_harvey_2017",
    "budget": 5,
    "seed_set": 2,
    "test_error_rate": 64.81994459833795,
    "test_macro_f1": 0.36697531896237945,
    "test_ece": 0.39116616271374294,
    "test_per_class_f1": [
      0.34375,
      0.13551401869158877,
      0.4778761061946903,
      0.7972508591065293,
      0.168141592920354,
      0.06960556844547564,
      0.24362606232294617,
      0.37735849056603776,
      0.6896551724137931
    ],
    "dev_error_rate": 61.14101184068892,
    "dev_macro_f1": 0.40508894293557174,
    "dev_ece": 0.36778589816858237,
    "stopping_strategy": "baseline",
    "phase1_seed_strategy": "last",
    "phase1_best_epoch": null,
    "lambda1_mean": 1.0523731805351322,
    "lambda1_std": 0.16619780738638368,
    "lambda2_mean": 0.19240886368990698,
    "lambda2_std": 0.14682437703376786
  },
  "n_trials": 10,
  "continued_from": null,
  "trials": [
    {
      "number": 0,
      "state": "COMPLETE",
      "params": {
        "lr": 3.923879512247417e-05,
        "batch_size": 16,
        "cotrain_epochs": 15,
        "finetune_patience": 8,
        "weight_decay": 0.0037238944956448864,
        "warmup_ratio": 0.18045815562124765
      },
      "dev_macro_f1": 0.39403,
      "duration_seconds": 810.8,
      "full_metrics": {
        "event": "hurricane_harvey_2017",
        "budget": 5,
        "seed_set": 2,
        "test_error_rate": 62.38227146814405,
        "test_macro_f1": 0.3749763639447712,
        "test_ece": 0.5427835788918334,
        "test_per_class_f1": [
          0.37790697674418605,
          0.13227513227513227,
          0.5651376146788991,
          0.7712418300653595,
          0.19393939393939394,
          0.06862745098039216,
          0.2388888888888889,
          0.36474908200734396,
          0.662020905923345
        ],
        "dev_error_rate": 60.17222820236814,
        "dev_macro_f1": 0.39402989990288195,
        "dev_ece": 0.5159020575627573,
        "stopping_strategy": "baseline",
        "phase1_seed_strategy": "last",
        "phase1_best_epoch": null,
        "lambda1_mean": 1.0968667764661117,
        "lambda1_std": 0.1512899740131131,
        "lambda2_mean": 0.5906847660550122,
        "lambda2_std": 0.15152709633876696
      }
    },
    {
      "number": 1,
      "state": "COMPLETE",
      "params": {
        "lr": 0.00011905229423872564,
        "batch_size": 8,
        "cotrain_epochs": 20,
        "finetune_patience": 8,
        "weight_decay": 0.07780493375293021,
        "warmup_ratio": 0.2592438410810475
      },
      "dev_macro_f1": 0.026169,
      "duration_seconds": 1589.7,
      "full_metrics": {
        "event": "hurricane_harvey_2017",
        "budget": 5,
        "seed_set": 2,
        "test_error_rate": 86.64819944598338,
        "test_macro_f1": 0.026175735853155208,
        "test_ece": 0.4354256342322542,
        "test_per_class_f1": [
          0.0,
          0.0,
          0.23558162267839688,
          0.0,
          0.0,
          0.0,
          0.0,
          0.0,
          0.0
        ],
        "dev_error_rate": 86.65231431646933,
        "dev_macro_f1": 0.026168618761211355,
        "dev_ece": 0.43546678214078316,
        "stopping_strategy": "baseline",
        "phase1_seed_strategy": "last",
        "phase1_best_epoch": null,
        "lambda1_mean": 0.38063512322620197,
        "lambda1_std": 0.18680879649707005,
        "lambda2_mean": 0.03466375452951515,
        "lambda2_std": 0.0602261331888421
      }
    },
    {
      "number": 2,
      "state": "COMPLETE",
      "params": {
        "lr": 0.0005983637515967331,
        "batch_size": 64,
        "cotrain_epochs": 13,
        "finetune_patience": 4,
        "weight_decay": 0.09447796765221907,
        "warmup_ratio": 0.03785021691156457
      },
      "dev_macro_f1": 0.007846,
      "duration_seconds": 548.7,
      "full_metrics": {
        "event": "hurricane_harvey_2017",
        "budget": 5,
        "seed_set": 2,
        "test_error_rate": 96.34349030470915,
        "test_macro_f1": 0.007838945305540709,
        "test_ece": 0.3620077620087568,
        "test_per_class_f1": [
          0.0,
          0.0,
          0.0,
          0.0,
          0.0,
          0.0,
          0.07055050774986638,
          0.0,
          0.0
        ],
        "dev_error_rate": 96.34015069967707,
        "dev_macro_f1": 0.007845852082612207,
        "dev_ece": 0.3619743680222556,
        "stopping_strategy": "baseline",
        "phase1_seed_strategy": "last",
        "phase1_best_epoch": null,
        "lambda1_mean": 0.22491289981082527,
        "lambda1_std": 0.15797702488729568,
        "lambda2_mean": 0.10490184292687164,
        "lambda2_std": 0.0933416344557951
      }
    },
    {
      "number": 3,
      "state": "COMPLETE",
      "params": {
        "lr": 1.8039848764992905e-05,
        "batch_size": 32,
        "cotrain_epochs": 10,
        "finetune_patience": 5,
        "weight_decay": 0.05620148821345459,
        "warmup_ratio": 0.11258561367440464
      },
      "dev_macro_f1": 0.388063,
      "duration_seconds": 493.0,
      "full_metrics": {
        "event": "hurricane_harvey_2017",
        "budget": 5,
        "seed_set": 2,
        "test_error_rate": 60.94182825484764,
        "test_macro_f1": 0.38057710644329307,
        "test_ece": 0.5366148719166784,
        "test_per_class_f1": [
          0.39296187683284456,
          0.12607449856733524,
          0.5437956204379562,
          0.7677419354838709,
          0.20915032679738563,
          0.05970149253731343,
          0.2571428571428571,
          0.41570438799076215,
          0.6529209621993127
        ],
        "dev_error_rate": 59.41872981700753,
        "dev_macro_f1": 0.388063156321375,
        "dev_ece": 0.515223164123406,
        "stopping_strategy": "baseline",
        "phase1_seed_strategy": "last",
        "phase1_best_epoch": null,
        "lambda1_mean": 1.061621028091559,
        "lambda1_std": 0.17654627983694196,
        "lambda2_mean": 0.48438972234413835,
        "lambda2_std": 0.14811244295406206
      }
    },
    {
      "number": 4,
      "state": "COMPLETE",
      "params": {
        "lr": 0.0001125088241670585,
        "batch_size": 64,
        "cotrain_epochs": 16,
        "finetune_patience": 10,
        "weight_decay": 0.022974652262582364,
        "warmup_ratio": 0.0988860899842426
      },
      "dev_macro_f1": 0.401899,
      "duration_seconds": 672.6,
      "full_metrics": {
        "event": "hurricane_harvey_2017",
        "budget": 5,
        "seed_set": 2,
        "test_error_rate": 64.15512465373962,
        "test_macro_f1": 0.37359916647820973,
        "test_ece": 0.1738888150849831,
        "test_per_class_f1": [
          0.3516483516483517,
          0.181360201511335,
          0.5227722772277228,
          0.7452229299363057,
          0.19289340101522842,
          0.11086474501108648,
          0.2413793103448276,
          0.3263288009888752,
          0.689922480620155
        ],
        "dev_error_rate": 61.03336921420883,
        "dev_macro_f1": 0.40189858869198547,
        "dev_ece": 0.14189310225911753,
        "stopping_strategy": "baseline",
        "phase1_seed_strategy": "last",
        "phase1_best_epoch": null,
        "lambda1_mean": 1.1096235996053796,
        "lambda1_std": 0.0983662723136488,
        "lambda2_mean": 0.025308850546488466,
        "lambda2_std": 0.03201974156547308
      }
    },
    {
      "number": 5,
      "state": "COMPLETE",
      "params": {
        "lr": 0.0001311992891756042,
        "batch_size": 16,
        "cotrain_epochs": 7,
        "finetune_patience": 6,