{
  "event": "hurricane_florence_2018",
  "budget": 10,
  "seed_set": 3,
  "test_error_rate": 50.60435132957293,
  "test_macro_f1": 0.4578971914457577,
  "test_ece": 0.11943691898074292,
  "test_per_class_f1": [
    0.3081081081081081,
    0.5768194070080862,
    0.1862348178137652,
    0.6442953020134228,
    0.6766467065868264,
    0.18085106382978725,
    0.0916030534351145,
    0.6584867075664622,
    0.7980295566502463
  ],
  "dev_error_rate": 52.895148669796555,
  "dev_macro_f1": 0.4199262354852595,
  "dev_ece": 0.13613602812861053,
  "stopping_strategy": "baseline",
  "phase1_seed_strategy": "last",
  "phase1_best_epoch": null,
  "lambda1_mean": 0.6178708429382843,
  "lambda1_std": 0.1035934334909863,
  "lambda2_mean": 0.17046301761680102,
  "lambda2_std": 0.05915150920820704
}