{
  "event": "california_wildfires_2018",
  "budget": 25,
  "seed_set": 2,
  "test_error_rate": 27.378507871321013,
  "test_macro_f1": 0.6249405115837301,
  "test_ece": 0.13292089302518614,
  "test_per_class_f1": [
    0.43333333333333335,
    0.7528089887640449,
    0.5837837837837838,
    0.9069462647444299,
    0.6436781609195402,
    0.7005444646098004,
    0.36538461538461536,
    0.3181818181818182,
    0.8362235067437379,
    0.7085201793721974
  ],
  "dev_error_rate": 26.595744680851062,
  "dev_macro_f1": 0.6313607156622105,
  "dev_ece": 0.1398469777975945,
  "stopping_strategy": "baseline",
  "phase1_seed_strategy": "last",
  "phase1_best_epoch": null,
  "lambda1_mean": 0.9879910903189594,
  "lambda1_std": 0.28063489361888194,
  "lambda2_mean": 0.6004928218915754,
  "lambda2_std": 0.2311040132329314
}