{
  "event": "kaikoura_earthquake_2016",
  "budget": 50,
  "seed_set": 2,
  "test_error_rate": 28.04597701149425,
  "test_macro_f1": 0.6394918898681287,
  "test_ece": 0.09485108838684257,
  "test_per_class_f1": [
    0.6627218934911243,
    0.6,
    0.8656716417910447,
    0.9302325581395349,
    0.5227272727272727,
    0.3620689655172414,
    0.0,
    0.9069767441860465,
    0.9050279329608939
  ],
  "dev_error_rate": 25.44642857142857,
  "dev_macro_f1": 0.6713429878160869,
  "dev_ece": 0.11647700544978891,
  "stopping_strategy": "baseline",
  "phase1_seed_strategy": "last",
  "phase1_best_epoch": null,
  "lambda1_mean": 0.8074989041553787,
  "lambda1_std": 0.2785264158716724,
  "lambda2_mean": 0.2909995901053462,
  "lambda2_std": 0.15750748042947893
}