{
  "event": "cyclone_idai_2019",
  "budget": 25,
  "seed_set": 2,
  "test_error_rate": 34.78818998716303,
  "test_macro_f1": 0.4338159484961368,
  "test_ece": 0.08138247425351124,
  "test_per_class_f1": [
    0.34146341463414637,
    0.0,
    0.7189542483660131,
    0.8064516129032258,
    0.0,
    0.4,
    0.2184873949579832,
    0.2857142857142857,
    0.7526555386949925,
    0.8144329896907216
  ],
  "dev_error_rate": 35.66084788029925,
  "dev_macro_f1": 0.41377485880575504,
  "dev_ece": 0.09338827148785911,
  "stopping_strategy": "baseline",
  "phase1_seed_strategy": "last",
  "phase1_best_epoch": null,
  "lambda1_mean": 0.8822114979936347,
  "lambda1_std": 0.3556445091346034,
  "lambda2_mean": 0.3667364270750567,
  "lambda2_std": 0.2018841597998273
}