{
  "event": "kerala_floods_2018",
  "budget": 50,
  "seed_set": 1,
  "test_error_rate": 30.4677623261694,
  "test_macro_f1": 0.5634669490619009,
  "test_ece": 0.06465624806891498,
  "test_per_class_f1": [
    0.4375,
    0.21052631578947367,
    0.5522388059701493,
    0.8679245283018868,
    0.3888888888888889,
    0.4381443298969072,
    0.662020905923345,
    0.8257234726688103,
    0.6882352941176471
  ],
  "dev_error_rate": 28.37837837837838,
  "dev_macro_f1": 0.6036151199728161,
  "dev_ece": 0.06210033361243966,
  "stopping_strategy": "baseline",
  "phase1_seed_strategy": "last",
  "phase1_best_epoch": null,
  "lambda1_mean": 1.0164995641276222,
  "lambda1_std": 0.25294696653291776,
  "lambda2_mean": 0.5172486587346948,
  "lambda2_std": 0.19685885187618635
}