{
  "event": "hurricane_irma_2017",
  "budget": 50,
  "seed_set": 2,
  "test_error_rate": 31.847475832438242,
  "test_macro_f1": 0.6611655077344774,
  "test_ece": 0.12472172277538401,
  "test_per_class_f1": [
    0.6466165413533834,
    0.8537313432835821,
    0.8355437665782494,
    0.9210526315789473,
    0.5185185185185185,
    0.4627450980392157,
    0.3620689655172414,
    0.6700507614213198,
    0.680161943319838
  ],
  "dev_error_rate": 30.167014613778708,
  "dev_macro_f1": 0.6744675461236095,
  "dev_ece": 0.1144335908904703,
  "stopping_strategy": "baseline",
  "phase1_seed_strategy": "last",
  "phase1_best_epoch": null,
  "lambda1_mean": 0.9034329473539593,
  "lambda1_std": 0.3037999961178067,
  "lambda2_mean": 0.5553322330870282,
  "lambda2_std": 0.31333547863085726
}