{
  "event": "hurricane_florence_2018",
  "budget": 5,
  "seed_set": 1,
  "status": "done",
  "best_params": {
    "lr": 0.0002495717752889258,
    "batch_size": 64,
    "cotrain_epochs": 6,
    "finetune_patience": 8,
    "weight_decay": 0.06543001463271686,
    "warmup_ratio": 0.09815318062387456
  },
  "best_value": 0.664159,
  "best_full_metrics": {
    "event": "hurricane_florence_2018",
    "budget": 5,
    "seed_set": 1,
    "test_error_rate": 26.430298146655918,
    "test_macro_f1": 0.6506153085202011,
    "test_ece": 0.11028800956382567,
    "test_per_class_f1": [
      0.7234927234927235,
      0.8083623693379791,
      0.6153846153846154,
      0.8721804511278195,
      0.8206388206388207,
      0.35772357723577236,
      0.0,
      0.8282097649186256,
      0.8295454545454546
    ],
    "dev_error_rate": 26.291079812206576,
    "dev_macro_f1": 0.6641593591267776,
    "dev_ece": 0.1061863851192785,
    "stopping_strategy": "baseline",
    "phase1_seed_strategy": "last",
    "phase1_best_epoch": null,
    "lambda1_mean": 1.0000826467168702,
    "lambda1_std": 0.2876837227414512,
    "lambda2_mean": 0.4406353860444653,
    "lambda2_std": 0.20997708740200022
  },
  "n_trials": 10,
  "continued_from": null,
  "trials": [
    {
      "number": 0,
      "state": "COMPLETE",
      "params": {
        "lr": 9.545563624086637e-05,
        "batch_size": 16,
        "cotrain_epochs": 11,
        "finetune_patience": 8,
        "weight_decay": 0.020527979139597363,
        "warmup_ratio": 0.11017030577915551
      },
      "dev_macro_f1": 0.633701,
      "duration_seconds": 426.3,
      "full_metrics": {
        "event": "hurricane_florence_2018",
        "budget": 5,
        "seed_set": 1,
        "test_error_rate": 24.818694601128122,
        "test_macro_f1": 0.6455061868580424,
        "test_ece": 0.19110371449798663,
        "test_per_class_f1": [
          0.7279693486590039,
          0.8074074074074075,
          0.5913978494623656,
          0.9026548672566371,
          0.8341463414634146,
          0.28426395939086296,
          0.0,
          0.8719723183391004,
          0.7897435897435897
        ],
        "dev_error_rate": 26.447574334898285,
        "dev_macro_f1": 0.6337011870762388,
        "dev_ece": 0.1780493696437382,
        "stopping_strategy": "baseline",
        "phase1_seed_strategy": "last",
        "phase1_best_epoch": null,
        "lambda1_mean": 0.3756423281023716,
        "lambda1_std": 0.11317415599415022,
        "lambda2_mean": 0.5676545245412321,
        "lambda2_std": 0.16594680867272968
      }
    },
    {
      "number": 1,
      "state": "COMPLETE",
      "params": {
        "lr": 2.5921602299223596e-05,
        "batch_size": 32,
        "cotrain_epochs": 7,
        "finetune_patience": 7,
        "weight_decay": 0.08884940212495929,
        "warmup_ratio": 0.28474044527157916
      },
      "dev_macro_f1": 0.653649,
      "duration_seconds": 278.4,
      "full_metrics": {
        "event": "hurricane_florence_2018",
        "budget": 5,
        "seed_set": 1,
        "test_error_rate": 22.401289282836423,
        "test_macro_f1": 0.6645377070077014,
        "test_ece": 0.12781371931507157,
        "test_per_class_f1": [
          0.7504835589941973,
          0.8239700374531835,
          0.6086956521739131,
          0.9243697478991597,
          0.8533333333333334,
          0.30434782608695654,
          0.0,
          0.8752136752136752,
          0.8404255319148937
        ],
        "dev_error_rate": 23.004694835680752,
        "dev_macro_f1": 0.6536489022417006,
        "dev_ece": 0.122849981409843,
        "stopping_strategy": "baseline",
        "phase1_seed_strategy": "last",
        "phase1_best_epoch": null,
        "lambda1_mean": 1.0009443272237255,
        "lambda1_std": 0.23006708471091913,
        "lambda2_mean": 0.3835511424483413,
        "lambda2_std": 0.1444767950096166
      }
    },
    {
      "number": 2,
      "state": "COMPLETE",
      "params": {
        "lr": 0.0002223936181069578,
        "batch_size": 8,
        "cotrain_epochs": 15,
        "finetune_patience": 6,
        "weight_decay": 0.028545143135847717,
        "warmup_ratio": 0.0014817394398230154
      },
      "dev_macro_f1": 0.042475,
      "duration_seconds": 830.3,
      "full_metrics": {
        "event": "hurricane_florence_2018",
        "budget": 5,
        "seed_set": 1,
        "test_error_rate": 76.39000805801773,
        "test_macro_f1": 0.042445313631754314,
        "test_ece": 0.1759200845631162,
        "test_per_class_f1": [
          0.0,
          0.0,
          0.0,
          0.0,
          0.0,
          0.0,
          0.0,
          0.3820078226857888,
          0.0
        ],
        "dev_error_rate": 76.36932707355243,
        "dev_macro_f1": 0.04247538677918425,
        "dev_ece": 0.17571327510014387,
        "stopping_strategy": "baseline",
        "phase1_seed_strategy": "last",
        "phase1_best_epoch": null,
        "lambda1_mean": 0.24300367592636532,
        "lambda1_std": 0.15588379233614927,
        "lambda2_mean": 0.14288448047983862,
        "lambda2_std": 0.11250953920928547
      }
    },
    {
      "number": 3,
      "state": "COMPLETE",
      "params": {
        "lr": 0.00010050496432373717,
        "batch_size": 16,
        "cotrain_epochs": 5,
        "finetune_patience": 7,
        "weight_decay": 0.01885006211246444,
        "warmup_ratio": 0.16417672308339926
      },
      "dev_macro_f1": 0.654071,
      "duration_seconds": 249.4,
      "full_metrics": {
        "event": "hurricane_florence_2018",
        "budget": 5,
        "seed_set": 1,
        "test_error_rate": 28.041901692183725,
        "test_macro_f1": 0.6414024721614102,
        "test_ece": 0.24741677893063024,
        "test_per_class_f1": [
          0.7157057654075547,
          0.7719298245614035,
          0.5668449197860963,
          0.9217391304347826,
          0.7958656330749354,
          0.3076923076923077,
          0.09090909090909091,
          0.8357664233576643,
          0.7661691542288557
        ],
        "dev_error_rate": 28.012519561815342,
        "dev_macro_f1": 0.6540710113212993,
        "dev_ece": 0.2406861574064025,
        "stopping_strategy": "baseline",
        "phase1_seed_strategy": "last",
        "phase1_best_epoch": null,
        "lambda1_mean": 0.20942662193524192,
        "lambda1_std": 0.06444856863728503,
        "lambda2_mean": 0.42353428420275346,
        "lambda2_std": 0.1562365291549087
      }
    },
    {
      "number": 4,
      "state": "COMPLETE",
      "params": {
        "lr": 1.111176608563296e-05,
        "batch_size": 16,
        "cotrain_epochs": 9,
        "finetune_patience": 9,
        "weight_decay": 0.0658346441686488,
        "warmup_ratio": 0.2421791555883348
      },
      "dev_macro_f1": 0.650758,
      "duration_seconds": 386.1,
      "full_metrics": {
        "event": "hurricane_florence_2018",
        "budget": 5,
        "seed_set": 1,
        "test_error_rate": 23.126510878323934,
        "test_macro_f1": 0.6533094130012702,
        "test_ece": 0.13488501608131587,
        "test_per_class_f1": [
          0.7523629489603024,
          0.7956989247311828,
          0.6057142857142858,
          0.9166666666666666,
          0.8681818181818182,
          0.2558139534883721,
          0.0,
          0.8661971830985915,
          0.8191489361702128
        ],
        "dev_error_rate": 22.691705790297345,
        "dev_macro_f1": 0.6507582744675813,
        "dev_ece": 0.13664067001409935,
        "stopping_strategy": "baseline",
        "phase1_seed_strategy": "last",
        "phase1_best_epoch": null,
        "lambda1_mean": 1.0047123566878486,
        "lambda1_std": 0.2430549358763799,
        "lambda2_mean": 0.4072142631955289,
        "lambda2_std": 0.14359045133068402
      }
    },
    {
      "number": 5,
      "state": "COMPLETE",
      "params": {
        "lr": 0.00037258030019356436,
        "batch_size": 16,
        "cotrain_epochs": 15,