{
  "event": "hurricane_maria_2017",
  "budget": 5,
  "seed_set": 3,
  "status": "done",
  "best_params": {
    "lr": 0.00029757758318414197,
    "batch_size": 64,
    "cotrain_epochs": 15,
    "finetune_patience": 10,
    "weight_decay": 0.02836073155444978,
    "warmup_ratio": 0.26539556021443833
  },
  "best_value": 0.475317,
  "best_full_metrics": {
    "event": "hurricane_maria_2017",
    "budget": 5,
    "seed_set": 3,
    "test_error_rate": 52.35783633841886,
    "test_macro_f1": 0.43932332335776886,
    "test_ece": 0.07903397744637747,
    "test_per_class_f1": [
      0.32160804020100503,
      0.19642857142857142,
      0.5393258426966292,
      0.7027027027027027,
      0.18518518518518517,
      0.27708703374777977,
      0.5017667844522968,
      0.6338461538461538,
      0.5959595959595959
    ],
    "dev_error_rate": 48.38274932614556,
    "dev_macro_f1": 0.47531741711411574,
    "dev_ece": 0.06391545768696666,
    "stopping_strategy": "baseline",
    "phase1_seed_strategy": "last",
    "phase1_best_epoch": null,
    "lambda1_mean": 0.5254823598842632,
    "lambda1_std": 0.18685701830486542,
    "lambda2_mean": 0.4961581580451957,
    "lambda2_std": 0.18200057775262177
  },
  "n_trials": 10,
  "continued_from": null,
  "trials": [
    {
      "number": 0,
      "state": "COMPLETE",
      "params": {
        "lr": 0.00029757758318414197,
        "batch_size": 64,
        "cotrain_epochs": 15,
        "finetune_patience": 10,
        "weight_decay": 0.02836073155444978,
        "warmup_ratio": 0.26539556021443833
      },
      "dev_macro_f1": 0.475317,
      "duration_seconds": 1178.8,
      "full_metrics": {
        "event": "hurricane_maria_2017",
        "budget": 5,
        "seed_set": 3,
        "test_error_rate": 52.35783633841886,
        "test_macro_f1": 0.43932332335776886,
        "test_ece": 0.07903397744637747,
        "test_per_class_f1": [
          0.32160804020100503,
          0.19642857142857142,
          0.5393258426966292,
          0.7027027027027027,
          0.18518518518518517,
          0.27708703374777977,
          0.5017667844522968,
          0.6338461538461538,
          0.5959595959595959
        ],
        "dev_error_rate": 48.38274932614556,
        "dev_macro_f1": 0.47531741711411574,
        "dev_ece": 0.06391545768696666,
        "stopping_strategy": "baseline",
        "phase1_seed_strategy": "last",
        "phase1_best_epoch": null,
        "lambda1_mean": 0.5254823598842632,
        "lambda1_std": 0.18685701830486542,
        "lambda2_mean": 0.4961581580451957,
        "lambda2_std": 0.18200057775262177
      }
    },
    {
      "number": 1,
      "state": "COMPLETE",
      "params": {
        "lr": 0.00019627176409993196,
        "batch_size": 8,
        "cotrain_epochs": 13,
        "finetune_patience": 8,
        "weight_decay": 0.0839280258188365,
        "warmup_ratio": 0.210905280325854
      },
      "dev_macro_f1": 0.036327,
      "duration_seconds": 1479.3,
      "full_metrics": {
        "event": "hurricane_maria_2017",
        "budget": 5,
        "seed_set": 3,
        "test_error_rate": 80.37447988904299,
        "test_macro_f1": 0.0364573268921095,
        "test_ece": 0.151432510036536,
        "test_per_class_f1": [
          0.0,
          0.0,
          0.32811594202898553,
          0.0,
          0.0,
          0.0,
          0.0,
          0.0,
          0.0
        ],
        "dev_error_rate": 80.45822102425876,
        "dev_macro_f1": 0.03632719528999123,
        "dev_ece": 0.15226992085134247,
        "stopping_strategy": "baseline",
        "phase1_seed_strategy": "last",
        "phase1_best_epoch": null,
        "lambda1_mean": 0.5636828250789391,
        "lambda1_std": 0.17832735363207056,
        "lambda2_mean": 0.08485148802474905,
        "lambda2_std": 0.06814983737333503
      }
    },
    {
      "number": 2,
      "state": "COMPLETE",
      "params": {
        "lr": 3.8531729157915946e-05,
        "batch_size": 16,
        "cotrain_epochs": 13,
        "finetune_patience": 9,
        "weight_decay": 0.05228523273651556,
        "warmup_ratio": 0.0029070404629999436
      },
      "dev_macro_f1": 0.460291,
      "duration_seconds": 1280.7,
      "full_metrics": {
        "event": "hurricane_maria_2017",
        "budget": 5,
        "seed_set": 3,
        "test_error_rate": 49.30651872399445,
        "test_macro_f1": 0.4721185915183488,
        "test_ece": 0.40048987053634394,
        "test_per_class_f1": [
          0.41509433962264153,
          0.1984732824427481,
          0.5802919708029197,
          0.6385542168674698,
          0.25263157894736843,
          0.35347432024169184,
          0.518796992481203,
          0.637904468412943,
          0.6538461538461539
        ],
        "dev_error_rate": 49.056603773584904,
        "dev_macro_f1": 0.46029059464246824,
        "dev_ece": 0.40672800607597737,
        "stopping_strategy": "baseline",
        "phase1_seed_strategy": "last",
        "phase1_best_epoch": null,
        "lambda1_mean": 1.1174188362067545,
        "lambda1_std": 0.1275227986665649,
        "lambda2_mean": 0.629951591376449,
        "lambda2_std": 0.12304820855002879
      }
    },
    {
      "number": 3,
      "state": "COMPLETE",
      "params": {
        "lr": 2.6954547810459036e-05,
        "batch_size": 32,
        "cotrain_epochs": 15,
        "finetune_patience": 9,
        "weight_decay": 0.03664870839184111,
        "warmup_ratio": 0.1020183213156822
      },
      "dev_macro_f1": 0.454862,
      "duration_seconds": 1312.1,
      "full_metrics": {
        "event": "hurricane_maria_2017",
        "budget": 5,
        "seed_set": 3,
        "test_error_rate": 50.069348127600556,
        "test_macro_f1": 0.460436827806227,
        "test_ece": 0.4290965778363065,
        "test_per_class_f1": [
          0.4049079754601227,
          0.21374045801526717,
          0.579136690647482,
          0.6711409395973155,
          0.16216216216216217,
          0.3387334315169367,
          0.5310344827586206,
          0.6322378716744914,
          0.6108374384236454
        ],
        "dev_error_rate": 49.73045822102426,
        "dev_macro_f1": 0.45486234916110746,
        "dev_ece": 0.42558414824407376,
        "stopping_strategy": "baseline",
        "phase1_seed_strategy": "last",
        "phase1_best_epoch": null,
        "lambda1_mean": 1.0821311897011079,
        "lambda1_std": 0.19246253174840608,
        "lambda2_mean": 0.5647213481129836,
        "lambda2_std": 0.15062131827729813
      }
    },
    {
      "number": 4,
      "state": "COMPLETE",
      "params": {
        "lr": 2.444781049108721e-05,
        "batch_size": 16,
        "cotrain_epochs": 16,
        "finetune_patience": 8,
        "weight_decay": 0.06474720456077755,
        "warmup_ratio": 0.1379606516379065
      },
      "dev_macro_f1": 0.457749,
      "duration_seconds": 1553.7,
      "full_metrics": {
        "event": "hurricane_maria_2017",
        "budget": 5,
        "seed_set": 3,
        "test_error_rate": 51.3869625520111,
        "test_macro_f1": 0.45556458115204396,
        "test_ece": 0.4206172382864641,
        "test_per_class_f1": [
          0.3728813559322034,
          0.16766467065868262,
          0.5714285714285714,
          0.6666666666666666,
          0.23008849557522124,
          0.30618892508143325,
          0.518796992481203,
          0.6419753086419753,
          0.624390243902439
        ],
        "dev_error_rate": 50.13477088948788,
        "dev_macro_f1": 0.4577492024474442,
        "dev_ece": 0.4148202659386509,
        "stopping_strategy": "baseline",
        "phase1_seed_strategy": "last",
        "phase1_best_epoch": null,
        "lambda1_mean": 1.0907677436952334,
        "lambda1_std": 0.17114896452639858,
        "lambda2_mean": 0.5766138257823956,
        "lambda2_std": 0.15143379331175946
      }
    },
    {
      "number": 5,
      "state": "COMPLETE",
      "params": {
        "lr": 5.424009067442294e-05,