{
  "event": "california_wildfires_2018",
  "budget": 5,
  "seed_set": 2,
  "test_error_rate": 78.3025325119781,
  "test_macro_f1": 0.21352627661915574,
  "test_ece": 0.311026076995943,
  "test_per_class_f1": [
    0.13138686131386862,
    0.06818181818181818,
    0.21301775147928995,
    0.0,
    0.0862533692722372,
    0.33773087071240104,
    0.0,
    0.11009174311926606,
    0.484375,
    0.704225352112676
  ],
  "dev_error_rate": 78.19148936170212,
  "dev_macro_f1": 0.2225139781638606,
  "dev_ece": 0.3047845206877336,
  "stopping_strategy": "baseline",
  "phase1_seed_strategy": "last",
  "phase1_best_epoch": null,
  "lambda1_mean": 0.49825108674920693,
  "lambda1_std": 0.15412625671535035,
  "lambda2_mean": 0.1521886573161777,
  "lambda2_std": 0.054325109102016926
}