{
  "event": "california_wildfires_2018",
  "budget": 25,
  "seed_set": 3,
  "test_error_rate": 28.131416837782343,
  "test_macro_f1": 0.596397931089173,
  "test_ece": 0.15755907694498697,
  "test_per_class_f1": [
    0.5625,
    0.7486033519553073,
    0.5236051502145923,
    0.9112271540469974,
    0.7058823529411765,
    0.667910447761194,
    0.2876712328767123,
    0.0,
    0.8422939068100358,
    0.7142857142857143
  ],
  "dev_error_rate": 27.127659574468087,
  "dev_macro_f1": 0.5892171399933772,
  "dev_ece": 0.15636688324206682,
  "stopping_strategy": "baseline",
  "phase1_seed_strategy": "last",
  "phase1_best_epoch": null,
  "lambda1_mean": 0.9897229493538163,
  "lambda1_std": 0.30706575258417357,
  "lambda2_mean": 0.49038179626389,
  "lambda2_std": 0.20468866977533537
}