class_label,caution_and_advice,displaced_people_and_evacuations,infrastructure_and_utility_damage,injured_or_dead_people,not_humanitarian,other_relevant_information,requests_or_urgent_needs,rescue_volunteering_or_donation_effort,sympathy_and_support
caution_and_advice,0.6898550724637681,0.02608695652173913,0.02608695652173913,0.0,0.02608695652173913,0.22028985507246376,0.0,0.002898550724637681,0.008695652173913044
displaced_people_and_evacuations,0.11475409836065574,0.8688524590163934,0.0,0.0,0.0,0.01639344262295082,0.0,0.0,0.0
infrastructure_and_utility_damage,0.027522935779816515,0.009174311926605505,0.908256880733945,0.0045871559633027525,0.027522935779816515,0.013761467889908258,0.0,0.0,0.009174311926605505
injured_or_dead_people,0.0,0.0,0.0410958904109589,0.958904109589041,0.0,0.0,0.0,0.0,0.0
not_humanitarian,0.15286624203821655,0.012738853503184714,0.08917197452229299,0.006369426751592357,0.5923566878980892,0.08280254777070063,0.006369426751592357,0.006369426751592357,0.050955414012738856
other_relevant_information,0.16972477064220184,0.0,0.17889908256880735,0.0045871559633027525,0.23394495412844038,0.3486238532110092,0.0045871559633027525,0.009174311926605505,0.05045871559633028
requests_or_urgent_needs,0.23529411764705882,0.0,0.0,0.0,0.23529411764705882,0.0,0.35294117647058826,0.17647058823529413,0.0
rescue_volunteering_or_donation_effort,0.027586206896551724,0.05517241379310345,0.041379310344827586,0.013793103448275862,0.06206896551724138,0.041379310344827586,0.013793103448275862,0.7310344827586207,0.013793103448275862
sympathy_and_support,0.076158940397351,0.0,0.016556291390728478,0.0033112582781456954,0.019867549668874173,0.006622516556291391,0.0,0.006622516556291391,0.8708609271523179
