{
  "event": "california_wildfires_2018",
  "budget": 50,
  "seed_set": 2,
  "test_error_rate": 39.767282683093775,
  "test_macro_f1": 0.5418350283608099,
  "test_ece": 0.17572919772472548,
  "test_per_class_f1": [
    0.33663366336633666,
    0.6214689265536724,
    0.4930232558139535,
    0.7701863354037267,
    0.42857142857142855,
    0.47029702970297027,
    0.44356435643564357,
    0.3076923076923077,
    0.7768595041322314,
    0.7700534759358288
  ],
  "dev_error_rate": 43.08510638297872,
  "dev_macro_f1": 0.5244582064565189,
  "dev_ece": 0.20234595591876098
}