{
  "event": "kerala_floods_2018",
  "budget": 50,
  "seed_set": 1,
  "status": "done",
  "best_params": {
    "lr": 4.999404713129578e-05,
    "batch_size": 16,
    "cotrain_epochs": 7,
    "finetune_patience": 8,
    "weight_decay": 0.03972616853843961,
    "warmup_ratio": 0.0051020557403945845
  },
  "best_value": 0.609427,
  "best_full_metrics": {
    "event": "kerala_floods_2018",
    "budget": 50,
    "seed_set": 1,
    "test_error_rate": 33.56510745891277,
    "test_macro_f1": 0.5374546411616252,
    "test_ece": 0.064367903912188,
    "test_per_class_f1": [
      0.45714285714285713,
      0.16666666666666666,
      0.4888888888888889,
      0.864516129032258,
      0.2978723404255319,
      0.46261682242990654,
      0.6275862068965518,
      0.7920265780730897,
      0.6797752808988764
    ],
    "dev_error_rate": 30.466830466830462,
    "dev_macro_f1": 0.6094265932770251,
    "dev_ece": 0.05050980056240166,
    "stopping_strategy": "baseline",
    "phase1_seed_strategy": "last",
    "phase1_best_epoch": null,
    "lambda1_mean": 0.9807053727884975,
    "lambda1_std": 0.25892586699539977,
    "lambda2_mean": 0.6582894427866143,
    "lambda2_std": 0.2794840989417453
  },
  "n_trials": 10,
  "continued_from": null,
  "trials": [
    {
      "number": 0,
      "state": "COMPLETE",
      "params": {
        "lr": 0.0004454435870383904,
        "batch_size": 32,
        "cotrain_epochs": 12,
        "finetune_patience": 5,
        "weight_decay": 0.07421253948987701,
        "warmup_ratio": 0.19180639017836432
      },
      "dev_macro_f1": 0.077742,
      "duration_seconds": 492.8,
      "full_metrics": {
        "event": "kerala_floods_2018",
        "budget": 50,
        "seed_set": 1,
        "test_error_rate": 46.207332490518326,
        "test_macro_f1": 0.07772754258574234,
        "test_ece": 0.3284356614807915,
        "test_per_class_f1": [
          0.0,
          0.0,
          0.0,
          0.0,
          0.0,
          0.0,
          0.0,
          0.699547883271681,
          0.0
        ],
        "dev_error_rate": 46.1916461916462,
        "dev_macro_f1": 0.07774227902023428,
        "dev_ece": 0.3285925214794402,
        "stopping_strategy": "baseline",
        "phase1_seed_strategy": "last",
        "phase1_best_epoch": null,
        "lambda1_mean": 0.7064080505896061,
        "lambda1_std": 0.48322766917895105,
        "lambda2_mean": 0.3171300717781853,
        "lambda2_std": 0.2859324838806917
      }
    },
    {
      "number": 1,
      "state": "COMPLETE",
      "params": {
        "lr": 1.2229214806403407e-05,
        "batch_size": 64,
        "cotrain_epochs": 13,
        "finetune_patience": 5,
        "weight_decay": 0.049299201235977114,
        "warmup_ratio": 0.2057829384572535
      },
      "dev_macro_f1": 0.569356,
      "duration_seconds": 498.4,
      "full_metrics": {
        "event": "kerala_floods_2018",
        "budget": 50,
        "seed_set": 1,
        "test_error_rate": 35.018963337547405,
        "test_macro_f1": 0.4956439109352855,
        "test_ece": 0.07201916479544454,
        "test_per_class_f1": [
          0.3157894736842105,
          0.0,
          0.5352112676056338,
          0.7764705882352941,
          0.4,
          0.4095744680851064,
          0.5722543352601156,
          0.7794520547945205,
          0.6720430107526881
        ],
        "dev_error_rate": 33.292383292383285,
        "dev_macro_f1": 0.569355699795753,
        "dev_ece": 0.07080147054769484,
        "stopping_strategy": "baseline",
        "phase1_seed_strategy": "last",
        "phase1_best_epoch": null,
        "lambda1_mean": 0.8625370291700007,
        "lambda1_std": 0.34412019829068263,
        "lambda2_mean": 0.38729184689669255,
        "lambda2_std": 0.23101033495375206
      }
    },
    {
      "number": 2,
      "state": "COMPLETE",
      "params": {
        "lr": 0.00028668348481767335,
        "batch_size": 8,
        "cotrain_epochs": 9,
        "finetune_patience": 10,
        "weight_decay": 0.06343682184869069,
        "warmup_ratio": 0.13802617442773776
      },
      "dev_macro_f1": 0.077742,
      "duration_seconds": 683.2,
      "full_metrics": {
        "event": "kerala_floods_2018",
        "budget": 50,
        "seed_set": 1,
        "test_error_rate": 46.207332490518326,
        "test_macro_f1": 0.07772754258574234,
        "test_ece": 0.40985873497918945,
        "test_per_class_f1": [
          0.0,
          0.0,
          0.0,
          0.0,
          0.0,
          0.0,
          0.0,
          0.699547883271681,
          0.0
        ],
        "dev_error_rate": 46.1916461916462,
        "dev_macro_f1": 0.07774227902023428,
        "dev_ece": 0.4100155842465323,
        "stopping_strategy": "baseline",
        "phase1_seed_strategy": "last",
        "phase1_best_epoch": null,
        "lambda1_mean": 0.6755167469203507,
        "lambda1_std": 0.4765678156308846,
        "lambda2_mean": 0.28980728351711876,
        "lambda2_std": 0.2550819382197939
      }
    },
    {
      "number": 3,
      "state": "COMPLETE",
      "params": {
        "lr": 2.123872782861303e-05,
        "batch_size": 64,
        "cotrain_epochs": 9,
        "finetune_patience": 10,
        "weight_decay": 0.008580198948982144,
        "warmup_ratio": 0.1929428965424831
      },
      "dev_macro_f1": 0.600491,
      "duration_seconds": 393.9,
      "full_metrics": {
        "event": "kerala_floods_2018",
        "budget": 50,
        "seed_set": 1,
        "test_error_rate": 32.048040455120095,
        "test_macro_f1": 0.5459010237649954,
        "test_ece": 0.07704551746849767,
        "test_per_class_f1": [
          0.379746835443038,
          0.2222222222222222,
          0.5441176470588235,
          0.8343558282208589,
          0.4065934065934066,
          0.41081081081081083,
          0.61198738170347,
          0.8113831899404368,
          0.6918918918918919
        ],
        "dev_error_rate": 29.238329238329243,
        "dev_macro_f1": 0.6004912059085299,
        "dev_ece": 0.07033097150870565,
        "stopping_strategy": "baseline",
        "phase1_seed_strategy": "last",
        "phase1_best_epoch": null,
        "lambda1_mean": 0.8905471068420004,
        "lambda1_std": 0.32287019016825363,
        "lambda2_mean": 0.38944284958052533,
        "lambda2_std": 0.2149457950013472
      }
    },
    {
      "number": 4,
      "state": "COMPLETE",
      "params": {
        "lr": 4.2700327652613084e-05,
        "batch_size": 8,
        "cotrain_epochs": 5,
        "finetune_patience": 8,
        "weight_decay": 0.060625582509108246,
        "warmup_ratio": 0.06587980049286503
      },
      "dev_macro_f1": 0.59961,
      "duration_seconds": 437.6,
      "full_metrics": {
        "event": "kerala_floods_2018",
        "budget": 50,
        "seed_set": 1,
        "test_error_rate": 33.50189633375474,
        "test_macro_f1": 0.5417589459105321,
        "test_ece": 0.16903968289136584,
        "test_per_class_f1": [
          0.37777777777777777,
          0.2692307692307692,
          0.48226950354609927,
          0.8552631578947368,
          0.44,
          0.36827195467422097,
          0.6045016077170418,
          0.8023793787177792,
          0.6761363636363636
        ],
        "dev_error_rate": 31.081081081081084,
        "dev_macro_f1": 0.5996102569294874,
        "dev_ece": 0.15665091460694258,
        "stopping_strategy": "baseline",
        "phase1_seed_strategy": "last",
        "phase1_best_epoch": null,
        "lambda1_mean": 0.9237421563285393,
        "lambda1_std": 0.2989398396017211,
        "lambda2_mean": 0.5197309595714737,
        "lambda2_std": 0.2991986916480705
      }
    },
    {
      "number": 5,
      "state": "COMPLETE",
      "params": {
        "lr": 0.00022204933749472378,
        "batch_size": 32,
        "cotrain_epochs": 19,
        "finetune_patience": 10,
        "weight_decay": 0.052525587482594366,
        "warmup_ratio": 0.18815945890856534
      },