{
  "event": "kaikoura_earthquake_2016",
  "budget": 5,
  "seed_set": 3,
  "status": "done",
  "best_params": {
    "lr": 0.00011165856382035871,
    "batch_size": 32,
    "cotrain_epochs": 16,
    "finetune_patience": 8,
    "weight_decay": 0.09639857110098271,
    "warmup_ratio": 0.048230377243148666
  },
  "best_value": 0.45579,
  "best_full_metrics": {
    "event": "kaikoura_earthquake_2016",
    "budget": 5,
    "seed_set": 3,
    "test_error_rate": 44.59770114942528,
    "test_macro_f1": 0.45404795213346205,
    "test_ece": 0.3307818064744445,
    "test_per_class_f1": [
      0.68,
      0.3181818181818182,
      0.660377358490566,
      0.5555555555555556,
      0.0,
      0.37681159420289856,
      0.23809523809523808,
      0.4057971014492754,
      0.8516129032258064
    ],
    "dev_error_rate": 43.30357142857143,
    "dev_macro_f1": 0.45578996718237225,
    "dev_ece": 0.3105587759720428,
    "stopping_strategy": "baseline",
    "phase1_seed_strategy": "last",
    "phase1_best_epoch": null,
    "lambda1_mean": 1.0704029943277202,
    "lambda1_std": 0.20042410591274207,
    "lambda2_mean": 0.5808084304941492,
    "lambda2_std": 0.186201152949638
  },
  "n_trials": 10,
  "continued_from": null,
  "trials": [
    {
      "number": 0,
      "state": "COMPLETE",
      "params": {
        "lr": 0.00011165856382035871,
        "batch_size": 32,
        "cotrain_epochs": 16,
        "finetune_patience": 8,
        "weight_decay": 0.09639857110098271,
        "warmup_ratio": 0.048230377243148666
      },
      "dev_macro_f1": 0.45579,
      "duration_seconds": 422.5,
      "full_metrics": {
        "event": "kaikoura_earthquake_2016",
        "budget": 5,
        "seed_set": 3,
        "test_error_rate": 44.59770114942528,
        "test_macro_f1": 0.45404795213346205,
        "test_ece": 0.3307818064744445,
        "test_per_class_f1": [
          0.68,
          0.3181818181818182,
          0.660377358490566,
          0.5555555555555556,
          0.0,
          0.37681159420289856,
          0.23809523809523808,
          0.4057971014492754,
          0.8516129032258064
        ],
        "dev_error_rate": 43.30357142857143,
        "dev_macro_f1": 0.45578996718237225,
        "dev_ece": 0.3105587759720428,
        "stopping_strategy": "baseline",
        "phase1_seed_strategy": "last",
        "phase1_best_epoch": null,
        "lambda1_mean": 1.0704029943277202,
        "lambda1_std": 0.20042410591274207,
        "lambda2_mean": 0.5808084304941492,
        "lambda2_std": 0.186201152949638
      }
    },
    {
      "number": 1,
      "state": "COMPLETE",
      "params": {
        "lr": 1.0025281608559813e-05,
        "batch_size": 64,
        "cotrain_epochs": 14,
        "finetune_patience": 10,
        "weight_decay": 0.09366094684585703,
        "warmup_ratio": 0.07574735559989233
      },
      "dev_macro_f1": 0.423068,
      "duration_seconds": 343.1,
      "full_metrics": {
        "event": "kaikoura_earthquake_2016",
        "budget": 5,
        "seed_set": 3,
        "test_error_rate": 45.747126436781606,
        "test_macro_f1": 0.40610671791553293,
        "test_ece": 0.17165710004581805,
        "test_per_class_f1": [
          0.6513761467889908,
          0.0,
          0.6078431372549019,
          0.4050632911392405,
          0.0,
          0.3971631205673759,
          0.2857142857142857,
          0.44155844155844154,
          0.8662420382165605
        ],
        "dev_error_rate": 43.30357142857143,
        "dev_macro_f1": 0.42306758484482243,
        "dev_ece": 0.16734562215528317,
        "stopping_strategy": "baseline",
        "phase1_seed_strategy": "last",
        "phase1_best_epoch": null,
        "lambda1_mean": 0.6740107426403422,
        "lambda1_std": 0.26843938229581793,
        "lambda2_mean": 0.23516463094335233,
        "lambda2_std": 0.12554546066889696
      }
    },
    {
      "number": 2,
      "state": "COMPLETE",
      "params": {
        "lr": 0.00032873331833971033,
        "batch_size": 16,
        "cotrain_epochs": 12,
        "finetune_patience": 7,
        "weight_decay": 0.03303697789597611,
        "warmup_ratio": 0.07829731289679799
      },
      "dev_macro_f1": 0.040552,
      "duration_seconds": 357.1,
      "full_metrics": {
        "event": "kaikoura_earthquake_2016",
        "budget": 5,
        "seed_set": 3,
        "test_error_rate": 77.47126436781609,
        "test_macro_f1": 0.04085887012716281,
        "test_ece": 0.2446543407166141,
        "test_per_class_f1": [
          0.3677298311444653,
          0.0,
          0.0,
          0.0,
          0.0,
          0.0,
          0.0,
          0.0,
          0.0
        ],
        "dev_error_rate": 77.67857142857143,
        "dev_macro_f1": 0.040551500405515,
        "dev_ece": 0.24672741429614167,
        "stopping_strategy": "baseline",
        "phase1_seed_strategy": "last",
        "phase1_best_epoch": null,
        "lambda1_mean": 0.3039312842697688,
        "lambda1_std": 0.2043254848684328,
        "lambda2_mean": 0.0826071054905188,
        "lambda2_std": 0.08365663590479122
      }
    },
    {
      "number": 3,
      "state": "COMPLETE",
      "params": {
        "lr": 0.00022497766076197789,
        "batch_size": 64,
        "cotrain_epochs": 9,
        "finetune_patience": 8,
        "weight_decay": 0.09826818795001248,
        "warmup_ratio": 0.10035825710280884
      },
      "dev_macro_f1": 0.450271,
      "duration_seconds": 231.8,
      "full_metrics": {
        "event": "kaikoura_earthquake_2016",
        "budget": 5,
        "seed_set": 3,
        "test_error_rate": 44.367816091954026,
        "test_macro_f1": 0.4228862456103125,
        "test_ece": 0.2838735460549936,
        "test_per_class_f1": [
          0.6604651162790698,
          0.15384615384615385,
          0.6776859504132231,
          0.375,
          0.0,
          0.3728813559322034,
          0.22857142857142856,
          0.4444444444444444,
          0.8930817610062893
        ],
        "dev_error_rate": 40.625,
        "dev_macro_f1": 0.4502712768856311,
        "dev_ece": 0.27287790924310684,
        "stopping_strategy": "baseline",
        "phase1_seed_strategy": "last",
        "phase1_best_epoch": null,
        "lambda1_mean": 0.9493007551862486,
        "lambda1_std": 0.2880071029389585,
        "lambda2_mean": 0.42173933887946935,
        "lambda2_std": 0.2302054917871446
      }
    },
    {
      "number": 4,
      "state": "COMPLETE",
      "params": {
        "lr": 0.0007246327754635605,
        "batch_size": 16,
        "cotrain_epochs": 16,
        "finetune_patience": 4,
        "weight_decay": 0.04244057858130167,
        "warmup_ratio": 0.24981022124938576
      },
      "dev_macro_f1": 0.040552,
      "duration_seconds": 446.6,
      "full_metrics": {
        "event": "kaikoura_earthquake_2016",
        "budget": 5,
        "seed_set": 3,
        "test_error_rate": 77.47126436781609,
        "test_macro_f1": 0.04085887012716281,
        "test_ece": 0.4967329900840234,
        "test_per_class_f1": [
          0.3677298311444653,
          0.0,
          0.0,
          0.0,
          0.0,
          0.0,
          0.0,
          0.0,
          0.0
        ],
        "dev_error_rate": 77.67857142857143,
        "dev_macro_f1": 0.040551500405515,
        "dev_ece": 0.4988059997558594,
        "stopping_strategy": "baseline",
        "phase1_seed_strategy": "last",
        "phase1_best_epoch": null,
        "lambda1_mean": 0.3650209219746014,
        "lambda1_std": 0.35694696615885985,
        "lambda2_mean": 0.09324157889417109,
        "lambda2_std": 0.15140121487227662
      }
    },
    {
      "number": 5,
      "state": "COMPLETE",
      "params": {
        "lr": 0.00012763403271811468,
        "batch_size": 32,
        "cotrain_epochs": 14,
        "finetune_patience": 4,
        "weight_decay": 0.00228047195883625,
        "warmup_ratio": 0.20617513049808925
      },
      "dev_macro_f1": 0.429396,