{
  "event": "hurricane_dorian_2019",
  "budget": 25,
  "seed_set": 2,
  "test_error_rate": 50.46419098143235,
  "test_macro_f1": 0.4572272210911227,
  "test_ece": 0.26600042554680803,
  "test_per_class_f1": [
    0.5,
    0.8217522658610272,
    0.5131195335276968,
    0.08421052631578947,
    0.43843843843843844,
    0.36947791164658633,
    0.12598425196850394,
    0.6546546546546547,
    0.6074074074074074
  ],
  "dev_error_rate": 51.15979381443299,
  "dev_macro_f1": 0.4582364397961738,
  "dev_ece": 0.2643072602444703
}