{
  "event": "hurricane_irma_2017",
  "budget": 50,
  "seed_set": 2,
  "test_error_rate": 40.92373791621912,
  "test_macro_f1": 0.5672340933117206,
  "test_ece": 0.12513231514892056,
  "test_per_class_f1": [
    0.46994535519125685,
    0.7212121212121212,
    0.696078431372549,
    0.8991825613079019,
    0.3465346534653465,
    0.35572139303482586,
    0.31343283582089554,
    0.6552262090483619,
    0.6477732793522267
  ],
  "dev_error_rate": 38.51774530271399,
  "dev_macro_f1": 0.5918563805763317,
  "dev_ece": 0.09362580877629603
}