{
  "event": "hurricane_maria_2017",
  "budget": 10,
  "seed_set": 3,
  "test_error_rate": 29.542302357836338,
  "test_macro_f1": 0.6838553066710608,
  "test_ece": 0.16775269796051362,
  "test_per_class_f1": [
    0.6732673267326733,
    0.7246376811594203,
    0.8294314381270903,
    0.9421487603305785,
    0.4027777777777778,
    0.4574898785425101,
    0.6289752650176679,
    0.8124253285543608,
    0.6835443037974683
  ],
  "dev_error_rate": 29.24528301886793,
  "dev_macro_f1": 0.6858447279301302,
  "dev_ece": 0.16877056164240262,
  "stopping_strategy": "baseline",
  "phase1_seed_strategy": "last",
  "phase1_best_epoch": null,
  "lambda1_mean": 1.0309144210837564,
  "lambda1_std": 0.23618536365262774,
  "lambda2_mean": 0.4428015618948823,
  "lambda2_std": 0.1861816648580474
}