{
  "event": "cyclone_idai_2019",
  "budget": 10,
  "seed_set": 2,
  "test_error_rate": 39.79460847240052,
  "test_macro_f1": 0.32090071007534704,
  "test_ece": 0.11006696730737359,
  "test_per_class_f1": [
    0.0,
    0.037037037037037035,
    0.5301204819277109,
    0.6904761904761905,
    0.06060606060606061,
    0.24489795918367346,
    0.208,
    0.0,
    0.7876230661040787,
    0.6502463054187192
  ],
  "dev_error_rate": 42.892768079800504,
  "dev_macro_f1": 0.32562753399837396,
  "dev_ece": 0.09508162023420644,
  "stopping_strategy": "baseline",
  "phase1_seed_strategy": "last",
  "phase1_best_epoch": null,
  "lambda1_mean": 0.471439394974824,
  "lambda1_std": 0.11452487898972748,
  "lambda2_mean": 0.12644077401105605,
  "lambda2_std": 0.04195619766864487
}