{
  "event": "hurricane_irma_2017",
  "budget": 5,
  "seed_set": 2,
  "test_error_rate": 33.995703544575726,
  "test_macro_f1": 0.6303179901744124,
  "test_ece": 0.2420711695155575,
  "test_per_class_f1": [
    0.6132404181184669,
    0.7547169811320755,
    0.7659574468085106,
    0.9348441926345609,
    0.5605095541401274,
    0.30303030303030304,
    0.3157894736842105,
    0.7435508345978755,
    0.6812227074235808
  ],
  "dev_error_rate": 36.95198329853863,
  "dev_macro_f1": 0.6198547198348882,
  "dev_ece": 0.25737445678616366,
  "stopping_strategy": "baseline",
  "phase1_seed_strategy": "last",
  "phase1_best_epoch": null,
  "lambda1_mean": 1.0365739127095688,
  "lambda1_std": 0.2688720479219568,
  "lambda2_mean": 0.5220755621552072,
  "lambda2_std": 0.18234510429866227
}