{
  "event": "california_wildfires_2018",
  "budget": 5,
  "seed_set": 2,
  "test_error_rate": 76.59137577002053,
  "test_macro_f1": 0.18553409225964151,
  "test_ece": 0.5354606617321143,
  "test_per_class_f1": [
    0.1388888888888889,
    0.0,
    0.1807909604519774,
    0.0,
    0.0989399293286219,
    0.5186385737439222,
    0.0,
    0.09259259259259259,
    0.22629969418960244,
    0.5991902834008097
  ],
  "dev_error_rate": 75.93085106382979,
  "dev_macro_f1": 0.19689203627214416,
  "dev_ece": 0.5436160592560438,
  "stopping_strategy": "baseline",
  "phase1_seed_strategy": "last",
  "phase1_best_epoch": null,
  "lambda1_mean": 0.9710377953300259,
  "lambda1_std": 0.29594535338169076,
  "lambda2_mean": 0.44181494214133227,
  "lambda2_std": 0.18464099054576852
}