{
  "event": "hurricane_dorian_2019",
  "budget": 50,
  "seed_set": 3,
  "test_error_rate": 42.57294429708223,
  "test_macro_f1": 0.5335906754261933,
  "test_ece": 0.20009315215466195,
  "test_per_class_f1": [
    0.4521276595744681,
    0.84593837535014,
    0.5220338983050847,
    0.3050847457627119,
    0.5388888888888889,
    0.436426116838488,
    0.1485148514851485,
    0.7696476964769647,
    0.7836538461538461
  ],
  "dev_error_rate": 41.108247422680414,
  "dev_macro_f1": 0.5626506739484659,
  "dev_ece": 0.18378171090459086
}