{
  "event": "hurricane_irma_2017",
  "budget": 25,
  "seed_set": 2,
  "test_error_rate": 50.21482277121374,
  "test_macro_f1": 0.4893510501374904,
  "test_ece": 0.08806848568415666,
  "test_per_class_f1": [
    0.44976076555023925,
    0.42990654205607476,
    0.5606407322654462,
    0.7005988023952096,
    0.4032258064516129,
    0.2699724517906336,
    0.29508196721311475,
    0.6254071661237784,
    0.6695652173913044
  ],
  "dev_error_rate": 50.41753653444676,
  "dev_macro_f1": 0.490722806641129,
  "dev_ece": 0.10326542613526227
}