{
  "event": "hurricane_harvey_2017",
  "budget": 25,
  "seed_set": 3,
  "test_error_rate": 32.576177285318565,
  "test_macro_f1": 0.6439857581925863,
  "test_ece": 0.19301225004764144,
  "test_per_class_f1": [
    0.5746268656716418,
    0.8414239482200647,
    0.7713717693836978,
    0.8943661971830986,
    0.3559322033898305,
    0.4134078212290503,
    0.4489795918367347,
    0.7872763419483101,
    0.7084870848708487
  ],
  "dev_error_rate": 34.1227125941873,
  "dev_macro_f1": 0.6364718513865707,
  "dev_ece": 0.20878671146568367,
  "stopping_strategy": "baseline",
  "phase1_seed_strategy": "last",
  "phase1_best_epoch": null,
  "lambda1_mean": 1.0442561739900482,
  "lambda1_std": 0.24179093089520645,
  "lambda2_mean": 0.5143895471210018,
  "lambda2_std": 0.17531358463901767
}