{
  "event": "cyclone_idai_2019",
  "budget": 50,
  "seed_set": 3,
  "test_error_rate": 29.139922978177147,
  "test_macro_f1": 0.6367288701574002,
  "test_ece": 0.13239973385618647,
  "test_per_class_f1": [
    0.4444444444444444,
    0.5,
    0.7733333333333333,
    0.9239766081871345,
    0.8571428571428571,
    0.4,
    0.4105960264900662,
    0.4631578947368421,
    0.7735849056603774,
    0.8210526315789474
  ],
  "dev_error_rate": 32.418952618453865,
  "dev_macro_f1": 0.5508715274037616,
  "dev_ece": 0.18312335750111322,
  "stopping_strategy": "baseline",
  "phase1_seed_strategy": "last",
  "phase1_best_epoch": null,
  "lambda1_mean": 0.9656946811444805,
  "lambda1_std": 0.3168233322264961,
  "lambda2_mean": 0.5635461344633141,
  "lambda2_std": 0.2573986678978306
}