{
  "event": "cyclone_idai_2019",
  "budget": 10,
  "seed_set": 3,
  "test_error_rate": 74.06931964056483,
  "test_macro_f1": 0.23662564562358285,
  "test_ece": 0.2409470918969716,
  "test_per_class_f1": [
    0.07017543859649122,
    0.10526315789473684,
    0.31746031746031744,
    0.5918367346938775,
    0.09090909090909091,
    0.2,
    0.1317365269461078,
    0.059322033898305086,
    0.10687022900763359,
    0.6926829268292682
  ],
  "dev_error_rate": 71.82044887780549,
  "dev_macro_f1": 0.24885691718757794,
  "dev_ece": 0.219860190576746,
  "stopping_strategy": "baseline",
  "phase1_seed_strategy": "last",
  "phase1_best_epoch": null,
  "lambda1_mean": 0.49707279590146636,
  "lambda1_std": 0.17056902042655378,
  "lambda2_mean": 0.1362456007431621,
  "lambda2_std": 0.051794273931272804
}