{
  "event": "cyclone_idai_2019",
  "budget": 50,
  "seed_set": 2,
  "test_error_rate": 29.525032092426184,
  "test_macro_f1": 0.5061375329970647,
  "test_ece": 0.1425833429696471,
  "test_per_class_f1": [
    0.42105263157894735,
    0.3333333333333333,
    0.7547169811320755,
    0.8636363636363636,
    0.0,
    0.2988505747126437,
    0.17142857142857143,
    0.5970149253731343,
    0.8171091445427728,
    0.8042328042328042
  ],
  "dev_error_rate": 30.673316708229425,
  "dev_macro_f1": 0.4832612484037181,
  "dev_ece": 0.1338241954619748,
  "stopping_strategy": "baseline",
  "phase1_seed_strategy": "last",
  "phase1_best_epoch": null,
  "lambda1_mean": 0.38329440285412153,
  "lambda1_std": 0.12957614555808922,
  "lambda2_mean": 0.08340088533340505,
  "lambda2_std": 0.028486915514871737
}