{
  "event": "hurricane_harvey_2017",
  "budget": 25,
  "seed_set": 1,
  "test_error_rate": 28.975069252077567,
  "test_macro_f1": 0.6689689968051212,
  "test_ece": 0.13438267473368765,
  "test_per_class_f1": [
    0.6245059288537549,
    0.872852233676976,
    0.8133595284872298,
    0.9025270758122743,
    0.4055299539170507,
    0.444022770398482,
    0.4293785310734463,
    0.8285449490268767,
    0.7
  ],
  "dev_error_rate": 28.63293864370291,
  "dev_macro_f1": 0.6774228647059243,
  "dev_ece": 0.1404688947295732,
  "stopping_strategy": "baseline",
  "phase1_seed_strategy": "last",
  "phase1_best_epoch": null,
  "lambda1_mean": 1.0342387510482132,
  "lambda1_std": 0.2453248018044527,
  "lambda2_mean": 0.6283248682040267,
  "lambda2_std": 0.20464415530456423
}