{
  "event": "cyclone_idai_2019",
  "budget": 5,
  "seed_set": 1,
  "test_error_rate": 86.77792041078305,
  "test_macro_f1": 0.053103894240212536,
  "test_ece": 0.025471524943971827,
  "test_per_class_f1": [
    0.03225806451612903,
    0.04790419161676647,
    0.0,
    0.0,
    0.0,
    0.006578947368421052,
    0.0,
    0.0,
    0.2876712328767123,
    0.1566265060240964
  ],
  "dev_error_rate": 83.54114713216958,
  "dev_macro_f1": 0.07063650587599098,
  "dev_ece": 0.0578996506229303
}