{
  "event": "cyclone_idai_2019",
  "budget": 50,
  "seed_set": 3,
  "test_error_rate": 37.61232349165597,
  "test_macro_f1": 0.4922689234226702,
  "test_ece": 0.14427332298899492,
  "test_per_class_f1": [
    0.5283018867924528,
    0.3157894736842105,
    0.7515923566878981,
    0.8813559322033898,
    0.0,
    0.375,
    0.3103448275862069,
    0.24705882352941178,
    0.6745362563237775,
    0.8387096774193549
  ],
  "dev_error_rate": 39.15211970074813,
  "dev_macro_f1": 0.45862842183924685,
  "dev_ece": 0.15935339390339695,
  "stopping_strategy": "baseline",
  "phase1_seed_strategy": "last",
  "phase1_best_epoch": null,
  "lambda1_mean": 0.9639046129643687,
  "lambda1_std": 0.25030967937556686,
  "lambda2_mean": 0.39388068510662877,
  "lambda2_std": 0.13987300602326286
}