{
  "event": "canada_wildfires_2016",
  "budget": 25,
  "seed_set": 1,
  "test_error_rate": 24.494382022471907,
  "test_macro_f1": 0.5489345459154782,
  "test_ece": 0.06446135335423972,
  "test_per_class_f1": [
    0.2,
    0.8727272727272727,
    0.8958333333333334,
    0.23333333333333334,
    0.49572649572649574,
    0.0,
    0.8813559322033898,
    0.8125
  ],
  "dev_error_rate": 24.122807017543856,
  "dev_macro_f1": 0.5524594241350332,
  "dev_ece": 0.08924229188184983,
  "stopping_strategy": "baseline",
  "phase1_seed_strategy": "last",
  "phase1_best_epoch": null,
  "lambda1_mean": 0.9243567545145523,
  "lambda1_std": 0.27931726281014185,
  "lambda2_mean": 0.39162062646763024,
  "lambda2_std": 0.18506979627233644
}