{
  "event": "kaikoura_earthquake_2016",
  "budget": 10,
  "seed_set": 1,
  "test_error_rate": 42.068965517241374,
  "test_macro_f1": 0.5042240966592086,
  "test_ece": 0.09983237166514342,
  "test_per_class_f1": [
    0.5859872611464968,
    0.17777777777777778,
    0.5190839694656488,
    0.5652173913043478,
    0.36619718309859156,
    0.43478260869565216,
    0.18181818181818182,
    0.7948717948717948,
    0.9122807017543859
  ],
  "dev_error_rate": 45.08928571428571,
  "dev_macro_f1": 0.4923532351905579,
  "dev_ece": 0.10786788564707553,
  "stopping_strategy": "baseline",
  "phase1_seed_strategy": "last",
  "phase1_best_epoch": null,
  "lambda1_mean": 0.5435309901183994,
  "lambda1_std": 0.12050619407789402,
  "lambda2_mean": 0.14151913231406116,
  "lambda2_std": 0.05053132475867687
}