{
  "event": "canada_wildfires_2016",
  "budget": 5,
  "seed_set": 1,
  "test_error_rate": 92.80898876404494,
  "test_macro_f1": 0.05544586764203088,
  "test_ece": 0.06039287190089064,
  "test_per_class_f1": [
    0.08695652173913043,
    0.0,
    0.17857142857142858,
    0.0,
    0.0,
    0.03125,
    0.0,
    0.14678899082568808
  ],
  "dev_error_rate": 90.78947368421053,
  "dev_macro_f1": 0.06177760918326956,
  "dev_ece": 0.04023972238626398
}