{
  "event": "hurricane_maria_2017",
  "budget": 50,
  "seed_set": 2,
  "test_error_rate": 27.877947295423024,
  "test_macro_f1": 0.6848715376877286,
  "test_ece": 0.08939030057596926,
  "test_per_class_f1": [
    0.5454545454545454,
    0.7936507936507936,
    0.8692579505300353,
    0.8721804511278195,
    0.3728813559322034,
    0.503968253968254,
    0.7033639143730887,
    0.8259212198221093,
    0.6771653543307087
  ],
  "dev_error_rate": 29.11051212938005,
  "dev_macro_f1": 0.6810790333574881,
  "dev_ece": 0.11928002592527645,
  "stopping_strategy": "baseline",
  "phase1_seed_strategy": "last",
  "phase1_best_epoch": null,
  "lambda1_mean": 0.9938906352055039,
  "lambda1_std": 0.2700035364706944,
  "lambda2_mean": 0.4837606514083538,
  "lambda2_std": 0.19334827549623373
}