{
  "event": "cyclone_idai_2019",
  "budget": 25,
  "seed_set": 1,
  "test_error_rate": 39.15275994865212,
  "test_macro_f1": 0.3472866945519013,
  "test_ece": 0.1718059861614095,
  "test_per_class_f1": [
    0.19402985074626866,
    0.10810810810810811,
    0.5230769230769231,
    0.751269035532995,
    0.0,
    0.34210526315789475,
    0.0,
    0.0,
    0.775330396475771,
    0.7789473684210526
  ],
  "dev_error_rate": 38.90274314214464,
  "dev_macro_f1": 0.35225450592191115,
  "dev_ece": 0.16795353792106124,
  "stopping_strategy": "baseline",
  "phase1_seed_strategy": "last",
  "phase1_best_epoch": null,
  "lambda1_mean": 0.916843997919483,
  "lambda1_std": 0.3566870818518364,
  "lambda2_mean": 0.4199285948871395,
  "lambda2_std": 0.21058150794726604
}