{
  "event": "hurricane_florence_2018",
  "budget": 5,
  "seed_set": 1,
  "status": "done",
  "best_params": {
    "lr": 1.600880018059193e-05,
    "batch_size": 64,
    "cotrain_epochs": 19,
    "finetune_patience": 9,
    "weight_decay": 0.03459773535939418,
    "warmup_ratio": 0.2219664570023134
  },
  "best_value": 0.510879,
  "best_full_metrics": {
    "event": "hurricane_florence_2018",
    "budget": 5,
    "seed_set": 1,
    "test_error_rate": 42.62691377921032,
    "test_macro_f1": 0.5259056185599382,
    "test_ece": 0.3601266022030142,
    "test_per_class_f1": [
      0.6556169429097606,
      0.6409495548961425,
      0.368,
      0.831858407079646,
      0.49851632047477745,
      0.07894736842105263,
      0.14814814814814814,
      0.6741573033707865,
      0.8369565217391305
    ],
    "dev_error_rate": 40.845070422535215,
    "dev_macro_f1": 0.5108786367243598,
    "dev_ece": 0.3436315019085934,
    "stopping_strategy": "baseline",
    "phase1_seed_strategy": "last",
    "phase1_best_epoch": null,
    "lambda1_mean": 1.0466175601083443,
    "lambda1_std": 0.17247318883350443,
    "lambda2_mean": 0.4547682754009025,
    "lambda2_std": 0.13826784291589178
  },
  "n_trials": 10,
  "continued_from": null,
  "trials": [
    {
      "number": 0,
      "state": "COMPLETE",
      "params": {
        "lr": 0.00011571232348531078,
        "batch_size": 8,
        "cotrain_epochs": 17,
        "finetune_patience": 5,
        "weight_decay": 0.0609333205617827,
        "warmup_ratio": 0.21624338185008776
      },
      "dev_macro_f1": 0.472778,
      "duration_seconds": 1596.3,
      "full_metrics": {
        "event": "hurricane_florence_2018",
        "budget": 5,
        "seed_set": 1,
        "test_error_rate": 45.85012087026591,
        "test_macro_f1": 0.47516168816915905,
        "test_ece": 0.03928772816967333,
        "test_per_class_f1": [
          0.6337760910815939,
          0.6625766871165644,
          0.3582089552238806,
          0.6181818181818182,
          0.4177215189873418,
          0.10606060606060606,
          0.08450704225352113,
          0.6974358974358974,
          0.697986577181208
        ],
        "dev_error_rate": 43.34898278560251,
        "dev_macro_f1": 0.4727780545857087,
        "dev_ece": 0.05762480420872263,
        "stopping_strategy": "baseline",
        "phase1_seed_strategy": "last",
        "phase1_best_epoch": null,
        "lambda1_mean": 1.0525572242822578,
        "lambda1_std": 0.150007562074455,
        "lambda2_mean": 0.03755380861636431,
        "lambda2_std": 0.044684322731824926
      }
    },
    {
      "number": 1,
      "state": "COMPLETE",
      "params": {
        "lr": 3.2400426100274884e-05,
        "batch_size": 64,
        "cotrain_epochs": 16,
        "finetune_patience": 10,
        "weight_decay": 0.042962302418532786,
        "warmup_ratio": 0.05983582630803433
      },
      "dev_macro_f1": 0.492896,
      "duration_seconds": 1078.1,
      "full_metrics": {
        "event": "hurricane_florence_2018",
        "budget": 5,
        "seed_set": 1,
        "test_error_rate": 44.3190975020145,
        "test_macro_f1": 0.5072393753440054,
        "test_ece": 0.37579517370265497,
        "test_per_class_f1": [
          0.64030131826742,
          0.6136363636363636,
          0.36507936507936506,
          0.7521367521367521,
          0.4652567975830816,
          0.09090909090909091,
          0.13793103448275862,
          0.6566604127579737,
          0.8432432432432433
        ],
        "dev_error_rate": 43.66197183098591,
        "dev_macro_f1": 0.4928956670994567,
        "dev_ece": 0.3722604071030594,
        "stopping_strategy": "baseline",
        "phase1_seed_strategy": "last",
        "phase1_best_epoch": null,
        "lambda1_mean": 1.107262265544509,
        "lambda1_std": 0.11376467722826912,
        "lambda2_mean": 0.5807107001116747,
        "lambda2_std": 0.11788833597416153
      }
    },
    {
      "number": 2,
      "state": "COMPLETE",
      "params": {
        "lr": 0.0008352942698127653,
        "batch_size": 8,
        "cotrain_epochs": 19,
        "finetune_patience": 6,
        "weight_decay": 0.037641915445276446,
        "warmup_ratio": 0.21198372502283605
      },
      "dev_macro_f1": 0.020518,
      "duration_seconds": 1763.3,
      "full_metrics": {
        "event": "hurricane_florence_2018",
        "budget": 5,
        "seed_set": 1,
        "test_error_rate": 89.84689766317486,
        "test_macro_f1": 0.020482809070958303,
        "test_ece": 0.2993030696747093,
        "test_per_class_f1": [
          0.0,
          0.18434528163862474,
          0.0,
          0.0,
          0.0,
          0.0,
          0.0,
          0.0,
          0.0
        ],
        "dev_error_rate": 89.82785602503913,
        "dev_macro_f1": 0.020517676767676768,
        "dev_ece": 0.2991126563534118,
        "stopping_strategy": "baseline",
        "phase1_seed_strategy": "last",
        "phase1_best_epoch": null,
        "lambda1_mean": 0.21956185896193622,
        "lambda1_std": 0.14358617158335404,
        "lambda2_mean": 0.06736400429059548,
        "lambda2_std": 0.0674507413406883
      }
    },
    {
      "number": 3,
      "state": "COMPLETE",
      "params": {
        "lr": 1.124506050693525e-05,
        "batch_size": 8,
        "cotrain_epochs": 14,
        "finetune_patience": 5,
        "weight_decay": 0.08350356214795039,
        "warmup_ratio": 0.2561983055505505
      },
      "dev_macro_f1": 0.5066,
      "duration_seconds": 1340.0,
      "full_metrics": {
        "event": "hurricane_florence_2018",
        "budget": 5,
        "seed_set": 1,
        "test_error_rate": 43.11039484286865,
        "test_macro_f1": 0.519715079004095,
        "test_ece": 0.3624549923550209,
        "test_per_class_f1": [
          0.6446886446886447,
          0.6397694524495677,
          0.358974358974359,
          0.7962962962962963,
          0.49696969696969695,
          0.10619469026548672,
          0.13793103448275862,
          0.664179104477612,
          0.8324324324324325
        ],
        "dev_error_rate": 41.15805946791862,
        "dev_macro_f1": 0.5066004440469567,
        "dev_ece": 0.34969367882082336,
        "stopping_strategy": "baseline",
        "phase1_seed_strategy": "last",
        "phase1_best_epoch": null,
        "lambda1_mean": 1.0751682842381531,
        "lambda1_std": 0.15422100117623014,
        "lambda2_mean": 0.48767202053769654,
        "lambda2_std": 0.12470462726129966
      }
    },
    {
      "number": 4,
      "state": "COMPLETE",
      "params": {
        "lr": 1.600880018059193e-05,
        "batch_size": 64,
        "cotrain_epochs": 19,
        "finetune_patience": 9,
        "weight_decay": 0.03459773535939418,
        "warmup_ratio": 0.2219664570023134
      },
      "dev_macro_f1": 0.510879,
      "duration_seconds": 1226.9,
      "full_metrics": {
        "event": "hurricane_florence_2018",
        "budget": 5,
        "seed_set": 1,
        "test_error_rate": 42.62691377921032,
        "test_macro_f1": 0.5259056185599382,
        "test_ece": 0.3601266022030142,
        "test_per_class_f1": [
          0.6556169429097606,
          0.6409495548961425,
          0.368,
          0.831858407079646,
          0.49851632047477745,
          0.07894736842105263,
          0.14814814814814814,
          0.6741573033707865,
          0.8369565217391305
        ],
        "dev_error_rate": 40.845070422535215,
        "dev_macro_f1": 0.5108786367243598,
        "dev_ece": 0.3436315019085934,
        "stopping_strategy": "baseline",
        "phase1_seed_strategy": "last",
        "phase1_best_epoch": null,
        "lambda1_mean": 1.0466175601083443,
        "lambda1_std": 0.17247318883350443,
        "lambda2_mean": 0.4547682754009025,
        "lambda2_std": 0.13826784291589178
      }
    },
    {
      "number": 5,
      "state": "COMPLETE",
      "params": {
        "lr": 3.5629397674101725e-05,
        "batch_size": 32,