{
  "event": "kerala_floods_2018",
  "budget": 25,
  "seed_set": 2,
  "test_error_rate": 67.38305941845765,
  "test_macro_f1": 0.28338613517330286,
  "test_ece": 0.3030647481832883,
  "test_per_class_f1": [
    0.21818181818181817,
    0.029850746268656716,
    0.17475728155339806,
    0.5244444444444445,
    0.30303030303030304,
    0.23461538461538461,
    0.2597402597402597,
    0.4085637823371989,
    0.3972911963882618
  ],
  "dev_error_rate": 65.84766584766585,
  "dev_macro_f1": 0.31644754973319533,
  "dev_ece": 0.3017555330799897
}