{
  "event": "hurricane_harvey_2017",
  "budget": 25,
  "seed_set": 1,
  "test_error_rate": 52.68698060941828,
  "test_macro_f1": 0.4598826155582993,
  "test_ece": 0.18176132850864915,
  "test_per_class_f1": [
    0.5564516129032258,
    0.3673469387755102,
    0.4158878504672897,
    0.7785714285714286,
    0.3474178403755869,
    0.3026086956521739,
    0.2978723404255319,
    0.6085011185682326,
    0.4642857142857143
  ],
  "dev_error_rate": 50.91496232508072,
  "dev_macro_f1": 0.4878516454474286,
  "dev_ece": 0.17697894237975642
}