{
  "event": "canada_wildfires_2016",
  "budget": 50,
  "seed_set": 2,
  "test_error_rate": 24.269662921348313,
  "test_macro_f1": 0.5993621139972909,
  "test_ece": 0.07262264302607335,
  "test_per_class_f1": [
    0.33962264150943394,
    0.84,
    0.8679245283018868,
    0.3076923076923077,
    0.4444444444444444,
    0.2857142857142857,
    0.9030470914127424,
    0.8064516129032258
  ],
  "dev_error_rate": 20.175438596491226,
  "dev_macro_f1": 0.7061769713371544,
  "dev_ece": 0.08328255135239215,
  "stopping_strategy": "baseline",
  "phase1_seed_strategy": "last",
  "phase1_best_epoch": null,
  "lambda1_mean": 0.8654973225241345,
  "lambda1_std": 0.29141736062497015,
  "lambda2_mean": 0.37631493674865296,
  "lambda2_std": 0.20613854212285987
}