{
  "event": "hurricane_florence_2018",
  "budget": 25,
  "seed_set": 2,
  "test_error_rate": 41.17647058823529,
  "test_macro_f1": 0.5643404524188221,
  "test_ece": 0.04006553148906333,
  "test_per_class_f1": [
    0.5083932853717026,
    0.6743515850144092,
    0.36363636363636365,
    0.9152542372881356,
    0.7906976744186046,
    0.26382978723404255,
    0.11188811188811189,
    0.6369426751592356,
    0.8140703517587939
  ],
  "dev_error_rate": 39.74960876369327,
  "dev_macro_f1": 0.5682982620714017,
  "dev_ece": 0.04287147377391751,
  "stopping_strategy": "baseline",
  "phase1_seed_strategy": "last",
  "phase1_best_epoch": null,
  "lambda1_mean": 0.6244471436618836,
  "lambda1_std": 0.0941389302569767,
  "lambda2_mean": 0.15016128295752734,
  "lambda2_std": 0.05776209850328249
}