{
  "event": "hurricane_irma_2017",
  "budget": 10,
  "seed_set": 3,
  "test_error_rate": 71.69709989258861,
  "test_macro_f1": 0.28299751640931725,
  "test_ece": 0.2763245424813922,
  "test_per_class_f1": [
    0.30122591943957966,
    0.11162790697674418,
    0.1984732824427481,
    0.5714285714285714,
    0.3318777292576419,
    0.27191011235955054,
    0.13978494623655913,
    0.15977961432506887,
    0.4608695652173913
  ],
  "dev_error_rate": 70.87682672233821,
  "dev_macro_f1": 0.29270359331417156,
  "dev_ece": 0.2677709518898753
}