{
  "event": "hurricane_irma_2017",
  "budget": 50,
  "seed_set": 1,
  "status": "done",
  "best_params": {
    "lr": 6.967717205993245e-05,
    "batch_size": 8,
    "cotrain_epochs": 10,
    "finetune_patience": 5,
    "weight_decay": 0.05636058433292075,
    "warmup_ratio": 0.12727384409096051
  },
  "best_value": 0.6658,
  "best_full_metrics": {
    "event": "hurricane_irma_2017",
    "budget": 50,
    "seed_set": 1,
    "test_error_rate": 31.90118152524167,
    "test_macro_f1": 0.665235376328957,
    "test_ece": 0.16435703691235165,
    "test_per_class_f1": [
      0.6076923076923076,
      0.8367952522255193,
      0.8407643312101911,
      0.9307479224376731,
      0.5100671140939598,
      0.4230769230769231,
      0.4864864864864865,
      0.69826224328594,
      0.6532258064516129
    ],
    "dev_error_rate": 30.79331941544885,
    "dev_macro_f1": 0.6657997492677621,
    "dev_ece": 0.1546640647478044,
    "stopping_strategy": "baseline",
    "phase1_seed_strategy": "last",
    "phase1_best_epoch": null,
    "lambda1_mean": 0.938395007914929,
    "lambda1_std": 0.3080118329085511,
    "lambda2_mean": 0.6353581534541073,
    "lambda2_std": 0.32144080643868617
  },
  "n_trials": 10,
  "continued_from": null,
  "trials": [
    {
      "number": 0,
      "state": "COMPLETE",
      "params": {
        "lr": 4.601029208105616e-05,
        "batch_size": 8,
        "cotrain_epochs": 18,
        "finetune_patience": 7,
        "weight_decay": 0.09566766737067861,
        "warmup_ratio": 0.027789339669063072
      },
      "dev_macro_f1": 0.649719,
      "duration_seconds": 1436.2,
      "full_metrics": {
        "event": "hurricane_irma_2017",
        "budget": 50,
        "seed_set": 1,
        "test_error_rate": 34.210526315789465,
        "test_macro_f1": 0.6347376062830955,
        "test_ece": 0.16541770348679494,
        "test_per_class_f1": [
          0.599250936329588,
          0.8046647230320699,
          0.822477650063857,
          0.9375,
          0.4952978056426332,
          0.38950276243093923,
          0.297029702970297,
          0.6814310051107325,
          0.6854838709677419
        ],
        "dev_error_rate": 33.08977035490606,
        "dev_macro_f1": 0.6497193998884624,
        "dev_ece": 0.16104078211963546,
        "stopping_strategy": "baseline",
        "phase1_seed_strategy": "last",
        "phase1_best_epoch": null,
        "lambda1_mean": 0.9923727685643413,
        "lambda1_std": 0.24920002182827464,
        "lambda2_mean": 0.7500488567665881,
        "lambda2_std": 0.2715853154967239
      }
    },
    {
      "number": 1,
      "state": "COMPLETE",
      "params": {
        "lr": 0.00010840845289631711,
        "batch_size": 32,
        "cotrain_epochs": 18,
        "finetune_patience": 4,
        "weight_decay": 0.01238488405369801,
        "warmup_ratio": 0.0590774831672621
      },
      "dev_macro_f1": 0.635533,
      "duration_seconds": 790.1,
      "full_metrics": {
        "event": "hurricane_irma_2017",
        "budget": 50,
        "seed_set": 1,
        "test_error_rate": 33.45864661654135,
        "test_macro_f1": 0.6403436057120653,
        "test_ece": 0.12827979726066652,
        "test_per_class_f1": [
          0.6132404181184669,
          0.7893175074183977,
          0.8177339901477833,
          0.9348441926345609,
          0.47232472324723246,
          0.4,
          0.3247863247863248,
          0.7017543859649122,
          0.7090909090909091
        ],
        "dev_error_rate": 34.44676409185804,
        "dev_macro_f1": 0.6355331616480786,
        "dev_ece": 0.1179028355938408,
        "stopping_strategy": "baseline",
        "phase1_seed_strategy": "last",
        "phase1_best_epoch": null,
        "lambda1_mean": 1.0089956076749116,
        "lambda1_std": 0.2506574702255758,
        "lambda2_mean": 0.7056499961687881,
        "lambda2_std": 0.25940143665869825
      }
    },
    {
      "number": 2,
      "state": "COMPLETE",
      "params": {
        "lr": 0.0008782019432594422,
        "batch_size": 8,
        "cotrain_epochs": 5,
        "finetune_patience": 7,
        "weight_decay": 0.039322624468005496,
        "warmup_ratio": 0.06400012337976059
      },
      "dev_macro_f1": 0.044519,
      "duration_seconds": 516.2,
      "full_metrics": {
        "event": "hurricane_irma_2017",
        "budget": 50,
        "seed_set": 1,
        "test_error_rate": 74.91944146079484,
        "test_macro_f1": 0.0445589427985306,
        "test_ece": 0.1338531511858762,
        "test_per_class_f1": [
          0.0,
          0.0,
          0.0,
          0.0,
          0.0,
          0.4010304851867754,
          0.0,
          0.0,
          0.0
        ],
        "dev_error_rate": 74.94780793319416,
        "dev_macro_f1": 0.044518642181413465,
        "dev_ece": 0.13356948644700528,
        "stopping_strategy": "baseline",
        "phase1_seed_strategy": "last",
        "phase1_best_epoch": null,
        "lambda1_mean": 0.21679662489017443,
        "lambda1_std": 0.12163131755745005,
        "lambda2_mean": 0.10933665253184675,
        "lambda2_std": 0.07455046418712893
      }
    },
    {
      "number": 3,
      "state": "COMPLETE",
      "params": {
        "lr": 0.00032378637542673045,
        "batch_size": 16,
        "cotrain_epochs": 12,
        "finetune_patience": 5,
        "weight_decay": 0.09980647520715674,
        "warmup_ratio": 0.29211055967529426
      },
      "dev_macro_f1": 0.044519,
      "duration_seconds": 631.4,
      "full_metrics": {
        "event": "hurricane_irma_2017",
        "budget": 50,
        "seed_set": 1,
        "test_error_rate": 74.91944146079484,
        "test_macro_f1": 0.0445589427985306,
        "test_ece": 0.018821316057962195,
        "test_per_class_f1": [
          0.0,
          0.0,
          0.0,
          0.0,
          0.0,
          0.4010304851867754,
          0.0,
          0.0,
          0.0
        ],
        "dev_error_rate": 74.94780793319416,
        "dev_macro_f1": 0.044518642181413465,
        "dev_ece": 0.018537597703535524,
        "stopping_strategy": "baseline",
        "phase1_seed_strategy": "last",
        "phase1_best_epoch": null,
        "lambda1_mean": 0.5638491696121963,
        "lambda1_std": 0.2011544025913436,
        "lambda2_mean": 0.06518113763570497,
        "lambda2_std": 0.0633377672564701
      }
    },
    {
      "number": 4,
      "state": "COMPLETE",
      "params": {
        "lr": 6.967717205993245e-05,
        "batch_size": 8,
        "cotrain_epochs": 10,
        "finetune_patience": 5,
        "weight_decay": 0.05636058433292075,
        "warmup_ratio": 0.12727384409096051
      },
      "dev_macro_f1": 0.6658,
      "duration_seconds": 892.4,
      "full_metrics": {
        "event": "hurricane_irma_2017",
        "budget": 50,
        "seed_set": 1,
        "test_error_rate": 31.90118152524167,
        "test_macro_f1": 0.665235376328957,
        "test_ece": 0.16435703691235165,
        "test_per_class_f1": [
          0.6076923076923076,
          0.8367952522255193,
          0.8407643312101911,
          0.9307479224376731,
          0.5100671140939598,
          0.4230769230769231,
          0.4864864864864865,
          0.69826224328594,
          0.6532258064516129
        ],
        "dev_error_rate": 30.79331941544885,
        "dev_macro_f1": 0.6657997492677621,
        "dev_ece": 0.1546640647478044,
        "stopping_strategy": "baseline",
        "phase1_seed_strategy": "last",
        "phase1_best_epoch": null,
        "lambda1_mean": 0.938395007914929,
        "lambda1_std": 0.3080118329085511,
        "lambda2_mean": 0.6353581534541073,
        "lambda2_std": 0.32144080643868617
      }
    },
    {
      "number": 5,
      "state": "COMPLETE",
      "params": {
        "lr": 5.207804434396023e-05,
        "batch_size": 32,
        "cotrain_epochs": 20,
        "finetune_patience": 6,
        "weight_decay": 0.06987251587765828,
        "warmup_ratio": 0.1599349309678457
      },