{
  "event": "kaikoura_earthquake_2016",
  "budget": 5,
  "seed_set": 3,
  "test_error_rate": 56.7816091954023,
  "test_macro_f1": 0.26901771349395825,
  "test_ece": 0.09484108741256014,
  "test_per_class_f1": [
    0.5826086956521739,
    0.1791044776119403,
    0.24806201550387597,
    0.40540540540540543,
    0.0,
    0.13592233009708737,
    0.0,
    0.0,
    0.8700564971751412
  ],
  "dev_error_rate": 52.23214285714286,
  "dev_macro_f1": 0.3007843472560671,
  "dev_ece": 0.09316388311396752,
  "stopping_strategy": "baseline",
  "phase1_seed_strategy": "last",
  "phase1_best_epoch": null,
  "lambda1_mean": 0.41255525447281005,
  "lambda1_std": 0.13861012632391534,
  "lambda2_mean": 0.1453954400412819,
  "lambda2_std": 0.031977422965486446
}