{
  "event": "kerala_floods_2018",
  "budget": 25,
  "seed_set": 3,
  "test_error_rate": 30.21491782553729,
  "test_macro_f1": 0.5260344139896314,
  "test_ece": 0.22068398738781508,
  "test_per_class_f1": [
    0.4727272727272727,
    0.0,
    0.4968152866242038,
    0.8201438848920863,
    0.3978494623655914,
    0.3979328165374677,
    0.648854961832061,
    0.8355342136854742,
    0.6644518272425249
  ],
  "dev_error_rate": 28.00982800982801,
  "dev_macro_f1": 0.5761312155609324,
  "dev_ece": 0.19427089905709544,
  "stopping_strategy": "baseline",
  "phase1_seed_strategy": "last",
  "phase1_best_epoch": null,
  "lambda1_mean": 1.0360894628099562,
  "lambda1_std": 0.25559331770695165,
  "lambda2_mean": 0.5068911755213042,
  "lambda2_std": 0.19202668156181102
}