{
  "event": "hurricane_harvey_2017",
  "budget": 10,
  "seed_set": 2,
  "test_error_rate": 59.66759002770083,
  "test_macro_f1": 0.414739779426188,
  "test_ece": 0.09066684601874894,
  "test_per_class_f1": [
    0.4878048780487805,
    0.3151969981238274,
    0.43902439024390244,
    0.7781569965870307,
    0.2066420664206642,
    0.16901408450704225,
    0.2376237623762376,
    0.4499411071849234,
    0.6492537313432836
  ],
  "dev_error_rate": 58.34230355220667,
  "dev_macro_f1": 0.42685829635449557,
  "dev_ece": 0.112576587384304,
  "stopping_strategy": "baseline",
  "phase1_seed_strategy": "last",
  "phase1_best_epoch": null,
  "lambda1_mean": 0.5434571079470489,
  "lambda1_std": 0.10047322855208361,
  "lambda2_mean": 0.1486546910244886,
  "lambda2_std": 0.03664070291608293
}