{
  "event": "kaikoura_earthquake_2016",
  "budget": 50,
  "seed_set": 2,
  "status": "done",
  "best_params": {
    "lr": 4.054318981423071e-05,
    "batch_size": 16,
    "cotrain_epochs": 18,
    "finetune_patience": 9,
    "weight_decay": 0.042796213290610396,
    "warmup_ratio": 0.023536193943462402
  },
  "best_value": 0.711253,
  "best_full_metrics": {
    "event": "kaikoura_earthquake_2016",
    "budget": 50,
    "seed_set": 2,
    "test_error_rate": 23.2183908045977,
    "test_macro_f1": 0.7660381920446797,
    "test_ece": 0.13600893383738638,
    "test_per_class_f1": [
      0.745945945945946,
      0.8205128205128205,
      0.8309859154929577,
      1.0,
      0.5384615384615384,
      0.4745762711864407,
      0.6666666666666666,
      0.8941176470588236,
      0.9230769230769231
    ],
    "dev_error_rate": 27.23214285714286,
    "dev_macro_f1": 0.7112531021929265,
    "dev_ece": 0.1708457096080695,
    "stopping_strategy": "baseline",
    "phase1_seed_strategy": "last",
    "phase1_best_epoch": null,
    "lambda1_mean": 1.0116144416381976,
    "lambda1_std": 0.23594523115642696,
    "lambda2_mean": 0.676405457558651,
    "lambda2_std": 0.22499950182851827
  },
  "n_trials": 10,
  "continued_from": null,
  "trials": [
    {
      "number": 0,
      "state": "COMPLETE",
      "params": {
        "lr": 4.022656394508332e-05,
        "batch_size": 32,
        "cotrain_epochs": 19,
        "finetune_patience": 4,
        "weight_decay": 0.03236140160016251,
        "warmup_ratio": 0.2294886165056314
      },
      "dev_macro_f1": 0.652507,
      "duration_seconds": 180.0,
      "full_metrics": {
        "event": "kaikoura_earthquake_2016",
        "budget": 50,
        "seed_set": 2,
        "test_error_rate": 24.13793103448276,
        "test_macro_f1": 0.7098931598968081,
        "test_ece": 0.0944806630584015,
        "test_per_class_f1": [
          0.7100591715976331,
          0.7692307692307693,
          0.851063829787234,
          0.975609756097561,
          0.5432098765432098,
          0.5238095238095238,
          0.2222222222222222,
          0.8837209302325582,
          0.9101123595505618
        ],
        "dev_error_rate": 27.67857142857143,
        "dev_macro_f1": 0.652506867018321,
        "dev_ece": 0.14251768149967708,
        "stopping_strategy": "baseline",
        "phase1_seed_strategy": "last",
        "phase1_best_epoch": null,
        "lambda1_mean": 0.9825551462349482,
        "lambda1_std": 0.22630509544403282,
        "lambda2_mean": 0.42426754397737826,
        "lambda2_std": 0.16788295712269813
      }
    },
    {
      "number": 1,
      "state": "COMPLETE",
      "params": {
        "lr": 0.0002498623166776479,
        "batch_size": 64,
        "cotrain_epochs": 9,
        "finetune_patience": 9,
        "weight_decay": 0.011430942671816813,
        "warmup_ratio": 0.1657636129945972
      },
      "dev_macro_f1": 0.629355,
      "duration_seconds": 104.3,
      "full_metrics": {
        "event": "kaikoura_earthquake_2016",
        "budget": 50,
        "seed_set": 2,
        "test_error_rate": 31.494252873563223,
        "test_macro_f1": 0.6077302890343192,
        "test_ece": 0.09142437693716468,
        "test_per_class_f1": [
          0.6629834254143646,
          0.6222222222222222,
          0.8148148148148148,
          0.8837209302325582,
          0.43478260869565216,
          0.40350877192982454,
          0.0,
          0.7804878048780488,
          0.8670520231213873
        ],
        "dev_error_rate": 30.80357142857143,
        "dev_macro_f1": 0.6293553749926145,
        "dev_ece": 0.08340567789439642,
        "stopping_strategy": "baseline",
        "phase1_seed_strategy": "last",
        "phase1_best_epoch": null,
        "lambda1_mean": 0.8519369831343997,
        "lambda1_std": 0.3169115248820193,
        "lambda2_mean": 0.4237248923555651,
        "lambda2_std": 0.23351944080776604
      }
    },
    {
      "number": 2,
      "state": "COMPLETE",
      "params": {
        "lr": 3.4361782800956995e-05,
        "batch_size": 64,
        "cotrain_epochs": 19,
        "finetune_patience": 9,
        "weight_decay": 0.02788720212832374,
        "warmup_ratio": 0.15297648295472338
      },
      "dev_macro_f1": 0.672645,
      "duration_seconds": 167.9,
      "full_metrics": {
        "event": "kaikoura_earthquake_2016",
        "budget": 50,
        "seed_set": 2,
        "test_error_rate": 24.36781609195402,
        "test_macro_f1": 0.666872442249684,
        "test_ece": 0.07700390973310363,
        "test_per_class_f1": [
          0.7461139896373057,
          0.6285714285714286,
          0.8428571428571429,
          0.9767441860465116,
          0.5194805194805194,
          0.5042016806722689,
          0.0,
          0.8705882352941177,
          0.9132947976878613
        ],
        "dev_error_rate": 25.0,
        "dev_macro_f1": 0.672644986082035,
        "dev_ece": 0.10984896150018489,
        "stopping_strategy": "baseline",
        "phase1_seed_strategy": "last",
        "phase1_best_epoch": null,
        "lambda1_mean": 0.9613091753986742,
        "lambda1_std": 0.21755951786379282,
        "lambda2_mean": 0.36934466404543154,
        "lambda2_std": 0.1427568071423578
      }
    },
    {
      "number": 3,
      "state": "COMPLETE",
      "params": {
        "lr": 6.974316619500406e-05,
        "batch_size": 32,
        "cotrain_epochs": 14,
        "finetune_patience": 8,
        "weight_decay": 0.06236551187581995,
        "warmup_ratio": 0.22319406012319828
      },
      "dev_macro_f1": 0.662794,
      "duration_seconds": 149.4,
      "full_metrics": {
        "event": "kaikoura_earthquake_2016",
        "budget": 50,
        "seed_set": 2,
        "test_error_rate": 24.13793103448276,
        "test_macro_f1": 0.7415888575372295,
        "test_ece": 0.07840680973283178,
        "test_per_class_f1": [
          0.7333333333333333,
          0.8108108108108109,
          0.8270676691729323,
          0.9523809523809523,
          0.5135135135135135,
          0.546875,
          0.5454545454545454,
          0.8409090909090909,
          0.903954802259887
        ],
        "dev_error_rate": 27.67857142857143,
        "dev_macro_f1": 0.6627939171720316,
        "dev_ece": 0.146534221912069,
        "stopping_strategy": "baseline",
        "phase1_seed_strategy": "last",
        "phase1_best_epoch": null,
        "lambda1_mean": 0.9443582409169274,
        "lambda1_std": 0.2628853693174781,
        "lambda2_mean": 0.4287141664667725,
        "lambda2_std": 0.19469507467678243
      }
    },
    {
      "number": 4,
      "state": "COMPLETE",
      "params": {
        "lr": 8.569074727956294e-05,
        "batch_size": 64,
        "cotrain_epochs": 19,
        "finetune_patience": 6,
        "weight_decay": 0.04979799116863072,
        "warmup_ratio": 0.05578091681442969
      },
      "dev_macro_f1": 0.656061,
      "duration_seconds": 159.4,
      "full_metrics": {
        "event": "kaikoura_earthquake_2016",
        "budget": 50,
        "seed_set": 2,
        "test_error_rate": 26.66666666666667,
        "test_macro_f1": 0.6517795251916958,
        "test_ece": 0.04407822698697276,
        "test_per_class_f1": [
          0.7,
          0.6666666666666666,
          0.8028169014084507,
          0.9130434782608695,
          0.5205479452054794,
          0.4838709677419355,
          0.0,
          0.8837209302325582,
          0.8953488372093024
        ],
        "dev_error_rate": 26.785714285714292,
        "dev_macro_f1": 0.656061262783834,
        "dev_ece": 0.07319356827065347,
        "stopping_strategy": "baseline",
        "phase1_seed_strategy": "last",
        "phase1_best_epoch": null,
        "lambda1_mean": 1.0215360549218369,
        "lambda1_std": 0.24188214876656478,
        "lambda2_mean": 0.5644110444660316,
        "lambda2_std": 0.1958373912029183
      }
    },
    {
      "number": 5,
      "state": "COMPLETE",