{
  "event": "hurricane_harvey_2017",
  "budget": 25,
  "seed_set": 3,
  "test_error_rate": 30.193905817174517,
  "test_macro_f1": 0.6523469477907876,
  "test_ece": 0.23605164854150068,
  "test_per_class_f1": [
    0.5921787709497207,
    0.825938566552901,
    0.7984790874524715,
    0.8975265017667845,
    0.299625468164794,
    0.48336252189141854,
    0.45714285714285713,
    0.8189964157706093,
    0.6978723404255319
  ],
  "dev_error_rate": 30.032292787944026,
  "dev_macro_f1": 0.6748394674792617,
  "dev_ece": 0.2386204800192584,
  "stopping_strategy": "baseline",
  "phase1_seed_strategy": "last",
  "phase1_best_epoch": null,
  "lambda1_mean": 0.9502334063332449,
  "lambda1_std": 0.2548904408254243,
  "lambda2_mean": 0.08945726397154889,
  "lambda2_std": 0.11034336540846944
}