{
  "event": "hurricane_florence_2018",
  "budget": 25,
  "seed_set": 3,
  "status": "done",
  "best_params": {
    "lr": 2.600698503233005e-05,
    "batch_size": 64,
    "cotrain_epochs": 10,
    "finetune_patience": 8,
    "weight_decay": 0.023037305756407812,
    "warmup_ratio": 0.203210636652435
  },
  "best_value": 0.681569,
  "best_full_metrics": {
    "event": "hurricane_florence_2018",
    "budget": 25,
    "seed_set": 3,
    "test_error_rate": 22.240128928283642,
    "test_macro_f1": 0.6939810010873793,
    "test_ece": 0.048903189389384816,
    "test_per_class_f1": [
      0.7815126050420168,
      0.8079470198675497,
      0.6986301369863014,
      0.912,
      0.8501228501228502,
      0.4489795918367347,
      0.08695652173913043,
      0.8596802841918295,
      0.8
    ],
    "dev_error_rate": 21.909233176838818,
    "dev_macro_f1": 0.6815686247388141,
    "dev_ece": 0.05483075925068864,
    "stopping_strategy": "baseline",
    "phase1_seed_strategy": "last",
    "phase1_best_epoch": null,
    "lambda1_mean": 1.000916727684973,
    "lambda1_std": 0.2462684179361727,
    "lambda2_mean": 0.3950265650478588,
    "lambda2_std": 0.148881620202738
  },
  "n_trials": 10,
  "continued_from": null,
  "trials": [
    {
      "number": 0,
      "state": "COMPLETE",
      "params": {
        "lr": 0.000708477414811089,
        "batch_size": 8,
        "cotrain_epochs": 14,
        "finetune_patience": 10,
        "weight_decay": 0.0461588494522667,
        "warmup_ratio": 0.15674831357996918
      },
      "dev_macro_f1": 0.042475,
      "duration_seconds": 779.9,
      "full_metrics": {
        "event": "hurricane_florence_2018",
        "budget": 25,
        "seed_set": 3,
        "test_error_rate": 76.39000805801773,
        "test_macro_f1": 0.042445313631754314,
        "test_ece": 0.11001189757891955,
        "test_per_class_f1": [
          0.0,
          0.0,
          0.0,
          0.0,
          0.0,
          0.0,
          0.0,
          0.3820078226857888,
          0.0
        ],
        "dev_error_rate": 76.36932707355243,
        "dev_macro_f1": 0.04247538677918425,
        "dev_ece": 0.1102187071514428,
        "stopping_strategy": "baseline",
        "phase1_seed_strategy": "last",
        "phase1_best_epoch": null,
        "lambda1_mean": 0.24139840923191788,
        "lambda1_std": 0.1476179433397925,
        "lambda2_mean": 0.13421077755613497,
        "lambda2_std": 0.09899474349713897
      }
    },
    {
      "number": 1,
      "state": "COMPLETE",
      "params": {
        "lr": 0.000271360695535296,
        "batch_size": 32,
        "cotrain_epochs": 19,
        "finetune_patience": 8,
        "weight_decay": 0.035565370391990404,
        "warmup_ratio": 0.10613770871681764
      },
      "dev_macro_f1": 0.629861,
      "duration_seconds": 610.0,
      "full_metrics": {
        "event": "hurricane_florence_2018",
        "budget": 25,
        "seed_set": 3,
        "test_error_rate": 36.01933924254633,
        "test_macro_f1": 0.6031237700525861,
        "test_ece": 0.1734021337977539,
        "test_per_class_f1": [
          0.5038167938931297,
          0.8203125,
          0.5797101449275363,
          0.8833333333333333,
          0.7680798004987531,
          0.31419939577039274,
          0.023529411764705882,
          0.7632027257240205,
          0.7719298245614035
        ],
        "dev_error_rate": 35.05477308294209,
        "dev_macro_f1": 0.6298609877583733,
        "dev_ece": 0.1903838940629377,
        "stopping_strategy": "baseline",
        "phase1_seed_strategy": "last",
        "phase1_best_epoch": null,
        "lambda1_mean": 0.9844040447602023,
        "lambda1_std": 0.29430207179489665,
        "lambda2_mean": 0.08809155803431257,
        "lambda2_std": 0.08021086567600698
      }
    },
    {
      "number": 2,
      "state": "COMPLETE",
      "params": {
        "lr": 0.000548649648753095,
        "batch_size": 16,
        "cotrain_epochs": 19,
        "finetune_patience": 4,
        "weight_decay": 0.09502115077335781,
        "warmup_ratio": 0.2830470288545253
      },
      "dev_macro_f1": 0.042475,
      "duration_seconds": 651.9,
      "full_metrics": {
        "event": "hurricane_florence_2018",
        "budget": 25,
        "seed_set": 3,
        "test_error_rate": 76.39000805801773,
        "test_macro_f1": 0.042445313631754314,
        "test_ece": 0.09908677062423454,
        "test_per_class_f1": [
          0.0,
          0.0,
          0.0,
          0.0,
          0.0,
          0.0,
          0.0,
          0.3820078226857888,
          0.0
        ],
        "dev_error_rate": 76.36932707355243,
        "dev_macro_f1": 0.04247538677918425,
        "dev_ece": 0.09929356277455373,
        "stopping_strategy": "baseline",
        "phase1_seed_strategy": "last",
        "phase1_best_epoch": null,
        "lambda1_mean": 0.42920447522112976,
        "lambda1_std": 0.1307728487586351,
        "lambda2_mean": 0.07682752336720951,
        "lambda2_std": 0.060313825926587676
      }
    },
    {
      "number": 3,
      "state": "COMPLETE",
      "params": {
        "lr": 0.00019004319075777956,
        "batch_size": 32,
        "cotrain_epochs": 7,
        "finetune_patience": 9,
        "weight_decay": 0.010418353378992051,
        "warmup_ratio": 0.19933956499373245
      },
      "dev_macro_f1": 0.650269,
      "duration_seconds": 297.6,
      "full_metrics": {
        "event": "hurricane_florence_2018",
        "budget": 25,
        "seed_set": 3,
        "test_error_rate": 30.378726833199032,
        "test_macro_f1": 0.6469577077025788,
        "test_ece": 0.13723991680395017,
        "test_per_class_f1": [
          0.7142857142857143,
          0.8040540540540541,
          0.5793103448275863,
          0.8888888888888888,
          0.7493261455525606,
          0.4186046511627907,
          0.07547169811320754,
          0.7906976744186046,
          0.801980198019802
        ],
        "dev_error_rate": 30.829420970266042,
        "dev_macro_f1": 0.6502692638568559,
        "dev_ece": 0.14632586456240626,
        "stopping_strategy": "baseline",
        "phase1_seed_strategy": "last",
        "phase1_best_epoch": null,
        "lambda1_mean": 0.9276257772214666,
        "lambda1_std": 0.32220565643324334,
        "lambda2_mean": 0.4872088199434828,
        "lambda2_std": 0.2588508568579606
      }
    },
    {
      "number": 4,
      "state": "COMPLETE",
      "params": {
        "lr": 0.00017950303415673367,
        "batch_size": 32,
        "cotrain_epochs": 19,
        "finetune_patience": 7,
        "weight_decay": 0.06611870564521558,
        "warmup_ratio": 0.28824628891732795
      },
      "dev_macro_f1": 0.655543,
      "duration_seconds": 583.3,
      "full_metrics": {
        "event": "hurricane_florence_2018",
        "budget": 25,
        "seed_set": 3,
        "test_error_rate": 27.47784045124899,
        "test_macro_f1": 0.6415048764056176,
        "test_ece": 0.039545835241207104,
        "test_per_class_f1": [
          0.715203426124197,
          0.8292682926829268,
          0.5670103092783505,
          0.8682170542635659,
          0.8077858880778589,
          0.273224043715847,
          0.05970149253731343,
          0.8409506398537477,
          0.8121827411167513
        ],
        "dev_error_rate": 27.38654147104851,
        "dev_macro_f1": 0.655543321194124,
        "dev_ece": 0.0479329526191213,
        "stopping_strategy": "baseline",
        "phase1_seed_strategy": "last",
        "phase1_best_epoch": null,
        "lambda1_mean": 0.9828416843176693,
        "lambda1_std": 0.30157308464627025,
        "lambda2_mean": 0.6284067781259193,
        "lambda2_std": 0.2377036498022524
      }
    },
    {
      "number": 5,
      "state": "COMPLETE",
      "params": {
        "lr": 0.00020963019300637004,
        "batch_size": 8,
        "cotrain_epochs": 15,
        "finetune_patience": 9,
        "weight_decay": 0.08480626016004061,