{
  "event": "hurricane_dorian_2019",
  "budget": 50,
  "seed_set": 1,
  "test_error_rate": 34.748010610079575,
  "test_macro_f1": 0.5751595871637627,
  "test_ece": 0.10266666917688651,
  "test_per_class_f1": [
    0.6655231560891939,
    0.8831908831908832,
    0.6413043478260869,
    0.3157894736842105,
    0.5901639344262295,
    0.29533678756476683,
    0.1414141414141414,
    0.8264058679706602,
    0.8173076923076923
  ],
  "dev_error_rate": 35.4381443298969,
  "dev_macro_f1": 0.598846298679224,
  "dev_ece": 0.10250429463447984,
  "stopping_strategy": "baseline",
  "phase1_seed_strategy": "last",
  "phase1_best_epoch": null,
  "lambda1_mean": 1.0050133465270186,
  "lambda1_std": 0.2939270970453344,
  "lambda2_mean": 0.5305224566013665,
  "lambda2_std": 0.195442803623168
}