{
  "event": "hurricane_dorian_2019",
  "budget": 25,
  "seed_set": 1,
  "test_error_rate": 59.217506631299734,
  "test_macro_f1": 0.3911874459994105,
  "test_ece": 0.26592493809226025,
  "test_per_class_f1": [
    0.3817204301075269,
    0.7063197026022305,
    0.15079365079365079,
    0.09345794392523364,
    0.45930232558139533,
    0.34726688102893893,
    0.11081794195250659,
    0.54421768707483,
    0.726790450928382
  ],
  "dev_error_rate": 58.37628865979381,
  "dev_macro_f1": 0.39826952995644227,
  "dev_ece": 0.2510377705558059
}