{
  "event": "california_wildfires_2018",
  "budget": 5,
  "seed_set": 2,
  "test_error_rate": 26.488706365503077,
  "test_macro_f1": 0.6041171547284161,
  "test_ece": 0.20908284083284143,
  "test_per_class_f1": [
    0.6122448979591837,
    0.7457627118644068,
    0.5608465608465608,
    0.917098445595855,
    0.6666666666666666,
    0.7016949152542373,
    0.2783882783882784,
    0.0,
    0.8479427549194991,
    0.7105263157894737
  ],
  "dev_error_rate": 26.063829787234038,
  "dev_macro_f1": 0.6061597705880425,
  "dev_ece": 0.1992731810091658,
  "stopping_strategy": "baseline",
  "phase1_seed_strategy": "last",
  "phase1_best_epoch": null,
  "lambda1_mean": 1.0470970854233799,
  "lambda1_std": 0.25953077418315273,
  "lambda2_mean": 0.5442280756255825,
  "lambda2_std": 0.18816959362146746
}