{
  "event": "hurricane_dorian_2019",
  "budget": 25,
  "seed_set": 3,
  "test_error_rate": 47.87798408488063,
  "test_macro_f1": 0.47216524099476254,
  "test_ece": 0.20806525097245882,
  "test_per_class_f1": [
    0.35127478753541075,
    0.8187134502923976,
    0.43155452436194897,
    0.17777777777777778,
    0.5149051490514905,
    0.278372591006424,
    0.1791044776119403,
    0.7139364303178484,
    0.7838479809976246
  ],
  "dev_error_rate": 48.324742268041234,
  "dev_macro_f1": 0.4726804478697548,
  "dev_ece": 0.191457623327823
}