{
  "event": "hurricane_florence_2018",
  "budget": 10,
  "seed_set": 1,
  "test_error_rate": 54.95568090249798,
  "test_macro_f1": 0.33758035803774206,
  "test_ece": 0.1336939449539884,
  "test_per_class_f1": [
    0.4875239923224568,
    0.2636363636363636,
    0.16216216216216217,
    0.5517241379310345,
    0.3795620437956204,
    0.04519774011299435,
    0.022222222222222223,
    0.6846361185983828,
    0.44155844155844154
  ],
  "dev_error_rate": 54.77308294209703,
  "dev_macro_f1": 0.34960941382705485,
  "dev_ece": 0.18445484295883835
}