{
  "event": "hurricane_irma_2017",
  "budget": 5,
  "seed_set": 3,
  "test_error_rate": 35.338345864661655,
  "test_macro_f1": 0.6322205883507447,
  "test_ece": 0.27400147221846427,
  "test_per_class_f1": [
    0.6055045871559633,
    0.7857142857142857,
    0.7385019710906702,
    0.9340974212034384,
    0.543859649122807,
    0.2944,
    0.4074074074074074,
    0.7459618208516887,
    0.6345381526104418
  ],
  "dev_error_rate": 36.74321503131524,
  "dev_macro_f1": 0.6295879822390396,
  "dev_ece": 0.291915249258342,
  "stopping_strategy": "baseline",
  "phase1_seed_strategy": "last",
  "phase1_best_epoch": null,
  "lambda1_mean": 1.0410717986425346,
  "lambda1_std": 0.2591413691093499,
  "lambda2_mean": 0.5188207619318445,
  "lambda2_std": 0.17994949266562082
}