{
  "event": "california_wildfires_2018",
  "budget": 5,
  "seed_set": 2,
  "test_error_rate": 77.41273100616016,
  "test_macro_f1": 0.07456167833139404,
  "test_ece": 0.09655611516881038,
  "test_per_class_f1": [
    0.0,
    0.0,
    0.10110974106041924,
    0.56,
    0.0,
    0.0,
    0.0,
    0.0,
    0.0,
    0.08450704225352113
  ],
  "dev_error_rate": 75.79787234042553,
  "dev_macro_f1": 0.0910905543787146,
  "dev_ece": 0.09302286946393075
}