{
  "event": "california_wildfires_2018",
  "budget": 25,
  "seed_set": 1,
  "test_error_rate": 45.31143052703628,
  "test_macro_f1": 0.4722924091028287,
  "test_ece": 0.12891625274867738,
  "test_per_class_f1": [
    0.2585034013605442,
    0.4875,
    0.40963855421686746,
    0.8123167155425219,
    0.4583333333333333,
    0.5256124721603563,
    0.2644628099173554,
    0.20952380952380953,
    0.6132723112128147,
    0.6837606837606838
  ],
  "dev_error_rate": 41.3563829787234,
  "dev_macro_f1": 0.4903128735918528,
  "dev_ece": 0.09163203760188943
}