{
  "event": "hurricane_irma_2017",
  "budget": 25,
  "seed_set": 2,
  "status": "done",
  "best_params": {
    "lr": 4.847138763541688e-05,
    "batch_size": 16,
    "cotrain_epochs": 14,
    "finetune_patience": 9,
    "weight_decay": 0.06570016658396109,
    "warmup_ratio": 0.22196353153377033
  },
  "best_value": 0.670225,
  "best_full_metrics": {
    "event": "hurricane_irma_2017",
    "budget": 25,
    "seed_set": 2,
    "test_error_rate": 31.686358754027932,
    "test_macro_f1": 0.6606315453067518,
    "test_ece": 0.17765479791753402,
    "test_per_class_f1": [
      0.6594202898550725,
      0.8338368580060423,
      0.803129074315515,
      0.9447513812154696,
      0.5066666666666667,
      0.41678726483357453,
      0.3300970873786408,
      0.7379518072289156,
      0.7130434782608696
    ],
    "dev_error_rate": 31.732776617954073,
    "dev_macro_f1": 0.6702247363255356,
    "dev_ece": 0.18782172543395287,
    "stopping_strategy": "baseline",
    "phase1_seed_strategy": "last",
    "phase1_best_epoch": null,
    "lambda1_mean": 0.9981780910876555,
    "lambda1_std": 0.2701649160176573,
    "lambda2_mean": 0.6210743339206253,
    "lambda2_std": 0.2428399130647359
  },
  "n_trials": 10,
  "continued_from": null,
  "trials": [
    {
      "number": 0,
      "state": "COMPLETE",
      "params": {
        "lr": 0.00020081235842155706,
        "batch_size": 64,
        "cotrain_epochs": 20,
        "finetune_patience": 8,
        "weight_decay": 0.02221207644627501,
        "warmup_ratio": 0.2674842382347469
      },
      "dev_macro_f1": 0.037101,
      "duration_seconds": 807.0,
      "full_metrics": {
        "event": "hurricane_irma_2017",
        "budget": 25,
        "seed_set": 2,
        "test_error_rate": 80.02148227712138,
        "test_macro_f1": 0.037003879438973444,
        "test_ece": 0.09377410927853447,
        "test_per_class_f1": [
          0.0,
          0.0,
          0.333034914950761,
          0.0,
          0.0,
          0.0,
          0.0,
          0.0,
          0.0
        ],
        "dev_error_rate": 79.95824634655533,
        "dev_macro_f1": 0.037101449275362325,
        "dev_ece": 0.09314174906570377,
        "stopping_strategy": "baseline",
        "phase1_seed_strategy": "last",
        "phase1_best_epoch": null,
        "lambda1_mean": 0.6122365842922861,
        "lambda1_std": 0.22758531349692504,
        "lambda2_mean": 0.18707273710627417,
        "lambda2_std": 0.10941230661271349
      }
    },
    {
      "number": 1,
      "state": "COMPLETE",
      "params": {
        "lr": 0.0007511889871452346,
        "batch_size": 64,
        "cotrain_epochs": 7,
        "finetune_patience": 9,
        "weight_decay": 0.04619344813432002,
        "warmup_ratio": 0.27268195564143094
      },
      "dev_macro_f1": 0.044519,
      "duration_seconds": 354.5,
      "full_metrics": {
        "event": "hurricane_irma_2017",
        "budget": 25,
        "seed_set": 2,
        "test_error_rate": 74.91944146079484,
        "test_macro_f1": 0.0445589427985306,
        "test_ece": 0.08721691545271079,
        "test_per_class_f1": [
          0.0,
          0.0,
          0.0,
          0.0,
          0.0,
          0.4010304851867754,
          0.0,
          0.0,
          0.0
        ],
        "dev_error_rate": 74.94780793319416,
        "dev_macro_f1": 0.044518642181413465,
        "dev_ece": 0.08693326983235325,
        "stopping_strategy": "baseline",
        "phase1_seed_strategy": "last",
        "phase1_best_epoch": null,
        "lambda1_mean": 0.40270471525748264,
        "lambda1_std": 0.25467717794362515,
        "lambda2_mean": 0.06676700102454146,
        "lambda2_std": 0.09060490156001032
      }
    },
    {
      "number": 2,
      "state": "COMPLETE",
      "params": {
        "lr": 0.0007064441325014915,
        "batch_size": 64,
        "cotrain_epochs": 19,
        "finetune_patience": 10,
        "weight_decay": 0.07463403311203642,
        "warmup_ratio": 0.11048781115081761
      },
      "dev_macro_f1": 0.037101,
      "duration_seconds": 773.5,
      "full_metrics": {
        "event": "hurricane_irma_2017",
        "budget": 25,
        "seed_set": 2,
        "test_error_rate": 80.02148227712138,
        "test_macro_f1": 0.037003879438973444,
        "test_ece": 0.18900498291667628,
        "test_per_class_f1": [
          0.0,
          0.0,
          0.333034914950761,
          0.0,
          0.0,
          0.0,
          0.0,
          0.0,
          0.0
        ],
        "dev_error_rate": 79.95824634655533,
        "dev_macro_f1": 0.037101449275362325,
        "dev_ece": 0.18837262254542747,
        "stopping_strategy": "baseline",
        "phase1_seed_strategy": "last",
        "phase1_best_epoch": null,
        "lambda1_mean": 0.3149948007612243,
        "lambda1_std": 0.17217627739394906,
        "lambda2_mean": 0.09666425696949105,
        "lambda2_std": 0.08521917982335192
      }
    },
    {
      "number": 3,
      "state": "COMPLETE",
      "params": {
        "lr": 0.000786938148220723,
        "batch_size": 64,
        "cotrain_epochs": 12,
        "finetune_patience": 5,
        "weight_decay": 0.03607481796938622,
        "warmup_ratio": 0.22574186665731605
      },
      "dev_macro_f1": 0.032143,
      "duration_seconds": 516.9,
      "full_metrics": {
        "event": "hurricane_irma_2017",
        "budget": 25,
        "seed_set": 2,
        "test_error_rate": 83.0827067669173,
        "test_macro_f1": 0.03215434083601286,
        "test_ece": 0.21931542742649288,
        "test_per_class_f1": [
          0.0,
          0.0,
          0.0,
          0.0,
          0.0,
          0.0,
          0.0,
          0.28938906752411575,
          0.0
        ],
        "dev_error_rate": 83.08977035490605,
        "dev_macro_f1": 0.03214285714285715,
        "dev_ece": 0.21938606396721896,
        "stopping_strategy": "baseline",
        "phase1_seed_strategy": "last",
        "phase1_best_epoch": null,
        "lambda1_mean": 0.4588904215922314,
        "lambda1_std": 0.22739659613214627,
        "lambda2_mean": 0.0763555579276501,
        "lambda2_std": 0.07672614403740759
      }
    },
    {
      "number": 4,
      "state": "COMPLETE",
      "params": {
        "lr": 4.847138763541688e-05,
        "batch_size": 16,
        "cotrain_epochs": 14,
        "finetune_patience": 9,
        "weight_decay": 0.06570016658396109,
        "warmup_ratio": 0.22196353153377033
      },
      "dev_macro_f1": 0.670225,
      "duration_seconds": 750.8,
      "full_metrics": {
        "event": "hurricane_irma_2017",
        "budget": 25,
        "seed_set": 2,
        "test_error_rate": 31.686358754027932,
        "test_macro_f1": 0.6606315453067518,
        "test_ece": 0.17765479791753402,
        "test_per_class_f1": [
          0.6594202898550725,
          0.8338368580060423,
          0.803129074315515,
          0.9447513812154696,
          0.5066666666666667,
          0.41678726483357453,
          0.3300970873786408,
          0.7379518072289156,
          0.7130434782608696
        ],
        "dev_error_rate": 31.732776617954073,
        "dev_macro_f1": 0.6702247363255356,
        "dev_ece": 0.18782172543395287,
        "stopping_strategy": "baseline",
        "phase1_seed_strategy": "last",
        "phase1_best_epoch": null,
        "lambda1_mean": 0.9981780910876555,
        "lambda1_std": 0.2701649160176573,
        "lambda2_mean": 0.6210743339206253,
        "lambda2_std": 0.2428399130647359
      }
    },
    {
      "number": 5,
      "state": "COMPLETE",
      "params": {
        "lr": 0.0002730435858858836,
        "batch_size": 64,
        "cotrain_epochs": 9,
        "finetune_patience": 7,
        "weight_decay": 0.05028573188237955,
        "warmup_ratio": 0.005111597173667859
      },
      "dev_macro_f1": 0.617577,
      "duration_seconds": 432.2,
      "full_metrics": {
        "event": "hurricane_irma_2017",
        "budget": 25,
        "seed_set": 2,