{
  "event": "california_wildfires_2018",
  "budget": 25,
  "seed_set": 2,
  "test_error_rate": 54.68856947296372,
  "test_macro_f1": 0.40069224048576463,
  "test_ece": 0.2013320199517988,
  "test_per_class_f1": [
    0.358974358974359,
    0.21818181818181817,
    0.21498371335504887,
    0.6844583987441131,
    0.29457364341085274,
    0.5911111111111111,
    0.2883435582822086,
    0.11578947368421053,
    0.44050632911392407,
    0.8
  ],
  "dev_error_rate": 52.92553191489362,
  "dev_macro_f1": 0.4321908855335689,
  "dev_ece": 0.17012133205586924
}