{
  "event": "kerala_floods_2018",
  "budget": 25,
  "seed_set": 3,
  "test_error_rate": 50.0,
  "test_macro_f1": 0.40626185835292217,
  "test_ece": 0.11731642717318952,
  "test_per_class_f1": [
    0.20408163265306123,
    0.12612612612612611,
    0.3188405797101449,
    0.7248322147651006,
    0.3270440251572327,
    0.3238512035010941,
    0.4398976982097187,
    0.6123381568926123,
    0.5793450881612091
  ],
  "dev_error_rate": 49.26289926289926,
  "dev_macro_f1": 0.4521890368028259,
  "dev_ece": 0.09669514383013185,
  "stopping_strategy": "baseline",
  "phase1_seed_strategy": "last",
  "phase1_best_epoch": null,
  "lambda1_mean": 0.5877531195410166,
  "lambda1_std": 0.0669949536867997,
  "lambda2_mean": 0.13529658180801452,
  "lambda2_std": 0.03533999198813647
}