{
  "event": "canada_wildfires_2016",
  "budget": 10,
  "seed_set": 2,
  "test_error_rate": 25.39325842696629,
  "test_macro_f1": 0.5590930006073256,
  "test_ece": 0.06257394739751068,
  "test_per_class_f1": [
    0.30303030303030304,
    0.8518518518518519,
    0.8761904761904762,
    0.27586206896551724,
    0.5043478260869565,
    0.0,
    0.8554913294797688,
    0.8059701492537313
  ],
  "dev_error_rate": 25.877192982456144,
  "dev_macro_f1": 0.5594723632202376,
  "dev_ece": 0.07791509348572348,
  "stopping_strategy": "baseline",
  "phase1_seed_strategy": "last",
  "phase1_best_epoch": null,
  "lambda1_mean": 0.9375125618679095,
  "lambda1_std": 0.26698201089972345,
  "lambda2_mean": 0.39656034246283023,
  "lambda2_std": 0.17948271391847587
}