{
  "event": "hurricane_harvey_2017",
  "budget": 25,
  "seed_set": 1,
  "status": "done",
  "best_params": {
    "lr": 0.00012327295391014202,
    "batch_size": 64,
    "cotrain_epochs": 18,
    "finetune_patience": 6,
    "weight_decay": 0.0666728818850512,
    "warmup_ratio": 0.22414307182117787
  },
  "best_value": 0.677423,
  "best_full_metrics": {
    "event": "hurricane_harvey_2017",
    "budget": 25,
    "seed_set": 1,
    "test_error_rate": 28.975069252077567,
    "test_macro_f1": 0.6689689968051212,
    "test_ece": 0.13438267473368765,
    "test_per_class_f1": [
      0.6245059288537549,
      0.872852233676976,
      0.8133595284872298,
      0.9025270758122743,
      0.4055299539170507,
      0.444022770398482,
      0.4293785310734463,
      0.8285449490268767,
      0.7
    ],
    "dev_error_rate": 28.63293864370291,
    "dev_macro_f1": 0.6774228647059243,
    "dev_ece": 0.1404688947295732,
    "stopping_strategy": "baseline",
    "phase1_seed_strategy": "last",
    "phase1_best_epoch": null,
    "lambda1_mean": 1.0342387510482132,
    "lambda1_std": 0.2453248018044527,
    "lambda2_mean": 0.6283248682040267,
    "lambda2_std": 0.20464415530456423
  },
  "n_trials": 10,
  "continued_from": null,
  "trials": [
    {
      "number": 0,
      "state": "COMPLETE",
      "params": {
        "lr": 0.00011164989306178186,
        "batch_size": 64,
        "cotrain_epochs": 11,
        "finetune_patience": 9,
        "weight_decay": 0.036662069837694065,
        "warmup_ratio": 0.2854676153635214
      },
      "dev_macro_f1": 0.66679,
      "duration_seconds": 486.2,
      "full_metrics": {
        "event": "hurricane_harvey_2017",
        "budget": 25,
        "seed_set": 1,
        "test_error_rate": 27.75623268698061,
        "test_macro_f1": 0.6768438876182918,
        "test_ece": 0.09416148236583802,
        "test_per_class_f1": [
          0.6220472440944882,
          0.855072463768116,
          0.8247011952191236,
          0.8975265017667845,
          0.3744292237442922,
          0.49355432780847147,
          0.45962732919254656,
          0.8401084010840109,
          0.7245283018867924
        ],
        "dev_error_rate": 29.494079655543594,
        "dev_macro_f1": 0.6667904111415137,
        "dev_ece": 0.11369780678025362,
        "stopping_strategy": "baseline",
        "phase1_seed_strategy": "last",
        "phase1_best_epoch": null,
        "lambda1_mean": 1.0051133088182607,
        "lambda1_std": 0.273466443008499,
        "lambda2_mean": 0.5440315296356598,
        "lambda2_std": 0.20421528316090226
      }
    },
    {
      "number": 1,
      "state": "COMPLETE",
      "params": {
        "lr": 0.00025550716261758143,
        "batch_size": 8,
        "cotrain_epochs": 20,
        "finetune_patience": 6,
        "weight_decay": 0.05449202091552026,
        "warmup_ratio": 0.15177869436705727
      },
      "dev_macro_f1": 0.052588,
      "duration_seconds": 1411.7,
      "full_metrics": {
        "event": "hurricane_harvey_2017",
        "budget": 25,
        "seed_set": 1,
        "test_error_rate": 69.03047091412742,
        "test_macro_f1": 0.052547471329197216,
        "test_ece": 0.01629193428480724,
        "test_per_class_f1": [
          0.0,
          0.0,
          0.0,
          0.0,
          0.0,
          0.0,
          0.0,
          0.47292724196277497,
          0.0
        ],
        "dev_error_rate": 68.9989235737352,
        "dev_macro_f1": 0.05258833196384552,
        "dev_ece": 0.01660740741230826,
        "stopping_strategy": "baseline",
        "phase1_seed_strategy": "last",
        "phase1_best_epoch": null,
        "lambda1_mean": 0.4251877011592351,
        "lambda1_std": 0.3438956371143975,
        "lambda2_mean": 0.138540532480174,
        "lambda2_std": 0.16521459918269962
      }
    },
    {
      "number": 2,
      "state": "COMPLETE",
      "params": {
        "lr": 1.0545974581415928e-05,
        "batch_size": 32,
        "cotrain_epochs": 13,
        "finetune_patience": 4,
        "weight_decay": 0.04821560877654371,
        "warmup_ratio": 0.05045766402584016
      },
      "dev_macro_f1": 0.628472,
      "duration_seconds": 613.3,
      "full_metrics": {
        "event": "hurricane_harvey_2017",
        "budget": 25,
        "seed_set": 1,
        "test_error_rate": 30.63711911357341,
        "test_macro_f1": 0.6504025675266301,
        "test_ece": 0.1592531060247871,
        "test_per_class_f1": [
          0.6170212765957447,
          0.8532423208191127,
          0.7829457364341085,
          0.8934707903780069,
          0.365296803652968,
          0.3702127659574468,
          0.43523316062176165,
          0.8239700374531835,
          0.7122302158273381
        ],
        "dev_error_rate": 32.938643702906354,
        "dev_macro_f1": 0.6284722253118632,
        "dev_ece": 0.19324289539786793,
        "stopping_strategy": "baseline",
        "phase1_seed_strategy": "last",
        "phase1_best_epoch": null,
        "lambda1_mean": 1.0126551617762711,
        "lambda1_std": 0.2999753613963004,
        "lambda2_mean": 0.5352462338868407,
        "lambda2_std": 0.19747315670634594
      }
    },
    {
      "number": 3,
      "state": "COMPLETE",
      "params": {
        "lr": 0.0006498403296496441,
        "batch_size": 16,
        "cotrain_epochs": 11,
        "finetune_patience": 4,
        "weight_decay": 0.06732254407536879,
        "warmup_ratio": 0.21024404297965346
      },
      "dev_macro_f1": 0.052588,
      "duration_seconds": 579.2,
      "full_metrics": {
        "event": "hurricane_harvey_2017",
        "budget": 25,
        "seed_set": 1,
        "test_error_rate": 69.03047091412742,
        "test_macro_f1": 0.052547471329197216,
        "test_ece": 0.0009632775988275277,
        "test_per_class_f1": [
          0.0,
          0.0,
          0.0,
          0.0,
          0.0,
          0.0,
          0.0,
          0.47292724196277497,
          0.0
        ],
        "dev_error_rate": 68.9989235737352,
        "dev_macro_f1": 0.05258833196384552,
        "dev_ece": 0.0012787528199708076,
        "stopping_strategy": "baseline",
        "phase1_seed_strategy": "last",
        "phase1_best_epoch": null,
        "lambda1_mean": 0.43137964848185306,
        "lambda1_std": 0.3669974756614542,
        "lambda2_mean": 0.13129474519964676,
        "lambda2_std": 0.16880497201276612
      }
    },
    {
      "number": 4,
      "state": "COMPLETE",
      "params": {
        "lr": 0.0007389239626586058,
        "batch_size": 16,
        "cotrain_epochs": 16,
        "finetune_patience": 8,
        "weight_decay": 0.08712774087875963,
        "warmup_ratio": 0.09821703118886381
      },
      "dev_macro_f1": 0.052588,
      "duration_seconds": 800.8,
      "full_metrics": {
        "event": "hurricane_harvey_2017",
        "budget": 25,
        "seed_set": 1,
        "test_error_rate": 69.03047091412742,
        "test_macro_f1": 0.052547471329197216,
        "test_ece": 0.300451029568828,
        "test_per_class_f1": [
          0.0,
          0.0,
          0.0,
          0.0,
          0.0,
          0.0,
          0.0,
          0.47292724196277497,
          0.0
        ],
        "dev_error_rate": 68.9989235737352,
        "dev_macro_f1": 0.05258833196384552,
        "dev_ece": 0.30013551425882506,
        "stopping_strategy": "baseline",
        "phase1_seed_strategy": "last",
        "phase1_best_epoch": null,
        "lambda1_mean": 0.34467501012061236,
        "lambda1_std": 0.37500964470686754,
        "lambda2_mean": 0.15356496622481863,
        "lambda2_std": 0.19228690316511574
      }
    },
    {
      "number": 5,
      "state": "COMPLETE",
      "params": {
        "lr": 0.00017367842962906163,
        "batch_size": 64,
        "cotrain_epochs": 8,
        "finetune_patience": 5,
        "weight_decay": 0.0882636713501525,
        "warmup_ratio": 0.29721083526891245
      },
      "dev_macro_f1": 0.668168,
      "duration_seconds": 389.5,