{
  "event": "kerala_floods_2018",
  "budget": 10,
  "seed_set": 1,
  "test_error_rate": 27.686472819216178,
  "test_macro_f1": 0.5410220924796745,
  "test_ece": 0.19525582604251526,
  "test_per_class_f1": [
    0.5384615384615384,
    0.0,
    0.5333333333333333,
    0.7941176470588235,
    0.41706161137440756,
    0.3890577507598784,
    0.6551724137931034,
    0.8581235697940504,
    0.6838709677419355
  ],
  "dev_error_rate": 26.65847665847666,
  "dev_macro_f1": 0.5822813520698594,
  "dev_ece": 0.1886040817680757,
  "stopping_strategy": "baseline",
  "phase1_seed_strategy": "last",
  "phase1_best_epoch": null,
  "lambda1_mean": 0.9919292040098415,
  "lambda1_std": 0.2862527607904841,
  "lambda2_mean": 0.5023252056739528,
  "lambda2_std": 0.18843454496278075
}