{
  "event": "hurricane_irma_2017",
  "budget": 25,
  "seed_set": 2,
  "test_error_rate": 46.77765843179377,
  "test_macro_f1": 0.5233814552444493,
  "test_ece": 0.2918451416729344,
  "test_per_class_f1": [
    0.4270833333333333,
    0.6385224274406333,
    0.6338028169014085,
    0.8571428571428571,
    0.425,
    0.2824207492795389,
    0.22377622377622378,
    0.5923344947735192,
    0.6303501945525292
  ],
  "dev_error_rate": 48.43423799582464,
  "dev_macro_f1": 0.5111935431532345,
  "dev_ece": 0.3210548344758458,
  "stopping_strategy": "baseline",
  "phase1_seed_strategy": "last",
  "phase1_best_epoch": null,
  "lambda1_mean": 1.0181341490397866,
  "lambda1_std": 0.23004015258344948,
  "lambda2_mean": 0.4806341563355617,
  "lambda2_std": 0.18221673150220197
}