{
  "event": "canada_wildfires_2016",
  "budget": 25,
  "seed_set": 3,
  "test_error_rate": 22.92134831460674,
  "test_macro_f1": 0.6156422610890402,
  "test_ece": 0.07198191338710576,
  "test_per_class_f1": [
    0.4166666666666667,
    0.8662420382165605,
    0.8888888888888888,
    0.34782608695652173,
    0.4158415841584158,
    0.2857142857142857,
    0.8975069252077562,
    0.8064516129032258
  ],
  "dev_error_rate": 20.175438596491226,
  "dev_macro_f1": 0.6977002813225122,
  "dev_ece": 0.09989843504470694,
  "stopping_strategy": "baseline",
  "phase1_seed_strategy": "last",
  "phase1_best_epoch": null,
  "lambda1_mean": 0.997215521463036,
  "lambda1_std": 0.23462423619358175,
  "lambda2_mean": 0.44256655900160785,
  "lambda2_std": 0.170120119248347
}