{
  "event": "kaikoura_earthquake_2016",
  "budget": 10,
  "seed_set": 3,
  "status": "done",
  "best_params": {
    "lr": 0.00015664303569618503,
    "batch_size": 32,
    "cotrain_epochs": 6,
    "finetune_patience": 6,
    "weight_decay": 0.06111539337215443,
    "warmup_ratio": 0.27486377010152924
  },
  "best_value": 0.695464,
  "best_full_metrics": {
    "event": "kaikoura_earthquake_2016",
    "budget": 10,
    "seed_set": 3,
    "test_error_rate": 24.597701149425287,
    "test_macro_f1": 0.7433559471282395,
    "test_ece": 0.28976840781069346,
    "test_per_class_f1": [
      0.7329842931937173,
      0.7096774193548387,
      0.8549618320610687,
      0.95,
      0.5813953488372093,
      0.5354330708661418,
      0.6,
      0.8536585365853658,
      0.872093023255814
    ],
    "dev_error_rate": 29.01785714285714,
    "dev_macro_f1": 0.6954642228725776,
    "dev_ece": 0.2538507159001061,
    "stopping_strategy": "baseline",
    "phase1_seed_strategy": "last",
    "phase1_best_epoch": null,
    "lambda1_mean": 0.278417136056313,
    "lambda1_std": 0.1814599930267861,
    "lambda2_mean": 0.34469528804136407,
    "lambda2_std": 0.20864591539109092
  },
  "n_trials": 10,
  "continued_from": null,
  "trials": [
    {
      "number": 0,
      "state": "COMPLETE",
      "params": {
        "lr": 0.00024987491488768213,
        "batch_size": 32,
        "cotrain_epochs": 13,
        "finetune_patience": 9,
        "weight_decay": 0.08364974532992007,
        "warmup_ratio": 0.13359042839216131
      },
      "dev_macro_f1": 0.337882,
      "duration_seconds": 153.7,
      "full_metrics": {
        "event": "kaikoura_earthquake_2016",
        "budget": 10,
        "seed_set": 3,
        "test_error_rate": 50.3448275862069,
        "test_macro_f1": 0.2925026090617785,
        "test_ece": 0.2715209707103927,
        "test_per_class_f1": [
          0.5756457564575646,
          0.0,
          0.6031746031746031,
          0.35294117647058826,
          0.0,
          0.0,
          0.0,
          0.27956989247311825,
          0.8211920529801324
        ],
        "dev_error_rate": 47.76785714285714,
        "dev_macro_f1": 0.3378819107306085,
        "dev_ece": 0.2615335479245654,
        "stopping_strategy": "baseline",
        "phase1_seed_strategy": "last",
        "phase1_best_epoch": null,
        "lambda1_mean": 0.6521745906988584,
        "lambda1_std": 0.38926533402905916,
        "lambda2_mean": 0.08558186069046836,
        "lambda2_std": 0.07385418385717693
      }
    },
    {
      "number": 1,
      "state": "COMPLETE",
      "params": {
        "lr": 3.587496025053968e-05,
        "batch_size": 16,
        "cotrain_epochs": 18,
        "finetune_patience": 5,
        "weight_decay": 0.066316191345051,
        "warmup_ratio": 0.10696470150954539
      },
      "dev_macro_f1": 0.646754,
      "duration_seconds": 214.5,
      "full_metrics": {
        "event": "kaikoura_earthquake_2016",
        "budget": 10,
        "seed_set": 3,
        "test_error_rate": 24.827586206896555,
        "test_macro_f1": 0.6707245932683964,
        "test_ece": 0.1973980353481468,
        "test_per_class_f1": [
          0.7473684210526316,
          0.7368421052631579,
          0.8175182481751825,
          0.9130434782608695,
          0.5747126436781609,
          0.47368421052631576,
          0.0,
          0.8674698795180723,
          0.9058823529411765
        ],
        "dev_error_rate": 28.125,
        "dev_macro_f1": 0.6467542432171981,
        "dev_ece": 0.25440807228109663,
        "stopping_strategy": "baseline",
        "phase1_seed_strategy": "last",
        "phase1_best_epoch": null,
        "lambda1_mean": 1.0917984315683142,
        "lambda1_std": 0.17844166192487318,
        "lambda2_mean": 0.5772030626390836,
        "lambda2_std": 0.1428034340135374
      }
    },
    {
      "number": 2,
      "state": "COMPLETE",
      "params": {
        "lr": 0.00027697695562279635,
        "batch_size": 64,
        "cotrain_epochs": 7,
        "finetune_patience": 10,
        "weight_decay": 0.03924686157475985,
        "warmup_ratio": 0.18105030290295265
      },
      "dev_macro_f1": 0.596552,
      "duration_seconds": 90.8,
      "full_metrics": {
        "event": "kaikoura_earthquake_2016",
        "budget": 10,
        "seed_set": 3,
        "test_error_rate": 32.64367816091954,
        "test_macro_f1": 0.587398375858361,
        "test_ece": 0.059064021021470244,
        "test_per_class_f1": [
          0.6810810810810811,
          0.14814814814814814,
          0.7883211678832117,
          0.8260869565217391,
          0.4657534246575342,
          0.5079365079365079,
          0.29411764705882354,
          0.6875,
          0.8876404494382022
        ],
        "dev_error_rate": 33.48214285714286,
        "dev_macro_f1": 0.5965516355032413,
        "dev_ece": 0.09694569132157735,
        "stopping_strategy": "baseline",
        "phase1_seed_strategy": "last",
        "phase1_best_epoch": null,
        "lambda1_mean": 0.8897983754583172,
        "lambda1_std": 0.3248114254540062,
        "lambda2_mean": 0.32813355707643654,
        "lambda2_std": 0.24682975702818372
      }
    },
    {
      "number": 3,
      "state": "COMPLETE",
      "params": {
        "lr": 5.0115712508169656e-05,
        "batch_size": 64,
        "cotrain_epochs": 7,
        "finetune_patience": 6,
        "weight_decay": 0.051982214842064,
        "warmup_ratio": 0.29304573980231763
      },
      "dev_macro_f1": 0.6369,
      "duration_seconds": 85.3,
      "full_metrics": {
        "event": "kaikoura_earthquake_2016",
        "budget": 10,
        "seed_set": 3,
        "test_error_rate": 27.586206896551722,
        "test_macro_f1": 0.6411531589772318,
        "test_ece": 0.16926957958046046,
        "test_per_class_f1": [
          0.7021276595744681,
          0.64,
          0.7843137254901961,
          0.95,
          0.5060240963855421,
          0.42857142857142855,
          0.0,
          0.8604651162790697,
          0.898876404494382
        ],
        "dev_error_rate": 29.464285714285708,
        "dev_macro_f1": 0.6369002779838264,
        "dev_ece": 0.18157275952398777,
        "stopping_strategy": "baseline",
        "phase1_seed_strategy": "last",
        "phase1_best_epoch": null,
        "lambda1_mean": 0.8078873389879957,
        "lambda1_std": 0.2458838593037133,
        "lambda2_mean": 0.20637672716782643,
        "lambda2_std": 0.12032377785804711
      }
    },
    {
      "number": 4,
      "state": "COMPLETE",
      "params": {
        "lr": 0.00010464001859615405,
        "batch_size": 64,
        "cotrain_epochs": 17,
        "finetune_patience": 7,
        "weight_decay": 0.07044605522287717,
        "warmup_ratio": 0.23589802327701792
      },
      "dev_macro_f1": 0.635946,
      "duration_seconds": 166.9,
      "full_metrics": {
        "event": "kaikoura_earthquake_2016",
        "budget": 10,
        "seed_set": 3,
        "test_error_rate": 27.356321839080454,
        "test_macro_f1": 0.6421025750343515,
        "test_ece": 0.20247493119075383,
        "test_per_class_f1": [
          0.7032967032967034,
          0.5853658536585366,
          0.8088235294117647,
          0.9090909090909091,
          0.5747126436781609,
          0.46551724137931033,
          0.0,
          0.8470588235294118,
          0.8850574712643678
        ],
        "dev_error_rate": 28.57142857142857,
        "dev_macro_f1": 0.6359458921755714,
        "dev_ece": 0.21314006924097026,
        "stopping_strategy": "baseline",
        "phase1_seed_strategy": "last",
        "phase1_best_epoch": null,
        "lambda1_mean": 1.0270518908604913,
        "lambda1_std": 0.2518028922951698,
        "lambda2_mean": 0.4736128428801009,
        "lambda2_std": 0.16880190964872324
      }
    },
    {
      "number": 5,
      "state": "COMPLETE",
      "params": {
        "lr": 7.194818711634264e-05,
        "batch_size": 8,
        "cotrain_epochs": 14,