{
  "event": "california_wildfires_2018",
  "budget": 50,
  "seed_set": 3,
  "test_error_rate": 27.65229295003422,
  "test_macro_f1": 0.6487994401392732,
  "test_ece": 0.09316365246410488,
  "test_per_class_f1": [
    0.4788732394366197,
    0.8,
    0.5948717948717949,
    0.9148099606815203,
    0.7191011235955056,
    0.6693548387096774,
    0.41899441340782123,
    0.3728813559322034,
    0.8094302554027505,
    0.7096774193548387
  ],
  "dev_error_rate": 28.058510638297875,
  "dev_macro_f1": 0.6267693599144485,
  "dev_ece": 0.10715991555851824,
  "stopping_strategy": "baseline",
  "phase1_seed_strategy": "last",
  "phase1_best_epoch": null,
  "lambda1_mean": 0.9672202103802736,
  "lambda1_std": 0.30895660734445507,
  "lambda2_mean": 0.5045609738791571,
  "lambda2_std": 0.22363337490909974
}