{
  "event": "hurricane_irma_2017",
  "budget": 50,
  "seed_set": 3,
  "test_error_rate": 31.63265306122449,
  "test_macro_f1": 0.6643941390408195,
  "test_ece": 0.17332560272145092,
  "test_per_class_f1": [
    0.6585365853658537,
    0.8125,
    0.8152031454783748,
    0.9340659340659341,
    0.535483870967742,
    0.4426002766251729,
    0.375,
    0.7090620031796503,
    0.6970954356846473
  ],
  "dev_error_rate": 30.48016701461378,
  "dev_macro_f1": 0.6738341027270688,
  "dev_ece": 0.15326286703037073,
  "stopping_strategy": "baseline",
  "phase1_seed_strategy": "last",
  "phase1_best_epoch": null,
  "lambda1_mean": 1.0263305819818827,
  "lambda1_std": 0.2515790911730613,
  "lambda2_mean": 0.6431108247394015,
  "lambda2_std": 0.22634561902688516
}