{
  "event": "hurricane_maria_2017",
  "budget": 5,
  "seed_set": 2,
  "test_error_rate": 29.542302357836338,
  "test_macro_f1": 0.6761174243515121,
  "test_ece": 0.13222134340652647,
  "test_per_class_f1": [
    0.6407766990291263,
    0.7384615384615385,
    0.8255613126079447,
    0.896,
    0.38961038961038963,
    0.407158836689038,
    0.6547619047619048,
    0.8391777509068924,
    0.6935483870967742
  ],
  "dev_error_rate": 28.975741239892184,
  "dev_macro_f1": 0.6898081271525143,
  "dev_ece": 0.15165298827735563,
  "stopping_strategy": "baseline",
  "phase1_seed_strategy": "last",
  "phase1_best_epoch": null,
  "lambda1_mean": 1.0839272032487415,
  "lambda1_std": 0.20490198105307814,
  "lambda2_mean": 0.6302570087173488,
  "lambda2_std": 0.16600989218299692
}