{
  "event": "cyclone_idai_2019",
  "budget": 25,
  "seed_set": 3,
  "test_error_rate": 26.315789473684216,
  "test_macro_f1": 0.5475015890925603,
  "test_ece": 0.11761511592565055,
  "test_per_class_f1": [
    0.4,
    0.09523809523809523,
    0.7558139534883721,
    0.8914285714285715,
    0.4,
    0.43243243243243246,
    0.4393939393939394,
    0.41025641025641024,
    0.8235294117647058,
    0.8269230769230769
  ],
  "dev_error_rate": 28.927680798004985,
  "dev_macro_f1": 0.5179538628189388,
  "dev_ece": 0.11363981322308726,
  "stopping_strategy": "baseline",
  "phase1_seed_strategy": "last",
  "phase1_best_epoch": null,
  "lambda1_mean": 0.9249821224428851,
  "lambda1_std": 0.35672643099845947,
  "lambda2_mean": 0.416697217609248,
  "lambda2_std": 0.2109337252559821
}