{
  "event": "canada_wildfires_2016",
  "budget": 10,
  "seed_set": 2,
  "status": "done",
  "best_params": {
    "lr": 9.356234962099894e-05,
    "batch_size": 32,
    "cotrain_epochs": 11,
    "finetune_patience": 10,
    "weight_decay": 0.09369308494791925,
    "warmup_ratio": 0.008884421968927846
  },
  "best_value": 0.68913,
  "best_full_metrics": {
    "event": "canada_wildfires_2016",
    "budget": 10,
    "seed_set": 2,
    "test_error_rate": 24.269662921348313,
    "test_macro_f1": 0.5439218119169112,
    "test_ece": 0.08824847708927114,
    "test_per_class_f1": [
      0.21428571428571427,
      0.8662420382165605,
      0.8245614035087719,
      0.2,
      0.5074626865671642,
      0.0,
      0.8863636363636364,
      0.8524590163934426
    ],
    "dev_error_rate": 20.614035087719294,
    "dev_macro_f1": 0.689129527341696,
    "dev_ece": 0.12179973891429736,
    "stopping_strategy": "baseline",
    "phase1_seed_strategy": "last",
    "phase1_best_epoch": null,
    "lambda1_mean": 1.035417181249847,
    "lambda1_std": 0.2476560218199783,
    "lambda2_mean": 0.591714405905273,
    "lambda2_std": 0.20963144888531274
  },
  "n_trials": 10,
  "continued_from": null,
  "trials": [
    {
      "number": 0,
      "state": "COMPLETE",
      "params": {
        "lr": 0.0003499701254109229,
        "batch_size": 32,
        "cotrain_epochs": 17,
        "finetune_patience": 10,
        "weight_decay": 0.08760609708006883,
        "warmup_ratio": 0.0656657044125802
      },
      "dev_macro_f1": 0.073529,
      "duration_seconds": 190.2,
      "full_metrics": {
        "event": "canada_wildfires_2016",
        "budget": 10,
        "seed_set": 2,
        "test_error_rate": 58.20224719101124,
        "test_macro_f1": 0.07369255150554675,
        "test_ece": 0.5163109561030784,
        "test_per_class_f1": [
          0.0,
          0.0,
          0.0,
          0.0,
          0.0,
          0.0,
          0.589540412044374,
          0.0
        ],
        "dev_error_rate": 58.33333333333333,
        "dev_macro_f1": 0.07352941176470588,
        "dev_ece": 0.5176218186031307,
        "stopping_strategy": "baseline",
        "phase1_seed_strategy": "last",
        "phase1_best_epoch": null,
        "lambda1_mean": 0.4904490043331892,
        "lambda1_std": 0.49723675674752044,
        "lambda2_mean": 0.30796946943029463,
        "lambda2_std": 0.37647405421756336
      }
    },
    {
      "number": 1,
      "state": "COMPLETE",
      "params": {
        "lr": 1.3622455071840416e-05,
        "batch_size": 64,
        "cotrain_epochs": 16,
        "finetune_patience": 10,
        "weight_decay": 0.0028836816335033435,
        "warmup_ratio": 0.16031697616893173
      },
      "dev_macro_f1": 0.499191,
      "duration_seconds": 166.7,
      "full_metrics": {
        "event": "canada_wildfires_2016",
        "budget": 10,
        "seed_set": 2,
        "test_error_rate": 24.494382022471907,
        "test_macro_f1": 0.5255766431193376,
        "test_ece": 0.0676163442349166,
        "test_per_class_f1": [
          0.0,
          0.8470588235294118,
          0.8761904761904762,
          0.32,
          0.4838709677419355,
          0.0,
          0.8774928774928775,
          0.8
        ],
        "dev_error_rate": 26.315789473684216,
        "dev_macro_f1": 0.4991914839655188,
        "dev_ece": 0.0869111149457463,
        "stopping_strategy": "baseline",
        "phase1_seed_strategy": "last",
        "phase1_best_epoch": null,
        "lambda1_mean": 0.8626134967682072,
        "lambda1_std": 0.27608371794750036,
        "lambda2_mean": 0.34535629595985645,
        "lambda2_std": 0.17752976490040626
      }
    },
    {
      "number": 2,
      "state": "COMPLETE",
      "params": {
        "lr": 1.9676289641627722e-05,
        "batch_size": 8,
        "cotrain_epochs": 11,
        "finetune_patience": 8,
        "weight_decay": 0.08546110106227611,
        "warmup_ratio": 0.06339168694249357
      },
      "dev_macro_f1": 0.581382,
      "duration_seconds": 233.6,
      "full_metrics": {
        "event": "canada_wildfires_2016",
        "budget": 10,
        "seed_set": 2,
        "test_error_rate": 23.820224719101123,
        "test_macro_f1": 0.6432808982873687,
        "test_ece": 0.10547220264927722,
        "test_per_class_f1": [
          0.43478260869565216,
          0.8571428571428571,
          0.8932038834951457,
          0.3333333333333333,
          0.44642857142857145,
          0.5,
          0.8813559322033898,
          0.8
        ],
        "dev_error_rate": 22.368421052631582,
        "dev_macro_f1": 0.581382328897081,
        "dev_ece": 0.09017691342977058,
        "stopping_strategy": "baseline",
        "phase1_seed_strategy": "last",
        "phase1_best_epoch": null,
        "lambda1_mean": 1.0550729602699749,
        "lambda1_std": 0.21022641950134244,
        "lambda2_mean": 0.5474451902656591,
        "lambda2_std": 0.18372032667256194
      }
    },
    {
      "number": 3,
      "state": "COMPLETE",
      "params": {
        "lr": 0.00072503964334187,
        "batch_size": 32,
        "cotrain_epochs": 5,
        "finetune_patience": 9,
        "weight_decay": 0.063747626307941,
        "warmup_ratio": 0.03137634965888346
      },
      "dev_macro_f1": 0.073529,
      "duration_seconds": 79.3,
      "full_metrics": {
        "event": "canada_wildfires_2016",
        "budget": 10,
        "seed_set": 2,
        "test_error_rate": 58.20224719101124,
        "test_macro_f1": 0.07369255150554675,
        "test_ece": 0.20389804023035452,
        "test_per_class_f1": [
          0.0,
          0.0,
          0.0,
          0.0,
          0.0,
          0.0,
          0.589540412044374,
          0.0
        ],
        "dev_error_rate": 58.33333333333333,
        "dev_macro_f1": 0.07352941176470588,
        "dev_ece": 0.20520890360338645,
        "stopping_strategy": "baseline",
        "phase1_seed_strategy": "last",
        "phase1_best_epoch": null,
        "lambda1_mean": 0.4041776081025924,
        "lambda1_std": 0.33572124532245434,
        "lambda2_mean": 0.17589246416081156,
        "lambda2_std": 0.16553000570466253
      }
    },
    {
      "number": 4,
      "state": "COMPLETE",
      "params": {
        "lr": 2.2785966586048542e-05,
        "batch_size": 32,
        "cotrain_epochs": 11,
        "finetune_patience": 7,
        "weight_decay": 0.07486241320259406,
        "warmup_ratio": 0.17827891880089866
      },
      "dev_macro_f1": 0.545851,
      "duration_seconds": 133.2,
      "full_metrics": {
        "event": "canada_wildfires_2016",
        "budget": 10,
        "seed_set": 2,
        "test_error_rate": 23.59550561797753,
        "test_macro_f1": 0.5576600359444228,
        "test_ece": 0.1281804350654731,
        "test_per_class_f1": [
          0.20689655172413793,
          0.8690476190476191,
          0.9019607843137255,
          0.32653061224489793,
          0.49572649572649574,
          0.0,
          0.8732394366197183,
          0.7878787878787878
        ],
        "dev_error_rate": 24.122807017543856,
        "dev_macro_f1": 0.545851345487268,
        "dev_ece": 0.128047092180503,
        "stopping_strategy": "baseline",
        "phase1_seed_strategy": "last",
        "phase1_best_epoch": null,
        "lambda1_mean": 0.9656949319885069,
        "lambda1_std": 0.24051459793278088,
        "lambda2_mean": 0.3972210745934448,
        "lambda2_std": 0.17290076659896272
      }
    },
    {
      "number": 5,
      "state": "COMPLETE",
      "params": {
        "lr": 2.0540479553637502e-05,
        "batch_size": 16,
        "cotrain_epochs": 15,
        "finetune_patience": 6,
        "weight_decay": 0.0032953580757120074,
        "warmup_ratio": 0.23436529529641037
      },
      "dev_macro_f1": 0.550074,
      "duration_seconds": 191.1,
      "full_metrics": {
        "event": "canada_wildfires_2016",
        "budget": 10,
        "seed_set": 2,
        "test_error_rate": 25.39325842696629,