{
  "event": "kaikoura_earthquake_2016",
  "budget": 50,
  "seed_set": 3,
  "test_error_rate": 34.712643678160916,
  "test_macro_f1": 0.5444813295348606,
  "test_ece": 0.15551837189444176,
  "test_per_class_f1": [
    0.6627906976744186,
    0.45901639344262296,
    0.7068965517241379,
    0.5,
    0.5333333333333333,
    0.29545454545454547,
    0.0,
    0.8275862068965517,
    0.9152542372881356
  ],
  "dev_error_rate": 33.48214285714286,
  "dev_macro_f1": 0.5500900981258373,
  "dev_ece": 0.17919294296630794
}