{
  "event": "canada_wildfires_2016",
  "budget": 50,
  "seed_set": 2,
  "test_error_rate": 29.21348314606742,
  "test_macro_f1": 0.5809212942649251,
  "test_ece": 0.13600033293949082,
  "test_per_class_f1": [
    0.4444444444444444,
    0.7651006711409396,
    0.7758620689655172,
    0.3333333333333333,
    0.3865546218487395,
    0.36363636363636365,
    0.8538011695906432,
    0.7246376811594203
  ],
  "dev_error_rate": 31.57894736842105,
  "dev_macro_f1": 0.6293227064837235,
  "dev_ece": 0.12453586137608479
}