{
  "event": "kerala_floods_2018",
  "budget": 50,
  "seed_set": 2,
  "test_error_rate": 31.98482932996207,
  "test_macro_f1": 0.551685166424337,
  "test_ece": 0.12189879296665397,
  "test_per_class_f1": [
    0.44776119402985076,
    0.1702127659574468,
    0.56,
    0.8734177215189873,
    0.33707865168539325,
    0.42990654205607476,
    0.6596491228070176,
    0.8145214521452145,
    0.6726190476190477
  ],
  "dev_error_rate": 29.97542997542998,
  "dev_macro_f1": 0.6096600561182137,
  "dev_ece": 0.11225577412717759,
  "stopping_strategy": "baseline",
  "phase1_seed_strategy": "last",
  "phase1_best_epoch": null,
  "lambda1_mean": 1.001976666469852,
  "lambda1_std": 0.2698675695042121,
  "lambda2_mean": 0.5086718075251699,
  "lambda2_std": 0.20520957418457694
}