{
  "event": "kaikoura_earthquake_2016",
  "budget": 10,
  "seed_set": 1,
  "test_error_rate": 48.04597701149426,
  "test_macro_f1": 0.4267984240423512,
  "test_ece": 0.28388528871810303,
  "test_per_class_f1": [
    0.5324675324675324,
    0.1568627450980392,
    0.38848920863309355,
    0.5714285714285714,
    0.0,
    0.391304347826087,
    0.17142857142857143,
    0.7341772151898734,
    0.8950276243093923
  ],
  "dev_error_rate": 50.44642857142857,
  "dev_macro_f1": 0.4075829529659942,
  "dev_ece": 0.30646515411457853,
  "stopping_strategy": "baseline",
  "phase1_seed_strategy": "last",
  "phase1_best_epoch": null,
  "lambda1_mean": 0.8085157938128739,
  "lambda1_std": 0.2543313717948407,
  "lambda2_mean": 0.27158619990951116,
  "lambda2_std": 0.16363526240713339
}