{
  "event": "hurricane_irma_2017",
  "budget": 5,
  "seed_set": 2,
  "test_error_rate": 61.976369495166495,
  "test_macro_f1": 0.3532044229551091,
  "test_ece": 0.15587272735114513,
  "test_per_class_f1": [
    0.3835616438356164,
    0.21181262729124237,
    0.4111245465538089,
    0.521505376344086,
    0.3586206896551724,
    0.21203438395415472,
    0.0,
    0.5698924731182796,
    0.5102880658436214
  ],
  "dev_error_rate": 58.977035490605424,
  "dev_macro_f1": 0.3861870541438235,
  "dev_ece": 0.13041396415743797,
  "stopping_strategy": "baseline",
  "phase1_seed_strategy": "last",
  "phase1_best_epoch": null,
  "lambda1_mean": 0.55535982774069,
  "lambda1_std": 0.11969959520649348,
  "lambda2_mean": 0.15586486772551256,
  "lambda2_std": 0.04978670746147164
}