{
  "event": "hurricane_harvey_2017",
  "budget": 25,
  "seed_set": 2,
  "test_error_rate": 49.58448753462604,
  "test_macro_f1": 0.4452482176113138,
  "test_ece": 0.1027314693808886,
  "test_per_class_f1": [
    0.547945205479452,
    0.0,
    0.640625,
    0.8041958041958042,
    0.2814070351758794,
    0.14883720930232558,
    0.2537313432835821,
    0.6574154379878577,
    0.6730769230769231
  ],
  "dev_error_rate": 49.300322927879435,
  "dev_macro_f1": 0.4489007035850751,
  "dev_ece": 0.12521276357548616,
  "stopping_strategy": "baseline",
  "phase1_seed_strategy": "last",
  "phase1_best_epoch": null,
  "lambda1_mean": 1.0124893012948606,
  "lambda1_std": 0.2856684082148695,
  "lambda2_mean": 0.5041322089592231,
  "lambda2_std": 0.18177013555826652
}