{
  "event": "hurricane_harvey_2017",
  "budget": 5,
  "seed_set": 1,
  "test_error_rate": 88.58725761772853,
  "test_macro_f1": 0.04218555766477734,
  "test_ece": 0.31069093252483165,
  "test_per_class_f1": [
    0.0,
    0.164021164021164,
    0.21564885496183206,
    0.0,
    0.0,
    0.0,
    0.0,
    0.0,
    0.0
  ],
  "dev_error_rate": 87.51345532831,
  "dev_macro_f1": 0.04606501014792209,
  "dev_ece": 0.30072007975485915,
  "stopping_strategy": "baseline",
  "phase1_seed_strategy": "last",
  "phase1_best_epoch": null,
  "lambda1_mean": 1.1206000275377714,
  "lambda1_std": 0.20791389931018128,
  "lambda2_mean": 0.6297407745810221,
  "lambda2_std": 0.12331088674336414
}