{
  "event": "california_wildfires_2018",
  "budget": 50,
  "seed_set": 1,
  "test_error_rate": 41.95756331279945,
  "test_macro_f1": 0.520261306807122,
  "test_ece": 0.09698949564531353,
  "test_per_class_f1": [
    0.3584905660377358,
    0.6424870466321243,
    0.42857142857142855,
    0.6835871404399323,
    0.3793103448275862,
    0.6729323308270677,
    0.2838709677419355,
    0.2653061224489796,
    0.7164835164835165,
    0.7715736040609137
  ],
  "dev_error_rate": 39.09574468085106,
  "dev_macro_f1": 0.5554444007978142,
  "dev_ece": 0.09427254508308909
}