{
  "event": "canada_wildfires_2016",
  "budget": 10,
  "seed_set": 2,
  "test_error_rate": 53.25842696629213,
  "test_macro_f1": 0.32960573927219267,
  "test_ece": 0.3806031703279259,
  "test_per_class_f1": [
    0.21052631578947367,
    0.0,
    0.5,
    0.24489795918367346,
    0.23333333333333334,
    0.0,
    0.7112462006079028,
    0.7368421052631579
  ],
  "dev_error_rate": 51.75438596491229,
  "dev_macro_f1": 0.3655761054186841,
  "dev_ece": 0.34488072978299966,
  "stopping_strategy": "baseline",
  "phase1_seed_strategy": "last",
  "phase1_best_epoch": null,
  "lambda1_mean": 0.8785820156037698,
  "lambda1_std": 0.3068926470418457,
  "lambda2_mean": 0.3545581710208856,
  "lambda2_std": 0.17795247256118735
}