{
  "event": "hurricane_florence_2018",
  "budget": 50,
  "seed_set": 3,
  "test_error_rate": 22.401289282836423,
  "test_macro_f1": 0.7077845153037381,
  "test_ece": 0.09863960399539312,
  "test_per_class_f1": [
    0.7611336032388664,
    0.8042704626334519,
    0.6835443037974683,
    0.926829268292683,
    0.847457627118644,
    0.37681159420289856,
    0.2564102564102564,
    0.875219683655536,
    0.8383838383838383
  ],
  "dev_error_rate": 22.065727699530512,
  "dev_macro_f1": 0.7185481083015987,
  "dev_ece": 0.0912776076364592,
  "stopping_strategy": "baseline",
  "phase1_seed_strategy": "last",
  "phase1_best_epoch": null,
  "lambda1_mean": 0.9933407932880731,
  "lambda1_std": 0.24426071916548908,
  "lambda2_mean": 0.6363672411984413,
  "lambda2_std": 0.24240668120643596
}