{
  "event": "hurricane_dorian_2019",
  "budget": 10,
  "seed_set": 1,
  "test_error_rate": 64.32360742705569,
  "test_macro_f1": 0.26884081957978107,
  "test_ece": 0.4234605723947523,
  "test_per_class_f1": [
    0.0,
    0.0,
    0.3288409703504043,
    0.0,
    0.5175879396984925,
    0.33003300330033003,
    0.06040268456375839,
    0.5646123260437376,
    0.6180904522613065
  ],
  "dev_error_rate": 63.78865979381443,
  "dev_macro_f1": 0.2765738301800506,
  "dev_ece": 0.4234903322859216,
  "stopping_strategy": "baseline",
  "phase1_seed_strategy": "last",
  "phase1_best_epoch": null,
  "lambda1_mean": 0.9300175205812746,
  "lambda1_std": 0.33390970046571095,
  "lambda2_mean": 0.42760158533971987,
  "lambda2_std": 0.19990479309382442
}