{
  "event": "hurricane_florence_2018",
  "budget": 50,
  "seed_set": 1,
  "test_error_rate": 23.126510878323934,
  "test_macro_f1": 0.6672207894987605,
  "test_ece": 0.06786145254261161,
  "test_per_class_f1": [
    0.7435897435897436,
    0.821917808219178,
    0.6285714285714286,
    0.9193548387096774,
    0.8421052631578947,
    0.3349282296650718,
    0.0,
    0.8718801996672213,
    0.8426395939086294
  ],
  "dev_error_rate": 22.065727699530512,
  "dev_macro_f1": 0.6918719827691242,
  "dev_ece": 0.05707031509406127,
  "stopping_strategy": "baseline",
  "phase1_seed_strategy": "last",
  "phase1_best_epoch": null,
  "lambda1_mean": 1.001126561427161,
  "lambda1_std": 0.2762516760563645,
  "lambda2_mean": 0.5022348930769711,
  "lambda2_std": 0.1803332279381196
}