{
  "event": "canada_wildfires_2016",
  "budget": 50,
  "seed_set": 2,
  "test_error_rate": 22.696629213483142,
  "test_macro_f1": 0.6243076259585694,
  "test_ece": 0.10089167148879405,
  "test_per_class_f1": [
    0.37735849056603776,
    0.8717948717948718,
    0.8468468468468469,
    0.21428571428571427,
    0.46296296296296297,
    0.5454545454545454,
    0.9090909090909091,
    0.7666666666666667
  ],
  "dev_error_rate": 20.614035087719294,
  "dev_macro_f1": 0.6716114140062897,
  "dev_ece": 0.072104093536996,
  "stopping_strategy": "baseline",
  "phase1_seed_strategy": "last",
  "phase1_best_epoch": null,
  "lambda1_mean": 0.9612820843869342,
  "lambda1_std": 0.28282574270060445,
  "lambda2_mean": 0.6093301617703966,
  "lambda2_std": 0.2527895390338133
}