{
  "event": "cyclone_idai_2019",
  "budget": 5,
  "seed_set": 2,
  "test_error_rate": 84.46726572528883,
  "test_macro_f1": 0.14035201501585876,
  "test_ece": 0.5355508368036713,
  "test_per_class_f1": [
    0.14207650273224043,
    0.05063291139240506,
    0.3194444444444444,
    0.0,
    0.012345679012345678,
    0.07407407407407407,
    0.0,
    0.06382978723404255,
    0.0,
    0.7411167512690355
  ],
  "dev_error_rate": 84.03990024937656,
  "dev_macro_f1": 0.1564683779515891,
  "dev_ece": 0.5415987087752754,
  "stopping_strategy": "baseline",
  "phase1_seed_strategy": "last",
  "phase1_best_epoch": null,
  "lambda1_mean": 0.833819891282665,
  "lambda1_std": 0.322561586121353,
  "lambda2_mean": 0.31460853267750133,
  "lambda2_std": 0.18973795275024763
}