{
  "event": "hurricane_maria_2017",
  "budget": 50,
  "seed_set": 2,
  "test_error_rate": 35.922330097087375,
  "test_macro_f1": 0.589763042337117,
  "test_ece": 0.19143624037462859,
  "test_per_class_f1": [
    0.5737704918032787,
    0.3063063063063063,
    0.779896013864818,
    0.8976377952755905,
    0.32,
    0.35807860262008734,
    0.6394984326018809,
    0.7816993464052288,
    0.6509803921568628
  ],
  "dev_error_rate": 36.52291105121294,
  "dev_macro_f1": 0.5831851246544154,
  "dev_ece": 0.21244180592083226
}