{
  "event": "kaikoura_earthquake_2016",
  "budget": 25,
  "seed_set": 1,
  "test_error_rate": 32.18390804597702,
  "test_macro_f1": 0.6010318823460667,
  "test_ece": 0.08610349133096892,
  "test_per_class_f1": [
    0.5637583892617449,
    0.5263157894736842,
    0.7540983606557377,
    0.8260869565217391,
    0.52,
    0.4426229508196721,
    0.0,
    0.8764044943820225,
    0.9
  ],
  "dev_error_rate": 30.35714285714286,
  "dev_macro_f1": 0.6134471282465574,
  "dev_ece": 0.09845556358673743,
  "stopping_strategy": "baseline",
  "phase1_seed_strategy": "last",
  "phase1_best_epoch": null,
  "lambda1_mean": 0.5584752023187785,
  "lambda1_std": 0.08760871989722496,
  "lambda2_mean": 0.11963580003415593,
  "lambda2_std": 0.041207595187192816
}