{
  "event": "cyclone_idai_2019",
  "budget": 5,
  "seed_set": 1,
  "test_error_rate": 22.84980744544287,
  "test_macro_f1": 0.6335724919076643,
  "test_ece": 0.1441161850986187,
  "test_per_class_f1": [
    0.5517241379310345,
    0.4117647058823529,
    0.7786259541984732,
    0.8695652173913043,
    0.6666666666666666,
    0.4666666666666667,
    0.48717948717948717,
    0.45614035087719296,
    0.8661417322834646,
    0.78125
  ],
  "dev_error_rate": 26.43391521197007,
  "dev_macro_f1": 0.5370141749773005,
  "dev_ece": 0.10742529988883437,
  "stopping_strategy": "baseline",
  "phase1_seed_strategy": "last",
  "phase1_best_epoch": null,
  "lambda1_mean": 0.5026950124831387,
  "lambda1_std": 0.280730636381271,
  "lambda2_mean": 0.6184198396044316,
  "lambda2_std": 0.20501438112666923
}