{
  "event": "hurricane_dorian_2019",
  "budget": 5,
  "seed_set": 2,
  "test_error_rate": 69.09814323607428,
  "test_macro_f1": 0.2780371909277326,
  "test_ece": 0.15051991607134158,
  "test_per_class_f1": [
    0.43232323232323233,
    0.504950495049505,
    0.27296587926509186,
    0.13333333333333333,
    0.38738738738738737,
    0.10909090909090909,
    0.09090909090909091,
    0.16740088105726872,
    0.40397350993377484
  ],
  "dev_error_rate": 69.84536082474226,
  "dev_macro_f1": 0.2622908890670405,
  "dev_ece": 0.15738422803811195,
  "stopping_strategy": "baseline",
  "phase1_seed_strategy": "last",
  "phase1_best_epoch": null,
  "lambda1_mean": 0.49229010302902954,
  "lambda1_std": 0.1584511347380963,
  "lambda2_mean": 0.15984568220485468,
  "lambda2_std": 0.045834813801335327
}