{
  "event": "hurricane_dorian_2019",
  "budget": 25,
  "seed_set": 1,
  "status": "done",
  "best_params": {
    "lr": 1.2500622623092849e-05,
    "batch_size": 8,
    "cotrain_epochs": 8,
    "finetune_patience": 9,
    "weight_decay": 0.097216114868219,
    "warmup_ratio": 0.09371282440242208
  },
  "best_value": 0.618875,
  "best_full_metrics": {
    "event": "hurricane_dorian_2019",
    "budget": 25,
    "seed_set": 1,
    "test_error_rate": 35.212201591511935,
    "test_macro_f1": 0.5454033736894587,
    "test_ece": 0.13412750598329767,
    "test_per_class_f1": [
      0.6125461254612546,
      0.8509485094850948,
      0.6231454005934718,
      0.13333333333333333,
      0.6094182825484764,
      0.3857442348008386,
      0.08695652173913043,
      0.8046511627906977,
      0.8018867924528302
    ],
    "dev_error_rate": 34.5360824742268,
    "dev_macro_f1": 0.6188745516380636,
    "dev_ece": 0.13177034016890626,
    "stopping_strategy": "baseline",
    "phase1_seed_strategy": "last",
    "phase1_best_epoch": null,
    "lambda1_mean": 1.0212625045325403,
    "lambda1_std": 0.27661296467830565,
    "lambda2_mean": 0.5158306474924106,
    "lambda2_std": 0.19503271104494135
  },
  "n_trials": 10,
  "continued_from": null,
  "trials": [
    {
      "number": 0,
      "state": "COMPLETE",
      "params": {
        "lr": 0.00015895038227304312,
        "batch_size": 8,
        "cotrain_epochs": 14,
        "finetune_patience": 10,
        "weight_decay": 0.09890994372411732,
        "warmup_ratio": 0.03016259386922958
      },
      "dev_macro_f1": 0.033964,
      "duration_seconds": 907.3,
      "full_metrics": {
        "event": "hurricane_dorian_2019",
        "budget": 25,
        "seed_set": 1,
        "test_error_rate": 82.0291777188329,
        "test_macro_f1": 0.03385172693773031,
        "test_ece": 0.289630686612281,
        "test_per_class_f1": [
          0.3046655424395728,
          0.0,
          0.0,
          0.0,
          0.0,
          0.0,
          0.0,
          0.0,
          0.0
        ],
        "dev_error_rate": 81.95876288659794,
        "dev_macro_f1": 0.033964095099466275,
        "dev_ece": 0.2889273056049937,
        "stopping_strategy": "baseline",
        "phase1_seed_strategy": "last",
        "phase1_best_epoch": null,
        "lambda1_mean": 0.2914428346212113,
        "lambda1_std": 0.2963299593459984,
        "lambda2_mean": 0.1151100072873136,
        "lambda2_std": 0.1469065981334071
      }
    },
    {
      "number": 1,
      "state": "COMPLETE",
      "params": {
        "lr": 0.0005293339796279238,
        "batch_size": 8,
        "cotrain_epochs": 12,
        "finetune_patience": 4,
        "weight_decay": 0.06501670449763544,
        "warmup_ratio": 0.2968365312853354
      },
      "dev_macro_f1": 0.035392,
      "duration_seconds": 803.9,
      "full_metrics": {
        "event": "hurricane_dorian_2019",
        "budget": 25,
        "seed_set": 1,
        "test_error_rate": 81.03448275862068,
        "test_macro_f1": 0.03542673107890499,
        "test_ece": 0.059661754197008726,
        "test_per_class_f1": [
          0.0,
          0.0,
          0.0,
          0.0,
          0.0,
          0.3188405797101449,
          0.0,
          0.0,
          0.0
        ],
        "dev_error_rate": 81.05670103092784,
        "dev_macro_f1": 0.03539183820873962,
        "dev_ece": 0.05943957136310252,
        "stopping_strategy": "baseline",
        "phase1_seed_strategy": "last",
        "phase1_best_epoch": null,
        "lambda1_mean": 0.32154254857491116,
        "lambda1_std": 0.4089915871179247,
        "lambda2_mean": 0.10030512735187888,
        "lambda2_std": 0.17042121480943082
      }
    },
    {
      "number": 2,
      "state": "COMPLETE",
      "params": {
        "lr": 7.322695593340208e-05,
        "batch_size": 64,
        "cotrain_epochs": 16,
        "finetune_patience": 10,
        "weight_decay": 0.02318954471746523,
        "warmup_ratio": 0.10803893772087153
      },
      "dev_macro_f1": 0.616397,
      "duration_seconds": 596.4,
      "full_metrics": {
        "event": "hurricane_dorian_2019",
        "budget": 25,
        "seed_set": 1,
        "test_error_rate": 36.87002652519894,
        "test_macro_f1": 0.5689981305990917,
        "test_ece": 0.16761913596200376,
        "test_per_class_f1": [
          0.5906542056074766,
          0.8517520215633423,
          0.6263736263736264,
          0.34146341463414637,
          0.5539358600583091,
          0.36403508771929827,
          0.19753086419753085,
          0.7952380952380952,
          0.8
        ],
        "dev_error_rate": 35.18041237113402,
        "dev_macro_f1": 0.6163971268604207,
        "dev_ece": 0.16069004554109478,
        "stopping_strategy": "baseline",
        "phase1_seed_strategy": "last",
        "phase1_best_epoch": null,
        "lambda1_mean": 1.0510212350543982,
        "lambda1_std": 0.24041144880423004,
        "lambda2_mean": 0.6282670558142223,
        "lambda2_std": 0.19489310999083875
      }
    },
    {
      "number": 3,
      "state": "COMPLETE",
      "params": {
        "lr": 1.2500622623092849e-05,
        "batch_size": 8,
        "cotrain_epochs": 8,
        "finetune_patience": 9,
        "weight_decay": 0.097216114868219,
        "warmup_ratio": 0.09371282440242208
      },
      "dev_macro_f1": 0.618875,
      "duration_seconds": 613.5,
      "full_metrics": {
        "event": "hurricane_dorian_2019",
        "budget": 25,
        "seed_set": 1,
        "test_error_rate": 35.212201591511935,
        "test_macro_f1": 0.5454033736894587,
        "test_ece": 0.13412750598329767,
        "test_per_class_f1": [
          0.6125461254612546,
          0.8509485094850948,
          0.6231454005934718,
          0.13333333333333333,
          0.6094182825484764,
          0.3857442348008386,
          0.08695652173913043,
          0.8046511627906977,
          0.8018867924528302
        ],
        "dev_error_rate": 34.5360824742268,
        "dev_macro_f1": 0.6188745516380636,
        "dev_ece": 0.13177034016890626,
        "stopping_strategy": "baseline",
        "phase1_seed_strategy": "last",
        "phase1_best_epoch": null,
        "lambda1_mean": 1.0212625045325403,
        "lambda1_std": 0.27661296467830565,
        "lambda2_mean": 0.5158306474924106,
        "lambda2_std": 0.19503271104494135
      }
    },
    {
      "number": 4,
      "state": "COMPLETE",
      "params": {
        "lr": 0.0009963979413817829,
        "batch_size": 16,
        "cotrain_epochs": 7,
        "finetune_patience": 4,
        "weight_decay": 0.09724755987737646,
        "warmup_ratio": 0.012875685904728628
      },
      "dev_macro_f1": 0.035392,
      "duration_seconds": 358.5,
      "full_metrics": {
        "event": "hurricane_dorian_2019",
        "budget": 25,
        "seed_set": 1,
        "test_error_rate": 81.03448275862068,
        "test_macro_f1": 0.03542673107890499,
        "test_ece": 0.06806200992227074,
        "test_per_class_f1": [
          0.0,
          0.0,
          0.0,
          0.0,
          0.0,
          0.3188405797101449,
          0.0,
          0.0,
          0.0
        ],
        "dev_error_rate": 81.05670103092784,
        "dev_macro_f1": 0.03539183820873962,
        "dev_ece": 0.0678398271772972,
        "stopping_strategy": "baseline",
        "phase1_seed_strategy": "last",
        "phase1_best_epoch": null,
        "lambda1_mean": 0.2295784137611212,
        "lambda1_std": 0.13839555832150768,
        "lambda2_mean": 0.12947942623109038,
        "lambda2_std": 0.08204529800205408
      }
    },
    {
      "number": 5,
      "state": "COMPLETE",
      "params": {
        "lr": 8.832031973858247e-05,
        "batch_size": 32,
        "cotrain_epochs": 10,
        "finetune_patience": 9,
        "weight_decay": 0.057702942623226665,
        "warmup_ratio": 0.058794683102080546
      },
      "dev_macro_f1": 0.599844,
      "duration_seconds": 440.0,