{
  "event": "hurricane_florence_2018",
  "budget": 50,
  "seed_set": 1,
  "status": "done",
  "best_params": {
    "lr": 1.279936328531052e-05,
    "batch_size": 8,
    "cotrain_epochs": 8,
    "finetune_patience": 7,
    "weight_decay": 0.07059466902982336,
    "warmup_ratio": 0.09422941887050969
  },
  "best_value": 0.710499,
  "best_full_metrics": {
    "event": "hurricane_florence_2018",
    "budget": 50,
    "seed_set": 1,
    "test_error_rate": 23.207091055600326,
    "test_macro_f1": 0.679948197020434,
    "test_ece": 0.06022859974122644,
    "test_per_class_f1": [
      0.7276785714285714,
      0.822742474916388,
      0.6419753086419753,
      0.9333333333333333,
      0.8536585365853658,
      0.4226415094339623,
      0.0,
      0.8632326820603907,
      0.8542713567839196
    ],
    "dev_error_rate": 22.848200312989043,
    "dev_macro_f1": 0.7104992584366672,
    "dev_ece": 0.07150154235497327,
    "stopping_strategy": "baseline",
    "phase1_seed_strategy": "last",
    "phase1_best_epoch": null,
    "lambda1_mean": 0.9789759743717801,
    "lambda1_std": 0.27680796483071995,
    "lambda2_mean": 0.5551860153280364,
    "lambda2_std": 0.22509893761235963
  },
  "n_trials": 10,
  "continued_from": null,
  "trials": [
    {
      "number": 0,
      "state": "COMPLETE",
      "params": {
        "lr": 0.0003066374098807409,
        "batch_size": 16,
        "cotrain_epochs": 17,
        "finetune_patience": 5,
        "weight_decay": 0.037971688665196804,
        "warmup_ratio": 0.10001790148946087
      },
      "dev_macro_f1": 0.042475,
      "duration_seconds": 588.1,
      "full_metrics": {
        "event": "hurricane_florence_2018",
        "budget": 50,
        "seed_set": 1,
        "test_error_rate": 76.39000805801773,
        "test_macro_f1": 0.042445313631754314,
        "test_ece": 0.1184901304296867,
        "test_per_class_f1": [
          0.0,
          0.0,
          0.0,
          0.0,
          0.0,
          0.0,
          0.0,
          0.3820078226857888,
          0.0
        ],
        "dev_error_rate": 76.36932707355243,
        "dev_macro_f1": 0.04247538677918425,
        "dev_ece": 0.11869694160790137,
        "stopping_strategy": "baseline",
        "phase1_seed_strategy": "last",
        "phase1_best_epoch": null,
        "lambda1_mean": 0.34408195003974773,
        "lambda1_std": 0.15718980232496946,
        "lambda2_mean": 0.08730292693116605,
        "lambda2_std": 0.07907278549371574
      }
    },
    {
      "number": 1,
      "state": "COMPLETE",
      "params": {
        "lr": 0.0001142458602489434,
        "batch_size": 16,
        "cotrain_epochs": 5,
        "finetune_patience": 10,
        "weight_decay": 0.007774938041570912,
        "warmup_ratio": 0.1464095745000455
      },
      "dev_macro_f1": 0.666136,
      "duration_seconds": 245.7,
      "full_metrics": {
        "event": "hurricane_florence_2018",
        "budget": 50,
        "seed_set": 1,
        "test_error_rate": 26.91377921031426,
        "test_macro_f1": 0.6590810506008624,
        "test_ece": 0.24228757956064487,
        "test_per_class_f1": [
          0.74,
          0.8158844765342961,
          0.6229508196721312,
          0.912,
          0.781491002570694,
          0.384,
          0.034482758620689655,
          0.825,
          0.8159203980099502
        ],
        "dev_error_rate": 26.917057902973397,
        "dev_macro_f1": 0.6661361166023324,
        "dev_ece": 0.2719144983237525,
        "stopping_strategy": "baseline",
        "phase1_seed_strategy": "last",
        "phase1_best_epoch": null,
        "lambda1_mean": 0.8635384906183277,
        "lambda1_std": 0.3447521998024556,
        "lambda2_mean": 0.15771001959328804,
        "lambda2_std": 0.14977912197186632
      }
    },
    {
      "number": 2,
      "state": "COMPLETE",
      "params": {
        "lr": 0.00016733507560606902,
        "batch_size": 16,
        "cotrain_epochs": 18,
        "finetune_patience": 7,
        "weight_decay": 0.045942268609427565,
        "warmup_ratio": 0.16836880681810862
      },
      "dev_macro_f1": 0.042475,
      "duration_seconds": 612.0,
      "full_metrics": {
        "event": "hurricane_florence_2018",
        "budget": 50,
        "seed_set": 1,
        "test_error_rate": 76.39000805801773,
        "test_macro_f1": 0.042445313631754314,
        "test_ece": 0.11655690957470155,
        "test_per_class_f1": [
          0.0,
          0.0,
          0.0,
          0.0,
          0.0,
          0.0,
          0.0,
          0.3820078226857888,
          0.0
        ],
        "dev_error_rate": 76.36932707355243,
        "dev_macro_f1": 0.04247538677918425,
        "dev_ece": 0.1167637191724516,
        "stopping_strategy": "baseline",
        "phase1_seed_strategy": "last",
        "phase1_best_epoch": null,
        "lambda1_mean": 0.5243629866975007,
        "lambda1_std": 0.17691996617799194,
        "lambda2_mean": 0.05190101036832673,
        "lambda2_std": 0.04851150769508907
      }
    },
    {
      "number": 3,
      "state": "COMPLETE",
      "params": {
        "lr": 5.369517051740901e-05,
        "batch_size": 16,
        "cotrain_epochs": 14,
        "finetune_patience": 8,
        "weight_decay": 0.09450093075796434,
        "warmup_ratio": 0.2759865217901686
      },
      "dev_macro_f1": 0.68452,
      "duration_seconds": 494.9,
      "full_metrics": {
        "event": "hurricane_florence_2018",
        "budget": 50,
        "seed_set": 1,
        "test_error_rate": 24.818694601128122,
        "test_macro_f1": 0.6843732771918423,
        "test_ece": 0.0637620513137553,
        "test_per_class_f1": [
          0.7228381374722838,
          0.8239202657807309,
          0.6289308176100629,
          0.9047619047619048,
          0.8284313725490197,
          0.4108527131782946,
          0.16216216216216217,
          0.8545454545454545,
          0.8229166666666666
        ],
        "dev_error_rate": 23.78716744913928,
        "dev_macro_f1": 0.6845195618449292,
        "dev_ece": 0.07327106324533157,
        "stopping_strategy": "baseline",
        "phase1_seed_strategy": "last",
        "phase1_best_epoch": null,
        "lambda1_mean": 1.0180439598915998,
        "lambda1_std": 0.23646146081414057,
        "lambda2_mean": 0.6327177705256929,
        "lambda2_std": 0.2263658351127486
      }
    },
    {
      "number": 4,
      "state": "COMPLETE",
      "params": {
        "lr": 0.00011133518752150206,
        "batch_size": 8,
        "cotrain_epochs": 7,
        "finetune_patience": 9,
        "weight_decay": 0.09846863700953525,
        "warmup_ratio": 0.17836501463506613
      },
      "dev_macro_f1": 0.655375,
      "duration_seconds": 459.4,
      "full_metrics": {
        "event": "hurricane_florence_2018",
        "budget": 50,
        "seed_set": 1,
        "test_error_rate": 31.345688960515716,
        "test_macro_f1": 0.637569953782179,
        "test_ece": 0.18999405232866773,
        "test_per_class_f1": [
          0.6337078651685393,
          0.8056537102473498,
          0.5949367088607594,
          0.8702290076335878,
          0.7492957746478873,
          0.4080267558528428,
          0.07894736842105263,
          0.8123861566484517,
          0.7849462365591398
        ],
        "dev_error_rate": 30.20344287949922,
        "dev_macro_f1": 0.6553754683384166,
        "dev_ece": 0.22099349303797752,
        "stopping_strategy": "baseline",
        "phase1_seed_strategy": "last",
        "phase1_best_epoch": null,
        "lambda1_mean": 0.4680120842050084,
        "lambda1_std": 0.14990511539761953,
        "lambda2_mean": 0.4334647625665442,
        "lambda2_std": 0.18747264594777485
      }
    },
    {
      "number": 5,
      "state": "COMPLETE",
      "params": {
        "lr": 2.93060779414722e-05,
        "batch_size": 64,
        "cotrain_epochs": 18,
        "finetune_patience": 10,
        "weight_decay": 0.013317522242870729,