{
  "event": "hurricane_florence_2018",
  "budget": 10,
  "seed_set": 2,
  "status": "done",
  "best_params": {
    "lr": 4.229440645413446e-05,
    "batch_size": 8,
    "cotrain_epochs": 5,
    "finetune_patience": 5,
    "weight_decay": 0.09412262757226705,
    "warmup_ratio": 0.2906320362999073
  },
  "best_value": 0.69906,
  "best_full_metrics": {
    "event": "hurricane_florence_2018",
    "budget": 10,
    "seed_set": 2,
    "test_error_rate": 22.723609991941984,
    "test_macro_f1": 0.6864350648827853,
    "test_ece": 0.049377269424516104,
    "test_per_class_f1": [
      0.7638603696098563,
      0.8203389830508474,
      0.6086956521739131,
      0.8837209302325582,
      0.8372093023255814,
      0.4104803493449782,
      0.15384615384615385,
      0.8707482993197279,
      0.8290155440414507
    ],
    "dev_error_rate": 22.065727699530512,
    "dev_macro_f1": 0.6990603166850451,
    "dev_ece": 0.07293350437250865,
    "stopping_strategy": "baseline",
    "phase1_seed_strategy": "last",
    "phase1_best_epoch": null,
    "lambda1_mean": 1.0009959939580346,
    "lambda1_std": 0.2642004760419747,
    "lambda2_mean": 0.4374042091643256,
    "lambda2_std": 0.18243244175576925
  },
  "n_trials": 10,
  "continued_from": null,
  "trials": [
    {
      "number": 0,
      "state": "COMPLETE",
      "params": {
        "lr": 7.699898658018584e-05,
        "batch_size": 64,
        "cotrain_epochs": 14,
        "finetune_patience": 4,
        "weight_decay": 0.00015383539712060523,
        "warmup_ratio": 0.102326371435438
      },
      "dev_macro_f1": 0.676275,
      "duration_seconds": 418.1,
      "full_metrics": {
        "event": "hurricane_florence_2018",
        "budget": 10,
        "seed_set": 2,
        "test_error_rate": 23.448831587429495,
        "test_macro_f1": 0.6679926902146383,
        "test_ece": 0.15066627623764,
        "test_per_class_f1": [
          0.7395626242544732,
          0.8136882129277566,
          0.6107784431137725,
          0.9491525423728814,
          0.8472222222222222,
          0.3482142857142857,
          0.0,
          0.8656195462478184,
          0.837696335078534
        ],
        "dev_error_rate": 22.37871674491393,
        "dev_macro_f1": 0.6762751079397209,
        "dev_ece": 0.15654488152741267,
        "stopping_strategy": "baseline",
        "phase1_seed_strategy": "last",
        "phase1_best_epoch": null,
        "lambda1_mean": 1.0795142576473338,
        "lambda1_std": 0.20604879148999597,
        "lambda2_mean": 0.5987395320335728,
        "lambda2_std": 0.16141418692612103
      }
    },
    {
      "number": 1,
      "state": "COMPLETE",
      "params": {
        "lr": 0.00010684691566532018,
        "batch_size": 16,
        "cotrain_epochs": 12,
        "finetune_patience": 7,
        "weight_decay": 0.0372543937654791,
        "warmup_ratio": 0.05778292822631269
      },
      "dev_macro_f1": 0.679778,
      "duration_seconds": 453.7,
      "full_metrics": {
        "event": "hurricane_florence_2018",
        "budget": 10,
        "seed_set": 2,
        "test_error_rate": 24.01289282836422,
        "test_macro_f1": 0.6638730067811891,
        "test_ece": 0.14269391802123824,
        "test_per_class_f1": [
          0.7288135593220338,
          0.8014184397163121,
          0.5806451612903226,
          0.95,
          0.8218527315914489,
          0.35714285714285715,
          0.0,
          0.8762886597938144,
          0.8586956521739131
        ],
        "dev_error_rate": 21.43974960876369,
        "dev_macro_f1": 0.6797780682048478,
        "dev_ece": 0.13059599667274524,
        "stopping_strategy": "baseline",
        "phase1_seed_strategy": "last",
        "phase1_best_epoch": null,
        "lambda1_mean": 1.0400516315820147,
        "lambda1_std": 0.2535371069360923,
        "lambda2_mean": 0.5849068369056354,
        "lambda2_std": 0.211232051142683
      }
    },
    {
      "number": 2,
      "state": "COMPLETE",
      "params": {
        "lr": 2.0551101411144876e-05,
        "batch_size": 64,
        "cotrain_epochs": 14,
        "finetune_patience": 4,
        "weight_decay": 0.012710753765709815,
        "warmup_ratio": 0.14344808514896978
      },
      "dev_macro_f1": 0.653024,
      "duration_seconds": 424.9,
      "full_metrics": {
        "event": "hurricane_florence_2018",
        "budget": 10,
        "seed_set": 2,
        "test_error_rate": 22.884770346494765,
        "test_macro_f1": 0.663775556611974,
        "test_ece": 0.13696766226258997,
        "test_per_class_f1": [
          0.7458256029684601,
          0.7927272727272727,
          0.6375,
          0.9047619047619048,
          0.8495145631067961,
          0.336734693877551,
          0.0,
          0.8808290155440415,
          0.8260869565217391
        ],
        "dev_error_rate": 22.535211267605636,
        "dev_macro_f1": 0.6530236311030975,
        "dev_ece": 0.15518050247887855,
        "stopping_strategy": "baseline",
        "phase1_seed_strategy": "last",
        "phase1_best_epoch": null,
        "lambda1_mean": 1.0373113886837961,
        "lambda1_std": 0.24242207883893452,
        "lambda2_mean": 0.48402436978981844,
        "lambda2_std": 0.15147292599432394
      }
    },
    {
      "number": 3,
      "state": "COMPLETE",
      "params": {
        "lr": 4.229440645413446e-05,
        "batch_size": 8,
        "cotrain_epochs": 5,
        "finetune_patience": 5,
        "weight_decay": 0.09412262757226705,
        "warmup_ratio": 0.2906320362999073
      },
      "dev_macro_f1": 0.69906,
      "duration_seconds": 344.0,
      "full_metrics": {
        "event": "hurricane_florence_2018",
        "budget": 10,
        "seed_set": 2,
        "test_error_rate": 22.723609991941984,
        "test_macro_f1": 0.6864350648827853,
        "test_ece": 0.049377269424516104,
        "test_per_class_f1": [
          0.7638603696098563,
          0.8203389830508474,
          0.6086956521739131,
          0.8837209302325582,
          0.8372093023255814,
          0.4104803493449782,
          0.15384615384615385,
          0.8707482993197279,
          0.8290155440414507
        ],
        "dev_error_rate": 22.065727699530512,
        "dev_macro_f1": 0.6990603166850451,
        "dev_ece": 0.07293350437250865,
        "stopping_strategy": "baseline",
        "phase1_seed_strategy": "last",
        "phase1_best_epoch": null,
        "lambda1_mean": 1.0009959939580346,
        "lambda1_std": 0.2642004760419747,
        "lambda2_mean": 0.4374042091643256,
        "lambda2_std": 0.18243244175576925
      }
    },
    {
      "number": 4,
      "state": "COMPLETE",
      "params": {
        "lr": 0.0009844077167813867,
        "batch_size": 8,
        "cotrain_epochs": 6,
        "finetune_patience": 8,
        "weight_decay": 0.007666814368311937,
        "warmup_ratio": 0.14821005738895252
      },
      "dev_macro_f1": 0.038522,
      "duration_seconds": 401.9,
      "full_metrics": {
        "event": "hurricane_florence_2018",
        "budget": 10,
        "seed_set": 2,
        "test_error_rate": 79.129734085415,
        "test_macro_f1": 0.03837037037037037,
        "test_ece": 0.010343575890654044,
        "test_per_class_f1": [
          0.3453333333333333,
          0.0,
          0.0,
          0.0,
          0.0,
          0.0,
          0.0,
          0.0,
          0.0
        ],
        "dev_error_rate": 79.02973395931141,
        "dev_macro_f1": 0.038522351588328306,
        "dev_ece": 0.009343574887523437,
        "stopping_strategy": "baseline",
        "phase1_seed_strategy": "last",
        "phase1_best_epoch": null,
        "lambda1_mean": 0.23065470090710619,
        "lambda1_std": 0.12280283887446322,
        "lambda2_mean": 0.12026290752662305,
        "lambda2_std": 0.08008797795218953
      }
    },
    {
      "number": 5,
      "state": "COMPLETE",
      "params": {
        "lr": 0.000317641087051555,
        "batch_size": 32,
        "cotrain_epochs": 5,