{
  "event": "canada_wildfires_2016",
  "budget": 25,
  "seed_set": 2,
  "status": "done",
  "best_params": {
    "lr": 2.4277998297497004e-05,
    "batch_size": 64,
    "cotrain_epochs": 11,
    "finetune_patience": 7,
    "weight_decay": 0.08360555741487798,
    "warmup_ratio": 0.12063236381322306
  },
  "best_value": 0.642658,
  "best_full_metrics": {
    "event": "canada_wildfires_2016",
    "budget": 25,
    "seed_set": 2,
    "test_error_rate": 24.269662921348313,
    "test_macro_f1": 0.5951839429357799,
    "test_ece": 0.03670748361710755,
    "test_per_class_f1": [
      0.3076923076923077,
      0.8679245283018868,
      0.8785046728971962,
      0.28,
      0.44,
      0.2857142857142857,
      0.8951841359773371,
      0.8064516129032258
    ],
    "dev_error_rate": 24.561403508771928,
    "dev_macro_f1": 0.6426583949554908,
    "dev_ece": 0.07931029561318843,
    "stopping_strategy": "baseline",
    "phase1_seed_strategy": "last",
    "phase1_best_epoch": null,
    "lambda1_mean": 0.8513998124710039,
    "lambda1_std": 0.29224788780494515,
    "lambda2_mean": 0.33783138447318045,
    "lambda2_std": 0.1838002619701031
  },
  "n_trials": 10,
  "continued_from": null,
  "trials": [
    {
      "number": 0,
      "state": "COMPLETE",
      "params": {
        "lr": 0.00021729961297620374,
        "batch_size": 8,
        "cotrain_epochs": 19,
        "finetune_patience": 8,
        "weight_decay": 0.0824298414199896,
        "warmup_ratio": 0.15334700678896926
      },
      "dev_macro_f1": 0.073529,
      "duration_seconds": 355.2,
      "full_metrics": {
        "event": "canada_wildfires_2016",
        "budget": 25,
        "seed_set": 2,
        "test_error_rate": 58.20224719101124,
        "test_macro_f1": 0.07369255150554675,
        "test_ece": 0.21683466461267364,
        "test_per_class_f1": [
          0.0,
          0.0,
          0.0,
          0.0,
          0.0,
          0.0,
          0.589540412044374,
          0.0
        ],
        "dev_error_rate": 58.33333333333333,
        "dev_macro_f1": 0.07352941176470588,
        "dev_ece": 0.21552728881177152,
        "stopping_strategy": "baseline",
        "phase1_seed_strategy": "last",
        "phase1_best_epoch": null,
        "lambda1_mean": 0.625418054022734,
        "lambda1_std": 0.3864118348036406,
        "lambda2_mean": 0.19203673606362454,
        "lambda2_std": 0.2142675812944447
      }
    },
    {
      "number": 1,
      "state": "COMPLETE",
      "params": {
        "lr": 0.0002551467667434037,
        "batch_size": 8,
        "cotrain_epochs": 10,
        "finetune_patience": 8,
        "weight_decay": 0.051181816155182594,
        "warmup_ratio": 0.17352019988679032
      },
      "dev_macro_f1": 0.093916,
      "duration_seconds": 224.6,
      "full_metrics": {
        "event": "canada_wildfires_2016",
        "budget": 25,
        "seed_set": 2,
        "test_error_rate": 58.20224719101124,
        "test_macro_f1": 0.07404458598726114,
        "test_ece": 0.2762671053074719,
        "test_per_class_f1": [
          0.0,
          0.0,
          0.0,
          0.0,
          0.0,
          0.0,
          0.5923566878980892,
          0.0
        ],
        "dev_error_rate": 57.89473684210527,
        "dev_macro_f1": 0.0939163038219642,
        "dev_ece": 0.27934500104502624,
        "stopping_strategy": "baseline",
        "phase1_seed_strategy": "last",
        "phase1_best_epoch": null,
        "lambda1_mean": 0.6467282230328466,
        "lambda1_std": 0.36293129157177567,
        "lambda2_mean": 0.17663226268930918,
        "lambda2_std": 0.1934280599561361
      }
    },
    {
      "number": 2,
      "state": "COMPLETE",
      "params": {
        "lr": 0.0005422789757477871,
        "batch_size": 32,
        "cotrain_epochs": 12,
        "finetune_patience": 9,
        "weight_decay": 0.02398980605801562,
        "warmup_ratio": 0.16234084584855293
      },
      "dev_macro_f1": 0.073529,
      "duration_seconds": 137.5,
      "full_metrics": {
        "event": "canada_wildfires_2016",
        "budget": 25,
        "seed_set": 2,
        "test_error_rate": 58.20224719101124,
        "test_macro_f1": 0.07369255150554675,
        "test_ece": 0.051539844408463875,
        "test_per_class_f1": [
          0.0,
          0.0,
          0.0,
          0.0,
          0.0,
          0.0,
          0.589540412044374,
          0.0
        ],
        "dev_error_rate": 58.33333333333333,
        "dev_macro_f1": 0.07352941176470588,
        "dev_ece": 0.05285071215608661,
        "stopping_strategy": "baseline",
        "phase1_seed_strategy": "last",
        "phase1_best_epoch": null,
        "lambda1_mean": 0.567510036464822,
        "lambda1_std": 0.4756772511522167,
        "lambda2_mean": 0.22892059987820765,
        "lambda2_std": 0.26759931297715617
      }
    },
    {
      "number": 3,
      "state": "COMPLETE",
      "params": {
        "lr": 0.0002446249702244642,
        "batch_size": 32,
        "cotrain_epochs": 9,
        "finetune_patience": 7,
        "weight_decay": 0.047427621349416915,
        "warmup_ratio": 0.17379183994652492
      },
      "dev_macro_f1": 0.073529,
      "duration_seconds": 110.8,
      "full_metrics": {
        "event": "canada_wildfires_2016",
        "budget": 25,
        "seed_set": 2,
        "test_error_rate": 58.20224719101124,
        "test_macro_f1": 0.07369255150554675,
        "test_ece": 0.035492574498894536,
        "test_per_class_f1": [
          0.0,
          0.0,
          0.0,
          0.0,
          0.0,
          0.0,
          0.589540412044374,
          0.0
        ],
        "dev_error_rate": 58.33333333333333,
        "dev_macro_f1": 0.07352941176470588,
        "dev_ece": 0.03680343782169776,
        "stopping_strategy": "baseline",
        "phase1_seed_strategy": "last",
        "phase1_best_epoch": null,
        "lambda1_mean": 0.6370870057196648,
        "lambda1_std": 0.3053835131320931,
        "lambda2_mean": 0.25838935347473974,
        "lambda2_std": 0.23782604124488904
      }
    },
    {
      "number": 4,
      "state": "COMPLETE",
      "params": {
        "lr": 2.7418889801860873e-05,
        "batch_size": 64,
        "cotrain_epochs": 15,
        "finetune_patience": 5,
        "weight_decay": 0.07755650255995442,
        "warmup_ratio": 0.021691345180115673
      },
      "dev_macro_f1": 0.530784,
      "duration_seconds": 147.5,
      "full_metrics": {
        "event": "canada_wildfires_2016",
        "budget": 25,
        "seed_set": 2,
        "test_error_rate": 28.314606741573034,
        "test_macro_f1": 0.5419019495677628,
        "test_ece": 0.05602172301726391,
        "test_per_class_f1": [
          0.2631578947368421,
          0.85,
          0.8623853211009175,
          0.26865671641791045,
          0.47540983606557374,
          0.0,
          0.8343558282208589,
          0.78125
        ],
        "dev_error_rate": 30.263157894736846,
        "dev_macro_f1": 0.5307841812193602,
        "dev_ece": 0.07464177161455157,
        "stopping_strategy": "baseline",
        "phase1_seed_strategy": "last",
        "phase1_best_epoch": null,
        "lambda1_mean": 0.9514027236442607,
        "lambda1_std": 0.27681733422248805,
        "lambda2_mean": 0.47902594518079167,
        "lambda2_std": 0.2172156459822205
      }
    },
    {
      "number": 5,
      "state": "COMPLETE",
      "params": {
        "lr": 2.4277998297497004e-05,
        "batch_size": 64,
        "cotrain_epochs": 11,
        "finetune_patience": 7,
        "weight_decay": 0.08360555741487798,
        "warmup_ratio": 0.12063236381322306
      },
      "dev_macro_f1": 0.642658,
      "duration_seconds": 127.8,
      "full_metrics": {
        "event": "canada_wildfires_2016",
        "budget": 25,
        "seed_set": 2,
        "test_error_rate": 24.269662921348313,
        "test_macro_f1": 0.5951839429357799,
        "test_ece": 0.03670748361710755,