{
  "event": "hurricane_florence_2018",
  "budget": 5,
  "seed_set": 1,
  "test_error_rate": 70.9911361804996,
  "test_macro_f1": 0.21539327283994836,
  "test_ece": 0.29208919326688476,
  "test_per_class_f1": [
    0.406827880512091,
    0.0,
    0.15,
    0.046153846153846156,
    0.18660287081339713,
    0.06545454545454546,
    0.13559322033898305,
    0.465979381443299,
    0.4819277108433735
  ],
  "dev_error_rate": 71.83098591549295,
  "dev_macro_f1": 0.20041129482205872,
  "dev_ece": 0.2952775466190257
}