{
  "event": "cyclone_idai_2019",
  "budget": 10,
  "seed_set": 3,
  "test_error_rate": 30.166880616174584,
  "test_macro_f1": 0.5801529857370784,
  "test_ece": 0.10997763574505955,
  "test_per_class_f1": [
    0.375,
    0.4444444444444444,
    0.7741935483870968,
    0.8819875776397516,
    0.5714285714285714,
    0.32727272727272727,
    0.38323353293413176,
    0.4418604651162791,
    0.784375,
    0.8177339901477833
  ],
  "dev_error_rate": 32.91770573566085,
  "dev_macro_f1": 0.5360983041667351,
  "dev_ece": 0.13087096037412824,
  "stopping_strategy": "baseline",
  "phase1_seed_strategy": "last",
  "phase1_best_epoch": null,
  "lambda1_mean": 1.0489907326531611,
  "lambda1_std": 0.25380424523083145,
  "lambda2_mean": 0.5801279243616909,
  "lambda2_std": 0.20863109514689362
}