{
  "event": "kerala_floods_2018",
  "budget": 25,
  "seed_set": 2,
  "status": "done",
  "best_params": {
    "lr": 0.00011184892703877854,
    "batch_size": 64,
    "cotrain_epochs": 5,
    "finetune_patience": 7,
    "weight_decay": 0.022114432119646768,
    "warmup_ratio": 0.10891628670935233
  },
  "best_value": 0.628596,
  "best_full_metrics": {
    "event": "kerala_floods_2018",
    "budget": 25,
    "seed_set": 2,
    "test_error_rate": 30.151706700379265,
    "test_macro_f1": 0.5665415143313989,
    "test_ece": 0.172047704816166,
    "test_per_class_f1": [
      0.5333333333333333,
      0.2,
      0.5466666666666666,
      0.851063829787234,
      0.4,
      0.4155844155844156,
      0.6236559139784946,
      0.8307501549907006,
      0.6978193146417445
    ],
    "dev_error_rate": 28.25552825552825,
    "dev_macro_f1": 0.6285961721489097,
    "dev_ece": 0.1794488044496836,
    "stopping_strategy": "baseline",
    "phase1_seed_strategy": "last",
    "phase1_best_epoch": null,
    "lambda1_mean": 0.987546678611352,
    "lambda1_std": 0.28462440188709787,
    "lambda2_mean": 0.4313605820858982,
    "lambda2_std": 0.2123845115874966
  },
  "n_trials": 10,
  "continued_from": null,
  "trials": [
    {
      "number": 0,
      "state": "COMPLETE",
      "params": {
        "lr": 0.00013478964764683307,
        "batch_size": 64,
        "cotrain_epochs": 15,
        "finetune_patience": 5,
        "weight_decay": 0.08581596295071803,
        "warmup_ratio": 0.08890881678639051
      },
      "dev_macro_f1": 0.47218,
      "duration_seconds": 554.9,
      "full_metrics": {
        "event": "kerala_floods_2018",
        "budget": 25,
        "seed_set": 2,
        "test_error_rate": 33.37547408343868,
        "test_macro_f1": 0.4363967712594718,
        "test_ece": 0.07298054200433451,
        "test_per_class_f1": [
          0.0,
          0.0,
          0.45112781954887216,
          0.7130434782608696,
          0.30857142857142855,
          0.43119266055045874,
          0.5612903225806452,
          0.8185096153846154,
          0.6438356164383562
        ],
        "dev_error_rate": 32.18673218673219,
        "dev_macro_f1": 0.4721804722404655,
        "dev_ece": 0.09730351319037724,
        "stopping_strategy": "baseline",
        "phase1_seed_strategy": "last",
        "phase1_best_epoch": null,
        "lambda1_mean": 0.9966148468217401,
        "lambda1_std": 0.2694447958243883,
        "lambda2_mean": 0.255247721090927,
        "lambda2_std": 0.22396798261068074
      }
    },
    {
      "number": 1,
      "state": "COMPLETE",
      "params": {
        "lr": 0.0009264097439912729,
        "batch_size": 64,
        "cotrain_epochs": 16,
        "finetune_patience": 4,
        "weight_decay": 0.08168295130299158,
        "warmup_ratio": 0.14674358300061502
      },
      "dev_macro_f1": 0.077742,
      "duration_seconds": 583.3,
      "full_metrics": {
        "event": "kerala_floods_2018",
        "budget": 25,
        "seed_set": 2,
        "test_error_rate": 46.207332490518326,
        "test_macro_f1": 0.07772754258574234,
        "test_ece": 0.43122967584093963,
        "test_per_class_f1": [
          0.0,
          0.0,
          0.0,
          0.0,
          0.0,
          0.0,
          0.0,
          0.699547883271681,
          0.0
        ],
        "dev_error_rate": 46.1916461916462,
        "dev_macro_f1": 0.07774227902023428,
        "dev_ece": 0.43107281409258924,
        "stopping_strategy": "baseline",
        "phase1_seed_strategy": "last",
        "phase1_best_epoch": null,
        "lambda1_mean": 0.6369377816567677,
        "lambda1_std": 0.5392312034395301,
        "lambda2_mean": 0.3587653483664349,
        "lambda2_std": 0.33422570487857095
      }
    },
    {
      "number": 2,
      "state": "COMPLETE",
      "params": {
        "lr": 0.00010877466428748071,
        "batch_size": 32,
        "cotrain_epochs": 9,
        "finetune_patience": 9,
        "weight_decay": 0.06167046647313104,
        "warmup_ratio": 0.29243798659248765
      },
      "dev_macro_f1": 0.526619,
      "duration_seconds": 408.7,
      "full_metrics": {
        "event": "kerala_floods_2018",
        "budget": 25,
        "seed_set": 2,
        "test_error_rate": 34.95575221238938,
        "test_macro_f1": 0.49806471172904465,
        "test_ece": 0.08881346621419928,
        "test_per_class_f1": [
          0.36363636363636365,
          0.13513513513513514,
          0.4492753623188406,
          0.8444444444444444,
          0.3742690058479532,
          0.3024054982817869,
          0.5649717514124294,
          0.801980198019802,
          0.6464646464646465
        ],
        "dev_error_rate": 33.415233415233416,
        "dev_macro_f1": 0.5266186124341661,
        "dev_ece": 0.09639742446912303,
        "stopping_strategy": "baseline",
        "phase1_seed_strategy": "last",
        "phase1_best_epoch": null,
        "lambda1_mean": 0.6164838348727497,
        "lambda1_std": 0.27787943996855496,
        "lambda2_mean": 0.5487163030909858,
        "lambda2_std": 0.23996981315730975
      }
    },
    {
      "number": 3,
      "state": "COMPLETE",
      "params": {
        "lr": 1.8966389932201014e-05,
        "batch_size": 32,
        "cotrain_epochs": 8,
        "finetune_patience": 7,
        "weight_decay": 0.07927067723804992,
        "warmup_ratio": 0.28530879191627223
      },
      "dev_macro_f1": 0.602241,
      "duration_seconds": 385.8,
      "full_metrics": {
        "event": "kerala_floods_2018",
        "budget": 25,
        "seed_set": 2,
        "test_error_rate": 32.364096080910244,
        "test_macro_f1": 0.5520724326378218,
        "test_ece": 0.07941499429692508,
        "test_per_class_f1": [
          0.4406779661016949,
          0.16666666666666666,
          0.5925925925925926,
          0.8695652173913043,
          0.3548387096774194,
          0.4372093023255814,
          0.6458333333333334,
          0.8124585818422797,
          0.6488095238095238
        ],
        "dev_error_rate": 30.712530712530718,
        "dev_macro_f1": 0.6022408695293131,
        "dev_ece": 0.05392610986490507,
        "stopping_strategy": "baseline",
        "phase1_seed_strategy": "last",
        "phase1_best_epoch": null,
        "lambda1_mean": 0.9303964218208527,
        "lambda1_std": 0.30186412441120214,
        "lambda2_mean": 0.38484573697544344,
        "lambda2_std": 0.19379663688460752
      }
    },
    {
      "number": 4,
      "state": "COMPLETE",
      "params": {
        "lr": 0.00016627962115889258,
        "batch_size": 64,
        "cotrain_epochs": 11,
        "finetune_patience": 7,
        "weight_decay": 0.05731802633622068,
        "warmup_ratio": 0.14191684895336107
      },
      "dev_macro_f1": 0.572575,
      "duration_seconds": 447.5,
      "full_metrics": {
        "event": "kerala_floods_2018",
        "budget": 25,
        "seed_set": 2,
        "test_error_rate": 35.20859671302149,
        "test_macro_f1": 0.5438542201759571,
        "test_ece": 0.07006291074939684,
        "test_per_class_f1": [
          0.3917525773195876,
          0.3050847457627119,
          0.5228758169934641,
          0.84,
          0.4,
          0.3378995433789954,
          0.6334841628959276,
          0.7869742198100407,
          0.6766169154228856
        ],
        "dev_error_rate": 33.292383292383285,
        "dev_macro_f1": 0.5725748273444993,
        "dev_ece": 0.08808785076516266,
        "stopping_strategy": "baseline",
        "phase1_seed_strategy": "last",
        "phase1_best_epoch": null,
        "lambda1_mean": 1.021786776300579,
        "lambda1_std": 0.2535336666309072,
        "lambda2_mean": 0.5775959327064739,
        "lambda2_std": 0.22225108048824782
      }
    },
    {
      "number": 5,
      "state": "COMPLETE",
      "params": {
        "lr": 8.31771099566757e-05,
        "batch_size": 8,
        "cotrain_epochs": 14,
        "finetune_patience": 8,