{
  "event": "california_wildfires_2018",
  "budget": 10,
  "seed_set": 3,
  "test_error_rate": 73.1690622861054,
  "test_macro_f1": 0.2687669335303386,
  "test_ece": 0.3865930627034512,
  "test_per_class_f1": [
    0.23076923076923078,
    0.13447782546494993,
    0.17045454545454544,
    0.12351543942992874,
    0.3516483516483517,
    0.595903165735568,
    0.1095890410958904,
    0.10752688172043011,
    0.2006269592476489,
    0.6631578947368421
  ],
  "dev_error_rate": 70.34574468085107,
  "dev_macro_f1": 0.28969099764619655,
  "dev_ece": 0.34570075331770994
}