{
  "event": "kaikoura_earthquake_2016",
  "budget": 5,
  "seed_set": 1,
  "test_error_rate": 27.356321839080454,
  "test_macro_f1": 0.6563193378758183,
  "test_ece": 0.10032318878447874,
  "test_per_class_f1": [
    0.708994708994709,
    0.717948717948718,
    0.8208955223880597,
    0.9523809523809523,
    0.5411764705882353,
    0.45901639344262296,
    0.0,
    0.8292682926829268,
    0.8771929824561403
  ],
  "dev_error_rate": 29.464285714285708,
  "dev_macro_f1": 0.6903955887068673,
  "dev_ece": 0.09863623338086264,
  "stopping_strategy": "baseline",
  "phase1_seed_strategy": "last",
  "phase1_best_epoch": null,
  "lambda1_mean": 1.0079172612438458,
  "lambda1_std": 0.25484336211317205,
  "lambda2_mean": 0.49504610431142804,
  "lambda2_std": 0.2120261914753844
}