{
  "event": "kerala_floods_2018",
  "budget": 10,
  "seed_set": 1,
  "test_error_rate": 59.48166877370418,
  "test_macro_f1": 0.2245044019411971,
  "test_ece": 0.2395811102596758,
  "test_per_class_f1": [
    0.0,
    0.04291845493562232,
    0.1693548387096774,
    0.4819277108433735,
    0.0,
    0.0639269406392694,
    0.23180592991913745,
    0.6295774647887324,
    0.40102827763496146
  ],
  "dev_error_rate": 61.42506142506142,
  "dev_macro_f1": 0.22481781880086008,
  "dev_ece": 0.24593245256371812,
  "stopping_strategy": "baseline",
  "phase1_seed_strategy": "last",
  "phase1_best_epoch": null,
  "lambda1_mean": 0.9022925159372677,
  "lambda1_std": 0.35049379748907183,
  "lambda2_mean": 0.2849754267025604,
  "lambda2_std": 0.19707033855207218
}