{
  "event": "canada_wildfires_2016",
  "budget": 5,
  "seed_set": 2,
  "test_error_rate": 23.370786516853936,
  "test_macro_f1": 0.5566378849644132,
  "test_ece": 0.1677865250057049,
  "test_per_class_f1": [
    0.25806451612903225,
    0.8805031446540881,
    0.8932038834951457,
    0.2857142857142857,
    0.42201834862385323,
    0.0,
    0.9010989010989011,
    0.8125
  ],
  "dev_error_rate": 22.807017543859654,
  "dev_macro_f1": 0.5485520254341674,
  "dev_ece": 0.17136850508681517,
  "stopping_strategy": "baseline",
  "phase1_seed_strategy": "last",
  "phase1_best_epoch": null,
  "lambda1_mean": 1.0284849453518454,
  "lambda1_std": 0.22242836883183237,
  "lambda2_mean": 0.4922131043189372,
  "lambda2_std": 0.17191630536405542
}