{
  "event": "hurricane_florence_2018",
  "budget": 25,
  "seed_set": 1,
  "status": "done",
  "best_params": {
    "lr": 2.2621831754084748e-05,
    "batch_size": 16,
    "cotrain_epochs": 20,
    "finetune_patience": 10,
    "weight_decay": 0.06001695026547517,
    "warmup_ratio": 0.22952044421998324
  },
  "best_value": 0.694695,
  "best_full_metrics": {
    "event": "hurricane_florence_2018",
    "budget": 25,
    "seed_set": 1,
    "test_error_rate": 23.28767123287672,
    "test_macro_f1": 0.6954190672170898,
    "test_ece": 0.11561015762214596,
    "test_per_class_f1": [
      0.7577639751552795,
      0.8054607508532423,
      0.6296296296296297,
      0.9586776859504132,
      0.8439024390243902,
      0.44715447154471544,
      0.12903225806451613,
      0.851985559566787,
      0.8351648351648352
    ],
    "dev_error_rate": 23.474178403755865,
    "dev_macro_f1": 0.6946952171185106,
    "dev_ece": 0.11673343993128746,
    "stopping_strategy": "baseline",
    "phase1_seed_strategy": "last",
    "phase1_best_epoch": null,
    "lambda1_mean": 1.0629682306518402,
    "lambda1_std": 0.2321697501516714,
    "lambda2_mean": 0.5953345933682779,
    "lambda2_std": 0.17290882699898205
  },
  "n_trials": 10,
  "continued_from": null,
  "trials": [
    {
      "number": 0,
      "state": "COMPLETE",
      "params": {
        "lr": 0.00039819909857657774,
        "batch_size": 16,
        "cotrain_epochs": 6,
        "finetune_patience": 9,
        "weight_decay": 0.0230855640402475,
        "warmup_ratio": 0.03217013880705237
      },
      "dev_macro_f1": 0.042475,
      "duration_seconds": 271.8,
      "full_metrics": {
        "event": "hurricane_florence_2018",
        "budget": 25,
        "seed_set": 1,
        "test_error_rate": 76.39000805801773,
        "test_macro_f1": 0.042445313631754314,
        "test_ece": 0.11630471796998086,
        "test_per_class_f1": [
          0.0,
          0.0,
          0.0,
          0.0,
          0.0,
          0.0,
          0.0,
          0.3820078226857888,
          0.0
        ],
        "dev_error_rate": 76.36932707355243,
        "dev_macro_f1": 0.04247538677918425,
        "dev_ece": 0.11651152801439049,
        "stopping_strategy": "baseline",
        "phase1_seed_strategy": "last",
        "phase1_best_epoch": null,
        "lambda1_mean": 0.23207770737416503,
        "lambda1_std": 0.12342876667117915,
        "lambda2_mean": 0.11848806015181906,
        "lambda2_std": 0.07731588682263416
      }
    },
    {
      "number": 1,
      "state": "COMPLETE",
      "params": {
        "lr": 0.00032989203167298626,
        "batch_size": 16,
        "cotrain_epochs": 15,
        "finetune_patience": 4,
        "weight_decay": 0.07955236689084103,
        "warmup_ratio": 0.05574610548574999
      },
      "dev_macro_f1": 0.038522,
      "duration_seconds": 530.5,
      "full_metrics": {
        "event": "hurricane_florence_2018",
        "budget": 25,
        "seed_set": 1,
        "test_error_rate": 79.129734085415,
        "test_macro_f1": 0.03837037037037037,
        "test_ece": 0.06587146636846081,
        "test_per_class_f1": [
          0.3453333333333333,
          0.0,
          0.0,
          0.0,
          0.0,
          0.0,
          0.0,
          0.0,
          0.0
        ],
        "dev_error_rate": 79.02973395931141,
        "dev_macro_f1": 0.038522351588328306,
        "dev_ece": 0.06487147969445897,
        "stopping_strategy": "baseline",
        "phase1_seed_strategy": "last",
        "phase1_best_epoch": null,
        "lambda1_mean": 0.24589900439100756,
        "lambda1_std": 0.16306473071587055,
        "lambda2_mean": 0.12092504074232324,
        "lambda2_std": 0.10048358621316218
      }
    },
    {
      "number": 2,
      "state": "COMPLETE",
      "params": {
        "lr": 6.336444244754388e-05,
        "batch_size": 8,
        "cotrain_epochs": 19,
        "finetune_patience": 9,
        "weight_decay": 0.06821896815833557,
        "warmup_ratio": 0.11892820691579836
      },
      "dev_macro_f1": 0.680227,
      "duration_seconds": 1004.0,
      "full_metrics": {
        "event": "hurricane_florence_2018",
        "budget": 25,
        "seed_set": 1,
        "test_error_rate": 24.57695406929895,
        "test_macro_f1": 0.6757651192246569,
        "test_ece": 0.07830023578248804,
        "test_per_class_f1": [
          0.7474332648870636,
          0.8148148148148148,
          0.6190476190476191,
          0.9411764705882353,
          0.8129675810473815,
          0.39183673469387753,
          0.06060606060606061,
          0.8606701940035273,
          0.8333333333333334
        ],
        "dev_error_rate": 23.317683881064166,
        "dev_macro_f1": 0.6802267058156855,
        "dev_ece": 0.09452975523863602,
        "stopping_strategy": "baseline",
        "phase1_seed_strategy": "last",
        "phase1_best_epoch": null,
        "lambda1_mean": 0.9873692854671455,
        "lambda1_std": 0.2650855912096925,
        "lambda2_mean": 0.5547345278593464,
        "lambda2_std": 0.1982520120418782
      }
    },
    {
      "number": 3,
      "state": "COMPLETE",
      "params": {
        "lr": 2.1808531255255802e-05,
        "batch_size": 16,
        "cotrain_epochs": 6,
        "finetune_patience": 7,
        "weight_decay": 0.03162241692303182,
        "warmup_ratio": 0.1476703029207538
      },
      "dev_macro_f1": 0.685158,
      "duration_seconds": 276.4,
      "full_metrics": {
        "event": "hurricane_florence_2018",
        "budget": 25,
        "seed_set": 1,
        "test_error_rate": 24.174053182917,
        "test_macro_f1": 0.675921423675319,
        "test_ece": 0.052390812698820746,
        "test_per_class_f1": [
          0.7547974413646056,
          0.8,
          0.6081871345029239,
          0.9193548387096774,
          0.8203883495145631,
          0.40350877192982454,
          0.07142857142857142,
          0.8484848484848485,
          0.8571428571428571
        ],
        "dev_error_rate": 23.004694835680752,
        "dev_macro_f1": 0.6851583117135553,
        "dev_ece": 0.04442265084092045,
        "stopping_strategy": "baseline",
        "phase1_seed_strategy": "last",
        "phase1_best_epoch": null,
        "lambda1_mean": 0.9869428189440019,
        "lambda1_std": 0.2680615724972937,
        "lambda2_mean": 0.4410567981909907,
        "lambda2_std": 0.17572726031474592
      }
    },
    {
      "number": 4,
      "state": "COMPLETE",
      "params": {
        "lr": 8.57567821995073e-05,
        "batch_size": 16,
        "cotrain_epochs": 19,
        "finetune_patience": 6,
        "weight_decay": 0.007140108442306315,
        "warmup_ratio": 0.23953275980475158
      },
      "dev_macro_f1": 0.674777,
      "duration_seconds": 671.3,
      "full_metrics": {
        "event": "hurricane_florence_2018",
        "budget": 25,
        "seed_set": 1,
        "test_error_rate": 26.269137792103148,
        "test_macro_f1": 0.674651085149036,
        "test_ece": 0.23125937996517743,
        "test_per_class_f1": [
          0.7368421052631579,
          0.8113879003558719,
          0.5875,
          0.9152542372881356,
          0.8238095238095238,
          0.35918367346938773,
          0.20408163265306123,
          0.835820895522388,
          0.797979797979798
        ],
        "dev_error_rate": 25.665101721439754,
        "dev_macro_f1": 0.6747774992556473,
        "dev_ece": 0.22922246388986078,
        "stopping_strategy": "baseline",
        "phase1_seed_strategy": "last",
        "phase1_best_epoch": null,
        "lambda1_mean": 0.6642855714318665,
        "lambda1_std": 0.21019215717488185,
        "lambda2_mean": 0.7045970797862857,
        "lambda2_std": 0.23195070497010073
      }
    },
    {
      "number": 5,
      "state": "COMPLETE",
      "params": {
        "lr": 6.140321688098014e-05,
        "batch_size": 64,
        "cotrain_epochs": 11,
        "finetune_patience": 8,
        "weight_decay": 0.024662526761553474,