{
  "event": "hurricane_maria_2017",
  "budget": 25,
  "seed_set": 2,
  "test_error_rate": 28.29403606102635,
  "test_macro_f1": 0.6862865592985813,
  "test_ece": 0.13810109149731808,
  "test_per_class_f1": [
    0.6481481481481481,
    0.7575757575757576,
    0.8506493506493507,
    0.8787878787878788,
    0.3787878787878788,
    0.44396551724137934,
    0.6946107784431138,
    0.8256410256410256,
    0.6984126984126984
  ],
  "dev_error_rate": 27.628032345013477,
  "dev_macro_f1": 0.699218040152568,
  "dev_ece": 0.1470869922573676,
  "stopping_strategy": "baseline",
  "phase1_seed_strategy": "last",
  "phase1_best_epoch": null,
  "lambda1_mean": 1.0226765376063893,
  "lambda1_std": 0.2490493127949384,
  "lambda2_mean": 0.48680946079603143,
  "lambda2_std": 0.18223741272279065
}