{
  "event": "kaikoura_earthquake_2016",
  "budget": 25,
  "seed_set": 3,
  "test_error_rate": 31.72413793103448,
  "test_macro_f1": 0.6445912833132768,
  "test_ece": 0.07989560187548055,
  "test_per_class_f1": [
    0.6463414634146342,
    0.5531914893617021,
    0.8062015503875969,
    0.6792452830188679,
    0.5063291139240507,
    0.39344262295081966,
    0.5263157894736842,
    0.775,
    0.9152542372881356
  ],
  "dev_error_rate": 35.26785714285714,
  "dev_macro_f1": 0.5674570332241745,
  "dev_ece": 0.07953313857849159,
  "stopping_strategy": "baseline",
  "phase1_seed_strategy": "last",
  "phase1_best_epoch": null,
  "lambda1_mean": 0.534330896427542,
  "lambda1_std": 0.13485324167918894,
  "lambda2_mean": 0.12344402284020753,
  "lambda2_std": 0.04402899680454485
}