{
  "event": "hurricane_maria_2017",
  "budget": 50,
  "seed_set": 1,
  "status": "done",
  "best_params": {
    "lr": 3.168209174851371e-05,
    "batch_size": 64,
    "cotrain_epochs": 5,
    "finetune_patience": 10,
    "weight_decay": 0.09912585949148361,
    "warmup_ratio": 0.13160766271826344
  },
  "best_value": 0.703284,
  "best_full_metrics": {
    "event": "hurricane_maria_2017",
    "budget": 50,
    "seed_set": 1,
    "test_error_rate": 28.363384188626906,
    "test_macro_f1": 0.6880035796208425,
    "test_ece": 0.13287418742823037,
    "test_per_class_f1": [
      0.5964912280701754,
      0.7384615384615385,
      0.8655737704918033,
      0.928,
      0.3875,
      0.44097995545657015,
      0.7138643067846607,
      0.8125,
      0.7086614173228346
    ],
    "dev_error_rate": 28.706199460916437,
    "dev_macro_f1": 0.7032838428058473,
    "dev_ece": 0.1417306578866234,
    "stopping_strategy": "baseline",
    "phase1_seed_strategy": "last",
    "phase1_best_epoch": null,
    "lambda1_mean": 0.8870250666314232,
    "lambda1_std": 0.2839223708317881,
    "lambda2_mean": 0.33483716189386187,
    "lambda2_std": 0.16633912217023472
  },
  "n_trials": 10,
  "continued_from": null,
  "trials": [
    {
      "number": 0,
      "state": "COMPLETE",
      "params": {
        "lr": 5.780527657611492e-05,
        "batch_size": 64,
        "cotrain_epochs": 10,
        "finetune_patience": 9,
        "weight_decay": 0.04020922533088792,
        "warmup_ratio": 0.09098472689275196
      },
      "dev_macro_f1": 0.675329,
      "duration_seconds": 356.1,
      "full_metrics": {
        "event": "hurricane_maria_2017",
        "budget": 50,
        "seed_set": 1,
        "test_error_rate": 28.29403606102635,
        "test_macro_f1": 0.6975962925472019,
        "test_ece": 0.0973059741080055,
        "test_per_class_f1": [
          0.6728971962616822,
          0.7272727272727273,
          0.8599348534201955,
          0.957983193277311,
          0.3953488372093023,
          0.4482758620689655,
          0.6890243902439024,
          0.8203125,
          0.7073170731707317
        ],
        "dev_error_rate": 30.32345013477089,
        "dev_macro_f1": 0.6753294842551119,
        "dev_ece": 0.12654072484076828,
        "stopping_strategy": "baseline",
        "phase1_seed_strategy": "last",
        "phase1_best_epoch": null,
        "lambda1_mean": 1.0189510467439995,
        "lambda1_std": 0.24367021860588156,
        "lambda2_mean": 0.5641455025151872,
        "lambda2_std": 0.20782474073729107
      }
    },
    {
      "number": 1,
      "state": "COMPLETE",
      "params": {
        "lr": 0.0004155567447124037,
        "batch_size": 16,
        "cotrain_epochs": 12,
        "finetune_patience": 7,
        "weight_decay": 0.06716764575437013,
        "warmup_ratio": 0.14074097632534066
      },
      "dev_macro_f1": 0.047552,
      "duration_seconds": 497.6,
      "full_metrics": {
        "event": "hurricane_maria_2017",
        "budget": 50,
        "seed_set": 1,
        "test_error_rate": 72.88488210818308,
        "test_macro_f1": 0.04740255804085591,
        "test_ece": 0.08304966316557127,
        "test_per_class_f1": [
          0.0,
          0.0,
          0.0,
          0.0,
          0.0,
          0.0,
          0.0,
          0.4266230223677032,
          0.0
        ],
        "dev_error_rate": 72.77628032345014,
        "dev_macro_f1": 0.04755178907721281,
        "dev_ece": 0.08413568104936109,
        "stopping_strategy": "baseline",
        "phase1_seed_strategy": "last",
        "phase1_best_epoch": null,
        "lambda1_mean": 0.4549346990946458,
        "lambda1_std": 0.32522975139934124,
        "lambda2_mean": 0.1524482987048375,
        "lambda2_std": 0.15962605180671458
      }
    },
    {
      "number": 2,
      "state": "COMPLETE",
      "params": {
        "lr": 0.0007188460970557739,
        "batch_size": 32,
        "cotrain_epochs": 9,
        "finetune_patience": 7,
        "weight_decay": 0.03258738508192691,
        "warmup_ratio": 0.05670523448747139
      },
      "dev_macro_f1": 0.047552,
      "duration_seconds": 349.8,
      "full_metrics": {
        "event": "hurricane_maria_2017",
        "budget": 50,
        "seed_set": 1,
        "test_error_rate": 72.88488210818308,
        "test_macro_f1": 0.04740255804085591,
        "test_ece": 0.059955021038382794,
        "test_per_class_f1": [
          0.0,
          0.0,
          0.0,
          0.0,
          0.0,
          0.0,
          0.0,
          0.4266230223677032,
          0.0
        ],
        "dev_error_rate": 72.77628032345014,
        "dev_macro_f1": 0.04755178907721281,
        "dev_ece": 0.061041039397131736,
        "stopping_strategy": "baseline",
        "phase1_seed_strategy": "last",
        "phase1_best_epoch": null,
        "lambda1_mean": 0.34249676962078895,
        "lambda1_std": 0.2770947640521059,
        "lambda2_mean": 0.15544174614056666,
        "lambda2_std": 0.14064920033522346
      }
    },
    {
      "number": 3,
      "state": "COMPLETE",
      "params": {
        "lr": 0.0008856517030328874,
        "batch_size": 64,
        "cotrain_epochs": 15,
        "finetune_patience": 5,
        "weight_decay": 0.018753205312728616,
        "warmup_ratio": 0.11540156077967524
      },
      "dev_macro_f1": 0.047552,
      "duration_seconds": 471.6,
      "full_metrics": {
        "event": "hurricane_maria_2017",
        "budget": 50,
        "seed_set": 1,
        "test_error_rate": 72.88488210818308,
        "test_macro_f1": 0.04740255804085591,
        "test_ece": 0.02891328386270056,
        "test_per_class_f1": [
          0.0,
          0.0,
          0.0,
          0.0,
          0.0,
          0.0,
          0.0,
          0.4266230223677032,
          0.0
        ],
        "dev_error_rate": 72.77628032345014,
        "dev_macro_f1": 0.04755178907721281,
        "dev_ece": 0.029999302805594708,
        "stopping_strategy": "baseline",
        "phase1_seed_strategy": "last",
        "phase1_best_epoch": null,
        "lambda1_mean": 0.44113377984171614,
        "lambda1_std": 0.3962094112191722,
        "lambda2_mean": 0.18136200133502528,
        "lambda2_std": 0.21642003144152513
      }
    },
    {
      "number": 4,
      "state": "COMPLETE",
      "params": {
        "lr": 2.0879901186578965e-05,
        "batch_size": 8,
        "cotrain_epochs": 9,
        "finetune_patience": 5,
        "weight_decay": 0.06233153765294113,
        "warmup_ratio": 0.006705859417478776
      },
      "dev_macro_f1": 0.689434,
      "duration_seconds": 602.9,
      "full_metrics": {
        "event": "hurricane_maria_2017",
        "budget": 50,
        "seed_set": 1,
        "test_error_rate": 27.877947295423024,
        "test_macro_f1": 0.6905386632068286,
        "test_ece": 0.14422256446827134,
        "test_per_class_f1": [
          0.660377358490566,
          0.7027027027027027,
          0.8552412645590682,
          0.928,
          0.40540540540540543,
          0.44642857142857145,
          0.70625,
          0.8341836734693877,
          0.6762589928057554
        ],
        "dev_error_rate": 28.167115902964955,
        "dev_macro_f1": 0.6894339976625923,
        "dev_ece": 0.16434615806267272,
        "stopping_strategy": "baseline",
        "phase1_seed_strategy": "last",
        "phase1_best_epoch": null,
        "lambda1_mean": 0.9924578824231004,
        "lambda1_std": 0.25321505647634107,
        "lambda2_mean": 0.6570809481905978,
        "lambda2_std": 0.24862653365628457
      }
    },
    {
      "number": 5,
      "state": "COMPLETE",
      "params": {
        "lr": 0.00016354989812969724,
        "batch_size": 16,
        "cotrain_epochs": 19,
        "finetune_patience": 6,
        "weight_decay": 0.0837958065374591,
        "warmup_ratio": 0.2670719307308818
      },
      "dev_macro_f1": 0.039419,
      "duration_seconds": 726.1,
      "full_metrics": {
        "event": "hurricane_maria_2017",