{
  "event": "canada_wildfires_2016",
  "budget": 25,
  "seed_set": 1,
  "test_error_rate": 29.662921348314608,
  "test_macro_f1": 0.537098900159092,
  "test_ece": 0.0679648076885202,
  "test_per_class_f1": [
    0.2916666666666667,
    0.7972972972972973,
    0.6935483870967742,
    0.3076923076923077,
    0.3076923076923077,
    0.26666666666666666,
    0.8746518105849582,
    0.7575757575757576
  ],
  "dev_error_rate": 28.07017543859649,
  "dev_macro_f1": 0.6039431988903874,
  "dev_ece": 0.09007065383750093,
  "stopping_strategy": "baseline",
  "phase1_seed_strategy": "last",
  "phase1_best_epoch": null,
  "lambda1_mean": 0.5295389070152166,
  "lambda1_std": 0.1313681397239776,
  "lambda2_mean": 0.14433441361686125,
  "lambda2_std": 0.043894051178049204
}