{
  "event": "hurricane_dorian_2019",
  "budget": 25,
  "seed_set": 2,
  "status": "done",
  "best_params": {
    "lr": 4.162631007323778e-05,
    "batch_size": 16,
    "cotrain_epochs": 17,
    "finetune_patience": 8,
    "weight_decay": 0.08359944329341944,
    "warmup_ratio": 0.2677125536400216
  },
  "best_value": 0.61573,
  "best_full_metrics": {
    "event": "hurricane_dorian_2019",
    "budget": 25,
    "seed_set": 2,
    "test_error_rate": 33.753315649867375,
    "test_macro_f1": 0.5957913279200646,
    "test_ece": 0.16293782098539944,
    "test_per_class_f1": [
      0.65,
      0.8838526912181303,
      0.645367412140575,
      0.3018867924528302,
      0.5898123324396782,
      0.38839285714285715,
      0.25316455696202533,
      0.835,
      0.8146453089244852
    ],
    "dev_error_rate": 35.18041237113402,
    "dev_macro_f1": 0.615730316532399,
    "dev_ece": 0.1662252288426935,
    "stopping_strategy": "baseline",
    "phase1_seed_strategy": "last",
    "phase1_best_epoch": null,
    "lambda1_mean": 1.0202569370342316,
    "lambda1_std": 0.26136291844194187,
    "lambda2_mean": 0.6135160793988799,
    "lambda2_std": 0.2093605666199664
  },
  "n_trials": 10,
  "continued_from": null,
  "trials": [
    {
      "number": 0,
      "state": "COMPLETE",
      "params": {
        "lr": 4.162631007323778e-05,
        "batch_size": 16,
        "cotrain_epochs": 17,
        "finetune_patience": 8,
        "weight_decay": 0.08359944329341944,
        "warmup_ratio": 0.2677125536400216
      },
      "dev_macro_f1": 0.61573,
      "duration_seconds": 744.0,
      "full_metrics": {
        "event": "hurricane_dorian_2019",
        "budget": 25,
        "seed_set": 2,
        "test_error_rate": 33.753315649867375,
        "test_macro_f1": 0.5957913279200646,
        "test_ece": 0.16293782098539944,
        "test_per_class_f1": [
          0.65,
          0.8838526912181303,
          0.645367412140575,
          0.3018867924528302,
          0.5898123324396782,
          0.38839285714285715,
          0.25316455696202533,
          0.835,
          0.8146453089244852
        ],
        "dev_error_rate": 35.18041237113402,
        "dev_macro_f1": 0.615730316532399,
        "dev_ece": 0.1662252288426935,
        "stopping_strategy": "baseline",
        "phase1_seed_strategy": "last",
        "phase1_best_epoch": null,
        "lambda1_mean": 1.0202569370342316,
        "lambda1_std": 0.26136291844194187,
        "lambda2_mean": 0.6135160793988799,
        "lambda2_std": 0.2093605666199664
      }
    },
    {
      "number": 1,
      "state": "COMPLETE",
      "params": {
        "lr": 0.0005062263526377243,
        "batch_size": 32,
        "cotrain_epochs": 5,
        "finetune_patience": 5,
        "weight_decay": 0.015339462905748724,
        "warmup_ratio": 0.027154653245277237
      },
      "dev_macro_f1": 0.035392,
      "duration_seconds": 254.7,
      "full_metrics": {
        "event": "hurricane_dorian_2019",
        "budget": 25,
        "seed_set": 2,
        "test_error_rate": 81.03448275862068,
        "test_macro_f1": 0.03542673107890499,
        "test_ece": 0.04617015433445848,
        "test_per_class_f1": [
          0.0,
          0.0,
          0.0,
          0.0,
          0.0,
          0.3188405797101449,
          0.0,
          0.0,
          0.0
        ],
        "dev_error_rate": 81.05670103092784,
        "dev_macro_f1": 0.03539183820873962,
        "dev_ece": 0.04594794674248423,
        "stopping_strategy": "baseline",
        "phase1_seed_strategy": "last",
        "phase1_best_epoch": null,
        "lambda1_mean": 0.23185397236651903,
        "lambda1_std": 0.14580311872133273,
        "lambda2_mean": 0.11929796111924179,
        "lambda2_std": 0.07925817135619868
      }
    },
    {
      "number": 2,
      "state": "COMPLETE",
      "params": {
        "lr": 1.6775879238377998e-05,
        "batch_size": 16,
        "cotrain_epochs": 19,
        "finetune_patience": 9,
        "weight_decay": 0.08100343592216816,
        "warmup_ratio": 0.07578976614458312
      },
      "dev_macro_f1": 0.598729,
      "duration_seconds": 857.8,
      "full_metrics": {
        "event": "hurricane_dorian_2019",
        "budget": 25,
        "seed_set": 2,
        "test_error_rate": 34.748010610079575,
        "test_macro_f1": 0.5778313259310762,
        "test_ece": 0.16451335945401335,
        "test_per_class_f1": [
          0.6106870229007634,
          0.8985507246376812,
          0.6355685131195336,
          0.25,
          0.5933503836317136,
          0.3803418803418803,
          0.17647058823529413,
          0.835,
          0.8205128205128205
        ],
        "dev_error_rate": 35.4381443298969,
        "dev_macro_f1": 0.5987286507689491,
        "dev_ece": 0.16383671034703545,
        "stopping_strategy": "baseline",
        "phase1_seed_strategy": "last",
        "phase1_best_epoch": null,
        "lambda1_mean": 1.0652784740564527,
        "lambda1_std": 0.22967912689821485,
        "lambda2_mean": 0.6434403840192411,
        "lambda2_std": 0.18441333898884707
      }
    },
    {
      "number": 3,
      "state": "COMPLETE",
      "params": {
        "lr": 8.426906945701545e-05,
        "batch_size": 64,
        "cotrain_epochs": 13,
        "finetune_patience": 9,
        "weight_decay": 0.04429737011249629,
        "warmup_ratio": 0.2052141987052976
      },
      "dev_macro_f1": 0.608539,
      "duration_seconds": 490.5,
      "full_metrics": {
        "event": "hurricane_dorian_2019",
        "budget": 25,
        "seed_set": 2,
        "test_error_rate": 34.748010610079575,
        "test_macro_f1": 0.5979953520603377,
        "test_ece": 0.10603777557334788,
        "test_per_class_f1": [
          0.61003861003861,
          0.9171597633136095,
          0.6545454545454545,
          0.36,
          0.5943152454780362,
          0.3940677966101695,
          0.20754716981132076,
          0.8235294117647058,
          0.8207547169811321
        ],
        "dev_error_rate": 35.69587628865979,
        "dev_macro_f1": 0.6085385957369042,
        "dev_ece": 0.0983740758803702,
        "stopping_strategy": "baseline",
        "phase1_seed_strategy": "last",
        "phase1_best_epoch": null,
        "lambda1_mean": 1.0200997191232484,
        "lambda1_std": 0.2720488293472333,
        "lambda2_mean": 0.5671547759449456,
        "lambda2_std": 0.20340207340762967
      }
    },
    {
      "number": 4,
      "state": "COMPLETE",
      "params": {
        "lr": 0.0002815230856409688,
        "batch_size": 32,
        "cotrain_epochs": 5,
        "finetune_patience": 9,
        "weight_decay": 0.07965288663176587,
        "warmup_ratio": 0.21358152665774194
      },
      "dev_macro_f1": 0.034001,
      "duration_seconds": 257.2,
      "full_metrics": {
        "event": "hurricane_dorian_2019",
        "budget": 25,
        "seed_set": 2,
        "test_error_rate": 82.0291777188329,
        "test_macro_f1": 0.03390890890890891,
        "test_ece": 0.03612926547027709,
        "test_per_class_f1": [
          0.30518018018018017,
          0.0,
          0.0,
          0.0,
          0.0,
          0.0,
          0.0,
          0.0,
          0.0
        ],
        "dev_error_rate": 81.95876288659794,
        "dev_macro_f1": 0.03400121432908318,
        "dev_ece": 0.035408413210480494,
        "stopping_strategy": "baseline",
        "phase1_seed_strategy": "last",
        "phase1_best_epoch": null,
        "lambda1_mean": 0.5471773461997939,
        "lambda1_std": 0.24881455378867684,
        "lambda2_mean": 0.06730019554541532,
        "lambda2_std": 0.05260583959777942
      }
    },
    {
      "number": 5,
      "state": "COMPLETE",
      "params": {
        "lr": 0.0004679700190663682,
        "batch_size": 16,
        "cotrain_epochs": 16,
        "finetune_patience": 7,
        "weight_decay": 0.09460957645270188,
        "warmup_ratio": 0.15504239464811867
      },
      "dev_macro_f1": 0.033964,