{
  "event": "cyclone_idai_2019",
  "budget": 25,
  "seed_set": 2,
  "status": "done",
  "best_params": {
    "lr": 1.3312351172396786e-05,
    "batch_size": 8,
    "cotrain_epochs": 10,
    "finetune_patience": 8,
    "weight_decay": 0.08499194090177074,
    "warmup_ratio": 0.05328086543303023
  },
  "best_value": 0.495582,
  "best_full_metrics": {
    "event": "cyclone_idai_2019",
    "budget": 25,
    "seed_set": 2,
    "test_error_rate": 26.44415917843389,
    "test_macro_f1": 0.47512088889330545,
    "test_ece": 0.08094602612843103,
    "test_per_class_f1": [
      0.3076923076923077,
      0.24,
      0.7875,
      0.9142857142857143,
      0.0,
      0.11764705882352941,
      0.4025157232704403,
      0.3466666666666667,
      0.8389830508474576,
      0.7959183673469388
    ],
    "dev_error_rate": 26.932668329177055,
    "dev_macro_f1": 0.49558167180636586,
    "dev_ece": 0.10459563340480785,
    "stopping_strategy": "baseline",
    "phase1_seed_strategy": "last",
    "phase1_best_epoch": null,
    "lambda1_mean": 0.969369801392254,
    "lambda1_std": 0.33791648649041994,
    "lambda2_mean": 0.49527106618042194,
    "lambda2_std": 0.22539398700056376
  },
  "n_trials": 10,
  "continued_from": null,
  "trials": [
    {
      "number": 0,
      "state": "COMPLETE",
      "params": {
        "lr": 0.00022926706571251598,
        "batch_size": 8,
        "cotrain_epochs": 5,
        "finetune_patience": 4,
        "weight_decay": 0.09615607447103569,
        "warmup_ratio": 0.2742449092425706
      },
      "dev_macro_f1": 0.064527,
      "duration_seconds": 226.9,
      "full_metrics": {
        "event": "cyclone_idai_2019",
        "budget": 25,
        "seed_set": 2,
        "test_error_rate": 52.503209242618745,
        "test_macro_f1": 0.06440382941688425,
        "test_ece": 0.35899952840208244,
        "test_per_class_f1": [
          0.0,
          0.0,
          0.0,
          0.0,
          0.0,
          0.0,
          0.0,
          0.0,
          0.6440382941688425,
          0.0
        ],
        "dev_error_rate": 52.36907730673317,
        "dev_macro_f1": 0.06452702702702703,
        "dev_ece": 0.3603408185398192,
        "stopping_strategy": "baseline",
        "phase1_seed_strategy": "last",
        "phase1_best_epoch": null,
        "lambda1_mean": 0.7301417832008174,
        "lambda1_std": 0.3911947624894802,
        "lambda2_mean": 0.18104513066460456,
        "lambda2_std": 0.17159891724710574
      }
    },
    {
      "number": 1,
      "state": "COMPLETE",
      "params": {
        "lr": 1.3312351172396786e-05,
        "batch_size": 8,
        "cotrain_epochs": 10,
        "finetune_patience": 8,
        "weight_decay": 0.08499194090177074,
        "warmup_ratio": 0.05328086543303023
      },
      "dev_macro_f1": 0.495582,
      "duration_seconds": 386.1,
      "full_metrics": {
        "event": "cyclone_idai_2019",
        "budget": 25,
        "seed_set": 2,
        "test_error_rate": 26.44415917843389,
        "test_macro_f1": 0.47512088889330545,
        "test_ece": 0.08094602612843103,
        "test_per_class_f1": [
          0.3076923076923077,
          0.24,
          0.7875,
          0.9142857142857143,
          0.0,
          0.11764705882352941,
          0.4025157232704403,
          0.3466666666666667,
          0.8389830508474576,
          0.7959183673469388
        ],
        "dev_error_rate": 26.932668329177055,
        "dev_macro_f1": 0.49558167180636586,
        "dev_ece": 0.10459563340480785,
        "stopping_strategy": "baseline",
        "phase1_seed_strategy": "last",
        "phase1_best_epoch": null,
        "lambda1_mean": 0.969369801392254,
        "lambda1_std": 0.33791648649041994,
        "lambda2_mean": 0.49527106618042194,
        "lambda2_std": 0.22539398700056376
      }
    },
    {
      "number": 2,
      "state": "COMPLETE",
      "params": {
        "lr": 0.0001108187467557531,
        "batch_size": 16,
        "cotrain_epochs": 13,
        "finetune_patience": 6,
        "weight_decay": 0.08722610031125722,
        "warmup_ratio": 0.15892727039008206
      },
      "dev_macro_f1": 0.355789,
      "duration_seconds": 318.1,
      "full_metrics": {
        "event": "cyclone_idai_2019",
        "budget": 25,
        "seed_set": 2,
        "test_error_rate": 41.84852374839538,
        "test_macro_f1": 0.463048055919321,
        "test_ece": 0.2271478968613873,
        "test_per_class_f1": [
          0.3055555555555556,
          0.2127659574468085,
          0.7518796992481203,
          0.8777777777777778,
          0.4,
          0.2553191489361702,
          0.2,
          0.21666666666666667,
          0.695364238410596,
          0.7151515151515152
        ],
        "dev_error_rate": 48.12967581047381,
        "dev_macro_f1": 0.3557887108963268,
        "dev_ece": 0.22186293848732166,
        "stopping_strategy": "baseline",
        "phase1_seed_strategy": "last",
        "phase1_best_epoch": null,
        "lambda1_mean": 0.8922816096192215,
        "lambda1_std": 0.3401297292295717,
        "lambda2_mean": 0.26255268814034466,
        "lambda2_std": 0.258081305821015
      }
    },
    {
      "number": 3,
      "state": "COMPLETE",
      "params": {
        "lr": 0.0006922277458843104,
        "batch_size": 32,
        "cotrain_epochs": 12,
        "finetune_patience": 4,
        "weight_decay": 0.0020067852738088533,
        "warmup_ratio": 0.19226034838659245
      },
      "dev_macro_f1": 0.064527,
      "duration_seconds": 243.7,
      "full_metrics": {
        "event": "cyclone_idai_2019",
        "budget": 25,
        "seed_set": 2,
        "test_error_rate": 52.503209242618745,
        "test_macro_f1": 0.06440382941688425,
        "test_ece": 0.1819755914734631,
        "test_per_class_f1": [
          0.0,
          0.0,
          0.0,
          0.0,
          0.0,
          0.0,
          0.0,
          0.0,
          0.6440382941688425,
          0.0
        ],
        "dev_error_rate": 52.36907730673317,
        "dev_macro_f1": 0.06452702702702703,
        "dev_ece": 0.18331678497821013,
        "stopping_strategy": "baseline",
        "phase1_seed_strategy": "last",
        "phase1_best_epoch": null,
        "lambda1_mean": 0.6265701133073839,
        "lambda1_std": 0.5084618099582436,
        "lambda2_mean": 0.2944362377021472,
        "lambda2_std": 0.29074555395708884
      }
    },
    {
      "number": 4,
      "state": "COMPLETE",
      "params": {
        "lr": 0.0001872223861646959,
        "batch_size": 16,
        "cotrain_epochs": 5,
        "finetune_patience": 6,
        "weight_decay": 0.05008102954138858,
        "warmup_ratio": 0.21898808425598593
      },
      "dev_macro_f1": 0.021778,
      "duration_seconds": 155.7,
      "full_metrics": {
        "event": "cyclone_idai_2019",
        "budget": 25,
        "seed_set": 2,
        "test_error_rate": 87.8048780487805,
        "test_macro_f1": 0.021739130434782608,
        "test_ece": 0.003800133417751428,
        "test_per_class_f1": [
          0.0,
          0.0,
          0.0,
          0.0,
          0.0,
          0.0,
          0.0,
          0.0,
          0.0,
          0.21739130434782608
        ],
        "dev_error_rate": 87.78054862842892,
        "dev_macro_f1": 0.021777777777777778,
        "dev_ece": 0.0035569119334518118,
        "stopping_strategy": "baseline",
        "phase1_seed_strategy": "last",
        "phase1_best_epoch": null,
        "lambda1_mean": 0.6280566830897757,
        "lambda1_std": 0.3040059089255311,
        "lambda2_mean": 0.2731829025546991,
        "lambda2_std": 0.1789511034995369
      }
    },
    {
      "number": 5,
      "state": "COMPLETE",
      "params": {
        "lr": 1.6471987660893515e-05,
        "batch_size": 16,
        "cotrain_epochs": 14,
        "finetune_patience": 5,
        "weight_decay": 0.0045147944598184836,
        "warmup_ratio": 0.21165159256931226
      },
      "dev_macro_f1": 0.45399,
      "duration_seconds": 321.4,