{
  "event": "hurricane_irma_2017",
  "budget": 25,
  "seed_set": 1,
  "test_error_rate": 31.954887218045116,
  "test_macro_f1": 0.6614997893059273,
  "test_ece": 0.09772560330133814,
  "test_per_class_f1": [
    0.6595744680851063,
    0.7977839335180056,
    0.796271637816245,
    0.9325842696629213,
    0.5688622754491018,
    0.39420289855072466,
    0.36923076923076925,
    0.7373134328358208,
    0.6976744186046512
  ],
  "dev_error_rate": 32.567849686847595,
  "dev_macro_f1": 0.6621566623928319,
  "dev_ece": 0.11749597699507791,
  "stopping_strategy": "baseline",
  "phase1_seed_strategy": "last",
  "phase1_best_epoch": null,
  "lambda1_mean": 0.9687580745387271,
  "lambda1_std": 0.29503403446242465,
  "lambda2_mean": 0.3812156596171544,
  "lambda2_std": 0.15637714804612815
}