{
  "event": "canada_wildfires_2016",
  "budget": 5,
  "seed_set": 1,
  "status": "done",
  "best_params": {
    "lr": 1.2801877953407765e-05,
    "batch_size": 8,
    "cotrain_epochs": 6,
    "finetune_patience": 7,
    "weight_decay": 0.08741388028566982,
    "warmup_ratio": 0.08360037995951833
  },
  "best_value": 0.622586,
  "best_full_metrics": {
    "event": "canada_wildfires_2016",
    "budget": 5,
    "seed_set": 1,
    "test_error_rate": 33.483146067415724,
    "test_macro_f1": 0.5679550466495447,
    "test_ece": 0.15430010912123693,
    "test_per_class_f1": [
      0.3888888888888889,
      0.5964912280701754,
      0.6428571428571429,
      0.22727272727272727,
      0.3619047619047619,
      0.6666666666666666,
      0.8531073446327684,
      0.8064516129032258
    ],
    "dev_error_rate": 31.14035087719298,
    "dev_macro_f1": 0.6225861112975385,
    "dev_ece": 0.11131819533674338,
    "stopping_strategy": "baseline",
    "phase1_seed_strategy": "last",
    "phase1_best_epoch": null,
    "lambda1_mean": 0.9347905413503557,
    "lambda1_std": 0.2725933517453382,
    "lambda2_mean": 0.3925127943822167,
    "lambda2_std": 0.15600331393887612
  },
  "n_trials": 10,
  "continued_from": null,
  "trials": [
    {
      "number": 0,
      "state": "COMPLETE",
      "params": {
        "lr": 0.00033372162609773544,
        "batch_size": 16,
        "cotrain_epochs": 12,
        "finetune_patience": 6,
        "weight_decay": 0.09074341996051805,
        "warmup_ratio": 0.019252631850431867
      },
      "dev_macro_f1": 0.073529,
      "duration_seconds": 319.1,
      "full_metrics": {
        "event": "canada_wildfires_2016",
        "budget": 5,
        "seed_set": 1,
        "test_error_rate": 58.20224719101124,
        "test_macro_f1": 0.07369255150554675,
        "test_ece": 0.45424724388658333,
        "test_per_class_f1": [
          0.0,
          0.0,
          0.0,
          0.0,
          0.0,
          0.0,
          0.589540412044374,
          0.0
        ],
        "dev_error_rate": 58.33333333333333,
        "dev_macro_f1": 0.07352941176470588,
        "dev_ece": 0.4555582276038956,
        "stopping_strategy": "baseline",
        "phase1_seed_strategy": "last",
        "phase1_best_epoch": null,
        "lambda1_mean": 0.43368425419122725,
        "lambda1_std": 0.4412068644311425,
        "lambda2_mean": 0.24068585761673383,
        "lambda2_std": 0.28735117300216556
      }
    },
    {
      "number": 1,
      "state": "COMPLETE",
      "params": {
        "lr": 5.03351843330201e-05,
        "batch_size": 16,
        "cotrain_epochs": 12,
        "finetune_patience": 5,
        "weight_decay": 0.08216898562793717,
        "warmup_ratio": 0.09037725701598415
      },
      "dev_macro_f1": 0.554816,
      "duration_seconds": 327.6,
      "full_metrics": {
        "event": "canada_wildfires_2016",
        "budget": 5,
        "seed_set": 1,
        "test_error_rate": 36.17977528089887,
        "test_macro_f1": 0.4751025054895934,
        "test_ece": 0.26559471514787564,
        "test_per_class_f1": [
          0.41025641025641024,
          0.5660377358490566,
          0.5633802816901409,
          0.17647058823529413,
          0.2696629213483146,
          0.2,
          0.8531073446327684,
          0.7619047619047619
        ],
        "dev_error_rate": 32.89473684210527,
        "dev_macro_f1": 0.5548159933494324,
        "dev_ece": 0.22220437751527417,
        "stopping_strategy": "baseline",
        "phase1_seed_strategy": "last",
        "phase1_best_epoch": null,
        "lambda1_mean": 1.072937314046701,
        "lambda1_std": 0.16931390919143108,
        "lambda2_mean": 0.5660639994239046,
        "lambda2_std": 0.15827940596939566
      }
    },
    {
      "number": 2,
      "state": "COMPLETE",
      "params": {
        "lr": 0.00043430023602797254,
        "batch_size": 64,
        "cotrain_epochs": 8,
        "finetune_patience": 5,
        "weight_decay": 0.09229709591071103,
        "warmup_ratio": 0.08635753979842938
      },
      "dev_macro_f1": 0.073529,
      "duration_seconds": 190.2,
      "full_metrics": {
        "event": "canada_wildfires_2016",
        "budget": 5,
        "seed_set": 1,
        "test_error_rate": 58.20224719101124,
        "test_macro_f1": 0.07369255150554675,
        "test_ece": 0.21685989921012616,
        "test_per_class_f1": [
          0.0,
          0.0,
          0.0,
          0.0,
          0.0,
          0.0,
          0.589540412044374,
          0.0
        ],
        "dev_error_rate": 58.33333333333333,
        "dev_macro_f1": 0.07352941176470588,
        "dev_ece": 0.21817073748822796,
        "stopping_strategy": "baseline",
        "phase1_seed_strategy": "last",
        "phase1_best_epoch": null,
        "lambda1_mean": 0.624866068422021,
        "lambda1_std": 0.34619245260374965,
        "lambda2_mean": 0.165403276810387,
        "lambda2_std": 0.18326811288733547
      }
    },
    {
      "number": 3,
      "state": "COMPLETE",
      "params": {
        "lr": 7.093335791356668e-05,
        "batch_size": 16,
        "cotrain_epochs": 15,
        "finetune_patience": 10,
        "weight_decay": 0.04182311368848556,
        "warmup_ratio": 0.05386674352523528
      },
      "dev_macro_f1": 0.561784,
      "duration_seconds": 393.5,
      "full_metrics": {
        "event": "canada_wildfires_2016",
        "budget": 5,
        "seed_set": 1,
        "test_error_rate": 38.20224719101124,
        "test_macro_f1": 0.47011922587311966,
        "test_ece": 0.2809959547573261,
        "test_per_class_f1": [
          0.47368421052631576,
          0.5465116279069767,
          0.5277777777777778,
          0.21428571428571427,
          0.12987012987012986,
          0.25,
          0.830945558739255,
          0.7878787878787878
        ],
        "dev_error_rate": 33.333333333333336,
        "dev_macro_f1": 0.5617840217629138,
        "dev_ece": 0.24651592813040077,
        "stopping_strategy": "baseline",
        "phase1_seed_strategy": "last",
        "phase1_best_epoch": null,
        "lambda1_mean": 1.0918105241975198,
        "lambda1_std": 0.13097019665710996,
        "lambda2_mean": 0.6193258479654971,
        "lambda2_std": 0.15765051902506025
      }
    },
    {
      "number": 4,
      "state": "COMPLETE",
      "params": {
        "lr": 1.1128759614589441e-05,
        "batch_size": 32,
        "cotrain_epochs": 18,
        "finetune_patience": 7,
        "weight_decay": 0.07093436332529439,
        "warmup_ratio": 0.15739245478531347
      },
      "dev_macro_f1": 0.603899,
      "duration_seconds": 404.0,
      "full_metrics": {
        "event": "canada_wildfires_2016",
        "budget": 5,
        "seed_set": 1,
        "test_error_rate": 34.8314606741573,
        "test_macro_f1": 0.4910296262465054,
        "test_ece": 0.2184384135382899,
        "test_per_class_f1": [
          0.45,
          0.5609756097560976,
          0.5625,
          0.16666666666666666,
          0.26262626262626265,
          0.2857142857142857,
          0.8705234159779615,
          0.7692307692307693
        ],
        "dev_error_rate": 31.57894736842105,
        "dev_macro_f1": 0.6038990396283667,
        "dev_ece": 0.19037756088532903,
        "stopping_strategy": "baseline",
        "phase1_seed_strategy": "last",
        "phase1_best_epoch": null,
        "lambda1_mean": 0.9577840758246086,
        "lambda1_std": 0.2709207060151539,
        "lambda2_mean": 0.4324406729600313,
        "lambda2_std": 0.17491795330668766
      }
    },
    {
      "number": 5,
      "state": "COMPLETE",
      "params": {
        "lr": 5.5002370252458846e-05,
        "batch_size": 16,
        "cotrain_epochs": 7,
        "finetune_patience": 4,
        "weight_decay": 0.019174927971950084,
        "warmup_ratio": 0.19252586982788183
      },
      "dev_macro_f1": 0.578718,
      "duration_seconds": 212.2,
      "full_metrics": {
        "event": "canada_wildfires_2016",
        "budget": 5,