{
  "event": "hurricane_florence_2018",
  "budget": 50,
  "seed_set": 2,
  "test_error_rate": 23.368251410153107,
  "test_macro_f1": 0.696724017738597,
  "test_ece": 0.10219266436735916,
  "test_per_class_f1": [
    0.7831325301204819,
    0.8226950354609929,
    0.6578947368421053,
    0.926829268292683,
    0.8329048843187661,
    0.38095238095238093,
    0.20512820512820512,
    0.8530973451327434,
    0.8078817733990148
  ],
  "dev_error_rate": 22.37871674491393,
  "dev_macro_f1": 0.7067555302461741,
  "dev_ece": 0.09964019918292527,
  "stopping_strategy": "baseline",
  "phase1_seed_strategy": "last",
  "phase1_best_epoch": null,
  "lambda1_mean": 0.9490821119217787,
  "lambda1_std": 0.2716522085498689,
  "lambda2_mean": 0.6430157077124512,
  "lambda2_std": 0.2814291556170641
}