{
  "event": "california_wildfires_2018",
  "budget": 5,
  "seed_set": 3,
  "status": "done",
  "best_params": {
    "lr": 7.273086644947733e-05,
    "batch_size": 16,
    "cotrain_epochs": 5,
    "finetune_patience": 9,
    "weight_decay": 0.03211638212042851,
    "warmup_ratio": 0.016147305732339412
  },
  "best_value": 0.608627,
  "best_full_metrics": {
    "event": "california_wildfires_2018",
    "budget": 5,
    "seed_set": 3,
    "test_error_rate": 27.378507871321013,
    "test_macro_f1": 0.6192941025439527,
    "test_ece": 0.1768115032502513,
    "test_per_class_f1": [
      0.46875,
      0.7403314917127072,
      0.5154639175257731,
      0.9113924050632911,
      0.7058823529411765,
      0.6666666666666666,
      0.35947712418300654,
      0.2857142857142857,
      0.8545780969479354,
      0.6846846846846847
    ],
    "dev_error_rate": 27.393617021276594,
    "dev_macro_f1": 0.6086270746047616,
    "dev_ece": 0.1855858745885656,
    "stopping_strategy": "baseline",
    "phase1_seed_strategy": "last",
    "phase1_best_epoch": null,
    "lambda1_mean": 1.0593833969112205,
    "lambda1_std": 0.2225989531656062,
    "lambda2_mean": 0.4345706197501414,
    "lambda2_std": 0.15531086078464718
  },
  "n_trials": 10,
  "continued_from": null,
  "trials": [
    {
      "number": 0,
      "state": "COMPLETE",
      "params": {
        "lr": 0.00010426152530791525,
        "batch_size": 8,
        "cotrain_epochs": 15,
        "finetune_patience": 10,
        "weight_decay": 0.01582937319360236,
        "warmup_ratio": 0.06726017101935912
      },
      "dev_macro_f1": 0.463879,
      "duration_seconds": 995.4,
      "full_metrics": {
        "event": "california_wildfires_2018",
        "budget": 5,
        "seed_set": 3,
        "test_error_rate": 34.97604380561259,
        "test_macro_f1": 0.4986299270043976,
        "test_ece": 0.19617052082530773,
        "test_per_class_f1": [
          0.32967032967032966,
          0.6459627329192547,
          0.4473684210526316,
          0.8949416342412452,
          0.5396825396825397,
          0.603415559772296,
          0.009615384615384616,
          0.17647058823529413,
          0.8353552859618717,
          0.5038167938931297
        ],
        "dev_error_rate": 35.23936170212766,
        "dev_macro_f1": 0.46387924818850834,
        "dev_ece": 0.19166770238587827,
        "stopping_strategy": "baseline",
        "phase1_seed_strategy": "last",
        "phase1_best_epoch": null,
        "lambda1_mean": 0.9604453915609223,
        "lambda1_std": 0.3361880231960439,
        "lambda2_mean": 0.10987176993068497,
        "lambda2_std": 0.0820909047532311
      }
    },
    {
      "number": 1,
      "state": "COMPLETE",
      "params": {
        "lr": 0.00030575577650295054,
        "batch_size": 8,
        "cotrain_epochs": 12,
        "finetune_patience": 5,
        "weight_decay": 0.03660416834918171,
        "warmup_ratio": 0.12546218596188805
      },
      "dev_macro_f1": 0.041851,
      "duration_seconds": 793.5,
      "full_metrics": {
        "event": "california_wildfires_2018",
        "budget": 5,
        "seed_set": 3,
        "test_error_rate": 73.64818617385353,
        "test_macro_f1": 0.04171180931744312,
        "test_ece": 0.4361633753874463,
        "test_per_class_f1": [
          0.0,
          0.0,
          0.0,
          0.4171180931744312,
          0.0,
          0.0,
          0.0,
          0.0,
          0.0,
          0.0
        ],
        "dev_error_rate": 73.5372340425532,
        "dev_macro_f1": 0.04185068349106204,
        "dev_ece": 0.43505385399181795,
        "stopping_strategy": "baseline",
        "phase1_seed_strategy": "last",
        "phase1_best_epoch": null,
        "lambda1_mean": 0.2904164353607949,
        "lambda1_std": 0.2944513430772892,
        "lambda2_mean": 0.14745877092991064,
        "lambda2_std": 0.16867996836642146
      }
    },
    {
      "number": 2,
      "state": "COMPLETE",
      "params": {
        "lr": 0.0003554862832478707,
        "batch_size": 32,
        "cotrain_epochs": 11,
        "finetune_patience": 7,
        "weight_decay": 0.06251747512610958,
        "warmup_ratio": 0.06089881238442837
      },
      "dev_macro_f1": 0.041851,
      "duration_seconds": 438.3,
      "full_metrics": {
        "event": "california_wildfires_2018",
        "budget": 5,
        "seed_set": 3,
        "test_error_rate": 73.64818617385353,
        "test_macro_f1": 0.04171180931744312,
        "test_ece": 0.2908601253347638,
        "test_per_class_f1": [
          0.0,
          0.0,
          0.0,
          0.4171180931744312,
          0.0,
          0.0,
          0.0,
          0.0,
          0.0,
          0.0
        ],
        "dev_error_rate": 73.5372340425532,
        "dev_macro_f1": 0.04185068349106204,
        "dev_ece": 0.28975060296819566,
        "stopping_strategy": "baseline",
        "phase1_seed_strategy": "last",
        "phase1_best_epoch": null,
        "lambda1_mean": 0.28853997680060184,
        "lambda1_std": 0.2008343693706006,
        "lambda2_mean": 0.1391655559062013,
        "lambda2_std": 0.12671626106671324
      }
    },
    {
      "number": 3,
      "state": "COMPLETE",
      "params": {
        "lr": 7.273086644947733e-05,
        "batch_size": 16,
        "cotrain_epochs": 5,
        "finetune_patience": 9,
        "weight_decay": 0.03211638212042851,
        "warmup_ratio": 0.016147305732339412
      },
      "dev_macro_f1": 0.608627,
      "duration_seconds": 281.4,
      "full_metrics": {
        "event": "california_wildfires_2018",
        "budget": 5,
        "seed_set": 3,
        "test_error_rate": 27.378507871321013,
        "test_macro_f1": 0.6192941025439527,
        "test_ece": 0.1768115032502513,
        "test_per_class_f1": [
          0.46875,
          0.7403314917127072,
          0.5154639175257731,
          0.9113924050632911,
          0.7058823529411765,
          0.6666666666666666,
          0.35947712418300654,
          0.2857142857142857,
          0.8545780969479354,
          0.6846846846846847
        ],
        "dev_error_rate": 27.393617021276594,
        "dev_macro_f1": 0.6086270746047616,
        "dev_ece": 0.1855858745885656,
        "stopping_strategy": "baseline",
        "phase1_seed_strategy": "last",
        "phase1_best_epoch": null,
        "lambda1_mean": 1.0593833969112205,
        "lambda1_std": 0.2225989531656062,
        "lambda2_mean": 0.4345706197501414,
        "lambda2_std": 0.15531086078464718
      }
    },
    {
      "number": 4,
      "state": "COMPLETE",
      "params": {
        "lr": 0.00015710807352443422,
        "batch_size": 8,
        "cotrain_epochs": 9,
        "finetune_patience": 7,
        "weight_decay": 0.04344277893542431,
        "warmup_ratio": 0.027978419146542043
      },
      "dev_macro_f1": 0.041851,
      "duration_seconds": 646.3,
      "full_metrics": {
        "event": "california_wildfires_2018",
        "budget": 5,
        "seed_set": 3,
        "test_error_rate": 73.64818617385353,
        "test_macro_f1": 0.04171180931744312,
        "test_ece": 0.36185667157417944,
        "test_per_class_f1": [
          0.0,
          0.0,
          0.0,
          0.4171180931744312,
          0.0,
          0.0,
          0.0,
          0.0,
          0.0,
          0.0
        ],
        "dev_error_rate": 73.5372340425532,
        "dev_macro_f1": 0.04185068349106204,
        "dev_ece": 0.36074715250350053,
        "stopping_strategy": "baseline",
        "phase1_seed_strategy": "last",
        "phase1_best_epoch": null,
        "lambda1_mean": 0.29572152243313865,
        "lambda1_std": 0.2450845621799203,
        "lambda2_mean": 0.14410985475913685,
        "lambda2_std": 0.14387634601885446
      }
    },
    {
      "number": 5,
      "state": "COMPLETE",
      "params": {
        "lr": 0.0003713958456183718,
        "batch_size": 16,
        "cotrain_epochs": 19,
        "finetune_patience": 10,