{
  "event": "kerala_floods_2018",
  "budget": 25,
  "seed_set": 1,
  "test_error_rate": 32.364096080910244,
  "test_macro_f1": 0.5588644517260359,
  "test_ece": 0.1038443371088405,
  "test_per_class_f1": [
    0.5079365079365079,
    0.2033898305084746,
    0.549618320610687,
    0.8333333333333334,
    0.39378238341968913,
    0.39588688946015427,
    0.6438356164383562,
    0.806345009914078,
    0.6956521739130435
  ],
  "dev_error_rate": 30.95823095823096,
  "dev_macro_f1": 0.6026793186866474,
  "dev_ece": 0.10408461200077938,
  "stopping_strategy": "baseline",
  "phase1_seed_strategy": "last",
  "phase1_best_epoch": null,
  "lambda1_mean": 1.036721940231357,
  "lambda1_std": 0.23973897497400237,
  "lambda2_mean": 0.5112681919372699,
  "lambda2_std": 0.1818753600148202
}