{
  "event": "cyclone_idai_2019",
  "budget": 5,
  "seed_set": 3,
  "status": "done",
  "best_params": {
    "lr": 3.4817759194517415e-05,
    "batch_size": 64,
    "cotrain_epochs": 7,
    "finetune_patience": 4,
    "weight_decay": 0.06970072176954831,
    "warmup_ratio": 0.036735356972645725
  },
  "best_value": 0.323054,
  "best_full_metrics": {
    "event": "cyclone_idai_2019",
    "budget": 5,
    "seed_set": 3,
    "test_error_rate": 52.63157894736843,
    "test_macro_f1": 0.30501733942718745,
    "test_ece": 0.3532647059343287,
    "test_per_class_f1": [
      0.0,
      0.125,
      0.46153846153846156,
      0.8198757763975155,
      0.0,
      0.061855670103092786,
      0.1322314049586777,
      0.11822660098522167,
      0.5767284991568297,
      0.7547169811320755
    ],
    "dev_error_rate": 52.36907730673317,
    "dev_macro_f1": 0.3230543481855312,
    "dev_ece": 0.3550398891554807,
    "stopping_strategy": "baseline",
    "phase1_seed_strategy": "last",
    "phase1_best_epoch": null,
    "lambda1_mean": 0.8486669486704043,
    "lambda1_std": 0.32103780886325534,
    "lambda2_mean": 0.3096865321776354,
    "lambda2_std": 0.17634432035404482
  },
  "n_trials": 10,
  "continued_from": null,
  "trials": [
    {
      "number": 0,
      "state": "COMPLETE",
      "params": {
        "lr": 4.382941439258992e-05,
        "batch_size": 8,
        "cotrain_epochs": 9,
        "finetune_patience": 5,
        "weight_decay": 0.051139754991440994,
        "warmup_ratio": 0.23474750651794496
      },
      "dev_macro_f1": 0.304024,
      "duration_seconds": 525.2,
      "full_metrics": {
        "event": "cyclone_idai_2019",
        "budget": 5,
        "seed_set": 3,
        "test_error_rate": 53.91527599486521,
        "test_macro_f1": 0.3265585461373699,
        "test_ece": 0.34451586356211994,
        "test_per_class_f1": [
          0.0,
          0.2413793103448276,
          0.5314685314685315,
          0.7777777777777778,
          0.0,
          0.1095890410958904,
          0.22556390977443608,
          0.11707317073170732,
          0.5354609929078015,
          0.7272727272727273
        ],
        "dev_error_rate": 56.608478802992515,
        "dev_macro_f1": 0.30402399809732605,
        "dev_ece": 0.3781590929203794,
        "stopping_strategy": "baseline",
        "phase1_seed_strategy": "last",
        "phase1_best_epoch": null,
        "lambda1_mean": 0.9981812945670336,
        "lambda1_std": 0.26282352421078375,
        "lambda2_mean": 0.43153846625048436,
        "lambda2_std": 0.18862384758202455
      }
    },
    {
      "number": 1,
      "state": "COMPLETE",
      "params": {
        "lr": 0.00016796194505979615,
        "batch_size": 64,
        "cotrain_epochs": 17,
        "finetune_patience": 7,
        "weight_decay": 0.09474019390672875,
        "warmup_ratio": 0.0381523399340322
      },
      "dev_macro_f1": 0.29667,
      "duration_seconds": 638.6,
      "full_metrics": {
        "event": "cyclone_idai_2019",
        "budget": 5,
        "seed_set": 3,
        "test_error_rate": 62.90115532734275,
        "test_macro_f1": 0.2979181611604994,
        "test_ece": 0.2540212599166091,
        "test_per_class_f1": [
          0.0975609756097561,
          0.1411764705882353,
          0.4697986577181208,
          0.7801418439716312,
          0.0,
          0.10526315789473684,
          0.18791946308724833,
          0.0995850622406639,
          0.4080808080808081,
          0.6896551724137931
        ],
        "dev_error_rate": 63.34164588528679,
        "dev_macro_f1": 0.296669896520713,
        "dev_ece": 0.2627296319923496,
        "stopping_strategy": "baseline",
        "phase1_seed_strategy": "last",
        "phase1_best_epoch": null,
        "lambda1_mean": 1.0168316697178668,
        "lambda1_std": 0.2689156986330092,
        "lambda2_mean": 0.5653128379883228,
        "lambda2_std": 0.2104176373009715
      }
    },
    {
      "number": 2,
      "state": "COMPLETE",
      "params": {
        "lr": 3.104537256567487e-05,
        "batch_size": 64,
        "cotrain_epochs": 5,
        "finetune_patience": 7,
        "weight_decay": 0.08214883903398426,
        "warmup_ratio": 0.2562545781149346
      },
      "dev_macro_f1": 0.290147,
      "duration_seconds": 242.6,
      "full_metrics": {
        "event": "cyclone_idai_2019",
        "budget": 5,
        "seed_set": 3,
        "test_error_rate": 52.759948652118105,
        "test_macro_f1": 0.31313465995708845,
        "test_ece": 0.22043476308264381,
        "test_per_class_f1": [
          0.0,
          0.3076923076923077,
          0.38181818181818183,
          0.7885714285714286,
          0.0,
          0.046875,
          0.13114754098360656,
          0.11049723756906077,
          0.5804311774461028,
          0.7843137254901961
        ],
        "dev_error_rate": 52.36907730673317,
        "dev_macro_f1": 0.29014700171316965,
        "dev_ece": 0.22084271328110353,
        "stopping_strategy": "baseline",
        "phase1_seed_strategy": "last",
        "phase1_best_epoch": null,
        "lambda1_mean": 0.675680584262234,
        "lambda1_std": 0.3204071162539602,
        "lambda2_mean": 0.18457665416006735,
        "lambda2_std": 0.11572235160854351
      }
    },
    {
      "number": 3,
      "state": "COMPLETE",
      "params": {
        "lr": 3.4817759194517415e-05,
        "batch_size": 64,
        "cotrain_epochs": 7,
        "finetune_patience": 4,
        "weight_decay": 0.06970072176954831,
        "warmup_ratio": 0.036735356972645725
      },
      "dev_macro_f1": 0.323054,
      "duration_seconds": 300.6,
      "full_metrics": {
        "event": "cyclone_idai_2019",
        "budget": 5,
        "seed_set": 3,
        "test_error_rate": 52.63157894736843,
        "test_macro_f1": 0.30501733942718745,
        "test_ece": 0.3532647059343287,
        "test_per_class_f1": [
          0.0,
          0.125,
          0.46153846153846156,
          0.8198757763975155,
          0.0,
          0.061855670103092786,
          0.1322314049586777,
          0.11822660098522167,
          0.5767284991568297,
          0.7547169811320755
        ],
        "dev_error_rate": 52.36907730673317,
        "dev_macro_f1": 0.3230543481855312,
        "dev_ece": 0.3550398891554807,
        "stopping_strategy": "baseline",
        "phase1_seed_strategy": "last",
        "phase1_best_epoch": null,
        "lambda1_mean": 0.8486669486704043,
        "lambda1_std": 0.32103780886325534,
        "lambda2_mean": 0.3096865321776354,
        "lambda2_std": 0.17634432035404482
      }
    },
    {
      "number": 4,
      "state": "COMPLETE",
      "params": {
        "lr": 1.2215480443074982e-05,
        "batch_size": 16,
        "cotrain_epochs": 6,
        "finetune_patience": 9,
        "weight_decay": 0.05214544569574078,
        "warmup_ratio": 0.20465740696419718
      },
      "dev_macro_f1": 0.319652,
      "duration_seconds": 373.2,
      "full_metrics": {
        "event": "cyclone_idai_2019",
        "budget": 5,
        "seed_set": 3,
        "test_error_rate": 50.57766367137355,
        "test_macro_f1": 0.31392582368390204,
        "test_ece": 0.20401684849956986,
        "test_per_class_f1": [
          0.0,
          0.13043478260869565,
          0.5116279069767442,
          0.8313253012048193,
          0.0,
          0.06521739130434782,
          0.13636363636363635,
          0.1282051282051282,
          0.592964824120603,
          0.7431192660550459
        ],
        "dev_error_rate": 49.625935162094756,
        "dev_macro_f1": 0.31965226303898336,
        "dev_ece": 0.20428563438894742,
        "stopping_strategy": "baseline",
        "phase1_seed_strategy": "last",
        "phase1_best_epoch": null,
        "lambda1_mean": 0.7680235854416079,
        "lambda1_std": 0.32768872669831345,
        "lambda2_mean": 0.2556975842772271,
        "lambda2_std": 0.14222321905517854
      }
    },
    {
      "number": 5,