{
  "event": "hurricane_irma_2017",
  "budget": 5,
  "seed_set": 2,
  "status": "done",
  "best_params": {
    "lr": 2.9251167765182888e-05,
    "batch_size": 16,
    "cotrain_epochs": 17,
    "finetune_patience": 6,
    "weight_decay": 0.04815530065357492,
    "warmup_ratio": 0.06316196732526996
  },
  "best_value": 0.62802,
  "best_full_metrics": {
    "event": "hurricane_irma_2017",
    "budget": 5,
    "seed_set": 2,
    "test_error_rate": 35.06981740064447,
    "test_macro_f1": 0.6297723245313972,
    "test_ece": 0.2742521367831083,
    "test_per_class_f1": [
      0.5951557093425606,
      0.7732558139534884,
      0.7422166874221668,
      0.9367816091954023,
      0.5311475409836065,
      0.3463855421686747,
      0.34210526315789475,
      0.7314112291350531,
      0.6694915254237288
    ],
    "dev_error_rate": 35.69937369519833,
    "dev_macro_f1": 0.6280203838724195,
    "dev_ece": 0.28239907293205224,
    "stopping_strategy": "baseline",
    "phase1_seed_strategy": "last",
    "phase1_best_epoch": null,
    "lambda1_mean": 1.0935614602073829,
    "lambda1_std": 0.1868902814054594,
    "lambda2_mean": 0.6542962472910779,
    "lambda2_std": 0.1599615396978046
  },
  "n_trials": 10,
  "continued_from": null,
  "trials": [
    {
      "number": 0,
      "state": "COMPLETE",
      "params": {
        "lr": 0.00013394303469091358,
        "batch_size": 8,
        "cotrain_epochs": 11,
        "finetune_patience": 4,
        "weight_decay": 0.048339120074339804,
        "warmup_ratio": 0.030527857712279914
      },
      "dev_macro_f1": 0.037101,
      "duration_seconds": 923.9,
      "full_metrics": {
        "event": "hurricane_irma_2017",
        "budget": 5,
        "seed_set": 2,
        "test_error_rate": 80.02148227712138,
        "test_macro_f1": 0.037003879438973444,
        "test_ece": 0.20934180220715087,
        "test_per_class_f1": [
          0.0,
          0.0,
          0.333034914950761,
          0.0,
          0.0,
          0.0,
          0.0,
          0.0,
          0.0
        ],
        "dev_error_rate": 79.95824634655533,
        "dev_macro_f1": 0.037101449275362325,
        "dev_ece": 0.208709447238291,
        "stopping_strategy": "baseline",
        "phase1_seed_strategy": "last",
        "phase1_best_epoch": null,
        "lambda1_mean": 0.23727148247334356,
        "lambda1_std": 0.14667790986134402,
        "lambda2_mean": 0.10363521649482163,
        "lambda2_std": 0.11408451069722483
      }
    },
    {
      "number": 1,
      "state": "COMPLETE",
      "params": {
        "lr": 4.414629477124471e-05,
        "batch_size": 32,
        "cotrain_epochs": 12,
        "finetune_patience": 6,
        "weight_decay": 0.005506286519718718,
        "warmup_ratio": 0.2769367446038581
      },
      "dev_macro_f1": 0.626393,
      "duration_seconds": 592.9,
      "full_metrics": {
        "event": "hurricane_irma_2017",
        "budget": 5,
        "seed_set": 2,
        "test_error_rate": 34.04940923737916,
        "test_macro_f1": 0.633673348460675,
        "test_ece": 0.2530350932885445,
        "test_per_class_f1": [
          0.6408450704225352,
          0.7821229050279329,
          0.7692307692307693,
          0.9352112676056338,
          0.5379746835443038,
          0.2977346278317152,
          0.3492063492063492,
          0.7466666666666667,
          0.6440677966101694
        ],
        "dev_error_rate": 35.490605427974955,
        "dev_macro_f1": 0.6263929911931756,
        "dev_ece": 0.2653125162724413,
        "stopping_strategy": "baseline",
        "phase1_seed_strategy": "last",
        "phase1_best_epoch": null,
        "lambda1_mean": 1.0422722791097407,
        "lambda1_std": 0.25641005213550605,
        "lambda2_mean": 0.5283844564478664,
        "lambda2_std": 0.17653023415966326
      }
    },
    {
      "number": 2,
      "state": "COMPLETE",
      "params": {
        "lr": 6.982937109043307e-05,
        "batch_size": 32,
        "cotrain_epochs": 11,
        "finetune_patience": 10,
        "weight_decay": 0.04684204236231446,
        "warmup_ratio": 0.2890577729478925
      },
      "dev_macro_f1": 0.610198,
      "duration_seconds": 561.2,
      "full_metrics": {
        "event": "hurricane_irma_2017",
        "budget": 5,
        "seed_set": 2,
        "test_error_rate": 34.04940923737916,
        "test_macro_f1": 0.6330788746939006,
        "test_ece": 0.22758973285027653,
        "test_per_class_f1": [
          0.621160409556314,
          0.7774647887323943,
          0.7747318235995232,
          0.9291784702549575,
          0.5266666666666666,
          0.3252818035426731,
          0.3333333333333333,
          0.7345679012345679,
          0.6753246753246753
        ],
        "dev_error_rate": 36.84759916492693,
        "dev_macro_f1": 0.6101980279418625,
        "dev_ece": 0.26175176192051686,
        "stopping_strategy": "baseline",
        "phase1_seed_strategy": "last",
        "phase1_best_epoch": null,
        "lambda1_mean": 1.0241889516677838,
        "lambda1_std": 0.2786239131829921,
        "lambda2_mean": 0.5375222687326335,
        "lambda2_std": 0.19655670493773883
      }
    },
    {
      "number": 3,
      "state": "COMPLETE",
      "params": {
        "lr": 2.9251167765182888e-05,
        "batch_size": 16,
        "cotrain_epochs": 17,
        "finetune_patience": 6,
        "weight_decay": 0.04815530065357492,
        "warmup_ratio": 0.06316196732526996
      },
      "dev_macro_f1": 0.62802,
      "duration_seconds": 909.6,
      "full_metrics": {
        "event": "hurricane_irma_2017",
        "budget": 5,
        "seed_set": 2,
        "test_error_rate": 35.06981740064447,
        "test_macro_f1": 0.6297723245313972,
        "test_ece": 0.2742521367831083,
        "test_per_class_f1": [
          0.5951557093425606,
          0.7732558139534884,
          0.7422166874221668,
          0.9367816091954023,
          0.5311475409836065,
          0.3463855421686747,
          0.34210526315789475,
          0.7314112291350531,
          0.6694915254237288
        ],
        "dev_error_rate": 35.69937369519833,
        "dev_macro_f1": 0.6280203838724195,
        "dev_ece": 0.28239907293205224,
        "stopping_strategy": "baseline",
        "phase1_seed_strategy": "last",
        "phase1_best_epoch": null,
        "lambda1_mean": 1.0935614602073829,
        "lambda1_std": 0.1868902814054594,
        "lambda2_mean": 0.6542962472910779,
        "lambda2_std": 0.1599615396978046
      }
    },
    {
      "number": 4,
      "state": "COMPLETE",
      "params": {
        "lr": 2.5775644059128376e-05,
        "batch_size": 64,
        "cotrain_epochs": 17,
        "finetune_patience": 7,
        "weight_decay": 0.09346311190904312,
        "warmup_ratio": 0.19668375088122347
      },
      "dev_macro_f1": 0.611022,
      "duration_seconds": 725.3,
      "full_metrics": {
        "event": "hurricane_irma_2017",
        "budget": 5,
        "seed_set": 2,
        "test_error_rate": 33.888292158968845,
        "test_macro_f1": 0.6376128492229742,
        "test_ece": 0.24234201643059772,
        "test_per_class_f1": [
          0.6143344709897611,
          0.7821229050279329,
          0.7619047619047619,
          0.9287749287749287,
          0.5508196721311476,
          0.3188854489164087,
          0.3684210526315789,
          0.7465857359635811,
          0.6666666666666666
        ],
        "dev_error_rate": 36.63883089770354,
        "dev_macro_f1": 0.6110218961278179,
        "dev_ece": 0.2687621363953907,
        "stopping_strategy": "baseline",
        "phase1_seed_strategy": "last",
        "phase1_best_epoch": null,
        "lambda1_mean": 1.0484362737971837,
        "lambda1_std": 0.2600981974316014,
        "lambda2_mean": 0.5272793531930616,
        "lambda2_std": 0.1686065364782912
      }
    },
    {
      "number": 5,
      "state": "COMPLETE",
      "params": {
        "lr": 0.0003667238952591476,
        "batch_size": 8,