class_label,caution_and_advice,displaced_people_and_evacuations,infrastructure_and_utility_damage,not_humanitarian,other_relevant_information,requests_or_urgent_needs,rescue_volunteering_or_donation_effort,sympathy_and_support
caution_and_advice,0.3783783783783784,0.08108108108108109,0.08108108108108109,0.0945945945945946,0.35135135135135137,0.0,0.013513513513513514,0.0
displaced_people_and_evacuations,0.018796992481203006,0.9323308270676691,0.0,0.007518796992481203,0.0037593984962406013,0.0,0.03007518796992481,0.007518796992481203
infrastructure_and_utility_damage,0.0,0.03409090909090909,0.8238636363636364,0.06818181818181818,0.03977272727272727,0.0,0.005681818181818182,0.028409090909090908
not_humanitarian,0.03636363636363636,0.07272727272727272,0.01818181818181818,0.7636363636363637,0.05454545454545454,0.01818181818181818,0.0,0.03636363636363636
other_relevant_information,0.0779816513761468,0.03669724770642202,0.12844036697247707,0.23394495412844038,0.3944954128440367,0.0045871559633027525,0.07339449541284404,0.05045871559633028
requests_or_urgent_needs,0.0,0.07142857142857142,0.0,0.21428571428571427,0.0,0.42857142857142855,0.2857142857142857,0.0
rescue_volunteering_or_donation_effort,0.0015313935681470138,0.02450229709035222,0.0030627871362940277,0.030627871362940276,0.033690658499234305,0.006125574272588055,0.889739663093415,0.010719754977029096
sympathy_and_support,0.008849557522123894,0.017699115044247787,0.0,0.0,0.0,0.0,0.07079646017699115,0.9026548672566371
