label,precision,recall,f1,support,error_rate
caution_and_advice,0.5185185185185185,0.3783783783783784,0.4375,74,0.6216216216216216
displaced_people_and_evacuations,0.852233676975945,0.9323308270676691,0.8904847396768403,266,0.06766917293233088
infrastructure_and_utility_damage,0.7967032967032966,0.8238636363636364,0.8100558659217876,176,0.17613636363636365
not_humanitarian,0.30656934306569344,0.7636363636363637,0.4375,55,0.23636363636363633
other_relevant_information,0.593103448275862,0.3944954128440367,0.47382920110192844,218,0.6055045871559632
requests_or_urgent_needs,0.5,0.42857142857142855,0.4615384615384615,14,0.5714285714285714
rescue_volunteering_or_donation_effort,0.938610662358643,0.889739663093415,0.9135220125786163,653,0.11026033690658499
sympathy_and_support,0.7906976744186046,0.9026548672566371,0.8429752066115702,113,0.09734513274336287
