{
  "event": "kerala_floods_2018",
  "budget": 50,
  "seed_set": 3,
  "test_error_rate": 48.92541087231352,
  "test_macro_f1": 0.43806817763414746,
  "test_ece": 0.24606966431689475,
  "test_per_class_f1": [
    0.26865671641791045,
    0.11940298507462686,
    0.4419889502762431,
    0.7375886524822695,
    0.38427947598253276,
    0.19718309859154928,
    0.5491525423728814,
    0.6240713224368499,
    0.6202898550724638
  ],
  "dev_error_rate": 45.82309582309583,
  "dev_macro_f1": 0.48668125403998075,
  "dev_ece": 0.22458520019083705
}