{
  "event": "hurricane_florence_2018",
  "budget": 5,
  "seed_set": 3,
  "test_error_rate": 23.690572119258658,
  "test_macro_f1": 0.6575624058654936,
  "test_ece": 0.16601734056672587,
  "test_per_class_f1": [
    0.7590361445783133,
    0.7925925925925926,
    0.5842696629213483,
    0.9166666666666666,
    0.8426150121065376,
    0.3474178403755869,
    0.0,
    0.8734835355285961,
    0.801980198019802
  ],
  "dev_error_rate": 23.78716744913928,
  "dev_macro_f1": 0.6603229190501403,
  "dev_ece": 0.1746284431414985,
  "stopping_strategy": "baseline",
  "phase1_seed_strategy": "last",
  "phase1_best_epoch": null,
  "lambda1_mean": 1.085128491632048,
  "lambda1_std": 0.20369323444904563,
  "lambda2_mean": 0.5728903556637921,
  "lambda2_std": 0.15185367208055225
}