{
  "event": "hurricane_florence_2018",
  "budget": 5,
  "seed_set": 2,
  "test_error_rate": 62.77195809830782,
  "test_macro_f1": 0.2850184767641564,
  "test_ece": 0.10341752195050888,
  "test_per_class_f1": [
    0.27380952380952384,
    0.43765903307888043,
    0.1796875,
    0.0,
    0.36828644501278773,
    0.11851851851851852,
    0.0,
    0.5464285714285714,
    0.6407766990291263
  ],
  "dev_error_rate": 63.38028169014085,
  "dev_macro_f1": 0.2804052441707947,
  "dev_ece": 0.11269886870992389,
  "stopping_strategy": "baseline",
  "phase1_seed_strategy": "last",
  "phase1_best_epoch": null,
  "lambda1_mean": 0.5615477726803533,
  "lambda1_std": 0.15179343702344905,
  "lambda2_mean": 0.16057333907484378,
  "lambda2_std": 0.06455662432945988
}