{
  "event": "hurricane_florence_2018",
  "budget": 10,
  "seed_set": 2,
  "test_error_rate": 24.01289282836422,
  "test_macro_f1": 0.642634717540347,
  "test_ece": 0.1852625150722808,
  "test_per_class_f1": [
    0.7350096711798839,
    0.8044280442804428,
    0.5683060109289617,
    0.9322033898305084,
    0.8551724137931035,
    0.22485207100591717,
    0.0,
    0.8758620689655172,
    0.7878787878787878
  ],
  "dev_error_rate": 22.848200312989043,
  "dev_macro_f1": 0.6589662409582911,
  "dev_ece": 0.16628568599668095,
  "stopping_strategy": "baseline",
  "phase1_seed_strategy": "last",
  "phase1_best_epoch": null,
  "lambda1_mean": 1.047322254374682,
  "lambda1_std": 0.2313866571446909,
  "lambda2_mean": 0.5008086610149979,
  "lambda2_std": 0.15519378702080597
}