{
  "event": "hurricane_dorian_2019",
  "budget": 10,
  "seed_set": 3,
  "status": "done",
  "best_params": {
    "lr": 4.584162939332422e-05,
    "batch_size": 32,
    "cotrain_epochs": 7,
    "finetune_patience": 6,
    "weight_decay": 0.06626929123486928,
    "warmup_ratio": 0.007119796378008813
  },
  "best_value": 0.598692,
  "best_full_metrics": {
    "event": "hurricane_dorian_2019",
    "budget": 10,
    "seed_set": 3,
    "test_error_rate": 36.339522546419104,
    "test_macro_f1": 0.5674222641481212,
    "test_ece": 0.14933271228832334,
    "test_per_class_f1": [
      0.5481798715203426,
      0.8818443804034583,
      0.6,
      0.2222222222222222,
      0.6349206349206349,
      0.40480961923847697,
      0.2222222222222222,
      0.8037383177570093,
      0.7888631090487239
    ],
    "dev_error_rate": 38.53092783505154,
    "dev_macro_f1": 0.59869231374195,
    "dev_ece": 0.1688139264654253,
    "stopping_strategy": "baseline",
    "phase1_seed_strategy": "last",
    "phase1_best_epoch": null,
    "lambda1_mean": 1.0680207976837994,
    "lambda1_std": 0.22357278191019922,
    "lambda2_mean": 0.5052882387911414,
    "lambda2_std": 0.16175809657898052
  },
  "n_trials": 10,
  "continued_from": null,
  "trials": [
    {
      "number": 0,
      "state": "COMPLETE",
      "params": {
        "lr": 0.00036793054370266523,
        "batch_size": 64,
        "cotrain_epochs": 12,
        "finetune_patience": 9,
        "weight_decay": 0.05282799994044313,
        "warmup_ratio": 0.2815827551602396
      },
      "dev_macro_f1": 0.506512,
      "duration_seconds": 477.8,
      "full_metrics": {
        "event": "hurricane_dorian_2019",
        "budget": 10,
        "seed_set": 3,
        "test_error_rate": 41.312997347480106,
        "test_macro_f1": 0.5172407927420699,
        "test_ece": 0.14461506058311271,
        "test_per_class_f1": [
          0.5859375,
          0.83125,
          0.6077348066298343,
          0.08421052631578947,
          0.48725212464589235,
          0.3949579831932773,
          0.11290322580645161,
          0.7282608695652174,
          0.8226600985221675
        ],
        "dev_error_rate": 43.170103092783506,
        "dev_macro_f1": 0.5065121197015416,
        "dev_ece": 0.1387335790186813,
        "stopping_strategy": "baseline",
        "phase1_seed_strategy": "last",
        "phase1_best_epoch": null,
        "lambda1_mean": 0.9845896154510325,
        "lambda1_std": 0.27329782698471733,
        "lambda2_mean": 0.031456843249059126,
        "lambda2_std": 0.03407173355268732
      }
    },
    {
      "number": 1,
      "state": "COMPLETE",
      "params": {
        "lr": 3.733975086524282e-05,
        "batch_size": 8,
        "cotrain_epochs": 13,
        "finetune_patience": 10,
        "weight_decay": 0.07350541909993219,
        "warmup_ratio": 0.029623075863455504
      },
      "dev_macro_f1": 0.59033,
      "duration_seconds": 867.5,
      "full_metrics": {
        "event": "hurricane_dorian_2019",
        "budget": 10,
        "seed_set": 3,
        "test_error_rate": 36.07427055702917,
        "test_macro_f1": 0.5742921219152503,
        "test_ece": 0.289286168089596,
        "test_per_class_f1": [
          0.6166134185303515,
          0.8587896253602305,
          0.567741935483871,
          0.2857142857142857,
          0.6121495327102804,
          0.26356589147286824,
          0.3448275862068966,
          0.8354430379746836,
          0.7837837837837838
        ],
        "dev_error_rate": 38.91752577319587,
        "dev_macro_f1": 0.5903302922908904,
        "dev_ece": 0.3199490220429971,
        "stopping_strategy": "baseline",
        "phase1_seed_strategy": "last",
        "phase1_best_epoch": null,
        "lambda1_mean": 1.098390472271675,
        "lambda1_std": 0.16757473100151074,
        "lambda2_mean": 0.6389073480531726,
        "lambda2_std": 0.15392523327869573
      }
    },
    {
      "number": 2,
      "state": "COMPLETE",
      "params": {
        "lr": 1.265186631444055e-05,
        "batch_size": 16,
        "cotrain_epochs": 17,
        "finetune_patience": 9,
        "weight_decay": 0.044342119978564826,
        "warmup_ratio": 0.04836868424687831
      },
      "dev_macro_f1": 0.491085,
      "duration_seconds": 749.1,
      "full_metrics": {
        "event": "hurricane_dorian_2019",
        "budget": 10,
        "seed_set": 3,
        "test_error_rate": 35.87533156498674,
        "test_macro_f1": 0.512209679467923,
        "test_ece": 0.28093707140545,
        "test_per_class_f1": [
          0.5982300884955752,
          0.8530259365994236,
          0.5904761904761905,
          0.0,
          0.6210045662100456,
          0.35294117647058826,
          0.0,
          0.8151658767772512,
          0.7790432801822323
        ],
        "dev_error_rate": 38.27319587628865,
        "dev_macro_f1": 0.49108545255502023,
        "dev_ece": 0.30266927643535063,
        "stopping_strategy": "baseline",
        "phase1_seed_strategy": "last",
        "phase1_best_epoch": null,
        "lambda1_mean": 1.0666294509025203,
        "lambda1_std": 0.23491683350648032,
        "lambda2_mean": 0.627315925580879,
        "lambda2_std": 0.18092203567549706
      }
    },
    {
      "number": 3,
      "state": "COMPLETE",
      "params": {
        "lr": 2.2217600190845358e-05,
        "batch_size": 64,
        "cotrain_epochs": 9,
        "finetune_patience": 6,
        "weight_decay": 0.006803918291651401,
        "warmup_ratio": 0.10172667660744167
      },
      "dev_macro_f1": 0.498948,
      "duration_seconds": 370.9,
      "full_metrics": {
        "event": "hurricane_dorian_2019",
        "budget": 10,
        "seed_set": 3,
        "test_error_rate": 34.217506631299734,
        "test_macro_f1": 0.5276820292160103,
        "test_ece": 0.1600061733502924,
        "test_per_class_f1": [
          0.5714285714285714,
          0.8693181818181818,
          0.588957055214724,
          0.0,
          0.6469135802469136,
          0.46210720887245843,
          0.0,
          0.813953488372093,
          0.7964601769911505
        ],
        "dev_error_rate": 37.88659793814433,
        "dev_macro_f1": 0.49894797104886646,
        "dev_ece": 0.18955688938959353,
        "stopping_strategy": "baseline",
        "phase1_seed_strategy": "last",
        "phase1_best_epoch": null,
        "lambda1_mean": 1.0038289143037005,
        "lambda1_std": 0.2775525228591112,
        "lambda2_mean": 0.4409332848880135,
        "lambda2_std": 0.1635938858611993
      }
    },
    {
      "number": 4,
      "state": "COMPLETE",
      "params": {
        "lr": 3.111286588724637e-05,
        "batch_size": 32,
        "cotrain_epochs": 15,
        "finetune_patience": 9,
        "weight_decay": 0.006394878746998289,
        "warmup_ratio": 0.12623895693114257
      },
      "dev_macro_f1": 0.526299,
      "duration_seconds": 603.1,
      "full_metrics": {
        "event": "hurricane_dorian_2019",
        "budget": 10,
        "seed_set": 3,
        "test_error_rate": 35.0132625994695,
        "test_macro_f1": 0.5350052383025377,
        "test_ece": 0.2160426665799055,
        "test_per_class_f1": [
          0.5695652173913044,
          0.8611111111111112,
          0.6118421052631579,
          0.125,
          0.6216867469879518,
          0.44360902255639095,
          0.0,
          0.8037383177570093,
          0.7784946236559139
        ],
        "dev_error_rate": 38.4020618556701,
        "dev_macro_f1": 0.526299258499164,
        "dev_ece": 0.2666386840000903,
        "stopping_strategy": "baseline",
        "phase1_seed_strategy": "last",
        "phase1_best_epoch": null,
        "lambda1_mean": 1.0614248390770866,
        "lambda1_std": 0.24231325490115538,
        "lambda2_mean": 0.5805848878779158,
        "lambda2_std": 0.17617158547250397
      }
    },
    {
      "number": 5,
      "state": "COMPLETE",
      "params": {
        "lr": 0.000598950599929163,
        "batch_size": 64,