{
  "event": "canada_wildfires_2016",
  "budget": 10,
  "seed_set": 3,
  "test_error_rate": 39.550561797752806,
  "test_macro_f1": 0.39167273096397515,
  "test_ece": 0.08432872546522806,
  "test_per_class_f1": [
    0.08695652173913043,
    0.6626506024096386,
    0.5189873417721519,
    0.20689655172413793,
    0.0,
    0.15384615384615385,
    0.8279883381924198,
    0.676056338028169
  ],
  "dev_error_rate": 40.789473684210535,
  "dev_macro_f1": 0.3706154045544855,
  "dev_ece": 0.12491283520010482,
  "stopping_strategy": "baseline",
  "phase1_seed_strategy": "last",
  "phase1_best_epoch": null,
  "lambda1_mean": 0.540679929893255,
  "lambda1_std": 0.13038906840822337,
  "lambda2_mean": 0.14948267038089535,
  "lambda2_std": 0.03345831233379954
}