{
  "event": "hurricane_dorian_2019",
  "budget": 10,
  "seed_set": 3,
  "test_error_rate": 54.177718832891244,
  "test_macro_f1": 0.38868900701899695,
  "test_ece": 0.25487879750662207,
  "test_per_class_f1": [
    0.34444444444444444,
    0.8038585209003215,
    0.0,
    0.08,
    0.4927007299270073,
    0.3001949317738791,
    0.09716599190283401,
    0.6424870466321243,
    0.7373493975903614
  ],
  "dev_error_rate": 56.05670103092783,
  "dev_macro_f1": 0.376636241290887,
  "dev_ece": 0.26483624808720707,
  "stopping_strategy": "baseline",
  "phase1_seed_strategy": "last",
  "phase1_best_epoch": null,
  "lambda1_mean": 0.9488785371324957,
  "lambda1_std": 0.31890385211438915,
  "lambda2_mean": 0.43495779325585743,
  "lambda2_std": 0.20604066589249193
}