{
  "event": "hurricane_maria_2017",
  "budget": 25,
  "seed_set": 1,
  "test_error_rate": 29.126213592233007,
  "test_macro_f1": 0.6678177614381132,
  "test_ece": 0.14413691271773324,
  "test_per_class_f1": [
    0.6050420168067226,
    0.6233766233766234,
    0.8551724137931035,
    0.8939393939393939,
    0.37333333333333335,
    0.44871794871794873,
    0.7027027027027027,
    0.821882951653944,
    0.6861924686192469
  ],
  "dev_error_rate": 29.919137466307276,
  "dev_macro_f1": 0.6716334005462256,
  "dev_ece": 0.1739865956361082,
  "stopping_strategy": "baseline",
  "phase1_seed_strategy": "last",
  "phase1_best_epoch": null,
  "lambda1_mean": 1.026440907855974,
  "lambda1_std": 0.2441023113900444,
  "lambda2_mean": 0.49375245815592245,
  "lambda2_std": 0.18429349126923023
}