{
  "event": "hurricane_florence_2018",
  "budget": 25,
  "seed_set": 3,
  "test_error_rate": 20.628525382755846,
  "test_macro_f1": 0.7092722051561587,
  "test_ece": 0.07014104564232176,
  "test_per_class_f1": [
    0.8,
    0.8178694158075601,
    0.6756756756756757,
    0.9193548387096774,
    0.8658227848101265,
    0.5,
    0.14285714285714285,
    0.8680555555555556,
    0.7938144329896907
  ],
  "dev_error_rate": 21.5962441314554,
  "dev_macro_f1": 0.6805383327531681,
  "dev_ece": 0.09484915997314154,
  "stopping_strategy": "baseline",
  "phase1_seed_strategy": "last",
  "phase1_best_epoch": null,
  "lambda1_mean": 1.0294611790613675,
  "lambda1_std": 0.2514953334774964,
  "lambda2_mean": 0.4822275203824456,
  "lambda2_std": 0.16806765462500386
}