{
  "event": "kerala_floods_2018",
  "budget": 5,
  "seed_set": 1,
  "test_error_rate": 46.207332490518326,
  "test_macro_f1": 0.07772754258574234,
  "test_ece": 0.3971936249147098,
  "test_per_class_f1": [
    0.0,
    0.0,
    0.0,
    0.0,
    0.0,
    0.0,
    0.0,
    0.699547883271681,
    0.0
  ],
  "dev_error_rate": 46.1916461916462,
  "dev_macro_f1": 0.07774227902023428,
  "dev_ece": 0.397568614489836
}