{
  "event": "california_wildfires_2018",
  "budget": 50,
  "seed_set": 3,
  "status": "done",
  "best_params": {
    "lr": 2.3602142151293824e-05,
    "batch_size": 64,
    "cotrain_epochs": 20,
    "finetune_patience": 9,
    "weight_decay": 0.05425791543391539,
    "warmup_ratio": 0.10131353182829558
  },
  "best_value": 0.639036,
  "best_full_metrics": {
    "event": "california_wildfires_2018",
    "budget": 50,
    "seed_set": 3,
    "test_error_rate": 26.21492128678987,
    "test_macro_f1": 0.6583685767036405,
    "test_ece": 0.061033999977007376,
    "test_per_class_f1": [
      0.5373134328358209,
      0.8125,
      0.6169154228855721,
      0.9193341869398207,
      0.6753246753246753,
      0.6804979253112033,
      0.45478036175710596,
      0.34146341463414637,
      0.8278529980657641,
      0.7177033492822966
    ],
    "dev_error_rate": 26.063829787234038,
    "dev_macro_f1": 0.6390361711561309,
    "dev_ece": 0.07520223866672594,
    "stopping_strategy": "baseline",
    "phase1_seed_strategy": "last",
    "phase1_best_epoch": null,
    "lambda1_mean": 1.0227187362326429,
    "lambda1_std": 0.27933443777631317,
    "lambda2_mean": 0.556069747408639,
    "lambda2_std": 0.20409459409412722
  },
  "n_trials": 10,
  "continued_from": null,
  "trials": [
    {
      "number": 0,
      "state": "COMPLETE",
      "params": {
        "lr": 0.00012467428910675654,
        "batch_size": 8,
        "cotrain_epochs": 18,
        "finetune_patience": 9,
        "weight_decay": 0.040057644406790584,
        "warmup_ratio": 0.15211663656788058
      },
      "dev_macro_f1": 0.041851,
      "duration_seconds": 1074.3,
      "full_metrics": {
        "event": "california_wildfires_2018",
        "budget": 50,
        "seed_set": 3,
        "test_error_rate": 73.64818617385353,
        "test_macro_f1": 0.04171180931744312,
        "test_ece": 0.13616214284621062,
        "test_per_class_f1": [
          0.0,
          0.0,
          0.0,
          0.4171180931744312,
          0.0,
          0.0,
          0.0,
          0.0,
          0.0,
          0.0
        ],
        "dev_error_rate": 73.5372340425532,
        "dev_macro_f1": 0.04185068349106204,
        "dev_ece": 0.1372716648979707,
        "stopping_strategy": "baseline",
        "phase1_seed_strategy": "last",
        "phase1_best_epoch": null,
        "lambda1_mean": 0.3823230302697111,
        "lambda1_std": 0.22361273760482334,
        "lambda2_mean": 0.11419443202632021,
        "lambda2_std": 0.10672638461119116
      }
    },
    {
      "number": 1,
      "state": "COMPLETE",
      "params": {
        "lr": 8.062743938358053e-05,
        "batch_size": 32,
        "cotrain_epochs": 6,
        "finetune_patience": 4,
        "weight_decay": 0.010045564518112516,
        "warmup_ratio": 0.025943827287026777
      },
      "dev_macro_f1": 0.634174,
      "duration_seconds": 282.3,
      "full_metrics": {
        "event": "california_wildfires_2018",
        "budget": 50,
        "seed_set": 3,
        "test_error_rate": 27.72073921971252,
        "test_macro_f1": 0.6466922045337647,
        "test_ece": 0.12063921067014614,
        "test_per_class_f1": [
          0.53125,
          0.7878787878787878,
          0.625,
          0.8950863213811421,
          0.6262626262626263,
          0.6882591093117408,
          0.5013623978201635,
          0.3076923076923077,
          0.7864271457085829,
          0.7177033492822966
        ],
        "dev_error_rate": 29.122340425531913,
        "dev_macro_f1": 0.6341736088280547,
        "dev_ece": 0.12983157885994046,
        "stopping_strategy": "baseline",
        "phase1_seed_strategy": "last",
        "phase1_best_epoch": null,
        "lambda1_mean": 0.9456963390299697,
        "lambda1_std": 0.31051133480645227,
        "lambda2_mean": 0.6039207581639034,
        "lambda2_std": 0.3144161423196893
      }
    },
    {
      "number": 2,
      "state": "COMPLETE",
      "params": {
        "lr": 0.0001257042579711657,
        "batch_size": 16,
        "cotrain_epochs": 20,
        "finetune_patience": 4,
        "weight_decay": 0.06032766999373698,
        "warmup_ratio": 0.09308833829278627
      },
      "dev_macro_f1": 0.58075,
      "duration_seconds": 778.1,
      "full_metrics": {
        "event": "california_wildfires_2018",
        "budget": 50,
        "seed_set": 3,
        "test_error_rate": 32.3750855578371,
        "test_macro_f1": 0.6165699624851723,
        "test_ece": 0.1899494014216318,
        "test_per_class_f1": [
          0.5,
          0.8076923076923077,
          0.5610859728506787,
          0.9038208168642952,
          0.6585365853658537,
          0.5048076923076923,
          0.45643153526970953,
          0.34615384615384615,
          0.7605042016806722,
          0.6666666666666666
        ],
        "dev_error_rate": 32.180851063829785,
        "dev_macro_f1": 0.580749881460209,
        "dev_ece": 0.1954175012305061,
        "stopping_strategy": "baseline",
        "phase1_seed_strategy": "last",
        "phase1_best_epoch": null,
        "lambda1_mean": 0.3467605689894156,
        "lambda1_std": 0.1709244645783493,
        "lambda2_mean": 0.6365126615611589,
        "lambda2_std": 0.25437758136456884
      }
    },
    {
      "number": 3,
      "state": "COMPLETE",
      "params": {
        "lr": 0.0008169744821442355,
        "batch_size": 64,
        "cotrain_epochs": 9,
        "finetune_patience": 8,
        "weight_decay": 0.01586151568108739,
        "warmup_ratio": 0.18889639978634154
      },
      "dev_macro_f1": 0.041851,
      "duration_seconds": 336.3,
      "full_metrics": {
        "event": "california_wildfires_2018",
        "budget": 50,
        "seed_set": 3,
        "test_error_rate": 73.64818617385353,
        "test_macro_f1": 0.04171180931744312,
        "test_ece": 0.14422741807196582,
        "test_per_class_f1": [
          0.0,
          0.0,
          0.0,
          0.4171180931744312,
          0.0,
          0.0,
          0.0,
          0.0,
          0.0,
          0.0
        ],
        "dev_error_rate": 73.5372340425532,
        "dev_macro_f1": 0.04185068349106204,
        "dev_ece": 0.14533693952723703,
        "stopping_strategy": "baseline",
        "phase1_seed_strategy": "last",
        "phase1_best_epoch": null,
        "lambda1_mean": 0.4170087417340025,
        "lambda1_std": 0.1912694118414511,
        "lambda2_mean": 0.13939380378984456,
        "lambda2_std": 0.08678429658543255
      }
    },
    {
      "number": 4,
      "state": "COMPLETE",
      "params": {
        "lr": 2.3602142151293824e-05,
        "batch_size": 64,
        "cotrain_epochs": 20,
        "finetune_patience": 9,
        "weight_decay": 0.05425791543391539,
        "warmup_ratio": 0.10131353182829558
      },
      "dev_macro_f1": 0.639036,
      "duration_seconds": 642.8,
      "full_metrics": {
        "event": "california_wildfires_2018",
        "budget": 50,
        "seed_set": 3,
        "test_error_rate": 26.21492128678987,
        "test_macro_f1": 0.6583685767036405,
        "test_ece": 0.061033999977007376,
        "test_per_class_f1": [
          0.5373134328358209,
          0.8125,
          0.6169154228855721,
          0.9193341869398207,
          0.6753246753246753,
          0.6804979253112033,
          0.45478036175710596,
          0.34146341463414637,
          0.8278529980657641,
          0.7177033492822966
        ],
        "dev_error_rate": 26.063829787234038,
        "dev_macro_f1": 0.6390361711561309,
        "dev_ece": 0.07520223866672594,
        "stopping_strategy": "baseline",
        "phase1_seed_strategy": "last",
        "phase1_best_epoch": null,
        "lambda1_mean": 1.0227187362326429,
        "lambda1_std": 0.27933443777631317,
        "lambda2_mean": 0.556069747408639,
        "lambda2_std": 0.20409459409412722
      }
    },
    {
      "number": 5,
      "state": "COMPLETE",
      "params": {
        "lr": 1.093583362214678e-05,