{
  "event": "canada_wildfires_2016",
  "budget": 5,
  "seed_set": 2,
  "test_error_rate": 85.1685393258427,
  "test_macro_f1": 0.06399224336444068,
  "test_ece": 0.7605045007855704,
  "test_per_class_f1": [
    0.0,
    0.0,
    0.34977578475336324,
    0.0,
    0.16216216216216217,
    0.0,
    0.0,
    0.0
  ],
  "dev_error_rate": 85.08771929824562,
  "dev_macro_f1": 0.06479919890376304,
  "dev_ece": 0.741105878823682,
  "stopping_strategy": "baseline",
  "phase1_seed_strategy": "last",
  "phase1_best_epoch": null,
  "lambda1_mean": 0.8838026486656849,
  "lambda1_std": 0.36831970366195044,
  "lambda2_mean": 0.38725947020281826,
  "lambda2_std": 0.19593216235086197
}