{
  "event": "hurricane_florence_2018",
  "budget": 25,
  "seed_set": 1,
  "test_error_rate": 38.6784850926672,
  "test_macro_f1": 0.5270980433445098,
  "test_ece": 0.12535063657042098,
  "test_per_class_f1": [
    0.6692913385826772,
    0.40816326530612246,
    0.3487179487179487,
    0.6967741935483871,
    0.7131367292225201,
    0.19101123595505617,
    0.09900990099009901,
    0.7777777777777778,
    0.84
  ],
  "dev_error_rate": 39.43661971830986,
  "dev_macro_f1": 0.51293413955799,
  "dev_ece": 0.1405665135719407,
  "stopping_strategy": "baseline",
  "phase1_seed_strategy": "last",
  "phase1_best_epoch": null,
  "lambda1_mean": 1.030064939401143,
  "lambda1_std": 0.24116579349006667,
  "lambda2_mean": 0.5148962121336047,
  "lambda2_std": 0.17746054976571077
}