{
  "event": "canada_wildfires_2016",
  "budget": 50,
  "seed_set": 1,
  "status": "done",
  "best_params": {
    "lr": 8.347274212879568e-05,
    "batch_size": 64,
    "cotrain_epochs": 6,
    "finetune_patience": 8,
    "weight_decay": 0.03161254612048771,
    "warmup_ratio": 0.08121015444621829
  },
  "best_value": 0.66789,
  "best_full_metrics": {
    "event": "canada_wildfires_2016",
    "budget": 50,
    "seed_set": 1,
    "test_error_rate": 23.59550561797753,
    "test_macro_f1": 0.5931521609980019,
    "test_ece": 0.05866930377617312,
    "test_per_class_f1": [
      0.28,
      0.8496732026143791,
      0.8392857142857143,
      0.24242424242424243,
      0.5045045045045045,
      0.3076923076923077,
      0.9080779944289693,
      0.8135593220338984
    ],
    "dev_error_rate": 20.614035087719294,
    "dev_macro_f1": 0.6678904607586018,
    "dev_ece": 0.06831056127945581,
    "stopping_strategy": "baseline",
    "phase1_seed_strategy": "last",
    "phase1_best_epoch": null,
    "lambda1_mean": 0.8049055824470011,
    "lambda1_std": 0.3448475578175059,
    "lambda2_mean": 0.43678010407975904,
    "lambda2_std": 0.2506530587461143
  },
  "n_trials": 10,
  "continued_from": null,
  "trials": [
    {
      "number": 0,
      "state": "COMPLETE",
      "params": {
        "lr": 8.347274212879568e-05,
        "batch_size": 64,
        "cotrain_epochs": 6,
        "finetune_patience": 8,
        "weight_decay": 0.03161254612048771,
        "warmup_ratio": 0.08121015444621829
      },
      "dev_macro_f1": 0.66789,
      "duration_seconds": 88.7,
      "full_metrics": {
        "event": "canada_wildfires_2016",
        "budget": 50,
        "seed_set": 1,
        "test_error_rate": 23.59550561797753,
        "test_macro_f1": 0.5931521609980019,
        "test_ece": 0.05866930377617312,
        "test_per_class_f1": [
          0.28,
          0.8496732026143791,
          0.8392857142857143,
          0.24242424242424243,
          0.5045045045045045,
          0.3076923076923077,
          0.9080779944289693,
          0.8135593220338984
        ],
        "dev_error_rate": 20.614035087719294,
        "dev_macro_f1": 0.6678904607586018,
        "dev_ece": 0.06831056127945581,
        "stopping_strategy": "baseline",
        "phase1_seed_strategy": "last",
        "phase1_best_epoch": null,
        "lambda1_mean": 0.8049055824470011,
        "lambda1_std": 0.3448475578175059,
        "lambda2_mean": 0.43678010407975904,
        "lambda2_std": 0.2506530587461143
      }
    },
    {
      "number": 1,
      "state": "COMPLETE",
      "params": {
        "lr": 0.00018290002007391077,
        "batch_size": 16,
        "cotrain_epochs": 8,
        "finetune_patience": 9,
        "weight_decay": 0.09610157441318075,
        "warmup_ratio": 0.0828404500496287
      },
      "dev_macro_f1": 0.414176,
      "duration_seconds": 131.8,
      "full_metrics": {
        "event": "canada_wildfires_2016",
        "budget": 50,
        "seed_set": 1,
        "test_error_rate": 35.95505617977528,
        "test_macro_f1": 0.37342557119427977,
        "test_ece": 0.3288311120834244,
        "test_per_class_f1": [
          0.0,
          0.7975460122699386,
          0.8712871287128713,
          0.0,
          0.0,
          0.0,
          0.6785714285714286,
          0.64
        ],
        "dev_error_rate": 32.01754385964912,
        "dev_macro_f1": 0.41417616334283003,
        "dev_ece": 0.3803227128820461,
        "stopping_strategy": "baseline",
        "phase1_seed_strategy": "last",
        "phase1_best_epoch": null,
        "lambda1_mean": 0.6475566030002855,
        "lambda1_std": 0.30260403181306744,
        "lambda2_mean": 0.39285940693252924,
        "lambda2_std": 0.22575665948732432
      }
    },
    {
      "number": 2,
      "state": "COMPLETE",
      "params": {
        "lr": 0.00015500282050687477,
        "batch_size": 16,
        "cotrain_epochs": 5,
        "finetune_patience": 8,
        "weight_decay": 0.009169874756144848,
        "warmup_ratio": 0.2842636782611104
      },
      "dev_macro_f1": 0.433663,
      "duration_seconds": 85.4,
      "full_metrics": {
        "event": "canada_wildfires_2016",
        "budget": 50,
        "seed_set": 1,
        "test_error_rate": 38.87640449438202,
        "test_macro_f1": 0.42638120726235285,
        "test_ece": 0.2660984507437502,
        "test_per_class_f1": [
          0.0,
          0.7777777777777778,
          0.8067226890756303,
          0.16326530612244897,
          0.06153846153846154,
          0.0,
          0.808641975308642,
          0.7931034482758621
        ],
        "dev_error_rate": 35.96491228070175,
        "dev_macro_f1": 0.43366267186593865,
        "dev_ece": 0.28586558729671596,
        "stopping_strategy": "baseline",
        "phase1_seed_strategy": "last",
        "phase1_best_epoch": null,
        "lambda1_mean": 0.8512037231665299,
        "lambda1_std": 0.3456556083835365,
        "lambda2_mean": 0.4642635333504678,
        "lambda2_std": 0.3041411481414673
      }
    },
    {
      "number": 3,
      "state": "COMPLETE",
      "params": {
        "lr": 1.7694095871950136e-05,
        "batch_size": 64,
        "cotrain_epochs": 6,
        "finetune_patience": 8,
        "weight_decay": 0.025852623905109364,
        "warmup_ratio": 0.041598804620188445
      },
      "dev_macro_f1": 0.654559,
      "duration_seconds": 100.3,
      "full_metrics": {
        "event": "canada_wildfires_2016",
        "budget": 50,
        "seed_set": 1,
        "test_error_rate": 24.71910112359551,
        "test_macro_f1": 0.6065489892703251,
        "test_ece": 0.05808320577894704,
        "test_per_class_f1": [
          0.46808510638297873,
          0.8387096774193549,
          0.7758620689655172,
          0.2631578947368421,
          0.4339622641509434,
          0.4,
          0.8913649025069638,
          0.78125
        ],
        "dev_error_rate": 24.561403508771928,
        "dev_macro_f1": 0.6545585256561455,
        "dev_ece": 0.06046609619730399,
        "stopping_strategy": "baseline",
        "phase1_seed_strategy": "last",
        "phase1_best_epoch": null,
        "lambda1_mean": 0.6334207181271365,
        "lambda1_std": 0.32874582848250544,
        "lambda2_mean": 0.24244000087656142,
        "lambda2_std": 0.1486170459873765
      }
    },
    {
      "number": 4,
      "state": "COMPLETE",
      "params": {
        "lr": 2.4658915621380903e-05,
        "batch_size": 32,
        "cotrain_epochs": 19,
        "finetune_patience": 5,
        "weight_decay": 0.05229952707542365,
        "warmup_ratio": 0.10173041801805459
      },
      "dev_macro_f1": 0.574653,
      "duration_seconds": 185.8,
      "full_metrics": {
        "event": "canada_wildfires_2016",
        "budget": 50,
        "seed_set": 1,
        "test_error_rate": 25.617977528089884,
        "test_macro_f1": 0.5578333310859551,
        "test_ece": 0.09200330932488607,
        "test_per_class_f1": [
          0.4,
          0.8588957055214724,
          0.8653846153846154,
          0.2127659574468085,
          0.42990654205607476,
          0.0,
          0.8703170028818443,
          0.8253968253968254
        ],
        "dev_error_rate": 23.684210526315784,
        "dev_macro_f1": 0.5746533516291872,
        "dev_ece": 0.07399395147436548,
        "stopping_strategy": "baseline",
        "phase1_seed_strategy": "last",
        "phase1_best_epoch": null,
        "lambda1_mean": 0.9893935426422572,
        "lambda1_std": 0.24866359201397883,
        "lambda2_mean": 0.530793974754327,
        "lambda2_std": 0.20231241909249498
      }
    },
    {
      "number": 5,
      "state": "COMPLETE",
      "params": {
        "lr": 0.0001674652932602609,
        "batch_size": 16,
        "cotrain_epochs": 17,
        "finetune_patience": 10,
        "weight_decay": 0.08155876834738704,
        "warmup_ratio": 0.20177784697885814
      },
      "dev_macro_f1": 0.330928,
      "duration_seconds": 199.0,