{
  "event": "hurricane_irma_2017",
  "budget": 5,
  "seed_set": 1,
  "status": "done",
  "best_params": {
    "lr": 6.594410986207344e-05,
    "batch_size": 32,
    "cotrain_epochs": 10,
    "finetune_patience": 6,
    "weight_decay": 0.001105337064333767,
    "warmup_ratio": 0.054729634309794585
  },
  "best_value": 0.635446,
  "best_full_metrics": {
    "event": "hurricane_irma_2017",
    "budget": 5,
    "seed_set": 1,
    "test_error_rate": 36.412459720730396,
    "test_macro_f1": 0.6165873093888359,
    "test_ece": 0.12489814513736075,
    "test_per_class_f1": [
      0.5444444444444444,
      0.7838616714697406,
      0.7507163323782235,
      0.9002849002849003,
      0.45878136200716846,
      0.3722943722943723,
      0.4117647058823529,
      0.7262411347517731,
      0.600896860986547
    ],
    "dev_error_rate": 35.281837160751564,
    "dev_macro_f1": 0.6354458328153858,
    "dev_ece": 0.13323264208180924,
    "stopping_strategy": "baseline",
    "phase1_seed_strategy": "last",
    "phase1_best_epoch": null,
    "lambda1_mean": 1.0807397781720607,
    "lambda1_std": 0.17805734563288392,
    "lambda2_mean": 0.052274483434858944,
    "lambda2_std": 0.04771992574804403
  },
  "n_trials": 10,
  "continued_from": null,
  "trials": [
    {
      "number": 0,
      "state": "COMPLETE",
      "params": {
        "lr": 0.0004015155374948231,
        "batch_size": 32,
        "cotrain_epochs": 16,
        "finetune_patience": 4,
        "weight_decay": 0.09808637535631788,
        "warmup_ratio": 0.28636319590205245
      },
      "dev_macro_f1": 0.037101,
      "duration_seconds": 740.1,
      "full_metrics": {
        "event": "hurricane_irma_2017",
        "budget": 5,
        "seed_set": 1,
        "test_error_rate": 80.02148227712138,
        "test_macro_f1": 0.037003879438973444,
        "test_ece": 0.2565740781459081,
        "test_per_class_f1": [
          0.0,
          0.0,
          0.333034914950761,
          0.0,
          0.0,
          0.0,
          0.0,
          0.0,
          0.0
        ],
        "dev_error_rate": 79.95824634655533,
        "dev_macro_f1": 0.037101449275362325,
        "dev_ece": 0.2559417199055686,
        "stopping_strategy": "baseline",
        "phase1_seed_strategy": "last",
        "phase1_best_epoch": null,
        "lambda1_mean": 0.33533184127956417,
        "lambda1_std": 0.15471016452431346,
        "lambda2_mean": 0.05693873306832027,
        "lambda2_std": 0.06327779264176187
      }
    },
    {
      "number": 1,
      "state": "COMPLETE",
      "params": {
        "lr": 0.0001890011819678398,
        "batch_size": 16,
        "cotrain_epochs": 9,
        "finetune_patience": 5,
        "weight_decay": 0.09632682459099695,
        "warmup_ratio": 0.20975196952554467
      },
      "dev_macro_f1": 0.032143,
      "duration_seconds": 518.2,
      "full_metrics": {
        "event": "hurricane_irma_2017",
        "budget": 5,
        "seed_set": 1,
        "test_error_rate": 83.0827067669173,
        "test_macro_f1": 0.03215434083601286,
        "test_ece": 0.24233100556085244,
        "test_per_class_f1": [
          0.0,
          0.0,
          0.0,
          0.0,
          0.0,
          0.0,
          0.0,
          0.28938906752411575,
          0.0
        ],
        "dev_error_rate": 83.08977035490605,
        "dev_macro_f1": 0.03214285714285715,
        "dev_ece": 0.24240163737025291,
        "stopping_strategy": "baseline",
        "phase1_seed_strategy": "last",
        "phase1_best_epoch": null,
        "lambda1_mean": 0.4133075971673026,
        "lambda1_std": 0.18724906756921456,
        "lambda2_mean": 0.06147378165506754,
        "lambda2_std": 0.06486543337231401
      }
    },
    {
      "number": 2,
      "state": "COMPLETE",
      "params": {
        "lr": 0.0002471247248682743,
        "batch_size": 32,
        "cotrain_epochs": 13,
        "finetune_patience": 6,
        "weight_decay": 0.014839531464079458,
        "warmup_ratio": 0.2334903350879433
      },
      "dev_macro_f1": 0.032143,
      "duration_seconds": 621.0,
      "full_metrics": {
        "event": "hurricane_irma_2017",
        "budget": 5,
        "seed_set": 1,
        "test_error_rate": 83.0827067669173,
        "test_macro_f1": 0.03215434083601286,
        "test_ece": 0.2416233961839553,
        "test_per_class_f1": [
          0.0,
          0.0,
          0.0,
          0.0,
          0.0,
          0.0,
          0.0,
          0.28938906752411575,
          0.0
        ],
        "dev_error_rate": 83.08977035490605,
        "dev_macro_f1": 0.03214285714285715,
        "dev_ece": 0.24169403196376646,
        "stopping_strategy": "baseline",
        "phase1_seed_strategy": "last",
        "phase1_best_epoch": null,
        "lambda1_mean": 0.37118251716390827,
        "lambda1_std": 0.16365954453888762,
        "lambda2_mean": 0.0454300937614169,
        "lambda2_std": 0.05134977568281767
      }
    },
    {
      "number": 3,
      "state": "COMPLETE",
      "params": {
        "lr": 9.797957133725496e-05,
        "batch_size": 32,
        "cotrain_epochs": 9,
        "finetune_patience": 9,
        "weight_decay": 0.08038155556980218,
        "warmup_ratio": 0.2634498428189156
      },
      "dev_macro_f1": 0.626949,
      "duration_seconds": 469.3,
      "full_metrics": {
        "event": "hurricane_irma_2017",
        "budget": 5,
        "seed_set": 1,
        "test_error_rate": 34.908700322234154,
        "test_macro_f1": 0.6304018291236163,
        "test_ece": 0.2673364108154265,
        "test_per_class_f1": [
          0.5933333333333334,
          0.8163265306122449,
          0.7355163727959698,
          0.9295774647887324,
          0.5419354838709678,
          0.2668918918918919,
          0.41509433962264153,
          0.7510094212651414,
          0.6239316239316239
        ],
        "dev_error_rate": 35.594989561586644,
        "dev_macro_f1": 0.6269489193591286,
        "dev_ece": 0.27613873515348103,
        "stopping_strategy": "baseline",
        "phase1_seed_strategy": "last",
        "phase1_best_epoch": null,
        "lambda1_mean": 1.0267935413626015,
        "lambda1_std": 0.26953553971519334,
        "lambda2_mean": 0.5129614472527362,
        "lambda2_std": 0.19044618168222766
      }
    },
    {
      "number": 4,
      "state": "COMPLETE",
      "params": {
        "lr": 0.00024236341532243337,
        "batch_size": 8,
        "cotrain_epochs": 15,
        "finetune_patience": 9,
        "weight_decay": 0.0008872709701343685,
        "warmup_ratio": 0.0998879278708867
      },
      "dev_macro_f1": 0.037101,
      "duration_seconds": 1183.1,
      "full_metrics": {
        "event": "hurricane_irma_2017",
        "budget": 5,
        "seed_set": 1,
        "test_error_rate": 80.02148227712138,
        "test_macro_f1": 0.037003879438973444,
        "test_ece": 0.012517137707048015,
        "test_per_class_f1": [
          0.0,
          0.0,
          0.333034914950761,
          0.0,
          0.0,
          0.0,
          0.0,
          0.0,
          0.0
        ],
        "dev_error_rate": 79.95824634655533,
        "dev_macro_f1": 0.037101449275362325,
        "dev_ece": 0.013149673511937188,
        "stopping_strategy": "baseline",
        "phase1_seed_strategy": "last",
        "phase1_best_epoch": null,
        "lambda1_mean": 0.2797913023742611,
        "lambda1_std": 0.14345848635565156,
        "lambda2_mean": 0.07242725690049115,
        "lambda2_std": 0.07052284268636506
      }
    },
    {
      "number": 5,
      "state": "COMPLETE",
      "params": {
        "lr": 0.00016945526274599862,
        "batch_size": 16,
        "cotrain_epochs": 7,
        "finetune_patience": 4,
        "weight_decay": 0.06949356030856163,
        "warmup_ratio": 0.2157083840761338
      },
      "dev_macro_f1": 0.032143,
      "duration_seconds": 426.2,
      "full_metrics": {
        "event": "hurricane_irma_2017",
        "budget": 5,
        "seed_set": 1,