{
  "event": "kaikoura_earthquake_2016",
  "budget": 10,
  "seed_set": 3,
  "test_error_rate": 45.28735632183908,
  "test_macro_f1": 0.44025993634188,
  "test_ece": 0.15843985399295543,
  "test_per_class_f1": [
    0.6187845303867403,
    0.3103448275862069,
    0.6115702479338843,
    0.3902439024390244,
    0.5376344086021505,
    0.0,
    0.1875,
    0.43333333333333335,
    0.8729281767955801
  ],
  "dev_error_rate": 38.39285714285714,
  "dev_macro_f1": 0.5179438279058773,
  "dev_ece": 0.10880249406078035,
  "stopping_strategy": "baseline",
  "phase1_seed_strategy": "last",
  "phase1_best_epoch": null,
  "lambda1_mean": 0.8280363519129998,
  "lambda1_std": 0.30583514135482637,
  "lambda2_mean": 0.3043971452225488,
  "lambda2_std": 0.19000035006923355
}