{
  "event": "hurricane_harvey_2017",
  "budget": 25,
  "seed_set": 3,
  "test_error_rate": 38.61495844875347,
  "test_macro_f1": 0.5782812624180941,
  "test_ece": 0.043187545136731745,
  "test_per_class_f1": [
    0.5672727272727273,
    0.6402116402116402,
    0.6720321931589537,
    0.8571428571428571,
    0.29850746268656714,
    0.3915343915343915,
    0.4056603773584906,
    0.7218200620475698,
    0.6503496503496503
  ],
  "dev_error_rate": 38.10548977395049,
  "dev_macro_f1": 0.5946582353369392,
  "dev_ece": 0.04902930447051804,
  "stopping_strategy": "baseline",
  "phase1_seed_strategy": "last",
  "phase1_best_epoch": null,
  "lambda1_mean": 0.6024633394644174,
  "lambda1_std": 0.11556095913744326,
  "lambda2_mean": 0.14599614222261667,
  "lambda2_std": 0.04402117215448018
}