{
  "event": "kerala_floods_2018",
  "budget": 25,
  "seed_set": 1,
  "test_error_rate": 40.64475347661188,
  "test_macro_f1": 0.2715853303240982,
  "test_ece": 0.2665465343013575,
  "test_per_class_f1": [
    0.1910828025477707,
    0.0,
    0.0,
    0.3951367781155015,
    0.1111111111111111,
    0.0,
    0.39285714285714285,
    0.8106018774157924,
    0.5434782608695652
  ],
  "dev_error_rate": 41.646191646191646,
  "dev_macro_f1": 0.27759956974685907,
  "dev_ece": 0.25060209123010424,
  "stopping_strategy": "baseline",
  "phase1_seed_strategy": "last",
  "phase1_best_epoch": null,
  "lambda1_mean": 1.0463038926199142,
  "lambda1_std": 0.26680138448962987,
  "lambda2_mean": 0.5660068221426712,
  "lambda2_std": 0.18559715815321687
}