{
  "event": "california_wildfires_2018",
  "budget": 10,
  "seed_set": 3,
  "test_error_rate": 29.5687885010267,
  "test_macro_f1": 0.613789052503841,
  "test_ece": 0.17491944406556392,
  "test_per_class_f1": [
    0.5357142857142857,
    0.7262569832402235,
    0.5988700564971752,
    0.9145077720207254,
    0.6666666666666666,
    0.5234567901234568,
    0.4896265560165975,
    0.19047619047619047,
    0.8201160541586073,
    0.6721991701244814
  ],
  "dev_error_rate": 27.925531914893618,
  "dev_macro_f1": 0.6367741337876642,
  "dev_ece": 0.16029946735881745,
  "stopping_strategy": "baseline",
  "phase1_seed_strategy": "last",
  "phase1_best_epoch": null,
  "lambda1_mean": 1.0709434446290362,
  "lambda1_std": 0.23071093845554672,
  "lambda2_mean": 0.653123482697822,
  "lambda2_std": 0.19428771809540435
}