{
  "event": "hurricane_maria_2017",
  "budget": 10,
  "seed_set": 2,
  "test_error_rate": 60.81830790568654,
  "test_macro_f1": 0.3501564669251746,
  "test_ece": 0.3019871117544571,
  "test_per_class_f1": [
    0.43795620437956206,
    0.13953488372093023,
    0.5066079295154186,
    0.2875,
    0.2558139534883721,
    0.0,
    0.45791245791245794,
    0.5804597701149425,
    0.48562300319488816
  ],
  "dev_error_rate": 57.816711590296485,
  "dev_macro_f1": 0.35818603457460807,
  "dev_ece": 0.27523728476139414,
  "stopping_strategy": "baseline",
  "phase1_seed_strategy": "last",
  "phase1_best_epoch": null,
  "lambda1_mean": 0.9738207362801012,
  "lambda1_std": 0.2795876673993947,
  "lambda2_mean": 0.42020679107862885,
  "lambda2_std": 0.18795995334493912
}