{
  "event": "kerala_floods_2018",
  "budget": 50,
  "seed_set": 2,
  "test_error_rate": 37.10493046776233,
  "test_macro_f1": 0.5259204575104925,
  "test_ece": 0.1003295435804483,
  "test_per_class_f1": [
    0.3888888888888889,
    0.16161616161616163,
    0.5070422535211268,
    0.8734177215189873,
    0.40993788819875776,
    0.42637362637362636,
    0.5799256505576208,
    0.7536032944406315,
    0.6324786324786325
  ],
  "dev_error_rate": 36.85503685503686,
  "dev_macro_f1": 0.5560014207060219,
  "dev_ece": 0.10787293941002218,
  "stopping_strategy": "baseline",
  "phase1_seed_strategy": "last",
  "phase1_best_epoch": null,
  "lambda1_mean": 0.4727957818448433,
  "lambda1_std": 0.09878894688344866,
  "lambda2_mean": 0.10845470838944869,
  "lambda2_std": 0.03434850344231788
}