{
  "event": "hurricane_irma_2017",
  "budget": 10,
  "seed_set": 1,
  "status": "done",
  "best_params": {
    "lr": 3.1045343401762435e-05,
    "batch_size": 32,
    "cotrain_epochs": 9,
    "finetune_patience": 6,
    "weight_decay": 0.013550904726799429,
    "warmup_ratio": 0.20647792180785038
  },
  "best_value": 0.652669,
  "best_full_metrics": {
    "event": "hurricane_irma_2017",
    "budget": 10,
    "seed_set": 1,
    "test_error_rate": 34.64017185821697,
    "test_macro_f1": 0.6333796064216861,
    "test_ece": 0.18674194446247705,
    "test_per_class_f1": [
      0.621160409556314,
      0.7921348314606742,
      0.7716312056737589,
      0.9287749287749287,
      0.5466666666666666,
      0.399452804377565,
      0.2727272727272727,
      0.7178683385579937,
      0.65
    ],
    "dev_error_rate": 33.820459290187884,
    "dev_macro_f1": 0.6526694084522453,
    "dev_ece": 0.18095956030369797,
    "stopping_strategy": "baseline",
    "phase1_seed_strategy": "last",
    "phase1_best_epoch": null,
    "lambda1_mean": 1.0136739718797396,
    "lambda1_std": 0.2951194485252481,
    "lambda2_mean": 0.4794761496802654,
    "lambda2_std": 0.18788212429458273
  },
  "n_trials": 10,
  "continued_from": null,
  "trials": [
    {
      "number": 0,
      "state": "COMPLETE",
      "params": {
        "lr": 0.00019197851055822413,
        "batch_size": 64,
        "cotrain_epochs": 18,
        "finetune_patience": 4,
        "weight_decay": 0.03394235488721459,
        "warmup_ratio": 0.08260980500071541
      },
      "dev_macro_f1": 0.629253,
      "duration_seconds": 761.5,
      "full_metrics": {
        "event": "hurricane_irma_2017",
        "budget": 10,
        "seed_set": 1,
        "test_error_rate": 35.5531686358754,
        "test_macro_f1": 0.623194129340737,
        "test_ece": 0.14986033171863486,
        "test_per_class_f1": [
          0.6164874551971327,
          0.7932960893854749,
          0.7772020725388601,
          0.9438202247191011,
          0.42857142857142855,
          0.3792134831460674,
          0.30927835051546393,
          0.6883116883116883,
          0.672566371681416
        ],
        "dev_error_rate": 35.07306889352818,
        "dev_macro_f1": 0.629252556490592,
        "dev_ece": 0.14830524038857856,
        "stopping_strategy": "baseline",
        "phase1_seed_strategy": "last",
        "phase1_best_epoch": null,
        "lambda1_mean": 1.0286254021476609,
        "lambda1_std": 0.2505729124003177,
        "lambda2_mean": 0.04103675817756935,
        "lambda2_std": 0.04545775797624221
      }
    },
    {
      "number": 1,
      "state": "COMPLETE",
      "params": {
        "lr": 0.00024027166287327652,
        "batch_size": 64,
        "cotrain_epochs": 20,
        "finetune_patience": 5,
        "weight_decay": 0.09846395420852333,
        "warmup_ratio": 0.26334191410697694
      },
      "dev_macro_f1": 0.032143,
      "duration_seconds": 816.9,
      "full_metrics": {
        "event": "hurricane_irma_2017",
        "budget": 10,
        "seed_set": 1,
        "test_error_rate": 83.0827067669173,
        "test_macro_f1": 0.03215434083601286,
        "test_ece": 0.16466007768211507,
        "test_per_class_f1": [
          0.0,
          0.0,
          0.0,
          0.0,
          0.0,
          0.0,
          0.0,
          0.28938906752411575,
          0.0
        ],
        "dev_error_rate": 83.08977035490605,
        "dev_macro_f1": 0.03214285714285715,
        "dev_ece": 0.16473070994050618,
        "stopping_strategy": "baseline",
        "phase1_seed_strategy": "last",
        "phase1_best_epoch": null,
        "lambda1_mean": 0.7657627246785524,
        "lambda1_std": 0.2818380364747985,
        "lambda2_mean": 0.10189615326962492,
        "lambda2_std": 0.0917284658527018
      }
    },
    {
      "number": 2,
      "state": "COMPLETE",
      "params": {
        "lr": 3.1045343401762435e-05,
        "batch_size": 32,
        "cotrain_epochs": 9,
        "finetune_patience": 6,
        "weight_decay": 0.013550904726799429,
        "warmup_ratio": 0.20647792180785038
      },
      "dev_macro_f1": 0.652669,
      "duration_seconds": 477.7,
      "full_metrics": {
        "event": "hurricane_irma_2017",
        "budget": 10,
        "seed_set": 1,
        "test_error_rate": 34.64017185821697,
        "test_macro_f1": 0.6333796064216861,
        "test_ece": 0.18674194446247705,
        "test_per_class_f1": [
          0.621160409556314,
          0.7921348314606742,
          0.7716312056737589,
          0.9287749287749287,
          0.5466666666666666,
          0.399452804377565,
          0.2727272727272727,
          0.7178683385579937,
          0.65
        ],
        "dev_error_rate": 33.820459290187884,
        "dev_macro_f1": 0.6526694084522453,
        "dev_ece": 0.18095956030369797,
        "stopping_strategy": "baseline",
        "phase1_seed_strategy": "last",
        "phase1_best_epoch": null,
        "lambda1_mean": 1.0136739718797396,
        "lambda1_std": 0.2951194485252481,
        "lambda2_mean": 0.4794761496802654,
        "lambda2_std": 0.18788212429458273
      }
    },
    {
      "number": 3,
      "state": "COMPLETE",
      "params": {
        "lr": 1.8277463284996667e-05,
        "batch_size": 32,
        "cotrain_epochs": 10,
        "finetune_patience": 9,
        "weight_decay": 0.07631316083511296,
        "warmup_ratio": 0.2881278121909788
      },
      "dev_macro_f1": 0.634912,
      "duration_seconds": 525.7,
      "full_metrics": {
        "event": "hurricane_irma_2017",
        "budget": 10,
        "seed_set": 1,
        "test_error_rate": 33.566058002148225,
        "test_macro_f1": 0.6452539803499644,
        "test_ece": 0.152376997803771,
        "test_per_class_f1": [
          0.6348122866894198,
          0.7780821917808219,
          0.768,
          0.9329608938547486,
          0.5581395348837209,
          0.3686502177068215,
          0.3728813559322034,
          0.7354260089686099,
          0.6583333333333333
        ],
        "dev_error_rate": 35.07306889352818,
        "dev_macro_f1": 0.6349121996243197,
        "dev_ece": 0.1726187027073105,
        "stopping_strategy": "baseline",
        "phase1_seed_strategy": "last",
        "phase1_best_epoch": null,
        "lambda1_mean": 0.9941175838263129,
        "lambda1_std": 0.2945500298231585,
        "lambda2_mean": 0.4253951363350307,
        "lambda2_std": 0.1651344061384278
      }
    },
    {
      "number": 4,
      "state": "COMPLETE",
      "params": {
        "lr": 0.0002842432278117169,
        "batch_size": 32,
        "cotrain_epochs": 16,
        "finetune_patience": 10,
        "weight_decay": 0.0386271352083023,
        "warmup_ratio": 0.060333807747899634
      },
      "dev_macro_f1": 0.037101,
      "duration_seconds": 748.2,
      "full_metrics": {
        "event": "hurricane_irma_2017",
        "budget": 10,
        "seed_set": 1,
        "test_error_rate": 80.02148227712138,
        "test_macro_f1": 0.037003879438973444,
        "test_ece": 0.21265235112701913,
        "test_per_class_f1": [
          0.0,
          0.0,
          0.333034914950761,
          0.0,
          0.0,
          0.0,
          0.0,
          0.0,
          0.0
        ],
        "dev_error_rate": 79.95824634655533,
        "dev_macro_f1": 0.037101449275362325,
        "dev_ece": 0.2120199923039976,
        "stopping_strategy": "baseline",
        "phase1_seed_strategy": "last",
        "phase1_best_epoch": null,
        "lambda1_mean": 0.3568474115538444,
        "lambda1_std": 0.190936686189412,
        "lambda2_mean": 0.08837091017448556,
        "lambda2_std": 0.08904326193264175
      }
    },
    {
      "number": 5,
      "state": "COMPLETE",
      "params": {
        "lr": 4.28653699528421e-05,
        "batch_size": 8,
        "cotrain_epochs": 9,
        "finetune_patience": 7,
        "weight_decay": 0.002668427531781348,
        "warmup_ratio": 0.131111675986401
      },