{
  "event": "california_wildfires_2018",
  "budget": 50,
  "seed_set": 1,
  "test_error_rate": 27.994524298425738,
  "test_macro_f1": 0.6470063249835334,
  "test_ece": 0.07789079698081869,
  "test_per_class_f1": [
    0.5294117647058824,
    0.7398843930635838,
    0.5951219512195122,
    0.8855172413793103,
    0.6470588235294118,
    0.6733870967741935,
    0.48148148148148145,
    0.37037037037037035,
    0.8274509803921568,
    0.7203791469194313
  ],
  "dev_error_rate": 30.053191489361698,
  "dev_macro_f1": 0.6176105852729907,
  "dev_ece": 0.10024779270145485,
  "stopping_strategy": "baseline",
  "phase1_seed_strategy": "last",
  "phase1_best_epoch": null,
  "lambda1_mean": 0.9746436439722715,
  "lambda1_std": 0.2977760019884368,
  "lambda2_mean": 0.5049725986682814,
  "lambda2_std": 0.21408237566916916
}