{
  "event": "hurricane_maria_2017",
  "budget": 10,
  "seed_set": 1,
  "test_error_rate": 31.276005547850204,
  "test_macro_f1": 0.6535465456332719,
  "test_ece": 0.23763885761348946,
  "test_per_class_f1": [
    0.6595744680851063,
    0.6756756756756757,
    0.8146911519198664,
    0.907563025210084,
    0.34782608695652173,
    0.3945578231292517,
    0.5882352941176471,
    0.813953488372093,
    0.6798418972332015
  ],
  "dev_error_rate": 29.64959568733153,
  "dev_macro_f1": 0.6696714570559489,
  "dev_ece": 0.22682504942314324,
  "stopping_strategy": "baseline",
  "phase1_seed_strategy": "last",
  "phase1_best_epoch": null,
  "lambda1_mean": 1.0838129895656001,
  "lambda1_std": 0.19170759041621604,
  "lambda2_mean": 0.6732811418613599,
  "lambda2_std": 0.17061879937396668
}