{
  "event": "cyclone_idai_2019",
  "budget": 10,
  "seed_set": 1,
  "test_error_rate": 87.03465982028241,
  "test_macro_f1": 0.05172812133856046,
  "test_ece": 0.023111654816145147,
  "test_per_class_f1": [
    0.03508771929824561,
    0.037209302325581395,
    0.0,
    0.0,
    0.0,
    0.007220216606498195,
    0.0,
    0.0,
    0.288695652173913,
    0.14906832298136646
  ],
  "dev_error_rate": 84.03990024937656,
  "dev_macro_f1": 0.07000303551388024,
  "dev_ece": 0.05311342228454842
}