{
  "event": "kaikoura_earthquake_2016",
  "budget": 25,
  "seed_set": 1,
  "test_error_rate": 25.287356321839084,
  "test_macro_f1": 0.7350388704260256,
  "test_ece": 0.0974840229270102,
  "test_per_class_f1": [
    0.6867469879518072,
    0.8571428571428571,
    0.8296296296296296,
    0.9333333333333333,
    0.5393258426966292,
    0.512,
    0.5,
    0.8470588235294118,
    0.9101123595505618
  ],
  "dev_error_rate": 27.23214285714286,
  "dev_macro_f1": 0.7005459233498335,
  "dev_ece": 0.10919570723282442,
  "stopping_strategy": "baseline",
  "phase1_seed_strategy": "last",
  "phase1_best_epoch": null,
  "lambda1_mean": 0.9999285414561794,
  "lambda1_std": 0.20798414499495302,
  "lambda2_mean": 0.4462554089256345,
  "lambda2_std": 0.17048279058162036
}