{
  "event": "hurricane_irma_2017",
  "budget": 5,
  "seed_set": 2,
  "test_error_rate": 35.06981740064447,
  "test_macro_f1": 0.6297723245313972,
  "test_ece": 0.2742521367831083,
  "test_per_class_f1": [
    0.5951557093425606,
    0.7732558139534884,
    0.7422166874221668,
    0.9367816091954023,
    0.5311475409836065,
    0.3463855421686747,
    0.34210526315789475,
    0.7314112291350531,
    0.6694915254237288
  ],
  "dev_error_rate": 35.69937369519833,
  "dev_macro_f1": 0.6280203838724195,
  "dev_ece": 0.28239907293205224,
  "stopping_strategy": "baseline",
  "phase1_seed_strategy": "last",
  "phase1_best_epoch": null,
  "lambda1_mean": 1.0935614602073829,
  "lambda1_std": 0.1868902814054594,
  "lambda2_mean": 0.6542962472910779,
  "lambda2_std": 0.1599615396978046
}