{
  "event": "california_wildfires_2018",
  "budget": 10,
  "seed_set": 3,
  "test_error_rate": 77.13894592744695,
  "test_macro_f1": 0.17631505534304742,
  "test_ece": 0.4904591878397998,
  "test_per_class_f1": [
    0.1266490765171504,
    0.0,
    0.2346368715083799,
    0.0,
    0.1830065359477124,
    0.5473071324599709,
    0.0,
    0.05687203791469194,
    0.0,
    0.6146788990825688
  ],
  "dev_error_rate": 78.05851063829788,
  "dev_macro_f1": 0.176327471445953,
  "dev_ece": 0.49259355931760784,
  "stopping_strategy": "baseline",
  "phase1_seed_strategy": "last",
  "phase1_best_epoch": null,
  "lambda1_mean": 0.9449096225443759,
  "lambda1_std": 0.3616531094550788,
  "lambda2_mean": 0.4542861867698672,
  "lambda2_std": 0.22222664224024696
}