{
  "event": "cyclone_idai_2019",
  "budget": 25,
  "seed_set": 3,
  "status": "done",
  "best_params": {
    "lr": 0.00010048272750206294,
    "batch_size": 16,
    "cotrain_epochs": 5,
    "finetune_patience": 6,
    "weight_decay": 0.019428392781271,
    "warmup_ratio": 0.004234326333671012
  },
  "best_value": 0.514561,
  "best_full_metrics": {
    "event": "cyclone_idai_2019",
    "budget": 25,
    "seed_set": 3,
    "test_error_rate": 37.61232349165597,
    "test_macro_f1": 0.5402259155706334,
    "test_ece": 0.08073331046471699,
    "test_per_class_f1": [
      0.2857142857142857,
      0.4,
      0.7080745341614907,
      0.9122807017543859,
      0.8571428571428571,
      0.17857142857142858,
      0.2956521739130435,
      0.23529411764705882,
      0.7041322314049587,
      0.8253968253968254
    ],
    "dev_error_rate": 38.40399002493765,
    "dev_macro_f1": 0.5145612247957361,
    "dev_ece": 0.09996130218975562,
    "stopping_strategy": "baseline",
    "phase1_seed_strategy": "last",
    "phase1_best_epoch": null,
    "lambda1_mean": 0.9167416046165278,
    "lambda1_std": 0.34700148568669603,
    "lambda2_mean": 0.4321408661970886,
    "lambda2_std": 0.258310432829227
  },
  "n_trials": 10,
  "continued_from": null,
  "trials": [
    {
      "number": 0,
      "state": "COMPLETE",
      "params": {
        "lr": 0.0005175153343802307,
        "batch_size": 8,
        "cotrain_epochs": 13,
        "finetune_patience": 9,
        "weight_decay": 0.03179366338158166,
        "warmup_ratio": 0.16303584074492533
      },
      "dev_macro_f1": 0.064527,
      "duration_seconds": 445.7,
      "full_metrics": {
        "event": "cyclone_idai_2019",
        "budget": 25,
        "seed_set": 3,
        "test_error_rate": 52.503209242618745,
        "test_macro_f1": 0.06440382941688425,
        "test_ece": 0.3565821620768393,
        "test_per_class_f1": [
          0.0,
          0.0,
          0.0,
          0.0,
          0.0,
          0.0,
          0.0,
          0.0,
          0.6440382941688425,
          0.0
        ],
        "dev_error_rate": 52.36907730673317,
        "dev_macro_f1": 0.06452702702702703,
        "dev_ece": 0.3579234814554676,
        "stopping_strategy": "baseline",
        "phase1_seed_strategy": "last",
        "phase1_best_epoch": null,
        "lambda1_mean": 0.601481740061598,
        "lambda1_std": 0.5298153726231195,
        "lambda2_mean": 0.30518244488420626,
        "lambda2_std": 0.3037776359326439
      }
    },
    {
      "number": 1,
      "state": "COMPLETE",
      "params": {
        "lr": 0.0008228148671077612,
        "batch_size": 16,
        "cotrain_epochs": 17,
        "finetune_patience": 5,
        "weight_decay": 0.07277497157586037,
        "warmup_ratio": 0.28311164724234933
      },
      "dev_macro_f1": 0.064527,
      "duration_seconds": 370.8,
      "full_metrics": {
        "event": "cyclone_idai_2019",
        "budget": 25,
        "seed_set": 3,
        "test_error_rate": 52.503209242618745,
        "test_macro_f1": 0.06440382941688425,
        "test_ece": 0.35004816954149665,
        "test_per_class_f1": [
          0.0,
          0.0,
          0.0,
          0.0,
          0.0,
          0.0,
          0.0,
          0.0,
          0.6440382941688425,
          0.0
        ],
        "dev_error_rate": 52.36907730673317,
        "dev_macro_f1": 0.06452702702702703,
        "dev_ece": 0.35138947323447745,
        "stopping_strategy": "baseline",
        "phase1_seed_strategy": "last",
        "phase1_best_epoch": null,
        "lambda1_mean": 0.6423418879993715,
        "lambda1_std": 0.5092018139324009,
        "lambda2_mean": 0.30428949564131247,
        "lambda2_std": 0.2999981561135519
      }
    },
    {
      "number": 2,
      "state": "COMPLETE",
      "params": {
        "lr": 0.0008513222775533158,
        "batch_size": 32,
        "cotrain_epochs": 6,
        "finetune_patience": 5,
        "weight_decay": 0.08043158681896251,
        "warmup_ratio": 0.05362074212103105
      },
      "dev_macro_f1": 0.064527,
      "duration_seconds": 149.1,
      "full_metrics": {
        "event": "cyclone_idai_2019",
        "budget": 25,
        "seed_set": 3,
        "test_error_rate": 52.503209242618745,
        "test_macro_f1": 0.06440382941688425,
        "test_ece": 0.3092155764895624,
        "test_per_class_f1": [
          0.0,
          0.0,
          0.0,
          0.0,
          0.0,
          0.0,
          0.0,
          0.0,
          0.6440382941688425,
          0.0
        ],
        "dev_error_rate": 52.36907730673317,
        "dev_macro_f1": 0.06452702702702703,
        "dev_ece": 0.31055689630960287,
        "stopping_strategy": "baseline",
        "phase1_seed_strategy": "last",
        "phase1_best_epoch": null,
        "lambda1_mean": 0.5441487618932552,
        "lambda1_std": 0.45300986961504663,
        "lambda2_mean": 0.22039038206157585,
        "lambda2_std": 0.21172740131677395
      }
    },
    {
      "number": 3,
      "state": "COMPLETE",
      "params": {
        "lr": 0.0002085301893634611,
        "batch_size": 64,
        "cotrain_epochs": 12,
        "finetune_patience": 7,
        "weight_decay": 0.027252618282766528,
        "warmup_ratio": 0.1892430830991271
      },
      "dev_macro_f1": 0.417398,
      "duration_seconds": 241.1,
      "full_metrics": {
        "event": "cyclone_idai_2019",
        "budget": 25,
        "seed_set": 3,
        "test_error_rate": 40.051347881899865,
        "test_macro_f1": 0.4347987642964273,
        "test_ece": 0.0946256510712522,
        "test_per_class_f1": [
          0.15730337078651685,
          0.36363636363636365,
          0.7671232876712328,
          0.8670520231213873,
          0.14285714285714285,
          0.13793103448275862,
          0.21818181818181817,
          0.21428571428571427,
          0.7051070840197694,
          0.7745098039215687
        ],
        "dev_error_rate": 42.643391521197,
        "dev_macro_f1": 0.41739807085435193,
        "dev_ece": 0.0674861000660352,
        "stopping_strategy": "baseline",
        "phase1_seed_strategy": "last",
        "phase1_best_epoch": null,
        "lambda1_mean": 0.923597712939788,
        "lambda1_std": 0.35438624689172654,
        "lambda2_mean": 0.4527857890488949,
        "lambda2_std": 0.24559989243727468
      }
    },
    {
      "number": 4,
      "state": "COMPLETE",
      "params": {
        "lr": 0.00042002721288022577,
        "batch_size": 32,
        "cotrain_epochs": 18,
        "finetune_patience": 5,
        "weight_decay": 0.02474953338083037,
        "warmup_ratio": 0.21654167640341213
      },
      "dev_macro_f1": 0.064527,
      "duration_seconds": 341.9,
      "full_metrics": {
        "event": "cyclone_idai_2019",
        "budget": 25,
        "seed_set": 3,
        "test_error_rate": 52.503209242618745,
        "test_macro_f1": 0.06440382941688425,
        "test_ece": 0.3341766738922207,
        "test_per_class_f1": [
          0.0,
          0.0,
          0.0,
          0.0,
          0.0,
          0.0,
          0.0,
          0.0,
          0.6440382941688425,
          0.0
        ],
        "dev_error_rate": 52.36907730673317,
        "dev_macro_f1": 0.06452702702702703,
        "dev_ece": 0.332835353372103,
        "stopping_strategy": "baseline",
        "phase1_seed_strategy": "last",
        "phase1_best_epoch": null,
        "lambda1_mean": 0.6959795326402488,
        "lambda1_std": 0.44113698314617994,
        "lambda2_mean": 0.2793995198601109,
        "lambda2_std": 0.278439632862162
      }
    },
    {
      "number": 5,
      "state": "COMPLETE",
      "params": {
        "lr": 0.00021409767681058222,
        "batch_size": 16,
        "cotrain_epochs": 17,
        "finetune_patience": 6,
        "weight_decay": 0.05457359923511288,
        "warmup_ratio": 0.04013321950986831
      },
      "dev_macro_f1": 0.064527,
      "duration_seconds": 370.1,