{
  "event": "hurricane_irma_2017",
  "budget": 50,
  "seed_set": 3,
  "test_error_rate": 29.96777658431794,
  "test_macro_f1": 0.67930277060101,
  "test_ece": 0.11426496041576538,
  "test_per_class_f1": [
    0.6914498141263941,
    0.8248587570621468,
    0.823841059602649,
    0.9329608938547486,
    0.552901023890785,
    0.48711340206185566,
    0.3684210526315789,
    0.7222222222222222,
    0.70995670995671
  ],
  "dev_error_rate": 31.419624217119,
  "dev_macro_f1": 0.6648702209651352,
  "dev_ece": 0.1262867830242643,
  "stopping_strategy": "baseline",
  "phase1_seed_strategy": "last",
  "phase1_best_epoch": null,
  "lambda1_mean": 1.0096335258623825,
  "lambda1_std": 0.29096367104490956,
  "lambda2_mean": 0.5066767233627083,
  "lambda2_std": 0.19698967247640312
}