{
  "event": "hurricane_irma_2017",
  "budget": 25,
  "seed_set": 1,
  "test_error_rate": 47.85177228786252,
  "test_macro_f1": 0.517893000989567,
  "test_ece": 0.13214524179921114,
  "test_per_class_f1": [
    0.5514705882352942,
    0.3850267379679144,
    0.5975308641975309,
    0.7924528301886793,
    0.47058823529411764,
    0.25290697674418605,
    0.3595505617977528,
    0.6410684474123539,
    0.6104417670682731
  ],
  "dev_error_rate": 50.626304801670145,
  "dev_macro_f1": 0.49496124478059783,
  "dev_ece": 0.1652924830331185,
  "stopping_strategy": "baseline",
  "phase1_seed_strategy": "last",
  "phase1_best_epoch": null,
  "lambda1_mean": 0.5226515596452003,
  "lambda1_std": 0.11853503966836203,
  "lambda2_mean": 0.12508499359009959,
  "lambda2_std": 0.035504734585137435
}