{
  "event": "kaikoura_earthquake_2016",
  "budget": 25,
  "seed_set": 2,
  "test_error_rate": 33.333333333333336,
  "test_macro_f1": 0.5643639245938599,
  "test_ece": 0.1154674342651477,
  "test_per_class_f1": [
    0.618421052631579,
    0.52,
    0.7891156462585034,
    0.5151515151515151,
    0.5263157894736842,
    0.4166666666666667,
    0.0,
    0.775,
    0.9186046511627907
  ],
  "dev_error_rate": 33.03571428571429,
  "dev_macro_f1": 0.5873733383537306,
  "dev_ece": 0.1134804311607565,
  "stopping_strategy": "baseline",
  "phase1_seed_strategy": "last",
  "phase1_best_epoch": null,
  "lambda1_mean": 0.9262652407293356,
  "lambda1_std": 0.13958089282981095,
  "lambda2_mean": 0.3235477782245214,
  "lambda2_std": 0.1318674092984549
}