{
  "event": "hurricane_harvey_2017",
  "budget": 10,
  "seed_set": 1,
  "test_error_rate": 62.93628808864267,
  "test_macro_f1": 0.29052850423466314,
  "test_ece": 0.307462951978488,
  "test_per_class_f1": [
    0.35844155844155845,
    0.0,
    0.2494331065759637,
    0.5617977528089888,
    0.0,
    0.2626641651031895,
    0.145610278372591,
    0.6032432432432432,
    0.43356643356643354
  ],
  "dev_error_rate": 61.89451022604951,
  "dev_macro_f1": 0.3110504581700271,
  "dev_ece": 0.289859264287035,
  "stopping_strategy": "baseline",
  "phase1_seed_strategy": "last",
  "phase1_best_epoch": null,
  "lambda1_mean": 0.978769231473783,
  "lambda1_std": 0.29491632653421407,
  "lambda2_mean": 0.4563558852731825,
  "lambda2_std": 0.19790685135074024
}