{
  "event": "hurricane_maria_2017",
  "budget": 5,
  "seed_set": 3,
  "test_error_rate": 76.90707350901526,
  "test_macro_f1": 0.17274985065874873,
  "test_ece": 0.3117785581003942,
  "test_per_class_f1": [
    0.33663366336633666,
    0.0,
    0.13725490196078433,
    0.0,
    0.2,
    0.2817796610169492,
    0.14150943396226415,
    0.28807947019867547,
    0.1694915254237288
  ],
  "dev_error_rate": 77.088948787062,
  "dev_macro_f1": 0.16715275502748958,
  "dev_ece": 0.32021694031928105
}