{
  "event": "hurricane_harvey_2017",
  "budget": 50,
  "seed_set": 2,
  "test_error_rate": 28.088642659279785,
  "test_macro_f1": 0.682073036208972,
  "test_ece": 0.1364872552021058,
  "test_per_class_f1": [
    0.6175115207373272,
    0.8427672955974843,
    0.8225806451612904,
    0.9204152249134948,
    0.3333333333333333,
    0.5033557046979866,
    0.5,
    0.8263358778625954,
    0.7723577235772358
  ],
  "dev_error_rate": 28.31001076426265,
  "dev_macro_f1": 0.691223558577928,
  "dev_ece": 0.14409814391634052,
  "stopping_strategy": "baseline",
  "phase1_seed_strategy": "last",
  "phase1_best_epoch": null,
  "lambda1_mean": 0.9820185250433753,
  "lambda1_std": 0.27678237356410007,
  "lambda2_mean": 0.6696966801996782,
  "lambda2_std": 0.2660490744190416
}