{
  "event": "hurricane_maria_2017",
  "budget": 10,
  "seed_set": 3,
  "test_error_rate": 54.29958391123439,
  "test_macro_f1": 0.42709673701326517,
  "test_ece": 0.07377213635449603,
  "test_per_class_f1": [
    0.616822429906542,
    0.1797752808988764,
    0.4703891708967851,
    0.43601895734597157,
    0.38202247191011235,
    0.0,
    0.47619047619047616,
    0.6462882096069869,
    0.6363636363636364
  ],
  "dev_error_rate": 53.63881401617251,
  "dev_macro_f1": 0.4140334920037813,
  "dev_ece": 0.08105354205858356,
  "stopping_strategy": "baseline",
  "phase1_seed_strategy": "last",
  "phase1_best_epoch": null,
  "lambda1_mean": 0.5966290007888588,
  "lambda1_std": 0.13674582090026,
  "lambda2_mean": 0.15937688644925244,
  "lambda2_std": 0.047928648914965365
}