{
  "event": "canada_wildfires_2016",
  "budget": 5,
  "seed_set": 2,
  "test_error_rate": 67.86516853932585,
  "test_macro_f1": 0.16265367916518897,
  "test_ece": 0.1938262672906511,
  "test_per_class_f1": [
    0.11904761904761904,
    0.0,
    0.3111111111111111,
    0.0,
    0.21800947867298578,
    0.0,
    0.6530612244897959,
    0.0
  ],
  "dev_error_rate": 67.10526315789474,
  "dev_macro_f1": 0.1664712182975431,
  "dev_ece": 0.17726525154552963,
  "stopping_strategy": "baseline",
  "phase1_seed_strategy": "last",
  "phase1_best_epoch": null,
  "lambda1_mean": 0.4465731943060935,
  "lambda1_std": 0.09472800140441356,
  "lambda2_mean": 0.159085018821254,
  "lambda2_std": 0.03313448772907726
}