{
  "event": "hurricane_irma_2017",
  "budget": 5,
  "seed_set": 3,
  "test_error_rate": 80.29001074113856,
  "test_macro_f1": 0.1409757874270549,
  "test_ece": 0.4377097109798842,
  "test_per_class_f1": [
    0.2713347921225383,
    0.0,
    0.005305039787798408,
    0.33432835820895523,
    0.08839779005524862,
    0.2786259541984733,
    0.0,
    0.09659090909090909,
    0.19419924337957126
  ],
  "dev_error_rate": 80.58455114822547,
  "dev_macro_f1": 0.14430344806265635,
  "dev_ece": 0.439734222666829
}