{
  "event": "california_wildfires_2018",
  "budget": 10,
  "seed_set": 2,
  "status": "done",
  "best_params": {
    "lr": 5.338449155461245e-05,
    "batch_size": 16,
    "cotrain_epochs": 13,
    "finetune_patience": 8,
    "weight_decay": 0.08700006392667183,
    "warmup_ratio": 0.12515684692289805
  },
  "best_value": 0.603911,
  "best_full_metrics": {
    "event": "california_wildfires_2018",
    "budget": 10,
    "seed_set": 2,
    "test_error_rate": 27.857631759069136,
    "test_macro_f1": 0.6195926177021244,
    "test_ece": 0.2075884195119856,
    "test_per_class_f1": [
      0.576271186440678,
      0.7311827956989247,
      0.5714285714285714,
      0.911651728553137,
      0.7076923076923077,
      0.6959459459459459,
      0.2827586206896552,
      0.2222222222222222,
      0.810077519379845,
      0.6866952789699571
    ],
    "dev_error_rate": 26.063829787234038,
    "dev_macro_f1": 0.6039113651712447,
    "dev_ece": 0.20269155954109863,
    "stopping_strategy": "baseline",
    "phase1_seed_strategy": "last",
    "phase1_best_epoch": null,
    "lambda1_mean": 1.0513767084547383,
    "lambda1_std": 0.2531223879533943,
    "lambda2_mean": 0.5946741050791727,
    "lambda2_std": 0.20485488804406018
  },
  "n_trials": 10,
  "continued_from": null,
  "trials": [
    {
      "number": 0,
      "state": "COMPLETE",
      "params": {
        "lr": 0.0008120751902336432,
        "batch_size": 32,
        "cotrain_epochs": 12,
        "finetune_patience": 9,
        "weight_decay": 0.015060960596723016,
        "warmup_ratio": 0.12578457032850068
      },
      "dev_macro_f1": 0.041851,
      "duration_seconds": 479.5,
      "full_metrics": {
        "event": "california_wildfires_2018",
        "budget": 10,
        "seed_set": 2,
        "test_error_rate": 73.64818617385353,
        "test_macro_f1": 0.04171180931744312,
        "test_ece": 0.18447636415663032,
        "test_per_class_f1": [
          0.0,
          0.0,
          0.0,
          0.4171180931744312,
          0.0,
          0.0,
          0.0,
          0.0,
          0.0,
          0.0
        ],
        "dev_error_rate": 73.5372340425532,
        "dev_macro_f1": 0.04185068349106204,
        "dev_ece": 0.18336684149789045,
        "stopping_strategy": "baseline",
        "phase1_seed_strategy": "last",
        "phase1_best_epoch": null,
        "lambda1_mean": 0.29510670278881895,
        "lambda1_std": 0.21508083070717993,
        "lambda2_mean": 0.1459163531382585,
        "lambda2_std": 0.12746837650684711
      }
    },
    {
      "number": 1,
      "state": "COMPLETE",
      "params": {
        "lr": 0.0006277242819591505,
        "batch_size": 8,
        "cotrain_epochs": 17,
        "finetune_patience": 6,
        "weight_decay": 0.042697208016863566,
        "warmup_ratio": 0.27279672150798434
      },
      "dev_macro_f1": 0.041851,
      "duration_seconds": 1042.8,
      "full_metrics": {
        "event": "california_wildfires_2018",
        "budget": 10,
        "seed_set": 2,
        "test_error_rate": 73.64818617385353,
        "test_macro_f1": 0.04171180931744312,
        "test_ece": 0.24783791633275665,
        "test_per_class_f1": [
          0.0,
          0.0,
          0.0,
          0.4171180931744312,
          0.0,
          0.0,
          0.0,
          0.0,
          0.0,
          0.0
        ],
        "dev_error_rate": 73.5372340425532,
        "dev_macro_f1": 0.04185068349106204,
        "dev_ece": 0.24672839497315124,
        "stopping_strategy": "baseline",
        "phase1_seed_strategy": "last",
        "phase1_best_epoch": null,
        "lambda1_mean": 0.37116205583653095,
        "lambda1_std": 0.2387369591537028,
        "lambda2_mean": 0.12661027232560648,
        "lambda2_std": 0.1196266452628172
      }
    },
    {
      "number": 2,
      "state": "COMPLETE",
      "params": {
        "lr": 0.0003173859391752834,
        "batch_size": 16,
        "cotrain_epochs": 20,
        "finetune_patience": 9,
        "weight_decay": 0.03529116887917856,
        "warmup_ratio": 0.03641991280408569
      },
      "dev_macro_f1": 0.041851,
      "duration_seconds": 817.4,
      "full_metrics": {
        "event": "california_wildfires_2018",
        "budget": 10,
        "seed_set": 2,
        "test_error_rate": 73.64818617385353,
        "test_macro_f1": 0.04171180931744312,
        "test_ece": 0.39944853434246097,
        "test_per_class_f1": [
          0.0,
          0.0,
          0.0,
          0.4171180931744312,
          0.0,
          0.0,
          0.0,
          0.0,
          0.0,
          0.0
        ],
        "dev_error_rate": 73.5372340425532,
        "dev_macro_f1": 0.04185068349106204,
        "dev_ece": 0.3983390122017961,
        "stopping_strategy": "baseline",
        "phase1_seed_strategy": "last",
        "phase1_best_epoch": null,
        "lambda1_mean": 0.287249416324211,
        "lambda1_std": 0.28319318734582216,
        "lambda2_mean": 0.172348041009968,
        "lambda2_std": 0.18389640211453903
      }
    },
    {
      "number": 3,
      "state": "COMPLETE",
      "params": {
        "lr": 1.1301554557608722e-05,
        "batch_size": 16,
        "cotrain_epochs": 7,
        "finetune_patience": 8,
        "weight_decay": 0.08067566497433604,
        "warmup_ratio": 0.09110749149176715
      },
      "dev_macro_f1": 0.603756,
      "duration_seconds": 351.8,
      "full_metrics": {
        "event": "california_wildfires_2018",
        "budget": 10,
        "seed_set": 2,
        "test_error_rate": 27.378507871321013,
        "test_macro_f1": 0.5910457232071863,
        "test_ece": 0.1582361153957373,
        "test_per_class_f1": [
          0.5833333333333334,
          0.7727272727272727,
          0.5645933014354066,
          0.9224904701397713,
          0.6666666666666666,
          0.687392055267703,
          0.19305019305019305,
          0.0,
          0.8447653429602888,
          0.6754385964912281
        ],
        "dev_error_rate": 26.063829787234038,
        "dev_macro_f1": 0.6037559167072891,
        "dev_ece": 0.15337675794007927,
        "stopping_strategy": "baseline",
        "phase1_seed_strategy": "last",
        "phase1_best_epoch": null,
        "lambda1_mean": 0.9630276636473132,
        "lambda1_std": 0.3193944790384433,
        "lambda2_mean": 0.43109826739983526,
        "lambda2_std": 0.19592783168393363
      }
    },
    {
      "number": 4,
      "state": "COMPLETE",
      "params": {
        "lr": 0.0006193077465340521,
        "batch_size": 64,
        "cotrain_epochs": 18,
        "finetune_patience": 9,
        "weight_decay": 0.07424226906704859,
        "warmup_ratio": 0.0454552540847891
      },
      "dev_macro_f1": 0.041851,
      "duration_seconds": 604.8,
      "full_metrics": {
        "event": "california_wildfires_2018",
        "budget": 10,
        "seed_set": 2,
        "test_error_rate": 73.64818617385353,
        "test_macro_f1": 0.04171180931744312,
        "test_ece": 0.5895214866563769,
        "test_per_class_f1": [
          0.0,
          0.0,
          0.0,
          0.4171180931744312,
          0.0,
          0.0,
          0.0,
          0.0,
          0.0,
          0.0
        ],
        "dev_error_rate": 73.5372340425532,
        "dev_macro_f1": 0.04185068349106204,
        "dev_ece": 0.5884119720059506,
        "stopping_strategy": "baseline",
        "phase1_seed_strategy": "last",
        "phase1_best_epoch": null,
        "lambda1_mean": 0.3177309793378194,
        "lambda1_std": 0.4000843843684521,
        "lambda2_mean": 0.14865471348855622,
        "lambda2_std": 0.22716577435977836
      }
    },
    {
      "number": 5,
      "state": "COMPLETE",
      "params": {
        "lr": 2.9732331303861775e-05,
        "batch_size": 32,
        "cotrain_epochs": 18,
        "finetune_patience": 7,
        "weight_decay": 0.07088176107668884,
        "warmup_ratio": 0.11741273654229219
      },
      "dev_macro_f1": 0.599024,