{
  "event": "hurricane_harvey_2017",
  "budget": 5,
  "seed_set": 3,
  "test_error_rate": 72.07756232686981,
  "test_macro_f1": 0.24596029310718925,
  "test_ece": 0.22203281766159716,
  "test_per_class_f1": [
    0.32286995515695066,
    0.18092909535452323,
    0.3316062176165803,
    0.2631578947368421,
    0.06567164179104477,
    0.0,
    0.07368421052631578,
    0.5392156862745098,
    0.4365079365079365
  ],
  "dev_error_rate": 72.55113024757804,
  "dev_macro_f1": 0.26293766883702163,
  "dev_ece": 0.216100063660173,
  "stopping_strategy": "baseline",
  "phase1_seed_strategy": "last",
  "phase1_best_epoch": null,
  "lambda1_mean": 0.5039491220303068,
  "lambda1_std": 0.13567590518589004,
  "lambda2_mean": 0.147793503839038,
  "lambda2_std": 0.04524846798223912
}