{
  "event": "kaikoura_earthquake_2016",
  "budget": 25,
  "seed_set": 3,
  "status": "done",
  "best_params": {
    "lr": 6.718655420670869e-05,
    "batch_size": 16,
    "cotrain_epochs": 5,
    "finetune_patience": 10,
    "weight_decay": 0.02845729410900838,
    "warmup_ratio": 0.15831595984141364
  },
  "best_value": 0.693064,
  "best_full_metrics": {
    "event": "kaikoura_earthquake_2016",
    "budget": 25,
    "seed_set": 3,
    "test_error_rate": 24.827586206896555,
    "test_macro_f1": 0.7402126274182437,
    "test_ece": 0.11593382982001908,
    "test_per_class_f1": [
      0.7461139896373057,
      0.75,
      0.8091603053435115,
      1.0,
      0.5405405405405406,
      0.5294117647058824,
      0.5454545454545454,
      0.8536585365853658,
      0.8875739644970414
    ],
    "dev_error_rate": 26.785714285714292,
    "dev_macro_f1": 0.693064383421905,
    "dev_ece": 0.07391272644911495,
    "stopping_strategy": "baseline",
    "phase1_seed_strategy": "last",
    "phase1_best_epoch": null,
    "lambda1_mean": 0.8384307600279809,
    "lambda1_std": 0.2869076290536887,
    "lambda2_mean": 0.4039331682753185,
    "lambda2_std": 0.24499768413226353
  },
  "n_trials": 10,
  "continued_from": null,
  "trials": [
    {
      "number": 0,
      "state": "COMPLETE",
      "params": {
        "lr": 6.718655420670869e-05,
        "batch_size": 16,
        "cotrain_epochs": 5,
        "finetune_patience": 10,
        "weight_decay": 0.02845729410900838,
        "warmup_ratio": 0.15831595984141364
      },
      "dev_macro_f1": 0.693064,
      "duration_seconds": 91.7,
      "full_metrics": {
        "event": "kaikoura_earthquake_2016",
        "budget": 25,
        "seed_set": 3,
        "test_error_rate": 24.827586206896555,
        "test_macro_f1": 0.7402126274182437,
        "test_ece": 0.11593382982001908,
        "test_per_class_f1": [
          0.7461139896373057,
          0.75,
          0.8091603053435115,
          1.0,
          0.5405405405405406,
          0.5294117647058824,
          0.5454545454545454,
          0.8536585365853658,
          0.8875739644970414
        ],
        "dev_error_rate": 26.785714285714292,
        "dev_macro_f1": 0.693064383421905,
        "dev_ece": 0.07391272644911495,
        "stopping_strategy": "baseline",
        "phase1_seed_strategy": "last",
        "phase1_best_epoch": null,
        "lambda1_mean": 0.8384307600279809,
        "lambda1_std": 0.2869076290536887,
        "lambda2_mean": 0.4039331682753185,
        "lambda2_std": 0.24499768413226353
      }
    },
    {
      "number": 1,
      "state": "COMPLETE",
      "params": {
        "lr": 0.00041177735200527204,
        "batch_size": 32,
        "cotrain_epochs": 19,
        "finetune_patience": 6,
        "weight_decay": 0.051882428476781796,
        "warmup_ratio": 0.18676225270978208
      },
      "dev_macro_f1": 0.040552,
      "duration_seconds": 187.4,
      "full_metrics": {
        "event": "kaikoura_earthquake_2016",
        "budget": 25,
        "seed_set": 3,
        "test_error_rate": 77.47126436781609,
        "test_macro_f1": 0.04085887012716281,
        "test_ece": 0.03241391130562485,
        "test_per_class_f1": [
          0.3677298311444653,
          0.0,
          0.0,
          0.0,
          0.0,
          0.0,
          0.0,
          0.0,
          0.0
        ],
        "dev_error_rate": 77.67857142857143,
        "dev_macro_f1": 0.040551500405515,
        "dev_ece": 0.030343890921877975,
        "stopping_strategy": "baseline",
        "phase1_seed_strategy": "last",
        "phase1_best_epoch": null,
        "lambda1_mean": 0.45141415288367154,
        "lambda1_std": 0.15604561000476266,
        "lambda2_mean": 0.08238340562449033,
        "lambda2_std": 0.057354745769980627
      }
    },
    {
      "number": 2,
      "state": "COMPLETE",
      "params": {
        "lr": 3.1007284663329736e-05,
        "batch_size": 64,
        "cotrain_epochs": 20,
        "finetune_patience": 5,
        "weight_decay": 0.030768018760565244,
        "warmup_ratio": 0.08344092253297648
      },
      "dev_macro_f1": 0.663929,
      "duration_seconds": 180.6,
      "full_metrics": {
        "event": "kaikoura_earthquake_2016",
        "budget": 25,
        "seed_set": 3,
        "test_error_rate": 26.436781609195403,
        "test_macro_f1": 0.644168378056097,
        "test_ece": 0.12058784242334035,
        "test_per_class_f1": [
          0.7182320441988951,
          0.5,
          0.8333333333333334,
          0.9333333333333333,
          0.5675675675675675,
          0.49624060150375937,
          0.0,
          0.8292682926829268,
          0.9195402298850575
        ],
        "dev_error_rate": 26.339285714285708,
        "dev_macro_f1": 0.663929429748517,
        "dev_ece": 0.14603925522949016,
        "stopping_strategy": "baseline",
        "phase1_seed_strategy": "last",
        "phase1_best_epoch": null,
        "lambda1_mean": 1.0064775067509535,
        "lambda1_std": 0.2361654204857379,
        "lambda2_mean": 0.40619979507045784,
        "lambda2_std": 0.17794656351643934
      }
    },
    {
      "number": 3,
      "state": "COMPLETE",
      "params": {
        "lr": 0.00014861707002434597,
        "batch_size": 64,
        "cotrain_epochs": 12,
        "finetune_patience": 9,
        "weight_decay": 0.012362949912362621,
        "warmup_ratio": 0.27427732776098807
      },
      "dev_macro_f1": 0.627359,
      "duration_seconds": 121.3,
      "full_metrics": {
        "event": "kaikoura_earthquake_2016",
        "budget": 25,
        "seed_set": 3,
        "test_error_rate": 28.965517241379313,
        "test_macro_f1": 0.6093985651030911,
        "test_ece": 0.12037218555636789,
        "test_per_class_f1": [
          0.6666666666666666,
          0.4,
          0.7910447761194029,
          0.9047619047619048,
          0.5070422535211268,
          0.5037037037037037,
          0.0,
          0.8085106382978723,
          0.9028571428571428
        ],
        "dev_error_rate": 30.35714285714286,
        "dev_macro_f1": 0.6273586270967785,
        "dev_ece": 0.11713387830449001,
        "stopping_strategy": "baseline",
        "phase1_seed_strategy": "last",
        "phase1_best_epoch": null,
        "lambda1_mean": 0.9287609191857145,
        "lambda1_std": 0.28923319732444347,
        "lambda2_mean": 0.4054043499465665,
        "lambda2_std": 0.20878729478949942
      }
    },
    {
      "number": 4,
      "state": "COMPLETE",
      "params": {
        "lr": 0.0002667634354961531,
        "batch_size": 16,
        "cotrain_epochs": 6,
        "finetune_patience": 4,
        "weight_decay": 0.011005137843444769,
        "warmup_ratio": 0.021274931412710106
      },
      "dev_macro_f1": 0.040552,
      "duration_seconds": 91.2,
      "full_metrics": {
        "event": "kaikoura_earthquake_2016",
        "budget": 25,
        "seed_set": 3,
        "test_error_rate": 77.47126436781609,
        "test_macro_f1": 0.04085887012716281,
        "test_ece": 0.03289103093503534,
        "test_per_class_f1": [
          0.3677298311444653,
          0.0,
          0.0,
          0.0,
          0.0,
          0.0,
          0.0,
          0.0,
          0.0
        ],
        "dev_error_rate": 77.67857142857143,
        "dev_macro_f1": 0.040551500405515,
        "dev_ece": 0.030817959324589805,
        "stopping_strategy": "baseline",
        "phase1_seed_strategy": "last",
        "phase1_best_epoch": null,
        "lambda1_mean": 0.24359532513988352,
        "lambda1_std": 0.24643795673017885,
        "lambda2_mean": 0.10853125172373815,
        "lambda2_std": 0.13989372335967962
      }
    },
    {
      "number": 5,
      "state": "COMPLETE",
      "params": {
        "lr": 7.027575675210304e-05,
        "batch_size": 16,
        "cotrain_epochs": 12,
        "finetune_patience": 4,
        "weight_decay": 0.021748204389256245,
        "warmup_ratio": 0.27222766080025906
      },
      "dev_macro_f1": 0.66878,