{
  "event": "hurricane_dorian_2019",
  "budget": 5,
  "seed_set": 2,
  "test_error_rate": 35.742705570291776,
  "test_macro_f1": 0.5011764629686706,
  "test_ece": 0.28926824545117213,
  "test_per_class_f1": [
    0.6382978723404256,
    0.8514285714285714,
    0.5864197530864198,
    0.0,
    0.625,
    0.1749271137026239,
    0.0,
    0.8291457286432161,
    0.8053691275167785
  ],
  "dev_error_rate": 38.91752577319587,
  "dev_macro_f1": 0.4744223607672427,
  "dev_ece": 0.3143805519668097,
  "stopping_strategy": "baseline",
  "phase1_seed_strategy": "last",
  "phase1_best_epoch": null,
  "lambda1_mean": 1.0307385445078947,
  "lambda1_std": 0.27566618687598826,
  "lambda2_mean": 0.5076178774875809,
  "lambda2_std": 0.18029256363813456
}