{
  "event": "hurricane_maria_2017",
  "budget": 25,
  "seed_set": 1,
  "test_error_rate": 51.3869625520111,
  "test_macro_f1": 0.4818950952744314,
  "test_ece": 0.2029819382708546,
  "test_per_class_f1": [
    0.5904761904761905,
    0.14960629921259844,
    0.5655430711610487,
    0.7605633802816901,
    0.28846153846153844,
    0.2469733656174334,
    0.46153846153846156,
    0.6438569206842923,
    0.63003663003663
  ],
  "dev_error_rate": 49.326145552560654,
  "dev_macro_f1": 0.48783548282082634,
  "dev_ece": 0.20042190955816253
}