{
  "event": "hurricane_harvey_2017",
  "budget": 25,
  "seed_set": 2,
  "test_error_rate": 57.06371191135734,
  "test_macro_f1": 0.45662782967547955,
  "test_ece": 0.21124862969912322,
  "test_per_class_f1": [
    0.47715736040609136,
    0.43636363636363634,
    0.5106382978723404,
    0.7986111111111112,
    0.38247011952191234,
    0.14767932489451477,
    0.22172949002217296,
    0.42911877394636017,
    0.7058823529411765
  ],
  "dev_error_rate": 55.543595263724434,
  "dev_macro_f1": 0.47404919861979383,
  "dev_ece": 0.23167661247841126
}