{
  "event": "canada_wildfires_2016",
  "budget": 5,
  "seed_set": 3,
  "test_error_rate": 22.92134831460674,
  "test_macro_f1": 0.5598673247502994,
  "test_ece": 0.0875682339909371,
  "test_per_class_f1": [
    0.21428571428571427,
    0.8662420382165605,
    0.8823529411764706,
    0.2857142857142857,
    0.5087719298245614,
    0.0,
    0.8961748633879781,
    0.8253968253968254
  ],
  "dev_error_rate": 24.561403508771928,
  "dev_macro_f1": 0.5319772638371438,
  "dev_ece": 0.11673994819846067,
  "stopping_strategy": "baseline",
  "phase1_seed_strategy": "last",
  "phase1_best_epoch": null,
  "lambda1_mean": 0.9561792826286288,
  "lambda1_std": 0.2505788634615699,
  "lambda2_mean": 0.40374242987063863,
  "lambda2_std": 0.17577908724982347
}