{
  "event": "cyclone_idai_2019",
  "budget": 5,
  "seed_set": 2,
  "test_error_rate": 23.106546854942234,
  "test_macro_f1": 0.5215920283029145,
  "test_ece": 0.14479354789076476,
  "test_per_class_f1": [
    0.2857142857142857,
    0.47058823529411764,
    0.7552447552447552,
    0.9047619047619048,
    0.0,
    0.3225806451612903,
    0.4,
    0.4,
    0.875,
    0.8020304568527918
  ],
  "dev_error_rate": 26.184538653366584,
  "dev_macro_f1": 0.5173279467673633,
  "dev_ece": 0.16375941959699788,
  "stopping_strategy": "baseline",
  "phase1_seed_strategy": "last",
  "phase1_best_epoch": null,
  "lambda1_mean": 1.0173559598411444,
  "lambda1_std": 0.29633487289412197,
  "lambda2_mean": 0.5604114228734783,
  "lambda2_std": 0.2154225761566933
}