{
  "event": "kaikoura_earthquake_2016",
  "budget": 50,
  "seed_set": 1,
  "test_error_rate": 25.51724137931034,
  "test_macro_f1": 0.6816244926226975,
  "test_ece": 0.09130690556833115,
  "test_per_class_f1": [
    0.6746987951807228,
    0.8125,
    0.8372093023255814,
    0.9302325581395349,
    0.5454545454545454,
    0.5379310344827586,
    0.0,
    0.891566265060241,
    0.9050279329608939
  ],
  "dev_error_rate": 24.10714285714286,
  "dev_macro_f1": 0.7044388084910645,
  "dev_ece": 0.09397682866879872,
  "stopping_strategy": "baseline",
  "phase1_seed_strategy": "last",
  "phase1_best_epoch": null,
  "lambda1_mean": 0.7923881123974363,
  "lambda1_std": 0.24464796130105412,
  "lambda2_mean": 0.2691000601229492,
  "lambda2_std": 0.1520623846977446
}