{
  "event": "hurricane_florence_2018",
  "budget": 5,
  "seed_set": 2,
  "status": "done",
  "best_params": {
    "lr": 9.540717969021491e-05,
    "batch_size": 16,
    "cotrain_epochs": 10,
    "finetune_patience": 6,
    "weight_decay": 0.04997721436562148,
    "warmup_ratio": 0.29412294768455927
  },
  "best_value": 0.040213,
  "best_full_metrics": {
    "event": "hurricane_florence_2018",
    "budget": 5,
    "seed_set": 2,
    "test_error_rate": 93.4730056406124,
    "test_macro_f1": 0.03406042703289327,
    "test_ece": 0.07793385737802981,
    "test_per_class_f1": [
      0.0,
      0.23054755043227665,
      0.0,
      0.07599629286376275,
      0.0,
      0.0,
      0.0,
      0.0,
      0.0
    ],
    "dev_error_rate": 92.17527386541471,
    "dev_macro_f1": 0.040213278293773656,
    "dev_ece": 0.0664361623204743,
    "stopping_strategy": "baseline",
    "phase1_seed_strategy": "last",
    "phase1_best_epoch": null,
    "lambda1_mean": 1.1751557885356088,
    "lambda1_std": 0.006159684772742669,
    "lambda2_mean": 0.6567629905394111,
    "lambda2_std": 0.009227798885729926
  },
  "n_trials": 10,
  "continued_from": null,
  "trials": [
    {
      "number": 0,
      "state": "COMPLETE",
      "params": {
        "lr": 1.4935686210753649e-05,
        "batch_size": 8,
        "cotrain_epochs": 9,
        "finetune_patience": 10,
        "weight_decay": 0.09363652887437107,
        "warmup_ratio": 0.23502016432204043
      },
      "dev_macro_f1": 0.009965,
      "duration_seconds": 819.3,
      "full_metrics": {
        "event": "hurricane_florence_2018",
        "budget": 5,
        "seed_set": 2,
        "test_error_rate": 95.24576954069299,
        "test_macro_f1": 0.010085470085470085,
        "test_ece": 0.9524130700673912,
        "test_per_class_f1": [
          0.0,
          0.0,
          0.0,
          0.09076923076923077,
          0.0,
          0.0,
          0.0,
          0.0,
          0.0
        ],
        "dev_error_rate": 95.30516431924883,
        "dev_macro_f1": 0.009965122072745391,
        "dev_ece": 0.9530070381172013,
        "stopping_strategy": "baseline",
        "phase1_seed_strategy": "last",
        "phase1_best_epoch": null,
        "lambda1_mean": 1.1711330064457188,
        "lambda1_std": 0.0010951553542318645,
        "lambda2_mean": 0.6366541550882193,
        "lambda2_std": 0.00262486337390115
      }
    },
    {
      "number": 1,
      "state": "COMPLETE",
      "params": {
        "lr": 9.623324759907996e-05,
        "batch_size": 64,
        "cotrain_epochs": 14,
        "finetune_patience": 5,
        "weight_decay": 0.03153959373680781,
        "warmup_ratio": 0.2496396482464687
      },
      "dev_macro_f1": 0.009965,
      "duration_seconds": 829.0,
      "full_metrics": {
        "event": "hurricane_florence_2018",
        "budget": 5,
        "seed_set": 2,
        "test_error_rate": 95.24576954069299,
        "test_macro_f1": 0.010085470085470085,
        "test_ece": 0.952393739815204,
        "test_per_class_f1": [
          0.0,
          0.0,
          0.0,
          0.09076923076923077,
          0.0,
          0.0,
          0.0,
          0.0,
          0.0
        ],
        "dev_error_rate": 95.30516431924883,
        "dev_macro_f1": 0.009965122072745391,
        "dev_ece": 0.9529876940313826,
        "stopping_strategy": "baseline",
        "phase1_seed_strategy": "last",
        "phase1_best_epoch": null,
        "lambda1_mean": 1.152474316170982,
        "lambda1_std": 0.0037612036837382985,
        "lambda2_mean": 0.7127081443592801,
        "lambda2_std": 0.008463025275137155
      }
    },
    {
      "number": 2,
      "state": "COMPLETE",
      "params": {
        "lr": 9.540717969021491e-05,
        "batch_size": 16,
        "cotrain_epochs": 10,
        "finetune_patience": 6,
        "weight_decay": 0.04997721436562148,
        "warmup_ratio": 0.29412294768455927
      },
      "dev_macro_f1": 0.040213,
      "duration_seconds": 785.3,
      "full_metrics": {
        "event": "hurricane_florence_2018",
        "budget": 5,
        "seed_set": 2,
        "test_error_rate": 93.4730056406124,
        "test_macro_f1": 0.03406042703289327,
        "test_ece": 0.07793385737802981,
        "test_per_class_f1": [
          0.0,
          0.23054755043227665,
          0.0,
          0.07599629286376275,
          0.0,
          0.0,
          0.0,
          0.0,
          0.0
        ],
        "dev_error_rate": 92.17527386541471,
        "dev_macro_f1": 0.040213278293773656,
        "dev_ece": 0.0664361623204743,
        "stopping_strategy": "baseline",
        "phase1_seed_strategy": "last",
        "phase1_best_epoch": null,
        "lambda1_mean": 1.1751557885356088,
        "lambda1_std": 0.006159684772742669,
        "lambda2_mean": 0.6567629905394111,
        "lambda2_std": 0.009227798885729926
      }
    },
    {
      "number": 3,
      "state": "COMPLETE",
      "params": {
        "lr": 0.0001488163436963801,
        "batch_size": 64,
        "cotrain_epochs": 20,
        "finetune_patience": 8,
        "weight_decay": 0.05153674248028577,
        "warmup_ratio": 0.23793224258694456
      },
      "dev_macro_f1": 0.009965,
      "duration_seconds": 1140.1,
      "full_metrics": {
        "event": "hurricane_florence_2018",
        "budget": 5,
        "seed_set": 2,
        "test_error_rate": 95.24576954069299,
        "test_macro_f1": 0.010085470085470085,
        "test_ece": 0.9524366894044961,
        "test_per_class_f1": [
          0.0,
          0.0,
          0.0,
          0.09076923076923077,
          0.0,
          0.0,
          0.0,
          0.0,
          0.0
        ],
        "dev_error_rate": 95.30516431924883,
        "dev_macro_f1": 0.009965122072745391,
        "dev_ece": 0.9530306366127981,
        "stopping_strategy": "baseline",
        "phase1_seed_strategy": "last",
        "phase1_best_epoch": null,
        "lambda1_mean": 1.1443219507538744,
        "lambda1_std": 0.005699713507986835,
        "lambda2_mean": 0.7691281821651165,
        "lambda2_std": 0.011381313489459805
      }
    },
    {
      "number": 4,
      "state": "COMPLETE",
      "params": {
        "lr": 4.3646254434555403e-05,
        "batch_size": 64,
        "cotrain_epochs": 17,
        "finetune_patience": 8,
        "weight_decay": 0.053605369950070515,
        "warmup_ratio": 0.10333076523340762
      },
      "dev_macro_f1": 0.009965,
      "duration_seconds": 985.4,
      "full_metrics": {
        "event": "hurricane_florence_2018",
        "budget": 5,
        "seed_set": 2,
        "test_error_rate": 95.24576954069299,
        "test_macro_f1": 0.010085470085470085,
        "test_ece": 0.9523507402271729,
        "test_per_class_f1": [
          0.0,
          0.0,
          0.0,
          0.09076923076923077,
          0.0,
          0.0,
          0.0,
          0.0,
          0.0
        ],
        "dev_error_rate": 95.30516431924883,
        "dev_macro_f1": 0.009965122072745391,
        "dev_ece": 0.9529446920318783,
        "stopping_strategy": "baseline",
        "phase1_seed_strategy": "last",
        "phase1_best_epoch": null,
        "lambda1_mean": 1.1465664848070694,
        "lambda1_std": 0.0013852322226287474,
        "lambda2_mean": 0.7364023848864681,
        "lambda2_std": 0.0031638016637007367
      }
    },
    {
      "number": 5,
      "state": "COMPLETE",
      "params": {
        "lr": 0.0003916867269347645,
        "batch_size": 8,
        "cotrain_epochs": 11,
        "finetune_patience": 5,
        "weight_decay": 0.04115140381580629,
        "warmup_ratio": 0.20850413949744914
      },
      "dev_macro_f1": 0.032129,
      "duration_seconds": 964.5,
      "full_metrics": {
        "event": "hurricane_florence_2018",
        "budget": 5,
        "seed_set": 2,
        "test_error_rate": 83.07816277195809,
        "test_macro_f1": 0.03216172754422238,
        "test_ece": 0.03348933604578161,