{
  "event": "hurricane_harvey_2017",
  "budget": 10,
  "seed_set": 2,
  "test_error_rate": 86.70360110803324,
  "test_macro_f1": 0.04223133084081852,
  "test_ece": 0.008837368448685403,
  "test_per_class_f1": [
    0.0,
    0.0,
    0.0,
    0.0,
    0.0,
    0.28908964558721334,
    0.06765899864682003,
    0.023333333333333334,
    0.0
  ],
  "dev_error_rate": 85.68353067814854,
  "dev_macro_f1": 0.04868539517043994,
  "dev_ece": 0.01902091416527303
}