{
  "event": "hurricane_harvey_2017",
  "budget": 5,
  "seed_set": 2,
  "test_error_rate": 87.75623268698061,
  "test_macro_f1": 0.09799663643242017,
  "test_ece": 0.6947843006608229,
  "test_per_class_f1": [
    0.16435432230522945,
    0.15873015873015872,
    0.0,
    0.0,
    0.1360544217687075,
    0.07296137339055794,
    0.0,
    0.0,
    0.34986945169712796
  ],
  "dev_error_rate": 85.03767491926804,
  "dev_macro_f1": 0.12408570546498078,
  "dev_ece": 0.6756398560733918,
  "stopping_strategy": "baseline",
  "phase1_seed_strategy": "last",
  "phase1_best_epoch": null,
  "lambda1_mean": 0.9815878310316605,
  "lambda1_std": 0.3201922348106779,
  "lambda2_mean": 0.4691268127126384,
  "lambda2_std": 0.2223045572471522
}