{
  "event": "hurricane_irma_2017",
  "budget": 5,
  "seed_set": 3,
  "test_error_rate": 80.07518796992481,
  "test_macro_f1": 0.13811412644551754,
  "test_ece": 0.5815964394622151,
  "test_per_class_f1": [
    0.14860681114551083,
    0.0,
    0.0,
    0.4090909090909091,
    0.0,
    0.2819203268641471,
    0.0,
    0.0,
    0.4034090909090909
  ],
  "dev_error_rate": 80.89770354906054,
  "dev_macro_f1": 0.13318224566178227,
  "dev_ece": 0.5859578850373843,
  "stopping_strategy": "baseline",
  "phase1_seed_strategy": "last",
  "phase1_best_epoch": null,
  "lambda1_mean": 0.9966965410536828,
  "lambda1_std": 0.30444229147277674,
  "lambda2_mean": 0.49585359223568337,
  "lambda2_std": 0.20886991645624947
}