{
  "event": "hurricane_maria_2017",
  "budget": 10,
  "seed_set": 1,
  "status": "done",
  "best_params": {
    "lr": 0.00014266108439129528,
    "batch_size": 64,
    "cotrain_epochs": 19,
    "finetune_patience": 6,
    "weight_decay": 0.04120052401699417,
    "warmup_ratio": 0.04484760517953772
  },
  "best_value": 0.669671,
  "best_full_metrics": {
    "event": "hurricane_maria_2017",
    "budget": 10,
    "seed_set": 1,
    "test_error_rate": 31.276005547850204,
    "test_macro_f1": 0.6535465456332719,
    "test_ece": 0.23763885761348946,
    "test_per_class_f1": [
      0.6595744680851063,
      0.6756756756756757,
      0.8146911519198664,
      0.907563025210084,
      0.34782608695652173,
      0.3945578231292517,
      0.5882352941176471,
      0.813953488372093,
      0.6798418972332015
    ],
    "dev_error_rate": 29.64959568733153,
    "dev_macro_f1": 0.6696714570559489,
    "dev_ece": 0.22682504942314324,
    "stopping_strategy": "baseline",
    "phase1_seed_strategy": "last",
    "phase1_best_epoch": null,
    "lambda1_mean": 1.0838129895656001,
    "lambda1_std": 0.19170759041621604,
    "lambda2_mean": 0.6732811418613599,
    "lambda2_std": 0.17061879937396668
  },
  "n_trials": 10,
  "continued_from": null,
  "trials": [
    {
      "number": 0,
      "state": "COMPLETE",
      "params": {
        "lr": 0.00025982261652209465,
        "batch_size": 32,
        "cotrain_epochs": 7,
        "finetune_patience": 5,
        "weight_decay": 0.0718483349044283,
        "warmup_ratio": 0.09597958697678219
      },
      "dev_macro_f1": 0.047552,
      "duration_seconds": 296.1,
      "full_metrics": {
        "event": "hurricane_maria_2017",
        "budget": 10,
        "seed_set": 1,
        "test_error_rate": 72.88488210818308,
        "test_macro_f1": 0.04740255804085591,
        "test_ece": 0.5345500320733503,
        "test_per_class_f1": [
          0.0,
          0.0,
          0.0,
          0.0,
          0.0,
          0.0,
          0.0,
          0.4266230223677032,
          0.0
        ],
        "dev_error_rate": 72.77628032345014,
        "dev_macro_f1": 0.04755178907721281,
        "dev_ece": 0.5334640169400731,
        "stopping_strategy": "baseline",
        "phase1_seed_strategy": "last",
        "phase1_best_epoch": null,
        "lambda1_mean": 0.4032435857637143,
        "lambda1_std": 0.3745925095090798,
        "lambda2_mean": 0.1367861269496205,
        "lambda2_std": 0.18998593164550018
      }
    },
    {
      "number": 1,
      "state": "COMPLETE",
      "params": {
        "lr": 0.00010249118518082981,
        "batch_size": 16,
        "cotrain_epochs": 14,
        "finetune_patience": 4,
        "weight_decay": 0.05487576696416113,
        "warmup_ratio": 0.225226770232224
      },
      "dev_macro_f1": 0.582358,
      "duration_seconds": 584.5,
      "full_metrics": {
        "event": "hurricane_maria_2017",
        "budget": 10,
        "seed_set": 1,
        "test_error_rate": 35.5755894590846,
        "test_macro_f1": 0.579052767383783,
        "test_ece": 0.15070293137956098,
        "test_per_class_f1": [
          0.42857142857142855,
          0.5208333333333334,
          0.8313856427378965,
          0.9016393442622951,
          0.3076923076923077,
          0.2016348773841962,
          0.6198083067092651,
          0.8073170731707318,
          0.5925925925925926
        ],
        "dev_error_rate": 35.84905660377359,
        "dev_macro_f1": 0.5823584549184884,
        "dev_ece": 0.15200279185151797,
        "stopping_strategy": "baseline",
        "phase1_seed_strategy": "last",
        "phase1_best_epoch": null,
        "lambda1_mean": 1.0324300358433984,
        "lambda1_std": 0.19033886958473428,
        "lambda2_mean": 0.1236020803108003,
        "lambda2_std": 0.11141656238458612
      }
    },
    {
      "number": 2,
      "state": "COMPLETE",
      "params": {
        "lr": 0.0007466815533955152,
        "batch_size": 8,
        "cotrain_epochs": 17,
        "finetune_patience": 4,
        "weight_decay": 0.028682941696218812,
        "warmup_ratio": 0.04372122932790172
      },
      "dev_macro_f1": 0.047552,
      "duration_seconds": 1154.5,
      "full_metrics": {
        "event": "hurricane_maria_2017",
        "budget": 10,
        "seed_set": 1,
        "test_error_rate": 72.88488210818308,
        "test_macro_f1": 0.04740255804085591,
        "test_ece": 0.5304963974367398,
        "test_per_class_f1": [
          0.0,
          0.0,
          0.0,
          0.0,
          0.0,
          0.0,
          0.0,
          0.4266230223677032,
          0.0
        ],
        "dev_error_rate": 72.77628032345014,
        "dev_macro_f1": 0.04755178907721281,
        "dev_ece": 0.5294103809604747,
        "stopping_strategy": "baseline",
        "phase1_seed_strategy": "last",
        "phase1_best_epoch": null,
        "lambda1_mean": 0.34580044015017813,
        "lambda1_std": 0.356744790287937,
        "lambda2_mean": 0.18352926715387954,
        "lambda2_std": 0.20846598248492004
      }
    },
    {
      "number": 3,
      "state": "COMPLETE",
      "params": {
        "lr": 0.0001652175036288516,
        "batch_size": 16,
        "cotrain_epochs": 19,
        "finetune_patience": 4,
        "weight_decay": 0.04931966983912182,
        "warmup_ratio": 0.07012321864109565
      },
      "dev_macro_f1": 0.047552,
      "duration_seconds": 750.3,
      "full_metrics": {
        "event": "hurricane_maria_2017",
        "budget": 10,
        "seed_set": 1,
        "test_error_rate": 72.88488210818308,
        "test_macro_f1": 0.04740255804085591,
        "test_ece": 0.5012757843476559,
        "test_per_class_f1": [
          0.0,
          0.0,
          0.0,
          0.0,
          0.0,
          0.0,
          0.0,
          0.4266230223677032,
          0.0
        ],
        "dev_error_rate": 72.77628032345014,
        "dev_macro_f1": 0.04755178907721281,
        "dev_ece": 0.5001897712280807,
        "stopping_strategy": "baseline",
        "phase1_seed_strategy": "last",
        "phase1_best_epoch": null,
        "lambda1_mean": 0.45722684628350774,
        "lambda1_std": 0.35205494088825584,
        "lambda2_mean": 0.1639141906843975,
        "lambda2_std": 0.20259218723766145
      }
    },
    {
      "number": 4,
      "state": "COMPLETE",
      "params": {
        "lr": 0.00019321097682040465,
        "batch_size": 64,
        "cotrain_epochs": 5,
        "finetune_patience": 6,
        "weight_decay": 0.0569594085469901,
        "warmup_ratio": 0.2965723238250479
      },
      "dev_macro_f1": 0.667215,
      "duration_seconds": 345.7,
      "full_metrics": {
        "event": "hurricane_maria_2017",
        "budget": 10,
        "seed_set": 1,
        "test_error_rate": 31.34535367545076,
        "test_macro_f1": 0.6378685626159145,
        "test_ece": 0.1012632237972069,
        "test_per_class_f1": [
          0.5230769230769231,
          0.6666666666666666,
          0.8525641025641025,
          0.9354838709677419,
          0.32142857142857145,
          0.32779097387173395,
          0.6521739130434783,
          0.8077858880778589,
          0.6538461538461539
        ],
        "dev_error_rate": 28.975741239892184,
        "dev_macro_f1": 0.6672145664812985,
        "dev_ece": 0.08928544261063526,
        "stopping_strategy": "baseline",
        "phase1_seed_strategy": "last",
        "phase1_best_epoch": null,
        "lambda1_mean": 0.9420892324783766,
        "lambda1_std": 0.3123195034395557,
        "lambda2_mean": 0.38928841932878927,
        "lambda2_std": 0.21416589324179067
      }
    },
    {
      "number": 5,
      "state": "COMPLETE",
      "params": {
        "lr": 1.8802240960808138e-05,
        "batch_size": 32,
        "cotrain_epochs": 12,
        "finetune_patience": 4,
        "weight_decay": 0.08772689550827739,
        "warmup_ratio": 0.25399639050402284
      },
      "dev_macro_f1": 0.659931,
      "duration_seconds": 449.9,