{
  "event": "hurricane_dorian_2019",
  "budget": 10,
  "seed_set": 1,
  "test_error_rate": 36.80371352785146,
  "test_macro_f1": 0.5063781957574462,
  "test_ece": 0.1647151050600038,
  "test_per_class_f1": [
    0.5595238095238095,
    0.8469945355191257,
    0.5841269841269842,
    0.0,
    0.5967741935483871,
    0.40540540540540543,
    0.0,
    0.8,
    0.7645788336933045
  ],
  "dev_error_rate": 38.01546391752577,
  "dev_macro_f1": 0.49279563724148356,
  "dev_ece": 0.18429523122679325,
  "stopping_strategy": "baseline",
  "phase1_seed_strategy": "last",
  "phase1_best_epoch": null,
  "lambda1_mean": 1.0244545230642623,
  "lambda1_std": 0.2952673439553583,
  "lambda2_mean": 0.5044967965152285,
  "lambda2_std": 0.1837124527901034
}