{
  "event": "kaikoura_earthquake_2016",
  "budget": 25,
  "seed_set": 3,
  "test_error_rate": 24.597701149425287,
  "test_macro_f1": 0.659762035204229,
  "test_ece": 0.09551606171432588,
  "test_per_class_f1": [
    0.7096774193548387,
    0.5,
    0.8296296296296296,
    0.9767441860465116,
    0.5897435897435898,
    0.5396825396825397,
    0.0,
    0.8666666666666667,
    0.9257142857142857
  ],
  "dev_error_rate": 27.23214285714286,
  "dev_macro_f1": 0.6517149190197791,
  "dev_ece": 0.0911294115441186,
  "stopping_strategy": "baseline",
  "phase1_seed_strategy": "last",
  "phase1_best_epoch": null,
  "lambda1_mean": 0.8989858970300283,
  "lambda1_std": 0.24774341167749384,
  "lambda2_mean": 0.3222957442500356,
  "lambda2_std": 0.14338384266365298
}