{
  "event": "hurricane_florence_2018",
  "budget": 5,
  "seed_set": 3,
  "test_error_rate": 80.41901692183723,
  "test_macro_f1": 0.1572020986681422,
  "test_ece": 0.20507187609418953,
  "test_per_class_f1": [
    0.3908523908523909,
    0.0,
    0.037333333333333336,
    0.22560975609756098,
    0.0,
    0.2155688622754491,
    0.0,
    0.0,
    0.5454545454545454
  ],
  "dev_error_rate": 80.12519561815337,
  "dev_macro_f1": 0.16561768997907192,
  "dev_ece": 0.20521277067993357,
  "stopping_strategy": "baseline",
  "phase1_seed_strategy": "last",
  "phase1_best_epoch": null,
  "lambda1_mean": 0.48172622984868724,
  "lambda1_std": 0.14468183460638676,
  "lambda2_mean": 0.15047822989620485,
  "lambda2_std": 0.04857120299377889
}