{
  "event": "california_wildfires_2018",
  "budget": 25,
  "seed_set": 1,
  "test_error_rate": 39.21971252566735,
  "test_macro_f1": 0.5474286157042766,
  "test_ece": 0.07969796068043351,
  "test_per_class_f1": [
    0.37383177570093457,
    0.6705882352941176,
    0.4745762711864407,
    0.7789473684210526,
    0.41379310344827586,
    0.5217391304347826,
    0.35051546391752575,
    0.36923076923076925,
    0.792,
    0.729064039408867
  ],
  "dev_error_rate": 35.90425531914894,
  "dev_macro_f1": 0.5779347109079438,
  "dev_ece": 0.05539588285411927,
  "stopping_strategy": "baseline",
  "phase1_seed_strategy": "last",
  "phase1_best_epoch": null,
  "lambda1_mean": 0.6196934703543177,
  "lambda1_std": 0.05911430639264109,
  "lambda2_mean": 0.1446999492877054,
  "lambda2_std": 0.037477674263280546
}