{
  "event": "hurricane_harvey_2017",
  "budget": 5,
  "seed_set": 2,
  "test_error_rate": 89.58448753462605,
  "test_macro_f1": 0.0498065742617534,
  "test_ece": 0.019814479020824075,
  "test_per_class_f1": [
    0.034782608695652174,
    0.0,
    0.0,
    0.0,
    0.0,
    0.24145785876993167,
    0.08097165991902834,
    0.09104704097116843,
    0.0
  ],
  "dev_error_rate": 90.31216361679225,
  "dev_macro_f1": 0.04242902908064337,
  "dev_ece": 0.027005232557798742
}