{
  "event": "hurricane_harvey_2017",
  "budget": 5,
  "seed_set": 1,
  "test_error_rate": 32.853185595567865,
  "test_macro_f1": 0.6171410748621473,
  "test_ece": 0.23926528693896582,
  "test_per_class_f1": [
    0.608,
    0.7920792079207921,
    0.7065217391304348,
    0.8943661971830986,
    0.3724696356275304,
    0.21052631578947367,
    0.44285714285714284,
    0.8395061728395061,
    0.6879432624113475
  ],
  "dev_error_rate": 32.83100107642627,
  "dev_macro_f1": 0.6263172525091407,
  "dev_ece": 0.2495681929960446,
  "stopping_strategy": "baseline",
  "phase1_seed_strategy": "last",
  "phase1_best_epoch": null,
  "lambda1_mean": 1.0401755313479801,
  "lambda1_std": 0.2552973965570078,
  "lambda2_mean": 0.521277578342937,
  "lambda2_std": 0.1735777876944314
}