{
  "event": "hurricane_dorian_2019",
  "budget": 10,
  "seed_set": 2,
  "test_error_rate": 55.305039787798414,
  "test_macro_f1": 0.3898789179708847,
  "test_ece": 0.11682967942415562,
  "test_per_class_f1": [
    0.5066666666666667,
    0.8072289156626506,
    0.3289817232375979,
    0.1095890410958904,
    0.5092838196286472,
    0.0,
    0.10077519379844961,
    0.4327485380116959,
    0.7136363636363636
  ],
  "dev_error_rate": 57.73195876288659,
  "dev_macro_f1": 0.3660180814007251,
  "dev_ece": 0.14653089719334825,
  "stopping_strategy": "baseline",
  "phase1_seed_strategy": "last",
  "phase1_best_epoch": null,
  "lambda1_mean": 0.5828677882533783,
  "lambda1_std": 0.12260144188168154,
  "lambda2_mean": 0.1522873477934678,
  "lambda2_std": 0.057247692216229266
}