{
  "event": "hurricane_maria_2017",
  "budget": 10,
  "seed_set": 3,
  "status": "done",
  "best_params": {
    "lr": 8.980718972348921e-05,
    "batch_size": 64,
    "cotrain_epochs": 8,
    "finetune_patience": 6,
    "weight_decay": 0.08671887470534355,
    "warmup_ratio": 0.2667633257187455
  },
  "best_value": 0.685845,
  "best_full_metrics": {
    "event": "hurricane_maria_2017",
    "budget": 10,
    "seed_set": 3,
    "test_error_rate": 29.542302357836338,
    "test_macro_f1": 0.6838553066710608,
    "test_ece": 0.16775269796051362,
    "test_per_class_f1": [
      0.6732673267326733,
      0.7246376811594203,
      0.8294314381270903,
      0.9421487603305785,
      0.4027777777777778,
      0.4574898785425101,
      0.6289752650176679,
      0.8124253285543608,
      0.6835443037974683
    ],
    "dev_error_rate": 29.24528301886793,
    "dev_macro_f1": 0.6858447279301302,
    "dev_ece": 0.16877056164240262,
    "stopping_strategy": "baseline",
    "phase1_seed_strategy": "last",
    "phase1_best_epoch": null,
    "lambda1_mean": 1.0309144210837564,
    "lambda1_std": 0.23618536365262774,
    "lambda2_mean": 0.4428015618948823,
    "lambda2_std": 0.1861816648580474
  },
  "n_trials": 10,
  "continued_from": null,
  "trials": [
    {
      "number": 0,
      "state": "COMPLETE",
      "params": {
        "lr": 0.0003239099796021895,
        "batch_size": 16,
        "cotrain_epochs": 10,
        "finetune_patience": 9,
        "weight_decay": 0.09553728503784192,
        "warmup_ratio": 0.21275986364255367
      },
      "dev_macro_f1": 0.047552,
      "duration_seconds": 445.8,
      "full_metrics": {
        "event": "hurricane_maria_2017",
        "budget": 10,
        "seed_set": 3,
        "test_error_rate": 72.88488210818308,
        "test_macro_f1": 0.04740255804085591,
        "test_ece": 0.28176161506304964,
        "test_per_class_f1": [
          0.0,
          0.0,
          0.0,
          0.0,
          0.0,
          0.0,
          0.0,
          0.4266230223677032,
          0.0
        ],
        "dev_error_rate": 72.77628032345014,
        "dev_macro_f1": 0.04755178907721281,
        "dev_ece": 0.28067559863357855,
        "stopping_strategy": "baseline",
        "phase1_seed_strategy": "last",
        "phase1_best_epoch": null,
        "lambda1_mean": 0.517887932450045,
        "lambda1_std": 0.26978950055190093,
        "lambda2_mean": 0.11899697801526328,
        "lambda2_std": 0.10898786912832968
      }
    },
    {
      "number": 1,
      "state": "COMPLETE",
      "params": {
        "lr": 0.0009752557938085673,
        "batch_size": 64,
        "cotrain_epochs": 19,
        "finetune_patience": 4,
        "weight_decay": 0.06618152485867349,
        "warmup_ratio": 0.14320368601409655
      },
      "dev_macro_f1": 0.047552,
      "duration_seconds": 725.7,
      "full_metrics": {
        "event": "hurricane_maria_2017",
        "budget": 10,
        "seed_set": 3,
        "test_error_rate": 72.88488210818308,
        "test_macro_f1": 0.04740255804085591,
        "test_ece": 0.3439819864856387,
        "test_per_class_f1": [
          0.0,
          0.0,
          0.0,
          0.0,
          0.0,
          0.0,
          0.0,
          0.4266230223677032,
          0.0
        ],
        "dev_error_rate": 72.77628032345014,
        "dev_macro_f1": 0.04755178907721281,
        "dev_ece": 0.342895968342727,
        "stopping_strategy": "baseline",
        "phase1_seed_strategy": "last",
        "phase1_best_epoch": null,
        "lambda1_mean": 0.4290508810551645,
        "lambda1_std": 0.24493610341679203,
        "lambda2_mean": 0.12519888823587846,
        "lambda2_std": 0.11377879135532193
      }
    },
    {
      "number": 2,
      "state": "COMPLETE",
      "params": {
        "lr": 2.0294515950532243e-05,
        "batch_size": 8,
        "cotrain_epochs": 8,
        "finetune_patience": 10,
        "weight_decay": 0.09900928130106534,
        "warmup_ratio": 0.24930366412464372
      },
      "dev_macro_f1": 0.660332,
      "duration_seconds": 555.2,
      "full_metrics": {
        "event": "hurricane_maria_2017",
        "budget": 10,
        "seed_set": 3,
        "test_error_rate": 30.929264909847433,
        "test_macro_f1": 0.6588172095791978,
        "test_ece": 0.19815849451846787,
        "test_per_class_f1": [
          0.5853658536585366,
          0.6265060240963856,
          0.8274706867671692,
          0.9243697478991597,
          0.4148148148148148,
          0.42016806722689076,
          0.6232876712328768,
          0.8024539877300614,
          0.7049180327868853
        ],
        "dev_error_rate": 30.862533692722373,
        "dev_macro_f1": 0.6603321630634771,
        "dev_ece": 0.20530602066825346,
        "stopping_strategy": "baseline",
        "phase1_seed_strategy": "last",
        "phase1_best_epoch": null,
        "lambda1_mean": 1.0474463651324386,
        "lambda1_std": 0.22587962686605806,
        "lambda2_mean": 0.48142081478844045,
        "lambda2_std": 0.17191765275253934
      }
    },
    {
      "number": 3,
      "state": "COMPLETE",
      "params": {
        "lr": 8.980718972348921e-05,
        "batch_size": 64,
        "cotrain_epochs": 8,
        "finetune_patience": 6,
        "weight_decay": 0.08671887470534355,
        "warmup_ratio": 0.2667633257187455
      },
      "dev_macro_f1": 0.685845,
      "duration_seconds": 424.7,
      "full_metrics": {
        "event": "hurricane_maria_2017",
        "budget": 10,
        "seed_set": 3,
        "test_error_rate": 29.542302357836338,
        "test_macro_f1": 0.6838553066710608,
        "test_ece": 0.16775269796051362,
        "test_per_class_f1": [
          0.6732673267326733,
          0.7246376811594203,
          0.8294314381270903,
          0.9421487603305785,
          0.4027777777777778,
          0.4574898785425101,
          0.6289752650176679,
          0.8124253285543608,
          0.6835443037974683
        ],
        "dev_error_rate": 29.24528301886793,
        "dev_macro_f1": 0.6858447279301302,
        "dev_ece": 0.16877056164240262,
        "stopping_strategy": "baseline",
        "phase1_seed_strategy": "last",
        "phase1_best_epoch": null,
        "lambda1_mean": 1.0309144210837564,
        "lambda1_std": 0.23618536365262774,
        "lambda2_mean": 0.4428015618948823,
        "lambda2_std": 0.1861816648580474
      }
    },
    {
      "number": 4,
      "state": "COMPLETE",
      "params": {
        "lr": 2.4609004318033318e-05,
        "batch_size": 8,
        "cotrain_epochs": 6,
        "finetune_patience": 7,
        "weight_decay": 0.09687349923314581,
        "warmup_ratio": 0.1378079621930029
      },
      "dev_macro_f1": 0.663865,
      "duration_seconds": 456.5,
      "full_metrics": {
        "event": "hurricane_maria_2017",
        "budget": 10,
        "seed_set": 3,
        "test_error_rate": 31.276005547850204,
        "test_macro_f1": 0.6578432317843383,
        "test_ece": 0.20087769881779546,
        "test_per_class_f1": [
          0.5401459854014599,
          0.6172839506172839,
          0.8206039076376554,
          0.9333333333333333,
          0.39416058394160586,
          0.44140625,
          0.6622950819672131,
          0.7994955863808323,
          0.711864406779661
        ],
        "dev_error_rate": 30.862533692722373,
        "dev_macro_f1": 0.6638652293719526,
        "dev_ece": 0.19720827127402682,
        "stopping_strategy": "baseline",
        "phase1_seed_strategy": "last",
        "phase1_best_epoch": null,
        "lambda1_mean": 1.055027001459043,
        "lambda1_std": 0.2292151284547602,
        "lambda2_mean": 0.4690470788915825,
        "lambda2_std": 0.16520769191423726
      }
    },
    {
      "number": 5,
      "state": "COMPLETE",
      "params": {
        "lr": 8.998578467196236e-05,
        "batch_size": 32,
        "cotrain_epochs": 18,
        "finetune_patience": 5,
        "weight_decay": 0.08970722376958347,