{
  "event": "hurricane_harvey_2017",
  "budget": 5,
  "seed_set": 2,
  "test_error_rate": 32.46537396121884,
  "test_macro_f1": 0.6200584979746641,
  "test_ece": 0.25101888962399593,
  "test_per_class_f1": [
    0.6345381526104418,
    0.802547770700637,
    0.7161410018552876,
    0.9078014184397163,
    0.3546099290780142,
    0.22274881516587677,
    0.3893805309734513,
    0.8368055555555556,
    0.7159533073929961
  ],
  "dev_error_rate": 33.692142088266955,
  "dev_macro_f1": 0.6197559312794585,
  "dev_ece": 0.27177942851387904,
  "stopping_strategy": "baseline",
  "phase1_seed_strategy": "last",
  "phase1_best_epoch": null,
  "lambda1_mean": 1.0496051490038756,
  "lambda1_std": 0.24248798889196385,
  "lambda2_mean": 0.5209973739254523,
  "lambda2_std": 0.17482295825017116
}