{
  "event": "kaikoura_earthquake_2016",
  "budget": 50,
  "seed_set": 1,
  "test_error_rate": 23.448275862068968,
  "test_macro_f1": 0.7306753591695928,
  "test_ece": 0.09140816351463053,
  "test_per_class_f1": [
    0.7486033519553073,
    0.7,
    0.828125,
    0.9302325581395349,
    0.5679012345679012,
    0.5396825396825397,
    0.4444444444444444,
    0.9069767441860465,
    0.9101123595505618
  ],
  "dev_error_rate": 25.89285714285714,
  "dev_macro_f1": 0.6657462388224208,
  "dev_ece": 0.12785528407299096,
  "stopping_strategy": "baseline",
  "phase1_seed_strategy": "last",
  "phase1_best_epoch": null,
  "lambda1_mean": 0.8358065359286218,
  "lambda1_std": 0.23371802931609445,
  "lambda2_mean": 0.2838407679105968,
  "lambda2_std": 0.14743913370349387
}