{
  "event": "hurricane_maria_2017",
  "budget": 50,
  "seed_set": 3,
  "test_error_rate": 28.779472954230233,
  "test_macro_f1": 0.6881280253999703,
  "test_ece": 0.1095731656858891,
  "test_per_class_f1": [
    0.64,
    0.7692307692307693,
    0.8804159445407279,
    0.890625,
    0.3803680981595092,
    0.5009633911368016,
    0.6480836236933798,
    0.8119325551232166,
    0.6715328467153284
  ],
  "dev_error_rate": 27.897574123989223,
  "dev_macro_f1": 0.6990505980171526,
  "dev_ece": 0.12839067532527798,
  "stopping_strategy": "baseline",
  "phase1_seed_strategy": "last",
  "phase1_best_epoch": null,
  "lambda1_mean": 0.9723358274834204,
  "lambda1_std": 0.26802485053028274,
  "lambda2_mean": 0.5646860407999409,
  "lambda2_std": 0.2399084024870432
}