{
  "event": "hurricane_florence_2018",
  "budget": 25,
  "seed_set": 2,
  "test_error_rate": 21.998388396454473,
  "test_macro_f1": 0.6823029417787994,
  "test_ece": 0.07098833660652905,
  "test_per_class_f1": [
    0.7623126338329764,
    0.8287671232876712,
    0.6503067484662577,
    0.9354838709677419,
    0.8613861386138614,
    0.4279835390946502,
    0.0,
    0.8704663212435233,
    0.8040201005025126
  ],
  "dev_error_rate": 23.004694835680752,
  "dev_macro_f1": 0.6753334611133763,
  "dev_ece": 0.05880584328760379,
  "stopping_strategy": "baseline",
  "phase1_seed_strategy": "last",
  "phase1_best_epoch": null,
  "lambda1_mean": 1.0337483886453431,
  "lambda1_std": 0.24755365244066166,
  "lambda2_mean": 0.4876364821342186,
  "lambda2_std": 0.16426118640248297
}