{
  "event": "hurricane_irma_2017",
  "budget": 5,
  "seed_set": 1,
  "test_error_rate": 34.908700322234154,
  "test_macro_f1": 0.6343665760083987,
  "test_ece": 0.2323436788118231,
  "test_per_class_f1": [
    0.6050955414012739,
    0.8157099697885196,
    0.7459324155193993,
    0.9287749287749287,
    0.5231788079470199,
    0.3062200956937799,
    0.43636363636363634,
    0.7431850789096126,
    0.6048387096774194
  ],
  "dev_error_rate": 35.69937369519833,
  "dev_macro_f1": 0.6332153121840078,
  "dev_ece": 0.23913746269610334,
  "stopping_strategy": "baseline",
  "phase1_seed_strategy": "last",
  "phase1_best_epoch": null,
  "lambda1_mean": 1.0404635798226163,
  "lambda1_std": 0.26119207103434156,
  "lambda2_mean": 0.5206446100938334,
  "lambda2_std": 0.1777107776684196
}