{
  "event": "hurricane_harvey_2017",
  "budget": 50,
  "seed_set": 3,
  "test_error_rate": 39.16897506925208,
  "test_macro_f1": 0.6038899308472582,
  "test_ece": 0.06962400984400856,
  "test_per_class_f1": [
    0.6068376068376068,
    0.7210031347962382,
    0.6710239651416122,
    0.8880866425992779,
    0.37037037037037035,
    0.4045307443365696,
    0.3779527559055118,
    0.6998916576381365,
    0.6953125
  ],
  "dev_error_rate": 38.96663078579118,
  "dev_macro_f1": 0.6182322750403916,
  "dev_ece": 0.07091211844376011
}