{
  "event": "hurricane_irma_2017",
  "budget": 25,
  "seed_set": 3,
  "test_error_rate": 32.545649838882916,
  "test_macro_f1": 0.6537286325029988,
  "test_ece": 0.1711745882600898,
  "test_per_class_f1": [
    0.6689655172413793,
    0.8263473053892215,
    0.8042049934296978,
    0.9325842696629213,
    0.5581395348837209,
    0.4180790960451977,
    0.30357142857142855,
    0.7103109656301145,
    0.6613545816733067
  ],
  "dev_error_rate": 32.463465553235906,
  "dev_macro_f1": 0.6565746023747836,
  "dev_ece": 0.16665360110662183,
  "stopping_strategy": "baseline",
  "phase1_seed_strategy": "last",
  "phase1_best_epoch": null,
  "lambda1_mean": 1.0221825959388267,
  "lambda1_std": 0.2826773506643114,
  "lambda2_mean": 0.5113103065206169,
  "lambda2_std": 0.19240652166042305
}