{
  "event": "hurricane_irma_2017",
  "budget": 25,
  "seed_set": 3,
  "test_error_rate": 56.766917293233085,
  "test_macro_f1": 0.41421706532544283,
  "test_ece": 0.1720039567056839,
  "test_per_class_f1": [
    0.4114285714285714,
    0.2535211267605634,
    0.5873959571938169,
    0.6886075949367089,
    0.4142857142857143,
    0.12302284710017575,
    0.15319148936170213,
    0.5060240963855421,
    0.5904761904761905
  ],
  "dev_error_rate": 54.38413361169102,
  "dev_macro_f1": 0.442096938021759,
  "dev_ece": 0.15867899891790122
}