{
  "event": "kerala_floods_2018",
  "budget": 5,
  "seed_set": 3,
  "status": "done",
  "best_params": {
    "lr": 1.3231989053949593e-05,
    "batch_size": 8,
    "cotrain_epochs": 7,
    "finetune_patience": 8,
    "weight_decay": 0.07240754963549273,
    "warmup_ratio": 0.09723309146872243
  },
  "best_value": 0.435267,
  "best_full_metrics": {
    "event": "kerala_floods_2018",
    "budget": 5,
    "seed_set": 3,
    "test_error_rate": 49.11504424778761,
    "test_macro_f1": 0.3892294247622787,
    "test_ece": 0.3854543850786616,
    "test_per_class_f1": [
      0.22807017543859648,
      0.03389830508474576,
      0.3125,
      0.7448275862068966,
      0.4,
      0.15568862275449102,
      0.40892193308550184,
      0.6719883889695211,
      0.5471698113207547
    ],
    "dev_error_rate": 46.43734643734644,
    "dev_macro_f1": 0.43526654453055746,
    "dev_ece": 0.34017019691426276,
    "stopping_strategy": "baseline",
    "phase1_seed_strategy": "last",
    "phase1_best_epoch": null,
    "lambda1_mean": 1.0537080969270505,
    "lambda1_std": 0.19299686481113126,
    "lambda2_mean": 0.45887728558839136,
    "lambda2_std": 0.15660828424486573
  },
  "n_trials": 10,
  "continued_from": null,
  "trials": [
    {
      "number": 0,
      "state": "COMPLETE",
      "params": {
        "lr": 8.077651020913076e-05,
        "batch_size": 16,
        "cotrain_epochs": 12,
        "finetune_patience": 6,
        "weight_decay": 0.04107894658906665,
        "warmup_ratio": 0.16916241388855388
      },
      "dev_macro_f1": 0.077742,
      "duration_seconds": 588.4,
      "full_metrics": {
        "event": "kerala_floods_2018",
        "budget": 5,
        "seed_set": 3,
        "test_error_rate": 46.207332490518326,
        "test_macro_f1": 0.07772754258574234,
        "test_ece": 0.18573513385920992,
        "test_per_class_f1": [
          0.0,
          0.0,
          0.0,
          0.0,
          0.0,
          0.0,
          0.0,
          0.699547883271681,
          0.0
        ],
        "dev_error_rate": 46.1916461916462,
        "dev_macro_f1": 0.07774227902023428,
        "dev_ece": 0.18557843529328677,
        "stopping_strategy": "baseline",
        "phase1_seed_strategy": "last",
        "phase1_best_epoch": null,
        "lambda1_mean": 0.7035225452675058,
        "lambda1_std": 0.27601611789554176,
        "lambda2_mean": 0.08130799198409927,
        "lambda2_std": 0.11777403530697415
      }
    },
    {
      "number": 1,
      "state": "COMPLETE",
      "params": {
        "lr": 0.00025818613797492704,
        "batch_size": 64,
        "cotrain_epochs": 9,
        "finetune_patience": 6,
        "weight_decay": 0.026437958227789084,
        "warmup_ratio": 0.042747174709933285
      },
      "dev_macro_f1": 0.384706,
      "duration_seconds": 378.7,
      "full_metrics": {
        "event": "kerala_floods_2018",
        "budget": 5,
        "seed_set": 3,
        "test_error_rate": 49.304677623261696,
        "test_macro_f1": 0.37643740017253313,
        "test_ece": 0.2559775051327632,
        "test_per_class_f1": [
          0.17142857142857143,
          0.05263157894736842,
          0.2962962962962963,
          0.6766917293233082,
          0.4117647058823529,
          0.20555555555555555,
          0.31868131868131866,
          0.6814602720114531,
          0.5734265734265734
        ],
        "dev_error_rate": 50.49140049140048,
        "dev_macro_f1": 0.3847055241066541,
        "dev_ece": 0.2486554604636949,
        "stopping_strategy": "baseline",
        "phase1_seed_strategy": "last",
        "phase1_best_epoch": null,
        "lambda1_mean": 0.5149412134532428,
        "lambda1_std": 0.32857302189817966,
        "lambda2_mean": 0.4867873442110415,
        "lambda2_std": 0.16515512997000756
      }
    },
    {
      "number": 2,
      "state": "COMPLETE",
      "params": {
        "lr": 3.579911112289903e-05,
        "batch_size": 32,
        "cotrain_epochs": 15,
        "finetune_patience": 4,
        "weight_decay": 0.08233824791222012,
        "warmup_ratio": 0.07173113763600446
      },
      "dev_macro_f1": 0.411463,
      "duration_seconds": 628.4,
      "full_metrics": {
        "event": "kerala_floods_2018",
        "budget": 5,
        "seed_set": 3,
        "test_error_rate": 48.98862199747156,
        "test_macro_f1": 0.3785683555542645,
        "test_ece": 0.4112375710352634,
        "test_per_class_f1": [
          0.16058394160583941,
          0.03333333333333333,
          0.29343629343629346,
          0.7092198581560284,
          0.42105263157894735,
          0.17846153846153845,
          0.3783783783783784,
          0.6863309352517986,
          0.5463182897862233
        ],
        "dev_error_rate": 47.420147420147416,
        "dev_macro_f1": 0.41146272948059903,
        "dev_ece": 0.38104471190848566,
        "stopping_strategy": "baseline",
        "phase1_seed_strategy": "last",
        "phase1_best_epoch": null,
        "lambda1_mean": 1.1102433546601753,
        "lambda1_std": 0.13292333761211403,
        "lambda2_mean": 0.6093345408924317,
        "lambda2_std": 0.13674355344039987
      }
    },
    {
      "number": 3,
      "state": "COMPLETE",
      "params": {
        "lr": 1.557643710439525e-05,
        "batch_size": 32,
        "cotrain_epochs": 6,
        "finetune_patience": 5,
        "weight_decay": 0.02956153123304648,
        "warmup_ratio": 0.20274724780278452
      },
      "dev_macro_f1": 0.416168,
      "duration_seconds": 318.8,
      "full_metrics": {
        "event": "kerala_floods_2018",
        "budget": 5,
        "seed_set": 3,
        "test_error_rate": 47.724399494311,
        "test_macro_f1": 0.40843396906803725,
        "test_ece": 0.31117496537762857,
        "test_per_class_f1": [
          0.2222222222222222,
          0.08888888888888889,
          0.33170731707317075,
          0.75,
          0.4321608040201005,
          0.17971014492753623,
          0.44776119402985076,
          0.674435542607429,
          0.5490196078431373
        ],
        "dev_error_rate": 47.420147420147416,
        "dev_macro_f1": 0.416167606777859,
        "dev_ece": 0.2888409445194999,
        "stopping_strategy": "baseline",
        "phase1_seed_strategy": "last",
        "phase1_best_epoch": null,
        "lambda1_mean": 0.9014354404059435,
        "lambda1_std": 0.26548811160128444,
        "lambda2_mean": 0.316526992241022,
        "lambda2_std": 0.1522979473765781
      }
    },
    {
      "number": 4,
      "state": "COMPLETE",
      "params": {
        "lr": 1.3231989053949593e-05,
        "batch_size": 8,
        "cotrain_epochs": 7,
        "finetune_patience": 8,
        "weight_decay": 0.07240754963549273,
        "warmup_ratio": 0.09723309146872243
      },
      "dev_macro_f1": 0.435267,
      "duration_seconds": 609.2,
      "full_metrics": {
        "event": "kerala_floods_2018",
        "budget": 5,
        "seed_set": 3,
        "test_error_rate": 49.11504424778761,
        "test_macro_f1": 0.3892294247622787,
        "test_ece": 0.3854543850786616,
        "test_per_class_f1": [
          0.22807017543859648,
          0.03389830508474576,
          0.3125,
          0.7448275862068966,
          0.4,
          0.15568862275449102,
          0.40892193308550184,
          0.6719883889695211,
          0.5471698113207547
        ],
        "dev_error_rate": 46.43734643734644,
        "dev_macro_f1": 0.43526654453055746,
        "dev_ece": 0.34017019691426276,
        "stopping_strategy": "baseline",
        "phase1_seed_strategy": "last",
        "phase1_best_epoch": null,
        "lambda1_mean": 1.0537080969270505,
        "lambda1_std": 0.19299686481113126,
        "lambda2_mean": 0.45887728558839136,
        "lambda2_std": 0.15660828424486573
      }
    },
    {
      "number": 5,
      "state": "COMPLETE",
      "params": {
        "lr": 1.9794401287675094e-05,
        "batch_size": 8,
        "cotrain_epochs": 17,
        "finetune_patience": 5,