{
  "event": "kaikoura_earthquake_2016",
  "budget": 5,
  "seed_set": 3,
  "test_error_rate": 26.206896551724135,
  "test_macro_f1": 0.6691272647154838,
  "test_ece": 0.16643381934056334,
  "test_per_class_f1": [
    0.7311827956989247,
    0.8484848484848485,
    0.7466666666666667,
    0.9302325581395349,
    0.5822784810126582,
    0.46017699115044247,
    0.0,
    0.8292682926829268,
    0.8938547486033519
  ],
  "dev_error_rate": 27.23214285714286,
  "dev_macro_f1": 0.6605198879349339,
  "dev_ece": 0.19522465313119544,
  "stopping_strategy": "baseline",
  "phase1_seed_strategy": "last",
  "phase1_best_epoch": null,
  "lambda1_mean": 0.9431811561412172,
  "lambda1_std": 0.23051063869287136,
  "lambda2_mean": 0.30459409806842414,
  "lambda2_std": 0.14771343217466779
}