{
  "event": "kaikoura_earthquake_2016",
  "budget": 25,
  "seed_set": 1,
  "test_error_rate": 43.67816091954023,
  "test_macro_f1": 0.5697249976650809,
  "test_ece": 0.18315671689208896,
  "test_per_class_f1": [
    0.43609022556390975,
    0.275,
    0.4444444444444444,
    0.6363636363636364,
    0.5208333333333334,
    0.39473684210526316,
    0.75,
    0.8,
    0.8700564971751412
  ],
  "dev_error_rate": 43.75,
  "dev_macro_f1": 0.5019351384676463,
  "dev_ece": 0.17488680008266655
}