{
  "event": "hurricane_florence_2018",
  "budget": 5,
  "seed_set": 2,
  "status": "done",
  "best_params": {
    "lr": 5.5287850008226675e-05,
    "batch_size": 64,
    "cotrain_epochs": 5,
    "finetune_patience": 4,
    "weight_decay": 0.041592292279896054,
    "warmup_ratio": 0.12847525630202664
  },
  "best_value": 0.669275,
  "best_full_metrics": {
    "event": "hurricane_florence_2018",
    "budget": 5,
    "seed_set": 2,
    "test_error_rate": 23.448831587429495,
    "test_macro_f1": 0.6552569811509592,
    "test_ece": 0.12403844675164753,
    "test_per_class_f1": [
      0.7222222222222222,
      0.7781350482315113,
      0.6,
      0.928,
      0.8584905660377359,
      0.2826086956521739,
      0.0,
      0.8803986710963455,
      0.847457627118644
    ],
    "dev_error_rate": 21.283255086071982,
    "dev_macro_f1": 0.6692753976967567,
    "dev_ece": 0.12416630419020727,
    "stopping_strategy": "baseline",
    "phase1_seed_strategy": "last",
    "phase1_best_epoch": null,
    "lambda1_mean": 1.007497817487182,
    "lambda1_std": 0.24188660436769263,
    "lambda2_mean": 0.3919163037181489,
    "lambda2_std": 0.1521112604626574
  },
  "n_trials": 10,
  "continued_from": null,
  "trials": [
    {
      "number": 0,
      "state": "COMPLETE",
      "params": {
        "lr": 0.0005489937670065331,
        "batch_size": 8,
        "cotrain_epochs": 8,
        "finetune_patience": 9,
        "weight_decay": 0.08503539090523916,
        "warmup_ratio": 0.2235140267973321
      },
      "dev_macro_f1": 0.042475,
      "duration_seconds": 506.5,
      "full_metrics": {
        "event": "hurricane_florence_2018",
        "budget": 5,
        "seed_set": 2,
        "test_error_rate": 76.39000805801773,
        "test_macro_f1": 0.042445313631754314,
        "test_ece": 0.11209095011883258,
        "test_per_class_f1": [
          0.0,
          0.0,
          0.0,
          0.0,
          0.0,
          0.0,
          0.0,
          0.3820078226857888,
          0.0
        ],
        "dev_error_rate": 76.36932707355243,
        "dev_macro_f1": 0.04247538677918425,
        "dev_ece": 0.11188413946654688,
        "stopping_strategy": "baseline",
        "phase1_seed_strategy": "last",
        "phase1_best_epoch": null,
        "lambda1_mean": 0.22740940204881427,
        "lambda1_std": 0.11855438782334676,
        "lambda2_mean": 0.12000118366222136,
        "lambda2_std": 0.0745229638133016
      }
    },
    {
      "number": 1,
      "state": "COMPLETE",
      "params": {
        "lr": 3.4299236148532686e-05,
        "batch_size": 16,
        "cotrain_epochs": 18,
        "finetune_patience": 4,
        "weight_decay": 0.023247695405947833,
        "warmup_ratio": 0.21423903115934526
      },
      "dev_macro_f1": 0.659889,
      "duration_seconds": 644.8,
      "full_metrics": {
        "event": "hurricane_florence_2018",
        "budget": 5,
        "seed_set": 2,
        "test_error_rate": 23.60999194198228,
        "test_macro_f1": 0.6558362440180319,
        "test_ece": 0.16110950910113295,
        "test_per_class_f1": [
          0.7291242362525459,
          0.8075471698113208,
          0.6198830409356725,
          0.9152542372881356,
          0.8663594470046083,
          0.3024390243902439,
          0.0,
          0.8793103448275862,
          0.782608695652174
        ],
        "dev_error_rate": 23.474178403755865,
        "dev_macro_f1": 0.6598893016486164,
        "dev_ece": 0.16867952662081415,
        "stopping_strategy": "baseline",
        "phase1_seed_strategy": "last",
        "phase1_best_epoch": null,
        "lambda1_mean": 1.0939801849738415,
        "lambda1_std": 0.1863645679600794,
        "lambda2_mean": 0.6096099085775505,
        "lambda2_std": 0.1436909651161276
      }
    },
    {
      "number": 2,
      "state": "COMPLETE",
      "params": {
        "lr": 5.3387343971973526e-05,
        "batch_size": 32,
        "cotrain_epochs": 5,
        "finetune_patience": 5,
        "weight_decay": 0.04314381739842813,
        "warmup_ratio": 0.1730533627885736
      },
      "dev_macro_f1": 0.658305,
      "duration_seconds": 211.6,
      "full_metrics": {
        "event": "hurricane_florence_2018",
        "budget": 5,
        "seed_set": 2,
        "test_error_rate": 22.48186946011281,
        "test_macro_f1": 0.6590239570028433,
        "test_ece": 0.15973911587506126,
        "test_per_class_f1": [
          0.7538461538461538,
          0.8059701492537313,
          0.6081871345029239,
          0.9230769230769231,
          0.8551724137931035,
          0.27218934911242604,
          0.0,
          0.8777219430485762,
          0.8350515463917526
        ],
        "dev_error_rate": 22.535211267605636,
        "dev_macro_f1": 0.6583053665167854,
        "dev_ece": 0.17307984973529883,
        "stopping_strategy": "baseline",
        "phase1_seed_strategy": "last",
        "phase1_best_epoch": null,
        "lambda1_mean": 1.0381471603069943,
        "lambda1_std": 0.21222570648900888,
        "lambda2_mean": 0.4069603701970385,
        "lambda2_std": 0.14360337051968255
      }
    },
    {
      "number": 3,
      "state": "COMPLETE",
      "params": {
        "lr": 3.623491895160788e-05,
        "batch_size": 32,
        "cotrain_epochs": 13,
        "finetune_patience": 9,
        "weight_decay": 0.07043980898862022,
        "warmup_ratio": 0.11672735876732815
      },
      "dev_macro_f1": 0.664516,
      "duration_seconds": 444.3,
      "full_metrics": {
        "event": "hurricane_florence_2018",
        "budget": 5,
        "seed_set": 2,
        "test_error_rate": 23.045930701047546,
        "test_macro_f1": 0.6633322099075203,
        "test_ece": 0.16281278845670247,
        "test_per_class_f1": [
          0.7524752475247525,
          0.7985347985347986,
          0.627906976744186,
          0.9508196721311475,
          0.8507795100222717,
          0.29473684210526313,
          0.0,
          0.8631578947368421,
          0.8315789473684211
        ],
        "dev_error_rate": 23.004694835680752,
        "dev_macro_f1": 0.6645155688070353,
        "dev_ece": 0.172461169986098,
        "stopping_strategy": "baseline",
        "phase1_seed_strategy": "last",
        "phase1_best_epoch": null,
        "lambda1_mean": 1.0882279688764305,
        "lambda1_std": 0.18803104598677714,
        "lambda2_mean": 0.5849370048453608,
        "lambda2_std": 0.1453142501517794
      }
    },
    {
      "number": 4,
      "state": "COMPLETE",
      "params": {
        "lr": 0.0002743580669875887,
        "batch_size": 64,
        "cotrain_epochs": 20,
        "finetune_patience": 4,
        "weight_decay": 0.008649433989354837,
        "warmup_ratio": 0.002628904022910927
      },
      "dev_macro_f1": 0.561045,
      "duration_seconds": 563.8,
      "full_metrics": {
        "event": "hurricane_florence_2018",
        "budget": 5,
        "seed_set": 2,
        "test_error_rate": 31.103948428686547,
        "test_macro_f1": 0.5503540636341434,
        "test_ece": 0.130815501730832,
        "test_per_class_f1": [
          0.716297786720322,
          0.7436823104693141,
          0.41155234657039713,
          0.7096774193548387,
          0.7636363636363637,
          0.0,
          0.0,
          0.8556521739130435,
          0.7526881720430108
        ],
        "dev_error_rate": 30.672926447574334,
        "dev_macro_f1": 0.561045121888869,
        "dev_ece": 0.1229038951635734,
        "stopping_strategy": "baseline",
        "phase1_seed_strategy": "last",
        "phase1_best_epoch": null,
        "lambda1_mean": 1.0333066065100016,
        "lambda1_std": 0.24910379450112688,
        "lambda2_mean": 0.09059151654296732,
        "lambda2_std": 0.06687764614459377
      }
    },
    {
      "number": 5,
      "state": "COMPLETE",
      "params": {
        "lr": 5.5287850008226675e-05,
        "batch_size": 64,
        "cotrain_epochs": 5,
        "finetune_patience": 4,